2025-04-17 17:46:54,625:WARNING:
'prophet' is a soft dependency and not included in the pycaret installation. Please run: `pip install prophet` to install.
2025-04-17 17:47:03,219:INFO:PyCaret TSForecastingExperiment
2025-04-17 17:47:03,219:INFO:Logging name: ts-default-name
2025-04-17 17:47:03,219:INFO:ML Usecase: MLUsecase.TIME_SERIES
2025-04-17 17:47:03,219:INFO:version 3.3.2
2025-04-17 17:47:03,219:INFO:Initializing setup()
2025-04-17 17:47:03,219:INFO:self.USI: 9384
2025-04-17 17:47:03,219:INFO:self._variable_keys: {'significant_sps', 'idx', 'seasonality_present', 'n_jobs_param', 'USI', 'X_train', 'exp_id', 'enforce_exogenous', 'y_train_transformed', 'X_test', 'y_train', 'html_param', 'X_transformed', 'all_sps_to_use', 'y_test_transformed', 'model_engines', '_ml_usecase', 'index_type', 'significant_sps_no_harmonics', 'exogenous_present', 'fh', 'logging_param', 'enforce_pi', 'fold_param', 'y_transformed', 'y', 'seed', 'X', 'primary_sp_to_use', 'X_test_transformed', 'gpu_param', 'strictly_positive', 'fold_generator', 'candidate_sps', 'exp_name_log', 'log_plots_param', 'approach_type', 'X_train_transformed', '_available_plots', 'y_test', 'data', 'gpu_n_jobs_param', 'memory', 'pipeline'}
2025-04-17 17:47:03,222:INFO:Checking environment
2025-04-17 17:47:03,222:INFO:python_version: 3.11.8
2025-04-17 17:47:03,223:INFO:python_build: ('main', 'Feb 16 2024 20:49:36')
2025-04-17 17:47:03,223:INFO:machine: arm64
2025-04-17 17:47:03,223:INFO:platform: macOS-15.3.1-arm64-arm-64bit
2025-04-17 17:47:03,223:INFO:Memory: svmem(total=17179869184, available=2920169472, percent=83.0, used=5015191552, free=65585152, active=2869215232, inactive=2782511104, wired=2145976320)
2025-04-17 17:47:03,223:INFO:Physical Core: 8
2025-04-17 17:47:03,223:INFO:Logical Core: 8
2025-04-17 17:47:03,223:INFO:Checking libraries
2025-04-17 17:47:03,223:INFO:System:
2025-04-17 17:47:03,223:INFO:    python: 3.11.8 | packaged by conda-forge | (main, Feb 16 2024, 20:49:36) [Clang 16.0.6 ]
2025-04-17 17:47:03,223:INFO:executable: /opt/anaconda3/envs/LSTM/bin/python
2025-04-17 17:47:03,223:INFO:   machine: macOS-15.3.1-arm64-arm-64bit
2025-04-17 17:47:03,223:INFO:PyCaret required dependencies:
2025-04-17 17:47:03,660:INFO:                 pip: 25.0
2025-04-17 17:47:03,660:INFO:          setuptools: 75.8.0
2025-04-17 17:47:03,660:INFO:             pycaret: 3.3.2
2025-04-17 17:47:03,660:INFO:             IPython: 8.32.0
2025-04-17 17:47:03,660:INFO:          ipywidgets: 8.1.5
2025-04-17 17:47:03,660:INFO:                tqdm: 4.67.1
2025-04-17 17:47:03,660:INFO:               numpy: 1.26.4
2025-04-17 17:47:03,660:INFO:              pandas: 2.1.4
2025-04-17 17:47:03,660:INFO:              jinja2: 3.1.5
2025-04-17 17:47:03,660:INFO:               scipy: 1.11.4
2025-04-17 17:47:03,660:INFO:              joblib: 1.3.2
2025-04-17 17:47:03,660:INFO:             sklearn: 1.4.2
2025-04-17 17:47:03,660:INFO:                pyod: 2.0.3
2025-04-17 17:47:03,660:INFO:            imblearn: 0.13.0
2025-04-17 17:47:03,660:INFO:   category_encoders: 2.7.0
2025-04-17 17:47:03,660:INFO:            lightgbm: 4.6.0
2025-04-17 17:47:03,660:INFO:               numba: 0.61.0
2025-04-17 17:47:03,660:INFO:            requests: 2.32.3
2025-04-17 17:47:03,660:INFO:          matplotlib: 3.7.5
2025-04-17 17:47:03,661:INFO:          scikitplot: 0.3.7
2025-04-17 17:47:03,661:INFO:         yellowbrick: 1.5
2025-04-17 17:47:03,661:INFO:              plotly: 5.24.1
2025-04-17 17:47:03,661:INFO:    plotly-resampler: Not installed
2025-04-17 17:47:03,661:INFO:             kaleido: 0.2.1
2025-04-17 17:47:03,661:INFO:           schemdraw: 0.15
2025-04-17 17:47:03,661:INFO:         statsmodels: 0.14.4
2025-04-17 17:47:03,661:INFO:              sktime: 0.26.0
2025-04-17 17:47:03,661:INFO:               tbats: 1.1.3
2025-04-17 17:47:03,661:INFO:            pmdarima: 2.0.4
2025-04-17 17:47:03,661:INFO:              psutil: 5.9.0
2025-04-17 17:47:03,661:INFO:          markupsafe: 3.0.2
2025-04-17 17:47:03,661:INFO:             pickle5: Not installed
2025-04-17 17:47:03,661:INFO:         cloudpickle: 3.1.1
2025-04-17 17:47:03,661:INFO:         deprecation: 2.1.0
2025-04-17 17:47:03,661:INFO:              xxhash: 3.5.0
2025-04-17 17:47:03,661:INFO:           wurlitzer: 3.1.1
2025-04-17 17:47:03,661:INFO:PyCaret optional dependencies:
2025-04-17 17:47:03,843:INFO:                shap: Not installed
2025-04-17 17:47:03,843:INFO:           interpret: Not installed
2025-04-17 17:47:03,843:INFO:                umap: Not installed
2025-04-17 17:47:03,843:INFO:     ydata_profiling: Not installed
2025-04-17 17:47:03,843:INFO:  explainerdashboard: Not installed
2025-04-17 17:47:03,843:INFO:             autoviz: Not installed
2025-04-17 17:47:03,843:INFO:           fairlearn: Not installed
2025-04-17 17:47:03,843:INFO:          deepchecks: Not installed
2025-04-17 17:47:03,843:INFO:             xgboost: Not installed
2025-04-17 17:47:03,843:INFO:            catboost: Not installed
2025-04-17 17:47:03,843:INFO:              kmodes: Not installed
2025-04-17 17:47:03,843:INFO:             mlxtend: Not installed
2025-04-17 17:47:03,843:INFO:       statsforecast: Not installed
2025-04-17 17:47:03,843:INFO:        tune_sklearn: Not installed
2025-04-17 17:47:03,843:INFO:                 ray: Not installed
2025-04-17 17:47:03,843:INFO:            hyperopt: Not installed
2025-04-17 17:47:03,843:INFO:              optuna: Not installed
2025-04-17 17:47:03,844:INFO:               skopt: Not installed
2025-04-17 17:47:03,844:INFO:              mlflow: Not installed
2025-04-17 17:47:03,844:INFO:              gradio: Not installed
2025-04-17 17:47:03,844:INFO:             fastapi: Not installed
2025-04-17 17:47:03,844:INFO:             uvicorn: Not installed
2025-04-17 17:47:03,844:INFO:              m2cgen: Not installed
2025-04-17 17:47:03,844:INFO:           evidently: Not installed
2025-04-17 17:47:03,844:INFO:               fugue: Not installed
2025-04-17 17:47:03,844:INFO:           streamlit: Not installed
2025-04-17 17:47:03,844:INFO:             prophet: Not installed
2025-04-17 17:47:03,844:INFO:None
2025-04-17 17:47:03,863:INFO:Set Forecast Horizon.
2025-04-17 17:47:03,864:INFO:Set up Train-Test Splits.
2025-04-17 17:47:03,877:INFO:Preparing preprocessing pipeline...
2025-04-17 17:47:03,877:INFO:Set up imputation for Target variable(s).
2025-04-17 17:47:03,983:INFO:Finished creating preprocessing pipeline.
2025-04-17 17:47:03,995:INFO:Pipeline: ForecastingPipeline(steps=[('forecaster',
                            TransformedTargetForecaster(steps=[('transformer_target',
                                                                TransformerPipeline(steps=[('numerical_imputer',
                                                                                            Imputer(method='ffill',
                                                                                                    random_state=123))])),
                                                               ('model',
                                                                DummyForecaster())]))])
2025-04-17 17:47:03,995:INFO:Set up Seasonal Period.
2025-04-17 17:47:04,010:INFO:Setting the seasonal component type - 'add' or 'mul'.
2025-04-17 17:47:04,010:INFO:Checking if data is strictly positive.
2025-04-17 17:47:04,208:INFO:Creating final display dataframe.
2025-04-17 17:47:04,250:INFO:Setup Display Container:                                           Description  \
0                                          session_id   
1                                              Target   
2                                            Approach   
3                                 Exogenous Variables   
4                                 Original data shape   
5                              Transformed data shape   
6                         Transformed train set shape   
7                          Transformed test set shape   
8                            Rows with missing values   
9                                      Fold Generator   
10                                        Fold Number   
11                        Enforce Prediction Interval   
12                    Splits used for hyperparameters   
13                    User Defined Seasonal Period(s)   
14                            Ignore Seasonality Test   
15                         Seasonality Detection Algo   
16                             Max Period to Consider   
17                          Seasonal Period(s) Tested   
18                     Significant Seasonal Period(s)   
19   Significant Seasonal Period(s) without Harmonics   
20                                   Remove Harmonics   
21                             Harmonics Order Method   
22                           Num Seasonalities to Use   
23                           All Seasonalities to Use   
24                                Primary Seasonality   
25                                Seasonality Present   
26                                   Seasonality Type   
27                           Target Strictly Positive   
28                                 Target White Noise   
29                                      Recommended d   
30                             Recommended Seasonal D   
31                                         Preprocess   
32                      Numerical Imputation (Target)   
33                            Transformation (Target)   
34                                   Scaling (Target)   
35  Feature Engineering (Target) - Reduced Regression   
36                                           CPU Jobs   
37                                            Use GPU   
38                                     Log Experiment   
39                                    Experiment Name   
40                                                USI   

                            Value  
0                             123  
1            ('Close', 'XRP-USD')  
2                      Univariate  
3                     Not Present  
4                       (2088, 1)  
5                       (2088, 1)  
6                       (2058, 1)  
7                         (30, 1)  
8                            0.0%  
9         ExpandingWindowSplitter  
10                              3  
11                          False  
12                            all  
13                           None  
14                          False  
15                           auto  
16                             60  
17  [15, 17, 8, 6, 22, 21, 24, 7]  
18  [15, 17, 8, 6, 22, 21, 24, 7]  
19           [15, 17, 24, 22, 21]  
20                          False  
21                   harmonic_max  
22                              1  
23                           [15]  
24                             15  
25                           True  
26                            mul  
27                           True  
28                             No  
29                              1  
30                              0  
31                           True  
32                          ffill  
33                           None  
34                           None  
35                          False  
36                             -1  
37                          False  
38                          False  
39                ts-default-name  
40                           9384  
2025-04-17 17:47:04,250:INFO:Engine successfully changes for model 'auto_arima' to 'pmdarima'.
2025-04-17 17:47:04,266:WARNING:
'prophet' is a soft dependency and not included in the pycaret installation. Please run: `pip install prophet` to install.
2025-04-17 17:47:04,266:INFO:Engine for model 'lr_cds_dt' has not been set explicitly, hence returning None.
2025-04-17 17:47:04,267:INFO:Engine for model 'en_cds_dt' has not been set explicitly, hence returning None.
2025-04-17 17:47:04,267:INFO:Engine for model 'ridge_cds_dt' has not been set explicitly, hence returning None.
2025-04-17 17:47:04,267:INFO:Engine for model 'lasso_cds_dt' has not been set explicitly, hence returning None.
2025-04-17 17:47:04,268:INFO:Engine for model 'llar_cds_dt' has not been set explicitly, hence returning None.
2025-04-17 17:47:04,268:INFO:Engine for model 'br_cds_dt' has not been set explicitly, hence returning None.
2025-04-17 17:47:04,269:INFO:Engine for model 'huber_cds_dt' has not been set explicitly, hence returning None.
2025-04-17 17:47:04,270:INFO:Engine for model 'omp_cds_dt' has not been set explicitly, hence returning None.
2025-04-17 17:47:04,272:INFO:Engine for model 'knn_cds_dt' has not been set explicitly, hence returning None.
2025-04-17 17:47:04,272:INFO:Engine for model 'dt_cds_dt' has not been set explicitly, hence returning None.
2025-04-17 17:47:04,272:INFO:Engine for model 'rf_cds_dt' has not been set explicitly, hence returning None.
2025-04-17 17:47:04,272:INFO:Engine for model 'et_cds_dt' has not been set explicitly, hence returning None.
2025-04-17 17:47:04,273:INFO:Engine for model 'gbr_cds_dt' has not been set explicitly, hence returning None.
2025-04-17 17:47:04,273:INFO:Engine for model 'ada_cds_dt' has not been set explicitly, hence returning None.
2025-04-17 17:47:04,273:INFO:Engine for model 'xgboost_cds_dt' has not been set explicitly, hence returning None.
2025-04-17 17:47:04,273:WARNING:
'xgboost' is a soft dependency and not included in the pycaret installation. Please run: `pip install xgboost` to install.
Alternately, you can install this by running `pip install pycaret[models]`
2025-04-17 17:47:04,273:WARNING:
'xgboost' is a soft dependency and not included in the pycaret installation. Please run: `pip install xgboost` to install.
Alternately, you can install this by running `pip install pycaret[models]`
2025-04-17 17:47:04,273:INFO:Engine for model 'lightgbm_cds_dt' has not been set explicitly, hence returning None.
2025-04-17 17:47:04,273:INFO:Engine for model 'catboost_cds_dt' has not been set explicitly, hence returning None.
2025-04-17 17:47:04,273:WARNING:
'catboost' is a soft dependency and not included in the pycaret installation. Please run: `pip install catboost` to install.
Alternately, you can install this by running `pip install pycaret[models]`
2025-04-17 17:47:04,273:WARNING:
'catboost' is a soft dependency and not included in the pycaret installation. Please run: `pip install catboost` to install.
Alternately, you can install this by running `pip install pycaret[models]`
2025-04-17 17:47:04,275:WARNING:
'prophet' is a soft dependency and not included in the pycaret installation. Please run: `pip install prophet` to install.
2025-04-17 17:47:04,275:INFO:Engine for model 'lr_cds_dt' has not been set explicitly, hence returning None.
2025-04-17 17:47:04,275:INFO:Engine for model 'en_cds_dt' has not been set explicitly, hence returning None.
2025-04-17 17:47:04,275:INFO:Engine for model 'ridge_cds_dt' has not been set explicitly, hence returning None.
2025-04-17 17:47:04,275:INFO:Engine for model 'lasso_cds_dt' has not been set explicitly, hence returning None.
2025-04-17 17:47:04,275:INFO:Engine for model 'llar_cds_dt' has not been set explicitly, hence returning None.
2025-04-17 17:47:04,275:INFO:Engine for model 'br_cds_dt' has not been set explicitly, hence returning None.
2025-04-17 17:47:04,276:INFO:Engine for model 'huber_cds_dt' has not been set explicitly, hence returning None.
2025-04-17 17:47:04,342:INFO:Engine for model 'omp_cds_dt' has not been set explicitly, hence returning None.
2025-04-17 17:47:04,349:INFO:Engine for model 'knn_cds_dt' has not been set explicitly, hence returning None.
2025-04-17 17:47:04,365:INFO:Engine for model 'dt_cds_dt' has not been set explicitly, hence returning None.
2025-04-17 17:47:04,365:INFO:Engine for model 'rf_cds_dt' has not been set explicitly, hence returning None.
2025-04-17 17:47:04,369:INFO:Engine for model 'et_cds_dt' has not been set explicitly, hence returning None.
2025-04-17 17:47:04,373:INFO:Engine for model 'gbr_cds_dt' has not been set explicitly, hence returning None.
2025-04-17 17:47:04,373:INFO:Engine for model 'ada_cds_dt' has not been set explicitly, hence returning None.
2025-04-17 17:47:04,373:INFO:Engine for model 'xgboost_cds_dt' has not been set explicitly, hence returning None.
2025-04-17 17:47:04,373:WARNING:
'xgboost' is a soft dependency and not included in the pycaret installation. Please run: `pip install xgboost` to install.
Alternately, you can install this by running `pip install pycaret[models]`
2025-04-17 17:47:04,373:WARNING:
'xgboost' is a soft dependency and not included in the pycaret installation. Please run: `pip install xgboost` to install.
Alternately, you can install this by running `pip install pycaret[models]`
2025-04-17 17:47:04,373:INFO:Engine for model 'lightgbm_cds_dt' has not been set explicitly, hence returning None.
2025-04-17 17:47:04,374:INFO:Engine for model 'catboost_cds_dt' has not been set explicitly, hence returning None.
2025-04-17 17:47:04,374:WARNING:
'catboost' is a soft dependency and not included in the pycaret installation. Please run: `pip install catboost` to install.
Alternately, you can install this by running `pip install pycaret[models]`
2025-04-17 17:47:04,374:WARNING:
'catboost' is a soft dependency and not included in the pycaret installation. Please run: `pip install catboost` to install.
Alternately, you can install this by running `pip install pycaret[models]`
2025-04-17 17:47:04,374:INFO:Engine successfully changes for model 'lr_cds_dt' to 'sklearn'.
2025-04-17 17:47:04,379:WARNING:
'prophet' is a soft dependency and not included in the pycaret installation. Please run: `pip install prophet` to install.
2025-04-17 17:47:04,380:INFO:Engine for model 'en_cds_dt' has not been set explicitly, hence returning None.
2025-04-17 17:47:04,380:INFO:Engine for model 'ridge_cds_dt' has not been set explicitly, hence returning None.
2025-04-17 17:47:04,380:INFO:Engine for model 'lasso_cds_dt' has not been set explicitly, hence returning None.
2025-04-17 17:47:04,380:INFO:Engine for model 'llar_cds_dt' has not been set explicitly, hence returning None.
2025-04-17 17:47:04,380:INFO:Engine for model 'br_cds_dt' has not been set explicitly, hence returning None.
2025-04-17 17:47:04,380:INFO:Engine for model 'huber_cds_dt' has not been set explicitly, hence returning None.
2025-04-17 17:47:04,381:INFO:Engine for model 'omp_cds_dt' has not been set explicitly, hence returning None.
2025-04-17 17:47:04,381:INFO:Engine for model 'knn_cds_dt' has not been set explicitly, hence returning None.
2025-04-17 17:47:04,381:INFO:Engine for model 'dt_cds_dt' has not been set explicitly, hence returning None.
2025-04-17 17:47:04,382:INFO:Engine for model 'rf_cds_dt' has not been set explicitly, hence returning None.
2025-04-17 17:47:04,382:INFO:Engine for model 'et_cds_dt' has not been set explicitly, hence returning None.
2025-04-17 17:47:04,382:INFO:Engine for model 'gbr_cds_dt' has not been set explicitly, hence returning None.
2025-04-17 17:47:04,382:INFO:Engine for model 'ada_cds_dt' has not been set explicitly, hence returning None.
2025-04-17 17:47:04,382:INFO:Engine for model 'xgboost_cds_dt' has not been set explicitly, hence returning None.
2025-04-17 17:47:04,382:WARNING:
'xgboost' is a soft dependency and not included in the pycaret installation. Please run: `pip install xgboost` to install.
Alternately, you can install this by running `pip install pycaret[models]`
2025-04-17 17:47:04,382:WARNING:
'xgboost' is a soft dependency and not included in the pycaret installation. Please run: `pip install xgboost` to install.
Alternately, you can install this by running `pip install pycaret[models]`
2025-04-17 17:47:04,382:INFO:Engine for model 'lightgbm_cds_dt' has not been set explicitly, hence returning None.
2025-04-17 17:47:04,382:INFO:Engine for model 'catboost_cds_dt' has not been set explicitly, hence returning None.
2025-04-17 17:47:04,382:WARNING:
'catboost' is a soft dependency and not included in the pycaret installation. Please run: `pip install catboost` to install.
Alternately, you can install this by running `pip install pycaret[models]`
2025-04-17 17:47:04,382:WARNING:
'catboost' is a soft dependency and not included in the pycaret installation. Please run: `pip install catboost` to install.
Alternately, you can install this by running `pip install pycaret[models]`
2025-04-17 17:47:04,444:WARNING:
'prophet' is a soft dependency and not included in the pycaret installation. Please run: `pip install prophet` to install.
2025-04-17 17:47:04,444:INFO:Engine for model 'en_cds_dt' has not been set explicitly, hence returning None.
2025-04-17 17:47:04,444:INFO:Engine for model 'ridge_cds_dt' has not been set explicitly, hence returning None.
2025-04-17 17:47:04,445:INFO:Engine for model 'lasso_cds_dt' has not been set explicitly, hence returning None.
2025-04-17 17:47:04,460:INFO:Engine for model 'llar_cds_dt' has not been set explicitly, hence returning None.
2025-04-17 17:47:04,460:INFO:Engine for model 'br_cds_dt' has not been set explicitly, hence returning None.
2025-04-17 17:47:04,473:INFO:Engine for model 'huber_cds_dt' has not been set explicitly, hence returning None.
2025-04-17 17:47:04,474:INFO:Engine for model 'omp_cds_dt' has not been set explicitly, hence returning None.
2025-04-17 17:47:04,495:INFO:Engine for model 'knn_cds_dt' has not been set explicitly, hence returning None.
2025-04-17 17:47:04,508:INFO:Engine for model 'dt_cds_dt' has not been set explicitly, hence returning None.
2025-04-17 17:47:04,508:INFO:Engine for model 'rf_cds_dt' has not been set explicitly, hence returning None.
2025-04-17 17:47:04,508:INFO:Engine for model 'et_cds_dt' has not been set explicitly, hence returning None.
2025-04-17 17:47:04,509:INFO:Engine for model 'gbr_cds_dt' has not been set explicitly, hence returning None.
2025-04-17 17:47:04,509:INFO:Engine for model 'ada_cds_dt' has not been set explicitly, hence returning None.
2025-04-17 17:47:04,509:INFO:Engine for model 'xgboost_cds_dt' has not been set explicitly, hence returning None.
2025-04-17 17:47:04,509:WARNING:
'xgboost' is a soft dependency and not included in the pycaret installation. Please run: `pip install xgboost` to install.
Alternately, you can install this by running `pip install pycaret[models]`
2025-04-17 17:47:04,510:WARNING:
'xgboost' is a soft dependency and not included in the pycaret installation. Please run: `pip install xgboost` to install.
Alternately, you can install this by running `pip install pycaret[models]`
2025-04-17 17:47:04,510:INFO:Engine for model 'lightgbm_cds_dt' has not been set explicitly, hence returning None.
2025-04-17 17:47:04,515:INFO:Engine for model 'catboost_cds_dt' has not been set explicitly, hence returning None.
2025-04-17 17:47:04,515:WARNING:
'catboost' is a soft dependency and not included in the pycaret installation. Please run: `pip install catboost` to install.
Alternately, you can install this by running `pip install pycaret[models]`
2025-04-17 17:47:04,515:WARNING:
'catboost' is a soft dependency and not included in the pycaret installation. Please run: `pip install catboost` to install.
Alternately, you can install this by running `pip install pycaret[models]`
2025-04-17 17:47:04,515:INFO:Engine successfully changes for model 'en_cds_dt' to 'sklearn'.
2025-04-17 17:47:04,522:WARNING:
'prophet' is a soft dependency and not included in the pycaret installation. Please run: `pip install prophet` to install.
2025-04-17 17:47:04,533:INFO:Engine for model 'ridge_cds_dt' has not been set explicitly, hence returning None.
2025-04-17 17:47:04,533:INFO:Engine for model 'lasso_cds_dt' has not been set explicitly, hence returning None.
2025-04-17 17:47:04,533:INFO:Engine for model 'llar_cds_dt' has not been set explicitly, hence returning None.
2025-04-17 17:47:04,534:INFO:Engine for model 'br_cds_dt' has not been set explicitly, hence returning None.
2025-04-17 17:47:04,534:INFO:Engine for model 'huber_cds_dt' has not been set explicitly, hence returning None.
2025-04-17 17:47:04,534:INFO:Engine for model 'omp_cds_dt' has not been set explicitly, hence returning None.
2025-04-17 17:47:04,535:INFO:Engine for model 'knn_cds_dt' has not been set explicitly, hence returning None.
2025-04-17 17:47:04,535:INFO:Engine for model 'dt_cds_dt' has not been set explicitly, hence returning None.
2025-04-17 17:47:04,535:INFO:Engine for model 'rf_cds_dt' has not been set explicitly, hence returning None.
2025-04-17 17:47:04,535:INFO:Engine for model 'et_cds_dt' has not been set explicitly, hence returning None.
2025-04-17 17:47:04,536:INFO:Engine for model 'gbr_cds_dt' has not been set explicitly, hence returning None.
2025-04-17 17:47:04,539:INFO:Engine for model 'ada_cds_dt' has not been set explicitly, hence returning None.
2025-04-17 17:47:04,540:INFO:Engine for model 'xgboost_cds_dt' has not been set explicitly, hence returning None.
2025-04-17 17:47:04,540:WARNING:
'xgboost' is a soft dependency and not included in the pycaret installation. Please run: `pip install xgboost` to install.
Alternately, you can install this by running `pip install pycaret[models]`
2025-04-17 17:47:04,540:WARNING:
'xgboost' is a soft dependency and not included in the pycaret installation. Please run: `pip install xgboost` to install.
Alternately, you can install this by running `pip install pycaret[models]`
2025-04-17 17:47:04,540:INFO:Engine for model 'lightgbm_cds_dt' has not been set explicitly, hence returning None.
2025-04-17 17:47:04,540:INFO:Engine for model 'catboost_cds_dt' has not been set explicitly, hence returning None.
2025-04-17 17:47:04,541:WARNING:
'catboost' is a soft dependency and not included in the pycaret installation. Please run: `pip install catboost` to install.
Alternately, you can install this by running `pip install pycaret[models]`
2025-04-17 17:47:04,541:WARNING:
'catboost' is a soft dependency and not included in the pycaret installation. Please run: `pip install catboost` to install.
Alternately, you can install this by running `pip install pycaret[models]`
2025-04-17 17:47:04,544:WARNING:
'prophet' is a soft dependency and not included in the pycaret installation. Please run: `pip install prophet` to install.
2025-04-17 17:47:04,545:INFO:Engine for model 'ridge_cds_dt' has not been set explicitly, hence returning None.
2025-04-17 17:47:04,545:INFO:Engine for model 'lasso_cds_dt' has not been set explicitly, hence returning None.
2025-04-17 17:47:04,545:INFO:Engine for model 'llar_cds_dt' has not been set explicitly, hence returning None.
2025-04-17 17:47:04,545:INFO:Engine for model 'br_cds_dt' has not been set explicitly, hence returning None.
2025-04-17 17:47:04,545:INFO:Engine for model 'huber_cds_dt' has not been set explicitly, hence returning None.
2025-04-17 17:47:04,546:INFO:Engine for model 'omp_cds_dt' has not been set explicitly, hence returning None.
2025-04-17 17:47:04,546:INFO:Engine for model 'knn_cds_dt' has not been set explicitly, hence returning None.
2025-04-17 17:47:04,547:INFO:Engine for model 'dt_cds_dt' has not been set explicitly, hence returning None.
2025-04-17 17:47:04,547:INFO:Engine for model 'rf_cds_dt' has not been set explicitly, hence returning None.
2025-04-17 17:47:04,547:INFO:Engine for model 'et_cds_dt' has not been set explicitly, hence returning None.
2025-04-17 17:47:04,547:INFO:Engine for model 'gbr_cds_dt' has not been set explicitly, hence returning None.
2025-04-17 17:47:04,547:INFO:Engine for model 'ada_cds_dt' has not been set explicitly, hence returning None.
2025-04-17 17:47:04,547:INFO:Engine for model 'xgboost_cds_dt' has not been set explicitly, hence returning None.
2025-04-17 17:47:04,547:WARNING:
'xgboost' is a soft dependency and not included in the pycaret installation. Please run: `pip install xgboost` to install.
Alternately, you can install this by running `pip install pycaret[models]`
2025-04-17 17:47:04,547:WARNING:
'xgboost' is a soft dependency and not included in the pycaret installation. Please run: `pip install xgboost` to install.
Alternately, you can install this by running `pip install pycaret[models]`
2025-04-17 17:47:04,547:INFO:Engine for model 'lightgbm_cds_dt' has not been set explicitly, hence returning None.
2025-04-17 17:47:04,547:INFO:Engine for model 'catboost_cds_dt' has not been set explicitly, hence returning None.
2025-04-17 17:47:04,547:WARNING:
'catboost' is a soft dependency and not included in the pycaret installation. Please run: `pip install catboost` to install.
Alternately, you can install this by running `pip install pycaret[models]`
2025-04-17 17:47:04,547:WARNING:
'catboost' is a soft dependency and not included in the pycaret installation. Please run: `pip install catboost` to install.
Alternately, you can install this by running `pip install pycaret[models]`
2025-04-17 17:47:04,547:INFO:Engine successfully changes for model 'ridge_cds_dt' to 'sklearn'.
2025-04-17 17:47:04,549:WARNING:
'prophet' is a soft dependency and not included in the pycaret installation. Please run: `pip install prophet` to install.
2025-04-17 17:47:04,554:INFO:Engine for model 'lasso_cds_dt' has not been set explicitly, hence returning None.
2025-04-17 17:47:04,556:INFO:Engine for model 'llar_cds_dt' has not been set explicitly, hence returning None.
2025-04-17 17:47:04,556:INFO:Engine for model 'br_cds_dt' has not been set explicitly, hence returning None.
2025-04-17 17:47:04,556:INFO:Engine for model 'huber_cds_dt' has not been set explicitly, hence returning None.
2025-04-17 17:47:04,557:INFO:Engine for model 'omp_cds_dt' has not been set explicitly, hence returning None.
2025-04-17 17:47:04,557:INFO:Engine for model 'knn_cds_dt' has not been set explicitly, hence returning None.
2025-04-17 17:47:04,558:INFO:Engine for model 'dt_cds_dt' has not been set explicitly, hence returning None.
2025-04-17 17:47:04,558:INFO:Engine for model 'rf_cds_dt' has not been set explicitly, hence returning None.
2025-04-17 17:47:04,558:INFO:Engine for model 'et_cds_dt' has not been set explicitly, hence returning None.
2025-04-17 17:47:04,558:INFO:Engine for model 'gbr_cds_dt' has not been set explicitly, hence returning None.
2025-04-17 17:47:04,558:INFO:Engine for model 'ada_cds_dt' has not been set explicitly, hence returning None.
2025-04-17 17:47:04,558:INFO:Engine for model 'xgboost_cds_dt' has not been set explicitly, hence returning None.
2025-04-17 17:47:04,558:WARNING:
'xgboost' is a soft dependency and not included in the pycaret installation. Please run: `pip install xgboost` to install.
Alternately, you can install this by running `pip install pycaret[models]`
2025-04-17 17:47:04,558:WARNING:
'xgboost' is a soft dependency and not included in the pycaret installation. Please run: `pip install xgboost` to install.
Alternately, you can install this by running `pip install pycaret[models]`
2025-04-17 17:47:04,558:INFO:Engine for model 'lightgbm_cds_dt' has not been set explicitly, hence returning None.
2025-04-17 17:47:04,558:INFO:Engine for model 'catboost_cds_dt' has not been set explicitly, hence returning None.
2025-04-17 17:47:04,558:WARNING:
'catboost' is a soft dependency and not included in the pycaret installation. Please run: `pip install catboost` to install.
Alternately, you can install this by running `pip install pycaret[models]`
2025-04-17 17:47:04,559:WARNING:
'catboost' is a soft dependency and not included in the pycaret installation. Please run: `pip install catboost` to install.
Alternately, you can install this by running `pip install pycaret[models]`
2025-04-17 17:47:04,578:WARNING:
'prophet' is a soft dependency and not included in the pycaret installation. Please run: `pip install prophet` to install.
2025-04-17 17:47:04,579:INFO:Engine for model 'lasso_cds_dt' has not been set explicitly, hence returning None.
2025-04-17 17:47:04,579:INFO:Engine for model 'llar_cds_dt' has not been set explicitly, hence returning None.
2025-04-17 17:47:04,579:INFO:Engine for model 'br_cds_dt' has not been set explicitly, hence returning None.
2025-04-17 17:47:04,579:INFO:Engine for model 'huber_cds_dt' has not been set explicitly, hence returning None.
2025-04-17 17:47:04,581:INFO:Engine for model 'omp_cds_dt' has not been set explicitly, hence returning None.
2025-04-17 17:47:04,583:INFO:Engine for model 'knn_cds_dt' has not been set explicitly, hence returning None.
2025-04-17 17:47:04,583:INFO:Engine for model 'dt_cds_dt' has not been set explicitly, hence returning None.
2025-04-17 17:47:04,585:INFO:Engine for model 'rf_cds_dt' has not been set explicitly, hence returning None.
2025-04-17 17:47:04,585:INFO:Engine for model 'et_cds_dt' has not been set explicitly, hence returning None.
2025-04-17 17:47:04,585:INFO:Engine for model 'gbr_cds_dt' has not been set explicitly, hence returning None.
2025-04-17 17:47:04,586:INFO:Engine for model 'ada_cds_dt' has not been set explicitly, hence returning None.
2025-04-17 17:47:04,586:INFO:Engine for model 'xgboost_cds_dt' has not been set explicitly, hence returning None.
2025-04-17 17:47:04,586:WARNING:
'xgboost' is a soft dependency and not included in the pycaret installation. Please run: `pip install xgboost` to install.
Alternately, you can install this by running `pip install pycaret[models]`
2025-04-17 17:47:04,586:WARNING:
'xgboost' is a soft dependency and not included in the pycaret installation. Please run: `pip install xgboost` to install.
Alternately, you can install this by running `pip install pycaret[models]`
2025-04-17 17:47:04,586:INFO:Engine for model 'lightgbm_cds_dt' has not been set explicitly, hence returning None.
2025-04-17 17:47:04,586:INFO:Engine for model 'catboost_cds_dt' has not been set explicitly, hence returning None.
2025-04-17 17:47:04,586:WARNING:
'catboost' is a soft dependency and not included in the pycaret installation. Please run: `pip install catboost` to install.
Alternately, you can install this by running `pip install pycaret[models]`
2025-04-17 17:47:04,586:WARNING:
'catboost' is a soft dependency and not included in the pycaret installation. Please run: `pip install catboost` to install.
Alternately, you can install this by running `pip install pycaret[models]`
2025-04-17 17:47:04,586:INFO:Engine successfully changes for model 'lasso_cds_dt' to 'sklearn'.
2025-04-17 17:47:04,587:WARNING:
'prophet' is a soft dependency and not included in the pycaret installation. Please run: `pip install prophet` to install.
2025-04-17 17:47:04,589:INFO:Engine for model 'llar_cds_dt' has not been set explicitly, hence returning None.
2025-04-17 17:47:04,590:INFO:Engine for model 'br_cds_dt' has not been set explicitly, hence returning None.
2025-04-17 17:47:04,590:INFO:Engine for model 'huber_cds_dt' has not been set explicitly, hence returning None.
2025-04-17 17:47:04,590:INFO:Engine for model 'omp_cds_dt' has not been set explicitly, hence returning None.
2025-04-17 17:47:04,591:INFO:Engine for model 'knn_cds_dt' has not been set explicitly, hence returning None.
2025-04-17 17:47:04,591:INFO:Engine for model 'dt_cds_dt' has not been set explicitly, hence returning None.
2025-04-17 17:47:04,591:INFO:Engine for model 'rf_cds_dt' has not been set explicitly, hence returning None.
2025-04-17 17:47:04,591:INFO:Engine for model 'et_cds_dt' has not been set explicitly, hence returning None.
2025-04-17 17:47:04,591:INFO:Engine for model 'gbr_cds_dt' has not been set explicitly, hence returning None.
2025-04-17 17:47:04,592:INFO:Engine for model 'ada_cds_dt' has not been set explicitly, hence returning None.
2025-04-17 17:47:04,592:INFO:Engine for model 'xgboost_cds_dt' has not been set explicitly, hence returning None.
2025-04-17 17:47:04,592:WARNING:
'xgboost' is a soft dependency and not included in the pycaret installation. Please run: `pip install xgboost` to install.
Alternately, you can install this by running `pip install pycaret[models]`
2025-04-17 17:47:04,592:WARNING:
'xgboost' is a soft dependency and not included in the pycaret installation. Please run: `pip install xgboost` to install.
Alternately, you can install this by running `pip install pycaret[models]`
2025-04-17 17:47:04,592:INFO:Engine for model 'lightgbm_cds_dt' has not been set explicitly, hence returning None.
2025-04-17 17:47:04,592:INFO:Engine for model 'catboost_cds_dt' has not been set explicitly, hence returning None.
2025-04-17 17:47:04,592:WARNING:
'catboost' is a soft dependency and not included in the pycaret installation. Please run: `pip install catboost` to install.
Alternately, you can install this by running `pip install pycaret[models]`
2025-04-17 17:47:04,592:WARNING:
'catboost' is a soft dependency and not included in the pycaret installation. Please run: `pip install catboost` to install.
Alternately, you can install this by running `pip install pycaret[models]`
2025-04-17 17:47:04,594:WARNING:
'prophet' is a soft dependency and not included in the pycaret installation. Please run: `pip install prophet` to install.
2025-04-17 17:47:04,595:INFO:Engine for model 'llar_cds_dt' has not been set explicitly, hence returning None.
2025-04-17 17:47:04,595:INFO:Engine for model 'br_cds_dt' has not been set explicitly, hence returning None.
2025-04-17 17:47:04,595:INFO:Engine for model 'huber_cds_dt' has not been set explicitly, hence returning None.
2025-04-17 17:47:04,596:INFO:Engine for model 'omp_cds_dt' has not been set explicitly, hence returning None.
2025-04-17 17:47:04,596:INFO:Engine for model 'knn_cds_dt' has not been set explicitly, hence returning None.
2025-04-17 17:47:04,596:INFO:Engine for model 'dt_cds_dt' has not been set explicitly, hence returning None.
2025-04-17 17:47:04,598:INFO:Engine for model 'rf_cds_dt' has not been set explicitly, hence returning None.
2025-04-17 17:47:04,599:INFO:Engine for model 'et_cds_dt' has not been set explicitly, hence returning None.
2025-04-17 17:47:04,599:INFO:Engine for model 'gbr_cds_dt' has not been set explicitly, hence returning None.
2025-04-17 17:47:04,600:INFO:Engine for model 'ada_cds_dt' has not been set explicitly, hence returning None.
2025-04-17 17:47:04,601:INFO:Engine for model 'xgboost_cds_dt' has not been set explicitly, hence returning None.
2025-04-17 17:47:04,601:WARNING:
'xgboost' is a soft dependency and not included in the pycaret installation. Please run: `pip install xgboost` to install.
Alternately, you can install this by running `pip install pycaret[models]`
2025-04-17 17:47:04,601:WARNING:
'xgboost' is a soft dependency and not included in the pycaret installation. Please run: `pip install xgboost` to install.
Alternately, you can install this by running `pip install pycaret[models]`
2025-04-17 17:47:04,601:INFO:Engine for model 'lightgbm_cds_dt' has not been set explicitly, hence returning None.
2025-04-17 17:47:04,601:INFO:Engine for model 'catboost_cds_dt' has not been set explicitly, hence returning None.
2025-04-17 17:47:04,601:WARNING:
'catboost' is a soft dependency and not included in the pycaret installation. Please run: `pip install catboost` to install.
Alternately, you can install this by running `pip install pycaret[models]`
2025-04-17 17:47:04,601:WARNING:
'catboost' is a soft dependency and not included in the pycaret installation. Please run: `pip install catboost` to install.
Alternately, you can install this by running `pip install pycaret[models]`
2025-04-17 17:47:04,602:INFO:Engine successfully changes for model 'lar_cds_dt' to 'sklearn'.
2025-04-17 17:47:04,605:WARNING:
'prophet' is a soft dependency and not included in the pycaret installation. Please run: `pip install prophet` to install.
2025-04-17 17:47:04,607:INFO:Engine for model 'llar_cds_dt' has not been set explicitly, hence returning None.
2025-04-17 17:47:04,608:INFO:Engine for model 'br_cds_dt' has not been set explicitly, hence returning None.
2025-04-17 17:47:04,608:INFO:Engine for model 'huber_cds_dt' has not been set explicitly, hence returning None.
2025-04-17 17:47:04,614:INFO:Engine for model 'omp_cds_dt' has not been set explicitly, hence returning None.
2025-04-17 17:47:04,615:INFO:Engine for model 'knn_cds_dt' has not been set explicitly, hence returning None.
2025-04-17 17:47:04,615:INFO:Engine for model 'dt_cds_dt' has not been set explicitly, hence returning None.
2025-04-17 17:47:04,615:INFO:Engine for model 'rf_cds_dt' has not been set explicitly, hence returning None.
2025-04-17 17:47:04,615:INFO:Engine for model 'et_cds_dt' has not been set explicitly, hence returning None.
2025-04-17 17:47:04,616:INFO:Engine for model 'gbr_cds_dt' has not been set explicitly, hence returning None.
2025-04-17 17:47:04,616:INFO:Engine for model 'ada_cds_dt' has not been set explicitly, hence returning None.
2025-04-17 17:47:04,616:INFO:Engine for model 'xgboost_cds_dt' has not been set explicitly, hence returning None.
2025-04-17 17:47:04,616:WARNING:
'xgboost' is a soft dependency and not included in the pycaret installation. Please run: `pip install xgboost` to install.
Alternately, you can install this by running `pip install pycaret[models]`
2025-04-17 17:47:04,616:WARNING:
'xgboost' is a soft dependency and not included in the pycaret installation. Please run: `pip install xgboost` to install.
Alternately, you can install this by running `pip install pycaret[models]`
2025-04-17 17:47:04,616:INFO:Engine for model 'lightgbm_cds_dt' has not been set explicitly, hence returning None.
2025-04-17 17:47:04,616:INFO:Engine for model 'catboost_cds_dt' has not been set explicitly, hence returning None.
2025-04-17 17:47:04,616:WARNING:
'catboost' is a soft dependency and not included in the pycaret installation. Please run: `pip install catboost` to install.
Alternately, you can install this by running `pip install pycaret[models]`
2025-04-17 17:47:04,616:WARNING:
'catboost' is a soft dependency and not included in the pycaret installation. Please run: `pip install catboost` to install.
Alternately, you can install this by running `pip install pycaret[models]`
2025-04-17 17:47:04,620:WARNING:
'prophet' is a soft dependency and not included in the pycaret installation. Please run: `pip install prophet` to install.
2025-04-17 17:47:04,621:INFO:Engine for model 'llar_cds_dt' has not been set explicitly, hence returning None.
2025-04-17 17:47:04,621:INFO:Engine for model 'br_cds_dt' has not been set explicitly, hence returning None.
2025-04-17 17:47:04,622:INFO:Engine for model 'huber_cds_dt' has not been set explicitly, hence returning None.
2025-04-17 17:47:04,624:INFO:Engine for model 'omp_cds_dt' has not been set explicitly, hence returning None.
2025-04-17 17:47:04,625:INFO:Engine for model 'knn_cds_dt' has not been set explicitly, hence returning None.
2025-04-17 17:47:04,625:INFO:Engine for model 'dt_cds_dt' has not been set explicitly, hence returning None.
2025-04-17 17:47:04,626:INFO:Engine for model 'rf_cds_dt' has not been set explicitly, hence returning None.
2025-04-17 17:47:04,626:INFO:Engine for model 'et_cds_dt' has not been set explicitly, hence returning None.
2025-04-17 17:47:04,626:INFO:Engine for model 'gbr_cds_dt' has not been set explicitly, hence returning None.
2025-04-17 17:47:04,626:INFO:Engine for model 'ada_cds_dt' has not been set explicitly, hence returning None.
2025-04-17 17:47:04,626:INFO:Engine for model 'xgboost_cds_dt' has not been set explicitly, hence returning None.
2025-04-17 17:47:04,626:WARNING:
'xgboost' is a soft dependency and not included in the pycaret installation. Please run: `pip install xgboost` to install.
Alternately, you can install this by running `pip install pycaret[models]`
2025-04-17 17:47:04,626:WARNING:
'xgboost' is a soft dependency and not included in the pycaret installation. Please run: `pip install xgboost` to install.
Alternately, you can install this by running `pip install pycaret[models]`
2025-04-17 17:47:04,626:INFO:Engine for model 'lightgbm_cds_dt' has not been set explicitly, hence returning None.
2025-04-17 17:47:04,627:INFO:Engine for model 'catboost_cds_dt' has not been set explicitly, hence returning None.
2025-04-17 17:47:04,627:WARNING:
'catboost' is a soft dependency and not included in the pycaret installation. Please run: `pip install catboost` to install.
Alternately, you can install this by running `pip install pycaret[models]`
2025-04-17 17:47:04,627:WARNING:
'catboost' is a soft dependency and not included in the pycaret installation. Please run: `pip install catboost` to install.
Alternately, you can install this by running `pip install pycaret[models]`
2025-04-17 17:47:04,627:INFO:Engine successfully changes for model 'llar_cds_dt' to 'sklearn'.
2025-04-17 17:47:04,628:WARNING:
'prophet' is a soft dependency and not included in the pycaret installation. Please run: `pip install prophet` to install.
2025-04-17 17:47:04,629:INFO:Engine for model 'br_cds_dt' has not been set explicitly, hence returning None.
2025-04-17 17:47:04,629:INFO:Engine for model 'huber_cds_dt' has not been set explicitly, hence returning None.
2025-04-17 17:47:04,630:INFO:Engine for model 'omp_cds_dt' has not been set explicitly, hence returning None.
2025-04-17 17:47:04,630:INFO:Engine for model 'knn_cds_dt' has not been set explicitly, hence returning None.
2025-04-17 17:47:04,630:INFO:Engine for model 'dt_cds_dt' has not been set explicitly, hence returning None.
2025-04-17 17:47:04,630:INFO:Engine for model 'rf_cds_dt' has not been set explicitly, hence returning None.
2025-04-17 17:47:04,631:INFO:Engine for model 'et_cds_dt' has not been set explicitly, hence returning None.
2025-04-17 17:47:04,631:INFO:Engine for model 'gbr_cds_dt' has not been set explicitly, hence returning None.
2025-04-17 17:47:04,633:INFO:Engine for model 'ada_cds_dt' has not been set explicitly, hence returning None.
2025-04-17 17:47:04,634:INFO:Engine for model 'xgboost_cds_dt' has not been set explicitly, hence returning None.
2025-04-17 17:47:04,634:WARNING:
'xgboost' is a soft dependency and not included in the pycaret installation. Please run: `pip install xgboost` to install.
Alternately, you can install this by running `pip install pycaret[models]`
2025-04-17 17:47:04,634:WARNING:
'xgboost' is a soft dependency and not included in the pycaret installation. Please run: `pip install xgboost` to install.
Alternately, you can install this by running `pip install pycaret[models]`
2025-04-17 17:47:04,634:INFO:Engine for model 'lightgbm_cds_dt' has not been set explicitly, hence returning None.
2025-04-17 17:47:04,635:INFO:Engine for model 'catboost_cds_dt' has not been set explicitly, hence returning None.
2025-04-17 17:47:04,635:WARNING:
'catboost' is a soft dependency and not included in the pycaret installation. Please run: `pip install catboost` to install.
Alternately, you can install this by running `pip install pycaret[models]`
2025-04-17 17:47:04,635:WARNING:
'catboost' is a soft dependency and not included in the pycaret installation. Please run: `pip install catboost` to install.
Alternately, you can install this by running `pip install pycaret[models]`
2025-04-17 17:47:04,641:WARNING:
'prophet' is a soft dependency and not included in the pycaret installation. Please run: `pip install prophet` to install.
2025-04-17 17:47:04,642:INFO:Engine for model 'br_cds_dt' has not been set explicitly, hence returning None.
2025-04-17 17:47:04,642:INFO:Engine for model 'huber_cds_dt' has not been set explicitly, hence returning None.
2025-04-17 17:47:04,644:INFO:Engine for model 'omp_cds_dt' has not been set explicitly, hence returning None.
2025-04-17 17:47:04,647:INFO:Engine for model 'knn_cds_dt' has not been set explicitly, hence returning None.
2025-04-17 17:47:04,647:INFO:Engine for model 'dt_cds_dt' has not been set explicitly, hence returning None.
2025-04-17 17:47:04,647:INFO:Engine for model 'rf_cds_dt' has not been set explicitly, hence returning None.
2025-04-17 17:47:04,647:INFO:Engine for model 'et_cds_dt' has not been set explicitly, hence returning None.
2025-04-17 17:47:04,647:INFO:Engine for model 'gbr_cds_dt' has not been set explicitly, hence returning None.
2025-04-17 17:47:04,648:INFO:Engine for model 'ada_cds_dt' has not been set explicitly, hence returning None.
2025-04-17 17:47:04,648:INFO:Engine for model 'xgboost_cds_dt' has not been set explicitly, hence returning None.
2025-04-17 17:47:04,648:WARNING:
'xgboost' is a soft dependency and not included in the pycaret installation. Please run: `pip install xgboost` to install.
Alternately, you can install this by running `pip install pycaret[models]`
2025-04-17 17:47:04,648:WARNING:
'xgboost' is a soft dependency and not included in the pycaret installation. Please run: `pip install xgboost` to install.
Alternately, you can install this by running `pip install pycaret[models]`
2025-04-17 17:47:04,648:INFO:Engine for model 'lightgbm_cds_dt' has not been set explicitly, hence returning None.
2025-04-17 17:47:04,649:INFO:Engine for model 'catboost_cds_dt' has not been set explicitly, hence returning None.
2025-04-17 17:47:04,649:WARNING:
'catboost' is a soft dependency and not included in the pycaret installation. Please run: `pip install catboost` to install.
Alternately, you can install this by running `pip install pycaret[models]`
2025-04-17 17:47:04,649:WARNING:
'catboost' is a soft dependency and not included in the pycaret installation. Please run: `pip install catboost` to install.
Alternately, you can install this by running `pip install pycaret[models]`
2025-04-17 17:47:04,650:INFO:Engine successfully changes for model 'br_cds_dt' to 'sklearn'.
2025-04-17 17:47:04,655:WARNING:
'prophet' is a soft dependency and not included in the pycaret installation. Please run: `pip install prophet` to install.
2025-04-17 17:47:04,655:INFO:Engine for model 'huber_cds_dt' has not been set explicitly, hence returning None.
2025-04-17 17:47:04,656:INFO:Engine for model 'omp_cds_dt' has not been set explicitly, hence returning None.
2025-04-17 17:47:04,660:INFO:Engine for model 'knn_cds_dt' has not been set explicitly, hence returning None.
2025-04-17 17:47:04,660:INFO:Engine for model 'dt_cds_dt' has not been set explicitly, hence returning None.
2025-04-17 17:47:04,661:INFO:Engine for model 'rf_cds_dt' has not been set explicitly, hence returning None.
2025-04-17 17:47:04,661:INFO:Engine for model 'et_cds_dt' has not been set explicitly, hence returning None.
2025-04-17 17:47:04,661:INFO:Engine for model 'gbr_cds_dt' has not been set explicitly, hence returning None.
2025-04-17 17:47:04,662:INFO:Engine for model 'ada_cds_dt' has not been set explicitly, hence returning None.
2025-04-17 17:47:04,662:INFO:Engine for model 'xgboost_cds_dt' has not been set explicitly, hence returning None.
2025-04-17 17:47:04,662:WARNING:
'xgboost' is a soft dependency and not included in the pycaret installation. Please run: `pip install xgboost` to install.
Alternately, you can install this by running `pip install pycaret[models]`
2025-04-17 17:47:04,662:WARNING:
'xgboost' is a soft dependency and not included in the pycaret installation. Please run: `pip install xgboost` to install.
Alternately, you can install this by running `pip install pycaret[models]`
2025-04-17 17:47:04,662:INFO:Engine for model 'lightgbm_cds_dt' has not been set explicitly, hence returning None.
2025-04-17 17:47:04,662:INFO:Engine for model 'catboost_cds_dt' has not been set explicitly, hence returning None.
2025-04-17 17:47:04,662:WARNING:
'catboost' is a soft dependency and not included in the pycaret installation. Please run: `pip install catboost` to install.
Alternately, you can install this by running `pip install pycaret[models]`
2025-04-17 17:47:04,662:WARNING:
'catboost' is a soft dependency and not included in the pycaret installation. Please run: `pip install catboost` to install.
Alternately, you can install this by running `pip install pycaret[models]`
2025-04-17 17:47:04,663:WARNING:
'prophet' is a soft dependency and not included in the pycaret installation. Please run: `pip install prophet` to install.
2025-04-17 17:47:04,670:INFO:Engine for model 'huber_cds_dt' has not been set explicitly, hence returning None.
2025-04-17 17:47:04,675:INFO:Engine for model 'omp_cds_dt' has not been set explicitly, hence returning None.
2025-04-17 17:47:04,679:INFO:Engine for model 'knn_cds_dt' has not been set explicitly, hence returning None.
2025-04-17 17:47:04,679:INFO:Engine for model 'dt_cds_dt' has not been set explicitly, hence returning None.
2025-04-17 17:47:04,679:INFO:Engine for model 'rf_cds_dt' has not been set explicitly, hence returning None.
2025-04-17 17:47:04,679:INFO:Engine for model 'et_cds_dt' has not been set explicitly, hence returning None.
2025-04-17 17:47:04,679:INFO:Engine for model 'gbr_cds_dt' has not been set explicitly, hence returning None.
2025-04-17 17:47:04,679:INFO:Engine for model 'ada_cds_dt' has not been set explicitly, hence returning None.
2025-04-17 17:47:04,679:INFO:Engine for model 'xgboost_cds_dt' has not been set explicitly, hence returning None.
2025-04-17 17:47:04,680:WARNING:
'xgboost' is a soft dependency and not included in the pycaret installation. Please run: `pip install xgboost` to install.
Alternately, you can install this by running `pip install pycaret[models]`
2025-04-17 17:47:04,680:WARNING:
'xgboost' is a soft dependency and not included in the pycaret installation. Please run: `pip install xgboost` to install.
Alternately, you can install this by running `pip install pycaret[models]`
2025-04-17 17:47:04,680:INFO:Engine for model 'lightgbm_cds_dt' has not been set explicitly, hence returning None.
2025-04-17 17:47:04,680:INFO:Engine for model 'catboost_cds_dt' has not been set explicitly, hence returning None.
2025-04-17 17:47:04,680:WARNING:
'catboost' is a soft dependency and not included in the pycaret installation. Please run: `pip install catboost` to install.
Alternately, you can install this by running `pip install pycaret[models]`
2025-04-17 17:47:04,680:WARNING:
'catboost' is a soft dependency and not included in the pycaret installation. Please run: `pip install catboost` to install.
Alternately, you can install this by running `pip install pycaret[models]`
2025-04-17 17:47:04,680:INFO:Engine successfully changes for model 'huber_cds_dt' to 'sklearn'.
2025-04-17 17:47:04,681:WARNING:
'prophet' is a soft dependency and not included in the pycaret installation. Please run: `pip install prophet` to install.
2025-04-17 17:47:04,686:INFO:Engine for model 'omp_cds_dt' has not been set explicitly, hence returning None.
2025-04-17 17:47:04,687:INFO:Engine for model 'knn_cds_dt' has not been set explicitly, hence returning None.
2025-04-17 17:47:04,687:INFO:Engine for model 'dt_cds_dt' has not been set explicitly, hence returning None.
2025-04-17 17:47:04,687:INFO:Engine for model 'rf_cds_dt' has not been set explicitly, hence returning None.
2025-04-17 17:47:04,688:INFO:Engine for model 'et_cds_dt' has not been set explicitly, hence returning None.
2025-04-17 17:47:04,688:INFO:Engine for model 'gbr_cds_dt' has not been set explicitly, hence returning None.
2025-04-17 17:47:04,688:INFO:Engine for model 'ada_cds_dt' has not been set explicitly, hence returning None.
2025-04-17 17:47:04,688:INFO:Engine for model 'xgboost_cds_dt' has not been set explicitly, hence returning None.
2025-04-17 17:47:04,688:WARNING:
'xgboost' is a soft dependency and not included in the pycaret installation. Please run: `pip install xgboost` to install.
Alternately, you can install this by running `pip install pycaret[models]`
2025-04-17 17:47:04,688:WARNING:
'xgboost' is a soft dependency and not included in the pycaret installation. Please run: `pip install xgboost` to install.
Alternately, you can install this by running `pip install pycaret[models]`
2025-04-17 17:47:04,689:INFO:Engine for model 'lightgbm_cds_dt' has not been set explicitly, hence returning None.
2025-04-17 17:47:04,689:INFO:Engine for model 'catboost_cds_dt' has not been set explicitly, hence returning None.
2025-04-17 17:47:04,689:WARNING:
'catboost' is a soft dependency and not included in the pycaret installation. Please run: `pip install catboost` to install.
Alternately, you can install this by running `pip install pycaret[models]`
2025-04-17 17:47:04,689:WARNING:
'catboost' is a soft dependency and not included in the pycaret installation. Please run: `pip install catboost` to install.
Alternately, you can install this by running `pip install pycaret[models]`
2025-04-17 17:47:04,692:WARNING:
'prophet' is a soft dependency and not included in the pycaret installation. Please run: `pip install prophet` to install.
2025-04-17 17:47:04,693:INFO:Engine for model 'omp_cds_dt' has not been set explicitly, hence returning None.
2025-04-17 17:47:04,694:INFO:Engine for model 'knn_cds_dt' has not been set explicitly, hence returning None.
2025-04-17 17:47:04,694:INFO:Engine for model 'dt_cds_dt' has not been set explicitly, hence returning None.
2025-04-17 17:47:04,694:INFO:Engine for model 'rf_cds_dt' has not been set explicitly, hence returning None.
2025-04-17 17:47:04,694:INFO:Engine for model 'et_cds_dt' has not been set explicitly, hence returning None.
2025-04-17 17:47:04,694:INFO:Engine for model 'gbr_cds_dt' has not been set explicitly, hence returning None.
2025-04-17 17:47:04,695:INFO:Engine for model 'ada_cds_dt' has not been set explicitly, hence returning None.
2025-04-17 17:47:04,695:INFO:Engine for model 'xgboost_cds_dt' has not been set explicitly, hence returning None.
2025-04-17 17:47:04,695:WARNING:
'xgboost' is a soft dependency and not included in the pycaret installation. Please run: `pip install xgboost` to install.
Alternately, you can install this by running `pip install pycaret[models]`
2025-04-17 17:47:04,695:WARNING:
'xgboost' is a soft dependency and not included in the pycaret installation. Please run: `pip install xgboost` to install.
Alternately, you can install this by running `pip install pycaret[models]`
2025-04-17 17:47:04,695:INFO:Engine for model 'lightgbm_cds_dt' has not been set explicitly, hence returning None.
2025-04-17 17:47:04,695:INFO:Engine for model 'catboost_cds_dt' has not been set explicitly, hence returning None.
2025-04-17 17:47:04,695:WARNING:
'catboost' is a soft dependency and not included in the pycaret installation. Please run: `pip install catboost` to install.
Alternately, you can install this by running `pip install pycaret[models]`
2025-04-17 17:47:04,695:WARNING:
'catboost' is a soft dependency and not included in the pycaret installation. Please run: `pip install catboost` to install.
Alternately, you can install this by running `pip install pycaret[models]`
2025-04-17 17:47:04,695:INFO:Engine successfully changes for model 'par_cds_dt' to 'sklearn'.
2025-04-17 17:47:04,696:WARNING:
'prophet' is a soft dependency and not included in the pycaret installation. Please run: `pip install prophet` to install.
2025-04-17 17:47:04,698:INFO:Engine for model 'omp_cds_dt' has not been set explicitly, hence returning None.
2025-04-17 17:47:04,698:INFO:Engine for model 'knn_cds_dt' has not been set explicitly, hence returning None.
2025-04-17 17:47:04,698:INFO:Engine for model 'dt_cds_dt' has not been set explicitly, hence returning None.
2025-04-17 17:47:04,698:INFO:Engine for model 'rf_cds_dt' has not been set explicitly, hence returning None.
2025-04-17 17:47:04,698:INFO:Engine for model 'et_cds_dt' has not been set explicitly, hence returning None.
2025-04-17 17:47:04,698:INFO:Engine for model 'gbr_cds_dt' has not been set explicitly, hence returning None.
2025-04-17 17:47:04,699:INFO:Engine for model 'ada_cds_dt' has not been set explicitly, hence returning None.
2025-04-17 17:47:04,699:INFO:Engine for model 'xgboost_cds_dt' has not been set explicitly, hence returning None.
2025-04-17 17:47:04,699:WARNING:
'xgboost' is a soft dependency and not included in the pycaret installation. Please run: `pip install xgboost` to install.
Alternately, you can install this by running `pip install pycaret[models]`
2025-04-17 17:47:04,699:WARNING:
'xgboost' is a soft dependency and not included in the pycaret installation. Please run: `pip install xgboost` to install.
Alternately, you can install this by running `pip install pycaret[models]`
2025-04-17 17:47:04,699:INFO:Engine for model 'lightgbm_cds_dt' has not been set explicitly, hence returning None.
2025-04-17 17:47:04,699:INFO:Engine for model 'catboost_cds_dt' has not been set explicitly, hence returning None.
2025-04-17 17:47:04,699:WARNING:
'catboost' is a soft dependency and not included in the pycaret installation. Please run: `pip install catboost` to install.
Alternately, you can install this by running `pip install pycaret[models]`
2025-04-17 17:47:04,699:WARNING:
'catboost' is a soft dependency and not included in the pycaret installation. Please run: `pip install catboost` to install.
Alternately, you can install this by running `pip install pycaret[models]`
2025-04-17 17:47:04,710:WARNING:
'prophet' is a soft dependency and not included in the pycaret installation. Please run: `pip install prophet` to install.
2025-04-17 17:47:04,733:INFO:Engine for model 'omp_cds_dt' has not been set explicitly, hence returning None.
2025-04-17 17:47:04,746:INFO:Engine for model 'knn_cds_dt' has not been set explicitly, hence returning None.
2025-04-17 17:47:04,746:INFO:Engine for model 'dt_cds_dt' has not been set explicitly, hence returning None.
2025-04-17 17:47:04,748:INFO:Engine for model 'rf_cds_dt' has not been set explicitly, hence returning None.
2025-04-17 17:47:04,748:INFO:Engine for model 'et_cds_dt' has not been set explicitly, hence returning None.
2025-04-17 17:47:04,749:INFO:Engine for model 'gbr_cds_dt' has not been set explicitly, hence returning None.
2025-04-17 17:47:04,751:INFO:Engine for model 'ada_cds_dt' has not been set explicitly, hence returning None.
2025-04-17 17:47:04,751:INFO:Engine for model 'xgboost_cds_dt' has not been set explicitly, hence returning None.
2025-04-17 17:47:04,751:WARNING:
'xgboost' is a soft dependency and not included in the pycaret installation. Please run: `pip install xgboost` to install.
Alternately, you can install this by running `pip install pycaret[models]`
2025-04-17 17:47:04,751:WARNING:
'xgboost' is a soft dependency and not included in the pycaret installation. Please run: `pip install xgboost` to install.
Alternately, you can install this by running `pip install pycaret[models]`
2025-04-17 17:47:04,752:INFO:Engine for model 'lightgbm_cds_dt' has not been set explicitly, hence returning None.
2025-04-17 17:47:04,752:INFO:Engine for model 'catboost_cds_dt' has not been set explicitly, hence returning None.
2025-04-17 17:47:04,757:WARNING:
'catboost' is a soft dependency and not included in the pycaret installation. Please run: `pip install catboost` to install.
Alternately, you can install this by running `pip install pycaret[models]`
2025-04-17 17:47:04,760:WARNING:
'catboost' is a soft dependency and not included in the pycaret installation. Please run: `pip install catboost` to install.
Alternately, you can install this by running `pip install pycaret[models]`
2025-04-17 17:47:04,760:INFO:Engine successfully changes for model 'omp_cds_dt' to 'sklearn'.
2025-04-17 17:47:04,765:WARNING:
'prophet' is a soft dependency and not included in the pycaret installation. Please run: `pip install prophet` to install.
2025-04-17 17:47:04,767:INFO:Engine for model 'knn_cds_dt' has not been set explicitly, hence returning None.
2025-04-17 17:47:04,767:INFO:Engine for model 'dt_cds_dt' has not been set explicitly, hence returning None.
2025-04-17 17:47:04,767:INFO:Engine for model 'rf_cds_dt' has not been set explicitly, hence returning None.
2025-04-17 17:47:04,767:INFO:Engine for model 'et_cds_dt' has not been set explicitly, hence returning None.
2025-04-17 17:47:04,768:INFO:Engine for model 'gbr_cds_dt' has not been set explicitly, hence returning None.
2025-04-17 17:47:04,768:INFO:Engine for model 'ada_cds_dt' has not been set explicitly, hence returning None.
2025-04-17 17:47:04,768:INFO:Engine for model 'xgboost_cds_dt' has not been set explicitly, hence returning None.
2025-04-17 17:47:04,768:WARNING:
'xgboost' is a soft dependency and not included in the pycaret installation. Please run: `pip install xgboost` to install.
Alternately, you can install this by running `pip install pycaret[models]`
2025-04-17 17:47:04,768:WARNING:
'xgboost' is a soft dependency and not included in the pycaret installation. Please run: `pip install xgboost` to install.
Alternately, you can install this by running `pip install pycaret[models]`
2025-04-17 17:47:04,768:INFO:Engine for model 'lightgbm_cds_dt' has not been set explicitly, hence returning None.
2025-04-17 17:47:04,768:INFO:Engine for model 'catboost_cds_dt' has not been set explicitly, hence returning None.
2025-04-17 17:47:04,768:WARNING:
'catboost' is a soft dependency and not included in the pycaret installation. Please run: `pip install catboost` to install.
Alternately, you can install this by running `pip install pycaret[models]`
2025-04-17 17:47:04,768:WARNING:
'catboost' is a soft dependency and not included in the pycaret installation. Please run: `pip install catboost` to install.
Alternately, you can install this by running `pip install pycaret[models]`
2025-04-17 17:47:04,769:WARNING:
'prophet' is a soft dependency and not included in the pycaret installation. Please run: `pip install prophet` to install.
2025-04-17 17:47:04,774:INFO:Engine for model 'knn_cds_dt' has not been set explicitly, hence returning None.
2025-04-17 17:47:04,774:INFO:Engine for model 'dt_cds_dt' has not been set explicitly, hence returning None.
2025-04-17 17:47:04,774:INFO:Engine for model 'rf_cds_dt' has not been set explicitly, hence returning None.
2025-04-17 17:47:04,775:INFO:Engine for model 'et_cds_dt' has not been set explicitly, hence returning None.
2025-04-17 17:47:04,775:INFO:Engine for model 'gbr_cds_dt' has not been set explicitly, hence returning None.
2025-04-17 17:47:04,775:INFO:Engine for model 'ada_cds_dt' has not been set explicitly, hence returning None.
2025-04-17 17:47:04,776:INFO:Engine for model 'xgboost_cds_dt' has not been set explicitly, hence returning None.
2025-04-17 17:47:04,776:WARNING:
'xgboost' is a soft dependency and not included in the pycaret installation. Please run: `pip install xgboost` to install.
Alternately, you can install this by running `pip install pycaret[models]`
2025-04-17 17:47:04,776:WARNING:
'xgboost' is a soft dependency and not included in the pycaret installation. Please run: `pip install xgboost` to install.
Alternately, you can install this by running `pip install pycaret[models]`
2025-04-17 17:47:04,776:INFO:Engine for model 'lightgbm_cds_dt' has not been set explicitly, hence returning None.
2025-04-17 17:47:04,777:INFO:Engine for model 'catboost_cds_dt' has not been set explicitly, hence returning None.
2025-04-17 17:47:04,777:WARNING:
'catboost' is a soft dependency and not included in the pycaret installation. Please run: `pip install catboost` to install.
Alternately, you can install this by running `pip install pycaret[models]`
2025-04-17 17:47:04,777:WARNING:
'catboost' is a soft dependency and not included in the pycaret installation. Please run: `pip install catboost` to install.
Alternately, you can install this by running `pip install pycaret[models]`
2025-04-17 17:47:04,777:INFO:Engine successfully changes for model 'knn_cds_dt' to 'sklearn'.
2025-04-17 17:47:04,779:WARNING:
'prophet' is a soft dependency and not included in the pycaret installation. Please run: `pip install prophet` to install.
2025-04-17 17:47:04,786:INFO:Engine for model 'dt_cds_dt' has not been set explicitly, hence returning None.
2025-04-17 17:47:04,788:INFO:Engine for model 'rf_cds_dt' has not been set explicitly, hence returning None.
2025-04-17 17:47:04,788:INFO:Engine for model 'et_cds_dt' has not been set explicitly, hence returning None.
2025-04-17 17:47:04,789:INFO:Engine for model 'gbr_cds_dt' has not been set explicitly, hence returning None.
2025-04-17 17:47:04,798:INFO:Engine for model 'ada_cds_dt' has not been set explicitly, hence returning None.
2025-04-17 17:47:04,799:INFO:Engine for model 'xgboost_cds_dt' has not been set explicitly, hence returning None.
2025-04-17 17:47:04,799:WARNING:
'xgboost' is a soft dependency and not included in the pycaret installation. Please run: `pip install xgboost` to install.
Alternately, you can install this by running `pip install pycaret[models]`
2025-04-17 17:47:04,799:WARNING:
'xgboost' is a soft dependency and not included in the pycaret installation. Please run: `pip install xgboost` to install.
Alternately, you can install this by running `pip install pycaret[models]`
2025-04-17 17:47:04,799:INFO:Engine for model 'lightgbm_cds_dt' has not been set explicitly, hence returning None.
2025-04-17 17:47:04,799:INFO:Engine for model 'catboost_cds_dt' has not been set explicitly, hence returning None.
2025-04-17 17:47:04,799:WARNING:
'catboost' is a soft dependency and not included in the pycaret installation. Please run: `pip install catboost` to install.
Alternately, you can install this by running `pip install pycaret[models]`
2025-04-17 17:47:04,799:WARNING:
'catboost' is a soft dependency and not included in the pycaret installation. Please run: `pip install catboost` to install.
Alternately, you can install this by running `pip install pycaret[models]`
2025-04-17 17:47:04,800:WARNING:
'prophet' is a soft dependency and not included in the pycaret installation. Please run: `pip install prophet` to install.
2025-04-17 17:47:04,819:INFO:Engine for model 'dt_cds_dt' has not been set explicitly, hence returning None.
2025-04-17 17:47:04,819:INFO:Engine for model 'rf_cds_dt' has not been set explicitly, hence returning None.
2025-04-17 17:47:04,819:INFO:Engine for model 'et_cds_dt' has not been set explicitly, hence returning None.
2025-04-17 17:47:04,822:INFO:Engine for model 'gbr_cds_dt' has not been set explicitly, hence returning None.
2025-04-17 17:47:04,828:INFO:Engine for model 'ada_cds_dt' has not been set explicitly, hence returning None.
2025-04-17 17:47:04,828:INFO:Engine for model 'xgboost_cds_dt' has not been set explicitly, hence returning None.
2025-04-17 17:47:04,828:WARNING:
'xgboost' is a soft dependency and not included in the pycaret installation. Please run: `pip install xgboost` to install.
Alternately, you can install this by running `pip install pycaret[models]`
2025-04-17 17:47:04,828:WARNING:
'xgboost' is a soft dependency and not included in the pycaret installation. Please run: `pip install xgboost` to install.
Alternately, you can install this by running `pip install pycaret[models]`
2025-04-17 17:47:04,829:INFO:Engine for model 'lightgbm_cds_dt' has not been set explicitly, hence returning None.
2025-04-17 17:47:04,829:INFO:Engine for model 'catboost_cds_dt' has not been set explicitly, hence returning None.
2025-04-17 17:47:04,829:WARNING:
'catboost' is a soft dependency and not included in the pycaret installation. Please run: `pip install catboost` to install.
Alternately, you can install this by running `pip install pycaret[models]`
2025-04-17 17:47:04,829:WARNING:
'catboost' is a soft dependency and not included in the pycaret installation. Please run: `pip install catboost` to install.
Alternately, you can install this by running `pip install pycaret[models]`
2025-04-17 17:47:04,829:INFO:Engine successfully changes for model 'dt_cds_dt' to 'sklearn'.
2025-04-17 17:47:04,833:WARNING:
'prophet' is a soft dependency and not included in the pycaret installation. Please run: `pip install prophet` to install.
2025-04-17 17:47:04,835:INFO:Engine for model 'rf_cds_dt' has not been set explicitly, hence returning None.
2025-04-17 17:47:04,835:INFO:Engine for model 'et_cds_dt' has not been set explicitly, hence returning None.
2025-04-17 17:47:04,835:INFO:Engine for model 'gbr_cds_dt' has not been set explicitly, hence returning None.
2025-04-17 17:47:04,835:INFO:Engine for model 'ada_cds_dt' has not been set explicitly, hence returning None.
2025-04-17 17:47:04,835:INFO:Engine for model 'xgboost_cds_dt' has not been set explicitly, hence returning None.
2025-04-17 17:47:04,835:WARNING:
'xgboost' is a soft dependency and not included in the pycaret installation. Please run: `pip install xgboost` to install.
Alternately, you can install this by running `pip install pycaret[models]`
2025-04-17 17:47:04,835:WARNING:
'xgboost' is a soft dependency and not included in the pycaret installation. Please run: `pip install xgboost` to install.
Alternately, you can install this by running `pip install pycaret[models]`
2025-04-17 17:47:04,835:INFO:Engine for model 'lightgbm_cds_dt' has not been set explicitly, hence returning None.
2025-04-17 17:47:04,836:INFO:Engine for model 'catboost_cds_dt' has not been set explicitly, hence returning None.
2025-04-17 17:47:04,836:WARNING:
'catboost' is a soft dependency and not included in the pycaret installation. Please run: `pip install catboost` to install.
Alternately, you can install this by running `pip install pycaret[models]`
2025-04-17 17:47:04,836:WARNING:
'catboost' is a soft dependency and not included in the pycaret installation. Please run: `pip install catboost` to install.
Alternately, you can install this by running `pip install pycaret[models]`
2025-04-17 17:47:04,837:WARNING:
'prophet' is a soft dependency and not included in the pycaret installation. Please run: `pip install prophet` to install.
2025-04-17 17:47:04,889:INFO:Engine for model 'rf_cds_dt' has not been set explicitly, hence returning None.
2025-04-17 17:47:04,890:INFO:Engine for model 'et_cds_dt' has not been set explicitly, hence returning None.
2025-04-17 17:47:04,890:INFO:Engine for model 'gbr_cds_dt' has not been set explicitly, hence returning None.
2025-04-17 17:47:04,890:INFO:Engine for model 'ada_cds_dt' has not been set explicitly, hence returning None.
2025-04-17 17:47:04,891:INFO:Engine for model 'xgboost_cds_dt' has not been set explicitly, hence returning None.
2025-04-17 17:47:04,891:WARNING:
'xgboost' is a soft dependency and not included in the pycaret installation. Please run: `pip install xgboost` to install.
Alternately, you can install this by running `pip install pycaret[models]`
2025-04-17 17:47:04,891:WARNING:
'xgboost' is a soft dependency and not included in the pycaret installation. Please run: `pip install xgboost` to install.
Alternately, you can install this by running `pip install pycaret[models]`
2025-04-17 17:47:04,891:INFO:Engine for model 'lightgbm_cds_dt' has not been set explicitly, hence returning None.
2025-04-17 17:47:04,905:INFO:Engine for model 'catboost_cds_dt' has not been set explicitly, hence returning None.
2025-04-17 17:47:04,910:WARNING:
'catboost' is a soft dependency and not included in the pycaret installation. Please run: `pip install catboost` to install.
Alternately, you can install this by running `pip install pycaret[models]`
2025-04-17 17:47:04,914:WARNING:
'catboost' is a soft dependency and not included in the pycaret installation. Please run: `pip install catboost` to install.
Alternately, you can install this by running `pip install pycaret[models]`
2025-04-17 17:47:04,915:INFO:Engine successfully changes for model 'rf_cds_dt' to 'sklearn'.
2025-04-17 17:47:04,931:WARNING:
'prophet' is a soft dependency and not included in the pycaret installation. Please run: `pip install prophet` to install.
2025-04-17 17:47:04,943:INFO:Engine for model 'et_cds_dt' has not been set explicitly, hence returning None.
2025-04-17 17:47:04,943:INFO:Engine for model 'gbr_cds_dt' has not been set explicitly, hence returning None.
2025-04-17 17:47:04,943:INFO:Engine for model 'ada_cds_dt' has not been set explicitly, hence returning None.
2025-04-17 17:47:04,943:INFO:Engine for model 'xgboost_cds_dt' has not been set explicitly, hence returning None.
2025-04-17 17:47:04,943:WARNING:
'xgboost' is a soft dependency and not included in the pycaret installation. Please run: `pip install xgboost` to install.
Alternately, you can install this by running `pip install pycaret[models]`
2025-04-17 17:47:04,943:WARNING:
'xgboost' is a soft dependency and not included in the pycaret installation. Please run: `pip install xgboost` to install.
Alternately, you can install this by running `pip install pycaret[models]`
2025-04-17 17:47:04,943:INFO:Engine for model 'lightgbm_cds_dt' has not been set explicitly, hence returning None.
2025-04-17 17:47:04,947:INFO:Engine for model 'catboost_cds_dt' has not been set explicitly, hence returning None.
2025-04-17 17:47:04,952:WARNING:
'catboost' is a soft dependency and not included in the pycaret installation. Please run: `pip install catboost` to install.
Alternately, you can install this by running `pip install pycaret[models]`
2025-04-17 17:47:04,952:WARNING:
'catboost' is a soft dependency and not included in the pycaret installation. Please run: `pip install catboost` to install.
Alternately, you can install this by running `pip install pycaret[models]`
2025-04-17 17:47:04,956:WARNING:
'prophet' is a soft dependency and not included in the pycaret installation. Please run: `pip install prophet` to install.
2025-04-17 17:47:04,958:INFO:Engine for model 'et_cds_dt' has not been set explicitly, hence returning None.
2025-04-17 17:47:04,958:INFO:Engine for model 'gbr_cds_dt' has not been set explicitly, hence returning None.
2025-04-17 17:47:04,958:INFO:Engine for model 'ada_cds_dt' has not been set explicitly, hence returning None.
2025-04-17 17:47:04,959:INFO:Engine for model 'xgboost_cds_dt' has not been set explicitly, hence returning None.
2025-04-17 17:47:04,959:WARNING:
'xgboost' is a soft dependency and not included in the pycaret installation. Please run: `pip install xgboost` to install.
Alternately, you can install this by running `pip install pycaret[models]`
2025-04-17 17:47:04,959:WARNING:
'xgboost' is a soft dependency and not included in the pycaret installation. Please run: `pip install xgboost` to install.
Alternately, you can install this by running `pip install pycaret[models]`
2025-04-17 17:47:04,959:INFO:Engine for model 'lightgbm_cds_dt' has not been set explicitly, hence returning None.
2025-04-17 17:47:04,959:INFO:Engine for model 'catboost_cds_dt' has not been set explicitly, hence returning None.
2025-04-17 17:47:04,959:WARNING:
'catboost' is a soft dependency and not included in the pycaret installation. Please run: `pip install catboost` to install.
Alternately, you can install this by running `pip install pycaret[models]`
2025-04-17 17:47:04,959:WARNING:
'catboost' is a soft dependency and not included in the pycaret installation. Please run: `pip install catboost` to install.
Alternately, you can install this by running `pip install pycaret[models]`
2025-04-17 17:47:04,959:INFO:Engine successfully changes for model 'et_cds_dt' to 'sklearn'.
2025-04-17 17:47:04,960:WARNING:
'prophet' is a soft dependency and not included in the pycaret installation. Please run: `pip install prophet` to install.
2025-04-17 17:47:04,970:INFO:Engine for model 'gbr_cds_dt' has not been set explicitly, hence returning None.
2025-04-17 17:47:04,970:INFO:Engine for model 'ada_cds_dt' has not been set explicitly, hence returning None.
2025-04-17 17:47:04,970:INFO:Engine for model 'xgboost_cds_dt' has not been set explicitly, hence returning None.
2025-04-17 17:47:04,971:WARNING:
'xgboost' is a soft dependency and not included in the pycaret installation. Please run: `pip install xgboost` to install.
Alternately, you can install this by running `pip install pycaret[models]`
2025-04-17 17:47:04,971:WARNING:
'xgboost' is a soft dependency and not included in the pycaret installation. Please run: `pip install xgboost` to install.
Alternately, you can install this by running `pip install pycaret[models]`
2025-04-17 17:47:04,971:INFO:Engine for model 'lightgbm_cds_dt' has not been set explicitly, hence returning None.
2025-04-17 17:47:04,972:INFO:Engine for model 'catboost_cds_dt' has not been set explicitly, hence returning None.
2025-04-17 17:47:04,972:WARNING:
'catboost' is a soft dependency and not included in the pycaret installation. Please run: `pip install catboost` to install.
Alternately, you can install this by running `pip install pycaret[models]`
2025-04-17 17:47:04,972:WARNING:
'catboost' is a soft dependency and not included in the pycaret installation. Please run: `pip install catboost` to install.
Alternately, you can install this by running `pip install pycaret[models]`
2025-04-17 17:47:04,973:WARNING:
'prophet' is a soft dependency and not included in the pycaret installation. Please run: `pip install prophet` to install.
2025-04-17 17:47:04,979:INFO:Engine for model 'gbr_cds_dt' has not been set explicitly, hence returning None.
2025-04-17 17:47:04,980:INFO:Engine for model 'ada_cds_dt' has not been set explicitly, hence returning None.
2025-04-17 17:47:04,980:INFO:Engine for model 'xgboost_cds_dt' has not been set explicitly, hence returning None.
2025-04-17 17:47:04,980:WARNING:
'xgboost' is a soft dependency and not included in the pycaret installation. Please run: `pip install xgboost` to install.
Alternately, you can install this by running `pip install pycaret[models]`
2025-04-17 17:47:04,980:WARNING:
'xgboost' is a soft dependency and not included in the pycaret installation. Please run: `pip install xgboost` to install.
Alternately, you can install this by running `pip install pycaret[models]`
2025-04-17 17:47:04,980:INFO:Engine for model 'lightgbm_cds_dt' has not been set explicitly, hence returning None.
2025-04-17 17:47:04,980:INFO:Engine for model 'catboost_cds_dt' has not been set explicitly, hence returning None.
2025-04-17 17:47:04,980:WARNING:
'catboost' is a soft dependency and not included in the pycaret installation. Please run: `pip install catboost` to install.
Alternately, you can install this by running `pip install pycaret[models]`
2025-04-17 17:47:04,980:WARNING:
'catboost' is a soft dependency and not included in the pycaret installation. Please run: `pip install catboost` to install.
Alternately, you can install this by running `pip install pycaret[models]`
2025-04-17 17:47:04,981:INFO:Engine successfully changes for model 'gbr_cds_dt' to 'sklearn'.
2025-04-17 17:47:04,983:WARNING:
'prophet' is a soft dependency and not included in the pycaret installation. Please run: `pip install prophet` to install.
2025-04-17 17:47:04,987:INFO:Engine for model 'ada_cds_dt' has not been set explicitly, hence returning None.
2025-04-17 17:47:04,988:INFO:Engine for model 'xgboost_cds_dt' has not been set explicitly, hence returning None.
2025-04-17 17:47:04,988:WARNING:
'xgboost' is a soft dependency and not included in the pycaret installation. Please run: `pip install xgboost` to install.
Alternately, you can install this by running `pip install pycaret[models]`
2025-04-17 17:47:04,988:WARNING:
'xgboost' is a soft dependency and not included in the pycaret installation. Please run: `pip install xgboost` to install.
Alternately, you can install this by running `pip install pycaret[models]`
2025-04-17 17:47:04,988:INFO:Engine for model 'lightgbm_cds_dt' has not been set explicitly, hence returning None.
2025-04-17 17:47:04,988:INFO:Engine for model 'catboost_cds_dt' has not been set explicitly, hence returning None.
2025-04-17 17:47:04,988:WARNING:
'catboost' is a soft dependency and not included in the pycaret installation. Please run: `pip install catboost` to install.
Alternately, you can install this by running `pip install pycaret[models]`
2025-04-17 17:47:04,988:WARNING:
'catboost' is a soft dependency and not included in the pycaret installation. Please run: `pip install catboost` to install.
Alternately, you can install this by running `pip install pycaret[models]`
2025-04-17 17:47:04,992:WARNING:
'prophet' is a soft dependency and not included in the pycaret installation. Please run: `pip install prophet` to install.
2025-04-17 17:47:04,995:INFO:Engine for model 'ada_cds_dt' has not been set explicitly, hence returning None.
2025-04-17 17:47:04,995:INFO:Engine for model 'xgboost_cds_dt' has not been set explicitly, hence returning None.
2025-04-17 17:47:04,995:WARNING:
'xgboost' is a soft dependency and not included in the pycaret installation. Please run: `pip install xgboost` to install.
Alternately, you can install this by running `pip install pycaret[models]`
2025-04-17 17:47:04,995:WARNING:
'xgboost' is a soft dependency and not included in the pycaret installation. Please run: `pip install xgboost` to install.
Alternately, you can install this by running `pip install pycaret[models]`
2025-04-17 17:47:04,995:INFO:Engine for model 'lightgbm_cds_dt' has not been set explicitly, hence returning None.
2025-04-17 17:47:04,995:INFO:Engine for model 'catboost_cds_dt' has not been set explicitly, hence returning None.
2025-04-17 17:47:04,996:WARNING:
'catboost' is a soft dependency and not included in the pycaret installation. Please run: `pip install catboost` to install.
Alternately, you can install this by running `pip install pycaret[models]`
2025-04-17 17:47:04,996:WARNING:
'catboost' is a soft dependency and not included in the pycaret installation. Please run: `pip install catboost` to install.
Alternately, you can install this by running `pip install pycaret[models]`
2025-04-17 17:47:04,996:INFO:Engine successfully changes for model 'ada_cds_dt' to 'sklearn'.
2025-04-17 17:47:04,997:WARNING:
'prophet' is a soft dependency and not included in the pycaret installation. Please run: `pip install prophet` to install.
2025-04-17 17:47:04,999:INFO:Engine for model 'xgboost_cds_dt' has not been set explicitly, hence returning None.
2025-04-17 17:47:04,999:WARNING:
'xgboost' is a soft dependency and not included in the pycaret installation. Please run: `pip install xgboost` to install.
Alternately, you can install this by running `pip install pycaret[models]`
2025-04-17 17:47:04,999:WARNING:
'xgboost' is a soft dependency and not included in the pycaret installation. Please run: `pip install xgboost` to install.
Alternately, you can install this by running `pip install pycaret[models]`
2025-04-17 17:47:04,999:INFO:Engine for model 'lightgbm_cds_dt' has not been set explicitly, hence returning None.
2025-04-17 17:47:05,000:INFO:Engine for model 'catboost_cds_dt' has not been set explicitly, hence returning None.
2025-04-17 17:47:05,000:WARNING:
'catboost' is a soft dependency and not included in the pycaret installation. Please run: `pip install catboost` to install.
Alternately, you can install this by running `pip install pycaret[models]`
2025-04-17 17:47:05,000:WARNING:
'catboost' is a soft dependency and not included in the pycaret installation. Please run: `pip install catboost` to install.
Alternately, you can install this by running `pip install pycaret[models]`
2025-04-17 17:47:05,004:WARNING:
'prophet' is a soft dependency and not included in the pycaret installation. Please run: `pip install prophet` to install.
2025-04-17 17:47:05,012:INFO:Engine for model 'xgboost_cds_dt' has not been set explicitly, hence returning None.
2025-04-17 17:47:05,012:WARNING:
'xgboost' is a soft dependency and not included in the pycaret installation. Please run: `pip install xgboost` to install.
Alternately, you can install this by running `pip install pycaret[models]`
2025-04-17 17:47:05,012:WARNING:
'xgboost' is a soft dependency and not included in the pycaret installation. Please run: `pip install xgboost` to install.
Alternately, you can install this by running `pip install pycaret[models]`
2025-04-17 17:47:05,012:INFO:Engine for model 'lightgbm_cds_dt' has not been set explicitly, hence returning None.
2025-04-17 17:47:05,013:INFO:Engine for model 'catboost_cds_dt' has not been set explicitly, hence returning None.
2025-04-17 17:47:05,013:WARNING:
'catboost' is a soft dependency and not included in the pycaret installation. Please run: `pip install catboost` to install.
Alternately, you can install this by running `pip install pycaret[models]`
2025-04-17 17:47:05,013:WARNING:
'catboost' is a soft dependency and not included in the pycaret installation. Please run: `pip install catboost` to install.
Alternately, you can install this by running `pip install pycaret[models]`
2025-04-17 17:47:05,013:INFO:Engine successfully changes for model 'xgboost_cds_dt' to 'sklearn'.
2025-04-17 17:47:05,014:WARNING:
'prophet' is a soft dependency and not included in the pycaret installation. Please run: `pip install prophet` to install.
2025-04-17 17:47:05,020:WARNING:
'xgboost' is a soft dependency and not included in the pycaret installation. Please run: `pip install xgboost` to install.
Alternately, you can install this by running `pip install pycaret[models]`
2025-04-17 17:47:05,020:WARNING:
'xgboost' is a soft dependency and not included in the pycaret installation. Please run: `pip install xgboost` to install.
Alternately, you can install this by running `pip install pycaret[models]`
2025-04-17 17:47:05,020:INFO:Engine for model 'lightgbm_cds_dt' has not been set explicitly, hence returning None.
2025-04-17 17:47:05,021:INFO:Engine for model 'catboost_cds_dt' has not been set explicitly, hence returning None.
2025-04-17 17:47:05,021:WARNING:
'catboost' is a soft dependency and not included in the pycaret installation. Please run: `pip install catboost` to install.
Alternately, you can install this by running `pip install pycaret[models]`
2025-04-17 17:47:05,021:WARNING:
'catboost' is a soft dependency and not included in the pycaret installation. Please run: `pip install catboost` to install.
Alternately, you can install this by running `pip install pycaret[models]`
2025-04-17 17:47:05,024:WARNING:
'prophet' is a soft dependency and not included in the pycaret installation. Please run: `pip install prophet` to install.
2025-04-17 17:47:05,030:WARNING:
'xgboost' is a soft dependency and not included in the pycaret installation. Please run: `pip install xgboost` to install.
Alternately, you can install this by running `pip install pycaret[models]`
2025-04-17 17:47:05,030:WARNING:
'xgboost' is a soft dependency and not included in the pycaret installation. Please run: `pip install xgboost` to install.
Alternately, you can install this by running `pip install pycaret[models]`
2025-04-17 17:47:05,030:INFO:Engine for model 'lightgbm_cds_dt' has not been set explicitly, hence returning None.
2025-04-17 17:47:05,030:INFO:Engine for model 'catboost_cds_dt' has not been set explicitly, hence returning None.
2025-04-17 17:47:05,030:WARNING:
'catboost' is a soft dependency and not included in the pycaret installation. Please run: `pip install catboost` to install.
Alternately, you can install this by running `pip install pycaret[models]`
2025-04-17 17:47:05,030:WARNING:
'catboost' is a soft dependency and not included in the pycaret installation. Please run: `pip install catboost` to install.
Alternately, you can install this by running `pip install pycaret[models]`
2025-04-17 17:47:05,030:INFO:Engine successfully changes for model 'lightgbm_cds_dt' to 'sklearn'.
2025-04-17 17:47:05,034:WARNING:
'prophet' is a soft dependency and not included in the pycaret installation. Please run: `pip install prophet` to install.
2025-04-17 17:47:05,042:WARNING:
'xgboost' is a soft dependency and not included in the pycaret installation. Please run: `pip install xgboost` to install.
Alternately, you can install this by running `pip install pycaret[models]`
2025-04-17 17:47:05,042:WARNING:
'xgboost' is a soft dependency and not included in the pycaret installation. Please run: `pip install xgboost` to install.
Alternately, you can install this by running `pip install pycaret[models]`
2025-04-17 17:47:05,043:INFO:Engine for model 'catboost_cds_dt' has not been set explicitly, hence returning None.
2025-04-17 17:47:05,043:WARNING:
'catboost' is a soft dependency and not included in the pycaret installation. Please run: `pip install catboost` to install.
Alternately, you can install this by running `pip install pycaret[models]`
2025-04-17 17:47:05,043:WARNING:
'catboost' is a soft dependency and not included in the pycaret installation. Please run: `pip install catboost` to install.
Alternately, you can install this by running `pip install pycaret[models]`
2025-04-17 17:47:05,044:WARNING:
'prophet' is a soft dependency and not included in the pycaret installation. Please run: `pip install prophet` to install.
2025-04-17 17:47:05,046:WARNING:
'xgboost' is a soft dependency and not included in the pycaret installation. Please run: `pip install xgboost` to install.
Alternately, you can install this by running `pip install pycaret[models]`
2025-04-17 17:47:05,046:WARNING:
'xgboost' is a soft dependency and not included in the pycaret installation. Please run: `pip install xgboost` to install.
Alternately, you can install this by running `pip install pycaret[models]`
2025-04-17 17:47:05,047:INFO:Engine for model 'catboost_cds_dt' has not been set explicitly, hence returning None.
2025-04-17 17:47:05,047:WARNING:
'catboost' is a soft dependency and not included in the pycaret installation. Please run: `pip install catboost` to install.
Alternately, you can install this by running `pip install pycaret[models]`
2025-04-17 17:47:05,047:WARNING:
'catboost' is a soft dependency and not included in the pycaret installation. Please run: `pip install catboost` to install.
Alternately, you can install this by running `pip install pycaret[models]`
2025-04-17 17:47:05,047:INFO:Engine successfully changes for model 'catboost_cds_dt' to 'sklearn'.
2025-04-17 17:47:05,048:WARNING:
'prophet' is a soft dependency and not included in the pycaret installation. Please run: `pip install prophet` to install.
2025-04-17 17:47:05,053:WARNING:
'xgboost' is a soft dependency and not included in the pycaret installation. Please run: `pip install xgboost` to install.
Alternately, you can install this by running `pip install pycaret[models]`
2025-04-17 17:47:05,054:WARNING:
'xgboost' is a soft dependency and not included in the pycaret installation. Please run: `pip install xgboost` to install.
Alternately, you can install this by running `pip install pycaret[models]`
2025-04-17 17:47:05,056:WARNING:
'catboost' is a soft dependency and not included in the pycaret installation. Please run: `pip install catboost` to install.
Alternately, you can install this by running `pip install pycaret[models]`
2025-04-17 17:47:05,056:WARNING:
'catboost' is a soft dependency and not included in the pycaret installation. Please run: `pip install catboost` to install.
Alternately, you can install this by running `pip install pycaret[models]`
2025-04-17 17:47:05,058:WARNING:
'prophet' is a soft dependency and not included in the pycaret installation. Please run: `pip install prophet` to install.
2025-04-17 17:47:05,069:WARNING:
'xgboost' is a soft dependency and not included in the pycaret installation. Please run: `pip install xgboost` to install.
Alternately, you can install this by running `pip install pycaret[models]`
2025-04-17 17:47:05,069:WARNING:
'xgboost' is a soft dependency and not included in the pycaret installation. Please run: `pip install xgboost` to install.
Alternately, you can install this by running `pip install pycaret[models]`
2025-04-17 17:47:05,069:WARNING:
'catboost' is a soft dependency and not included in the pycaret installation. Please run: `pip install catboost` to install.
Alternately, you can install this by running `pip install pycaret[models]`
2025-04-17 17:47:05,069:WARNING:
'catboost' is a soft dependency and not included in the pycaret installation. Please run: `pip install catboost` to install.
Alternately, you can install this by running `pip install pycaret[models]`
2025-04-17 17:47:05,077:WARNING:
'prophet' is a soft dependency and not included in the pycaret installation. Please run: `pip install prophet` to install.
2025-04-17 17:47:05,107:WARNING:
'xgboost' is a soft dependency and not included in the pycaret installation. Please run: `pip install xgboost` to install.
Alternately, you can install this by running `pip install pycaret[models]`
2025-04-17 17:47:05,107:WARNING:
'xgboost' is a soft dependency and not included in the pycaret installation. Please run: `pip install xgboost` to install.
Alternately, you can install this by running `pip install pycaret[models]`
2025-04-17 17:47:05,108:WARNING:
'catboost' is a soft dependency and not included in the pycaret installation. Please run: `pip install catboost` to install.
Alternately, you can install this by running `pip install pycaret[models]`
2025-04-17 17:47:05,108:WARNING:
'catboost' is a soft dependency and not included in the pycaret installation. Please run: `pip install catboost` to install.
Alternately, you can install this by running `pip install pycaret[models]`
2025-04-17 17:47:05,109:WARNING:
'prophet' is a soft dependency and not included in the pycaret installation. Please run: `pip install prophet` to install.
2025-04-17 17:47:05,111:WARNING:
'xgboost' is a soft dependency and not included in the pycaret installation. Please run: `pip install xgboost` to install.
Alternately, you can install this by running `pip install pycaret[models]`
2025-04-17 17:47:05,111:WARNING:
'xgboost' is a soft dependency and not included in the pycaret installation. Please run: `pip install xgboost` to install.
Alternately, you can install this by running `pip install pycaret[models]`
2025-04-17 17:47:05,111:WARNING:
'catboost' is a soft dependency and not included in the pycaret installation. Please run: `pip install catboost` to install.
Alternately, you can install this by running `pip install pycaret[models]`
2025-04-17 17:47:05,111:WARNING:
'catboost' is a soft dependency and not included in the pycaret installation. Please run: `pip install catboost` to install.
Alternately, you can install this by running `pip install pycaret[models]`
2025-04-17 17:47:05,114:INFO:setup() successfully completed in 1.89s...............
2025-04-17 17:47:05,114:INFO:Initializing compare_models()
2025-04-17 17:47:05,116:INFO:compare_models(self=<pycaret.time_series.forecasting.oop.TSForecastingExperiment object at 0x308d66a90>, include=['ets', 'exp_smooth'], exclude=None, fold=None, round=4, cross_validation=True, sort=RMSE, n_select=1, budget_time=None, turbo=True, errors=ignore, fit_kwargs=None, groups=None, experiment_custom_tags=None, probability_threshold=None, verbose=False, parallel=None, caller_params={'self': <pycaret.time_series.forecasting.oop.TSForecastingExperiment object at 0x308d66a90>, 'include': ['ets', 'exp_smooth'], 'exclude': None, 'fold': None, 'round': 4, 'cross_validation': True, 'sort': 'RMSE', 'n_select': 1, 'budget_time': None, 'turbo': True, 'errors': 'ignore', 'fit_kwargs': None, 'experiment_custom_tags': None, 'engine': None, 'verbose': False, 'parallel': None, '__class__': <class 'pycaret.time_series.forecasting.oop.TSForecastingExperiment'>})
2025-04-17 17:47:05,116:INFO:Checking exceptions
2025-04-17 17:47:05,144:INFO:Preparing display monitor
2025-04-17 17:47:05,146:INFO:Initializing ETS
2025-04-17 17:47:05,146:INFO:Total runtime is 1.434485117594401e-06 minutes
2025-04-17 17:47:05,146:INFO:SubProcess create_model() called ==================================
2025-04-17 17:47:05,146:INFO:Initializing create_model()
2025-04-17 17:47:05,146:INFO:create_model(self=<pycaret.time_series.forecasting.oop.TSForecastingExperiment object at 0x308d66a90>, estimator=ets, fold=None, round=4, cross_validation=True, predict=True, fit_kwargs={}, groups=None, refit=False, probability_threshold=None, experiment_custom_tags=None, verbose=False, system=False, add_to_model_list=True, metrics=None, display=<pycaret.internal.display.display.CommonDisplay object at 0x304966050>, model_only=True, return_train_score=False, error_score=0.0, kwargs={})
2025-04-17 17:47:05,146:INFO:Checking exceptions
2025-04-17 17:47:05,146:INFO:Importing libraries
2025-04-17 17:47:05,146:INFO:Copying training dataset
2025-04-17 17:47:05,147:INFO:Defining folds
2025-04-17 17:47:05,147:INFO:Declaring metric variables
2025-04-17 17:47:05,147:INFO:Importing untrained model
2025-04-17 17:47:05,148:INFO:ETS Imported successfully
2025-04-17 17:47:05,149:INFO:Starting cross validation
2025-04-17 17:47:05,149:INFO:Cross validating with ExpandingWindowSplitter(fh=ForecastingHorizon([ 1,  2,  3,  4,  5,  6,  7,  8,  9, 10, 11, 12, 13, 14, 15, 16, 17, 18,
       19, 20, 21, 22, 23, 24, 25, 26, 27, 28, 29, 30],
      dtype='int64', is_relative=True),
                        initial_window=1968, step_length=30), n_jobs=-1
2025-04-17 17:47:16,327:WARNING:/opt/anaconda3/envs/LSTM/lib/python3.11/site-packages/sklearn/metrics/_regression.py:483: FutureWarning: 'squared' is deprecated in version 1.4 and will be removed in 1.6. To calculate the root mean squared error, use the function'root_mean_squared_error'.
  warnings.warn(

2025-04-17 17:47:16,327:WARNING:/opt/anaconda3/envs/LSTM/lib/python3.11/site-packages/sklearn/metrics/_regression.py:483: FutureWarning: 'squared' is deprecated in version 1.4 and will be removed in 1.6. To calculate the root mean squared error, use the function'root_mean_squared_error'.
  warnings.warn(

2025-04-17 17:47:17,174:WARNING:/opt/anaconda3/envs/LSTM/lib/python3.11/site-packages/sklearn/metrics/_regression.py:483: FutureWarning: 'squared' is deprecated in version 1.4 and will be removed in 1.6. To calculate the root mean squared error, use the function'root_mean_squared_error'.
  warnings.warn(

2025-04-17 17:47:17,174:WARNING:/opt/anaconda3/envs/LSTM/lib/python3.11/site-packages/sklearn/metrics/_regression.py:483: FutureWarning: 'squared' is deprecated in version 1.4 and will be removed in 1.6. To calculate the root mean squared error, use the function'root_mean_squared_error'.
  warnings.warn(

2025-04-17 17:47:17,231:WARNING:/opt/anaconda3/envs/LSTM/lib/python3.11/site-packages/sklearn/metrics/_regression.py:483: FutureWarning: 'squared' is deprecated in version 1.4 and will be removed in 1.6. To calculate the root mean squared error, use the function'root_mean_squared_error'.
  warnings.warn(

2025-04-17 17:47:17,232:WARNING:/opt/anaconda3/envs/LSTM/lib/python3.11/site-packages/sklearn/metrics/_regression.py:483: FutureWarning: 'squared' is deprecated in version 1.4 and will be removed in 1.6. To calculate the root mean squared error, use the function'root_mean_squared_error'.
  warnings.warn(

2025-04-17 17:47:17,281:INFO:Calculating mean and std
2025-04-17 17:47:17,282:INFO:Creating metrics dataframe
2025-04-17 17:47:17,305:INFO:Uploading results into container
2025-04-17 17:47:17,305:INFO:Uploading model into container now
2025-04-17 17:47:17,306:INFO:_master_model_container: 1
2025-04-17 17:47:17,306:INFO:_display_container: 2
2025-04-17 17:47:17,307:INFO:AutoETS(seasonal='mul', sp=15, trend='add')
2025-04-17 17:47:17,308:INFO:create_model() successfully completed......................................
2025-04-17 17:47:17,772:INFO:SubProcess create_model() end ==================================
2025-04-17 17:47:17,772:INFO:Creating metrics dataframe
2025-04-17 17:47:17,775:INFO:Initializing Exponential Smoothing
2025-04-17 17:47:17,775:INFO:Total runtime is 0.2104836662610372 minutes
2025-04-17 17:47:17,781:INFO:SubProcess create_model() called ==================================
2025-04-17 17:47:17,781:INFO:Initializing create_model()
2025-04-17 17:47:17,781:INFO:create_model(self=<pycaret.time_series.forecasting.oop.TSForecastingExperiment object at 0x308d66a90>, estimator=exp_smooth, fold=None, round=4, cross_validation=True, predict=True, fit_kwargs={}, groups=None, refit=False, probability_threshold=None, experiment_custom_tags=None, verbose=False, system=False, add_to_model_list=True, metrics=None, display=<pycaret.internal.display.display.CommonDisplay object at 0x304966050>, model_only=True, return_train_score=False, error_score=0.0, kwargs={})
2025-04-17 17:47:17,781:INFO:Checking exceptions
2025-04-17 17:47:17,781:INFO:Importing libraries
2025-04-17 17:47:17,781:INFO:Copying training dataset
2025-04-17 17:47:17,782:INFO:Defining folds
2025-04-17 17:47:17,783:INFO:Declaring metric variables
2025-04-17 17:47:17,783:INFO:Importing untrained model
2025-04-17 17:47:17,784:INFO:Exponential Smoothing Imported successfully
2025-04-17 17:47:17,784:INFO:Starting cross validation
2025-04-17 17:47:17,785:INFO:Cross validating with ExpandingWindowSplitter(fh=ForecastingHorizon([ 1,  2,  3,  4,  5,  6,  7,  8,  9, 10, 11, 12, 13, 14, 15, 16, 17, 18,
       19, 20, 21, 22, 23, 24, 25, 26, 27, 28, 29, 30],
      dtype='int64', is_relative=True),
                        initial_window=1968, step_length=30), n_jobs=-1
2025-04-17 17:47:21,733:WARNING:/opt/anaconda3/envs/LSTM/lib/python3.11/site-packages/sklearn/metrics/_regression.py:483: FutureWarning: 'squared' is deprecated in version 1.4 and will be removed in 1.6. To calculate the root mean squared error, use the function'root_mean_squared_error'.
  warnings.warn(

2025-04-17 17:47:21,734:WARNING:/opt/anaconda3/envs/LSTM/lib/python3.11/site-packages/sklearn/metrics/_regression.py:483: FutureWarning: 'squared' is deprecated in version 1.4 and will be removed in 1.6. To calculate the root mean squared error, use the function'root_mean_squared_error'.
  warnings.warn(

2025-04-17 17:47:21,911:WARNING:/opt/anaconda3/envs/LSTM/lib/python3.11/site-packages/sklearn/metrics/_regression.py:483: FutureWarning: 'squared' is deprecated in version 1.4 and will be removed in 1.6. To calculate the root mean squared error, use the function'root_mean_squared_error'.
  warnings.warn(

2025-04-17 17:47:21,912:WARNING:/opt/anaconda3/envs/LSTM/lib/python3.11/site-packages/sklearn/metrics/_regression.py:483: FutureWarning: 'squared' is deprecated in version 1.4 and will be removed in 1.6. To calculate the root mean squared error, use the function'root_mean_squared_error'.
  warnings.warn(

2025-04-17 17:47:22,346:WARNING:/opt/anaconda3/envs/LSTM/lib/python3.11/site-packages/sklearn/metrics/_regression.py:483: FutureWarning: 'squared' is deprecated in version 1.4 and will be removed in 1.6. To calculate the root mean squared error, use the function'root_mean_squared_error'.
  warnings.warn(

2025-04-17 17:47:22,347:WARNING:/opt/anaconda3/envs/LSTM/lib/python3.11/site-packages/sklearn/metrics/_regression.py:483: FutureWarning: 'squared' is deprecated in version 1.4 and will be removed in 1.6. To calculate the root mean squared error, use the function'root_mean_squared_error'.
  warnings.warn(

2025-04-17 17:47:22,368:INFO:Calculating mean and std
2025-04-17 17:47:22,368:INFO:Creating metrics dataframe
2025-04-17 17:47:22,386:INFO:Uploading results into container
2025-04-17 17:47:22,387:INFO:Uploading model into container now
2025-04-17 17:47:22,391:INFO:_master_model_container: 2
2025-04-17 17:47:22,391:INFO:_display_container: 2
2025-04-17 17:47:22,392:INFO:ExponentialSmoothing(seasonal='mul', sp=15, trend='add')
2025-04-17 17:47:22,392:INFO:create_model() successfully completed......................................
2025-04-17 17:47:22,973:INFO:SubProcess create_model() end ==================================
2025-04-17 17:47:22,973:INFO:Creating metrics dataframe
2025-04-17 17:47:22,978:INFO:Initializing create_model()
2025-04-17 17:47:22,978:INFO:create_model(self=<pycaret.time_series.forecasting.oop.TSForecastingExperiment object at 0x308d66a90>, estimator=ExponentialSmoothing(seasonal='mul', sp=15, trend='add'), fold=None, round=4, cross_validation=False, predict=False, fit_kwargs={}, groups=None, refit=True, probability_threshold=None, experiment_custom_tags=None, verbose=False, system=False, add_to_model_list=True, metrics=None, display=None, model_only=True, return_train_score=False, error_score=0.0, kwargs={})
2025-04-17 17:47:22,978:INFO:Checking exceptions
2025-04-17 17:47:22,979:INFO:Importing libraries
2025-04-17 17:47:22,979:INFO:Copying training dataset
2025-04-17 17:47:22,983:INFO:Defining folds
2025-04-17 17:47:22,983:INFO:Declaring metric variables
2025-04-17 17:47:22,984:INFO:Importing untrained model
2025-04-17 17:47:22,984:INFO:Declaring custom model
2025-04-17 17:47:22,985:INFO:Exponential Smoothing Imported successfully
2025-04-17 17:47:22,985:INFO:Cross validation set to False
2025-04-17 17:47:22,985:INFO:Fitting Model
2025-04-17 17:47:23,504:INFO:ExponentialSmoothing(seasonal='mul', sp=15, trend='add')
2025-04-17 17:47:23,504:INFO:create_model() successfully completed......................................
2025-04-17 17:47:23,756:INFO:_master_model_container: 2
2025-04-17 17:47:23,756:INFO:_display_container: 2
2025-04-17 17:47:23,757:INFO:ExponentialSmoothing(seasonal='mul', sp=15, trend='add')
2025-04-17 17:47:23,757:INFO:compare_models() successfully completed......................................
2025-04-17 17:47:23,759:INFO:Initializing create_model()
2025-04-17 17:47:23,759:INFO:create_model(self=<pycaret.time_series.forecasting.oop.TSForecastingExperiment object at 0x308d66a90>, estimator=ExponentialSmoothing(seasonal='mul', sp=15, trend='add'), fold=None, round=4, cross_validation=True, predict=True, fit_kwargs=None, groups=None, refit=True, probability_threshold=None, experiment_custom_tags=None, verbose=False, system=True, add_to_model_list=True, metrics=None, display=None, model_only=True, return_train_score=False, error_score=0.0, kwargs={})
2025-04-17 17:47:23,759:INFO:Checking exceptions
2025-04-17 17:47:23,760:INFO:Importing libraries
2025-04-17 17:47:23,760:INFO:Copying training dataset
2025-04-17 17:47:23,770:INFO:Defining folds
2025-04-17 17:47:23,770:INFO:Declaring metric variables
2025-04-17 17:47:23,771:INFO:Importing untrained model
2025-04-17 17:47:23,771:INFO:Declaring custom model
2025-04-17 17:47:23,772:INFO:Exponential Smoothing Imported successfully
2025-04-17 17:47:23,773:INFO:Starting cross validation
2025-04-17 17:47:23,775:INFO:Cross validating with ExpandingWindowSplitter(fh=ForecastingHorizon([ 1,  2,  3,  4,  5,  6,  7,  8,  9, 10, 11, 12, 13, 14, 15, 16, 17, 18,
       19, 20, 21, 22, 23, 24, 25, 26, 27, 28, 29, 30],
      dtype='int64', is_relative=True),
                        initial_window=1968, step_length=30), n_jobs=-1
2025-04-17 17:47:24,865:WARNING:/opt/anaconda3/envs/LSTM/lib/python3.11/site-packages/sklearn/metrics/_regression.py:483: FutureWarning: 'squared' is deprecated in version 1.4 and will be removed in 1.6. To calculate the root mean squared error, use the function'root_mean_squared_error'.
  warnings.warn(

2025-04-17 17:47:24,868:WARNING:/opt/anaconda3/envs/LSTM/lib/python3.11/site-packages/sklearn/metrics/_regression.py:483: FutureWarning: 'squared' is deprecated in version 1.4 and will be removed in 1.6. To calculate the root mean squared error, use the function'root_mean_squared_error'.
  warnings.warn(

2025-04-17 17:47:24,924:WARNING:/opt/anaconda3/envs/LSTM/lib/python3.11/site-packages/sklearn/metrics/_regression.py:483: FutureWarning: 'squared' is deprecated in version 1.4 and will be removed in 1.6. To calculate the root mean squared error, use the function'root_mean_squared_error'.
  warnings.warn(

2025-04-17 17:47:24,925:WARNING:/opt/anaconda3/envs/LSTM/lib/python3.11/site-packages/sklearn/metrics/_regression.py:483: FutureWarning: 'squared' is deprecated in version 1.4 and will be removed in 1.6. To calculate the root mean squared error, use the function'root_mean_squared_error'.
  warnings.warn(

2025-04-17 17:47:25,058:WARNING:/opt/anaconda3/envs/LSTM/lib/python3.11/site-packages/sklearn/metrics/_regression.py:483: FutureWarning: 'squared' is deprecated in version 1.4 and will be removed in 1.6. To calculate the root mean squared error, use the function'root_mean_squared_error'.
  warnings.warn(

2025-04-17 17:47:25,059:WARNING:/opt/anaconda3/envs/LSTM/lib/python3.11/site-packages/sklearn/metrics/_regression.py:483: FutureWarning: 'squared' is deprecated in version 1.4 and will be removed in 1.6. To calculate the root mean squared error, use the function'root_mean_squared_error'.
  warnings.warn(

2025-04-17 17:47:25,070:INFO:Calculating mean and std
2025-04-17 17:47:25,071:INFO:Creating metrics dataframe
2025-04-17 17:47:25,073:INFO:Finalizing model
2025-04-17 17:47:26,184:INFO:Uploading results into container
2025-04-17 17:47:26,185:INFO:Uploading model into container now
2025-04-17 17:47:26,185:INFO:_master_model_container: 3
2025-04-17 17:47:26,185:INFO:_display_container: 3
2025-04-17 17:47:26,185:INFO:ExponentialSmoothing(seasonal='mul', sp=15, trend='add')
2025-04-17 17:47:26,186:INFO:create_model() successfully completed......................................
2025-04-17 17:47:26,560:INFO:Initializing get_config()
2025-04-17 17:47:26,560:INFO:get_config(self=<pycaret.time_series.forecasting.oop.TSForecastingExperiment object at 0x308d66a90>, variable=y_train)
2025-04-17 17:47:26,561:INFO:Variable: 'y_train' used to return the transformed values in PyCaret 2.x. From PyCaret 3.x, this will return the raw values. If you need the transformed values, call get_config with 'y_train_transformed' instead.
2025-04-17 17:47:26,564:INFO:Variable:  returned as Date
2017-11-09    0.217488
2017-11-10    0.206483
2017-11-11    0.210430
2017-11-12    0.197339
2017-11-13    0.203442
                ...   
2023-06-24    0.487313
2023-06-25    0.490277
2023-06-26    0.479332
2023-06-27    0.483840
2023-06-28    0.465222
Freq: D, Name: ('Close', 'XRP-USD'), Length: 2058, dtype: float64
2025-04-17 17:47:26,565:INFO:get_config() successfully completed......................................
2025-04-17 18:02:29,094:WARNING:
'prophet' is a soft dependency and not included in the pycaret installation. Please run: `pip install prophet` to install.
2025-04-17 18:02:38,766:INFO:PyCaret TSForecastingExperiment
2025-04-17 18:02:38,766:INFO:Logging name: ts-default-name
2025-04-17 18:02:38,766:INFO:ML Usecase: MLUsecase.TIME_SERIES
2025-04-17 18:02:38,766:INFO:version 3.3.2
2025-04-17 18:02:38,766:INFO:Initializing setup()
2025-04-17 18:02:38,766:INFO:self.USI: 4a85
2025-04-17 18:02:38,767:INFO:self._variable_keys: {'significant_sps_no_harmonics', 'gpu_param', 'y', 'fh', 'all_sps_to_use', '_available_plots', 'primary_sp_to_use', 'n_jobs_param', 'model_engines', 'log_plots_param', 'approach_type', 'y_test', 'enforce_exogenous', 'y_train_transformed', 'significant_sps', 'y_transformed', 'y_test_transformed', 'seasonality_present', 'candidate_sps', 'seed', 'fold_generator', 'exogenous_present', 'y_train', 'logging_param', 'memory', 'idx', '_ml_usecase', 'exp_name_log', 'fold_param', 'html_param', 'index_type', 'exp_id', 'X_train', 'USI', 'gpu_n_jobs_param', 'X_train_transformed', 'X_test', 'X_transformed', 'enforce_pi', 'data', 'strictly_positive', 'X', 'pipeline', 'X_test_transformed'}
2025-04-17 18:02:38,767:INFO:Checking environment
2025-04-17 18:02:38,767:INFO:python_version: 3.11.8
2025-04-17 18:02:38,767:INFO:python_build: ('main', 'Feb 16 2024 20:49:36')
2025-04-17 18:02:38,767:INFO:machine: arm64
2025-04-17 18:02:38,767:INFO:platform: macOS-15.3.1-arm64-arm-64bit
2025-04-17 18:02:38,767:INFO:Memory: svmem(total=17179869184, available=2928164864, percent=83.0, used=4997906432, free=64307200, active=2878357504, inactive=2780299264, wired=2119548928)
2025-04-17 18:02:38,767:INFO:Physical Core: 8
2025-04-17 18:02:38,767:INFO:Logical Core: 8
2025-04-17 18:02:38,767:INFO:Checking libraries
2025-04-17 18:02:38,767:INFO:System:
2025-04-17 18:02:38,767:INFO:    python: 3.11.8 | packaged by conda-forge | (main, Feb 16 2024, 20:49:36) [Clang 16.0.6 ]
2025-04-17 18:02:38,767:INFO:executable: /opt/anaconda3/envs/LSTM/bin/python
2025-04-17 18:02:38,767:INFO:   machine: macOS-15.3.1-arm64-arm-64bit
2025-04-17 18:02:38,767:INFO:PyCaret required dependencies:
2025-04-17 18:02:38,838:INFO:                 pip: 25.0
2025-04-17 18:02:38,838:INFO:          setuptools: 75.8.0
2025-04-17 18:02:38,838:INFO:             pycaret: 3.3.2
2025-04-17 18:02:38,838:INFO:             IPython: 8.32.0
2025-04-17 18:02:38,838:INFO:          ipywidgets: 8.1.5
2025-04-17 18:02:38,838:INFO:                tqdm: 4.67.1
2025-04-17 18:02:38,838:INFO:               numpy: 1.26.4
2025-04-17 18:02:38,838:INFO:              pandas: 2.1.4
2025-04-17 18:02:38,838:INFO:              jinja2: 3.1.5
2025-04-17 18:02:38,838:INFO:               scipy: 1.11.4
2025-04-17 18:02:38,838:INFO:              joblib: 1.3.2
2025-04-17 18:02:38,838:INFO:             sklearn: 1.4.2
2025-04-17 18:02:38,838:INFO:                pyod: 2.0.3
2025-04-17 18:02:38,838:INFO:            imblearn: 0.13.0
2025-04-17 18:02:38,838:INFO:   category_encoders: 2.7.0
2025-04-17 18:02:38,839:INFO:            lightgbm: 4.6.0
2025-04-17 18:02:38,839:INFO:               numba: 0.61.0
2025-04-17 18:02:38,839:INFO:            requests: 2.32.3
2025-04-17 18:02:38,839:INFO:          matplotlib: 3.7.5
2025-04-17 18:02:38,839:INFO:          scikitplot: 0.3.7
2025-04-17 18:02:38,839:INFO:         yellowbrick: 1.5
2025-04-17 18:02:38,839:INFO:              plotly: 5.24.1
2025-04-17 18:02:38,839:INFO:    plotly-resampler: Not installed
2025-04-17 18:02:38,839:INFO:             kaleido: 0.2.1
2025-04-17 18:02:38,839:INFO:           schemdraw: 0.15
2025-04-17 18:02:38,839:INFO:         statsmodels: 0.14.4
2025-04-17 18:02:38,839:INFO:              sktime: 0.26.0
2025-04-17 18:02:38,839:INFO:               tbats: 1.1.3
2025-04-17 18:02:38,839:INFO:            pmdarima: 2.0.4
2025-04-17 18:02:38,839:INFO:              psutil: 5.9.0
2025-04-17 18:02:38,839:INFO:          markupsafe: 3.0.2
2025-04-17 18:02:38,839:INFO:             pickle5: Not installed
2025-04-17 18:02:38,839:INFO:         cloudpickle: 3.1.1
2025-04-17 18:02:38,839:INFO:         deprecation: 2.1.0
2025-04-17 18:02:38,839:INFO:              xxhash: 3.5.0
2025-04-17 18:02:38,839:INFO:           wurlitzer: 3.1.1
2025-04-17 18:02:38,839:INFO:PyCaret optional dependencies:
2025-04-17 18:02:38,981:INFO:                shap: Not installed
2025-04-17 18:02:38,981:INFO:           interpret: Not installed
2025-04-17 18:02:38,981:INFO:                umap: Not installed
2025-04-17 18:02:38,981:INFO:     ydata_profiling: Not installed
2025-04-17 18:02:38,981:INFO:  explainerdashboard: Not installed
2025-04-17 18:02:38,981:INFO:             autoviz: Not installed
2025-04-17 18:02:38,981:INFO:           fairlearn: Not installed
2025-04-17 18:02:38,981:INFO:          deepchecks: Not installed
2025-04-17 18:02:38,981:INFO:             xgboost: Not installed
2025-04-17 18:02:38,981:INFO:            catboost: Not installed
2025-04-17 18:02:38,981:INFO:              kmodes: Not installed
2025-04-17 18:02:38,981:INFO:             mlxtend: Not installed
2025-04-17 18:02:38,981:INFO:       statsforecast: Not installed
2025-04-17 18:02:38,981:INFO:        tune_sklearn: Not installed
2025-04-17 18:02:38,981:INFO:                 ray: Not installed
2025-04-17 18:02:38,981:INFO:            hyperopt: Not installed
2025-04-17 18:02:38,981:INFO:              optuna: Not installed
2025-04-17 18:02:38,981:INFO:               skopt: Not installed
2025-04-17 18:02:38,981:INFO:              mlflow: Not installed
2025-04-17 18:02:38,981:INFO:              gradio: Not installed
2025-04-17 18:02:38,981:INFO:             fastapi: Not installed
2025-04-17 18:02:38,981:INFO:             uvicorn: Not installed
2025-04-17 18:02:38,981:INFO:              m2cgen: Not installed
2025-04-17 18:02:38,982:INFO:           evidently: Not installed
2025-04-17 18:02:38,982:INFO:               fugue: Not installed
2025-04-17 18:02:38,982:INFO:           streamlit: Not installed
2025-04-17 18:02:38,982:INFO:             prophet: Not installed
2025-04-17 18:02:38,994:INFO:None
2025-04-17 18:02:39,016:INFO:Set Forecast Horizon.
2025-04-17 18:02:39,016:INFO:Set up Train-Test Splits.
2025-04-17 18:02:39,026:INFO:Preparing preprocessing pipeline...
2025-04-17 18:02:39,026:INFO:Set up imputation for Target variable(s).
2025-04-17 18:02:39,161:INFO:Finished creating preprocessing pipeline.
2025-04-17 18:02:39,167:INFO:Pipeline: ForecastingPipeline(steps=[('forecaster',
                            TransformedTargetForecaster(steps=[('transformer_target',
                                                                TransformerPipeline(steps=[('numerical_imputer',
                                                                                            Imputer(method='ffill',
                                                                                                    random_state=123))])),
                                                               ('model',
                                                                DummyForecaster())]))])
2025-04-17 18:02:39,169:INFO:Set up Seasonal Period.
2025-04-17 18:02:39,177:INFO:Setting the seasonal component type - 'add' or 'mul'.
2025-04-17 18:02:39,177:INFO:Checking if data is strictly positive.
2025-04-17 18:02:39,219:INFO:Creating final display dataframe.
2025-04-17 18:02:39,225:INFO:Setup Display Container:                                           Description  \
0                                          session_id   
1                                              Target   
2                                            Approach   
3                                 Exogenous Variables   
4                                 Original data shape   
5                              Transformed data shape   
6                         Transformed train set shape   
7                          Transformed test set shape   
8                            Rows with missing values   
9                                      Fold Generator   
10                                        Fold Number   
11                        Enforce Prediction Interval   
12                    Splits used for hyperparameters   
13                    User Defined Seasonal Period(s)   
14                            Ignore Seasonality Test   
15                         Seasonality Detection Algo   
16                             Max Period to Consider   
17                          Seasonal Period(s) Tested   
18                     Significant Seasonal Period(s)   
19   Significant Seasonal Period(s) without Harmonics   
20                                   Remove Harmonics   
21                             Harmonics Order Method   
22                           Num Seasonalities to Use   
23                           All Seasonalities to Use   
24                                Primary Seasonality   
25                                Seasonality Present   
26                                   Seasonality Type   
27                           Target Strictly Positive   
28                                 Target White Noise   
29                                      Recommended d   
30                             Recommended Seasonal D   
31                                         Preprocess   
32                      Numerical Imputation (Target)   
33                            Transformation (Target)   
34                                   Scaling (Target)   
35  Feature Engineering (Target) - Reduced Regression   
36                                           CPU Jobs   
37                                            Use GPU   
38                                     Log Experiment   
39                                    Experiment Name   
40                                                USI   

                            Value  
0                             123  
1            ('Close', 'XRP-USD')  
2                      Univariate  
3                     Not Present  
4                       (2088, 1)  
5                       (2088, 1)  
6                       (2058, 1)  
7                         (30, 1)  
8                            0.0%  
9         ExpandingWindowSplitter  
10                              3  
11                          False  
12                            all  
13                           None  
14                          False  
15                           auto  
16                             60  
17  [15, 17, 8, 6, 22, 21, 24, 7]  
18  [15, 17, 8, 6, 22, 21, 24, 7]  
19           [15, 17, 24, 22, 21]  
20                          False  
21                   harmonic_max  
22                              1  
23                           [15]  
24                             15  
25                           True  
26                            mul  
27                           True  
28                             No  
29                              1  
30                              0  
31                           True  
32                          ffill  
33                           None  
34                           None  
35                          False  
36                             -1  
37                          False  
38                          False  
39                ts-default-name  
40                           4a85  
2025-04-17 18:02:39,225:INFO:Engine successfully changes for model 'auto_arima' to 'pmdarima'.
2025-04-17 18:02:39,261:WARNING:
'prophet' is a soft dependency and not included in the pycaret installation. Please run: `pip install prophet` to install.
2025-04-17 18:02:39,261:INFO:Engine for model 'lr_cds_dt' has not been set explicitly, hence returning None.
2025-04-17 18:02:39,261:INFO:Engine for model 'en_cds_dt' has not been set explicitly, hence returning None.
2025-04-17 18:02:39,261:INFO:Engine for model 'ridge_cds_dt' has not been set explicitly, hence returning None.
2025-04-17 18:02:39,261:INFO:Engine for model 'lasso_cds_dt' has not been set explicitly, hence returning None.
2025-04-17 18:02:39,261:INFO:Engine for model 'llar_cds_dt' has not been set explicitly, hence returning None.
2025-04-17 18:02:39,261:INFO:Engine for model 'br_cds_dt' has not been set explicitly, hence returning None.
2025-04-17 18:02:39,262:INFO:Engine for model 'huber_cds_dt' has not been set explicitly, hence returning None.
2025-04-17 18:02:39,269:INFO:Engine for model 'omp_cds_dt' has not been set explicitly, hence returning None.
2025-04-17 18:02:39,278:INFO:Engine for model 'knn_cds_dt' has not been set explicitly, hence returning None.
2025-04-17 18:02:39,278:INFO:Engine for model 'dt_cds_dt' has not been set explicitly, hence returning None.
2025-04-17 18:02:39,279:INFO:Engine for model 'rf_cds_dt' has not been set explicitly, hence returning None.
2025-04-17 18:02:39,279:INFO:Engine for model 'et_cds_dt' has not been set explicitly, hence returning None.
2025-04-17 18:02:39,280:INFO:Engine for model 'gbr_cds_dt' has not been set explicitly, hence returning None.
2025-04-17 18:02:39,280:INFO:Engine for model 'ada_cds_dt' has not been set explicitly, hence returning None.
2025-04-17 18:02:39,281:INFO:Engine for model 'xgboost_cds_dt' has not been set explicitly, hence returning None.
2025-04-17 18:02:39,281:WARNING:
'xgboost' is a soft dependency and not included in the pycaret installation. Please run: `pip install xgboost` to install.
Alternately, you can install this by running `pip install pycaret[models]`
2025-04-17 18:02:39,281:WARNING:
'xgboost' is a soft dependency and not included in the pycaret installation. Please run: `pip install xgboost` to install.
Alternately, you can install this by running `pip install pycaret[models]`
2025-04-17 18:02:39,281:INFO:Engine for model 'lightgbm_cds_dt' has not been set explicitly, hence returning None.
2025-04-17 18:02:39,281:INFO:Engine for model 'catboost_cds_dt' has not been set explicitly, hence returning None.
2025-04-17 18:02:39,282:WARNING:
'catboost' is a soft dependency and not included in the pycaret installation. Please run: `pip install catboost` to install.
Alternately, you can install this by running `pip install pycaret[models]`
2025-04-17 18:02:39,282:WARNING:
'catboost' is a soft dependency and not included in the pycaret installation. Please run: `pip install catboost` to install.
Alternately, you can install this by running `pip install pycaret[models]`
2025-04-17 18:02:39,286:WARNING:
'prophet' is a soft dependency and not included in the pycaret installation. Please run: `pip install prophet` to install.
2025-04-17 18:02:39,286:INFO:Engine for model 'lr_cds_dt' has not been set explicitly, hence returning None.
2025-04-17 18:02:39,287:INFO:Engine for model 'en_cds_dt' has not been set explicitly, hence returning None.
2025-04-17 18:02:39,287:INFO:Engine for model 'ridge_cds_dt' has not been set explicitly, hence returning None.
2025-04-17 18:02:39,287:INFO:Engine for model 'lasso_cds_dt' has not been set explicitly, hence returning None.
2025-04-17 18:02:39,288:INFO:Engine for model 'llar_cds_dt' has not been set explicitly, hence returning None.
2025-04-17 18:02:39,288:INFO:Engine for model 'br_cds_dt' has not been set explicitly, hence returning None.
2025-04-17 18:02:39,288:INFO:Engine for model 'huber_cds_dt' has not been set explicitly, hence returning None.
2025-04-17 18:02:39,289:INFO:Engine for model 'omp_cds_dt' has not been set explicitly, hence returning None.
2025-04-17 18:02:39,290:INFO:Engine for model 'knn_cds_dt' has not been set explicitly, hence returning None.
2025-04-17 18:02:39,290:INFO:Engine for model 'dt_cds_dt' has not been set explicitly, hence returning None.
2025-04-17 18:02:39,290:INFO:Engine for model 'rf_cds_dt' has not been set explicitly, hence returning None.
2025-04-17 18:02:39,290:INFO:Engine for model 'et_cds_dt' has not been set explicitly, hence returning None.
2025-04-17 18:02:39,290:INFO:Engine for model 'gbr_cds_dt' has not been set explicitly, hence returning None.
2025-04-17 18:02:39,290:INFO:Engine for model 'ada_cds_dt' has not been set explicitly, hence returning None.
2025-04-17 18:02:39,290:INFO:Engine for model 'xgboost_cds_dt' has not been set explicitly, hence returning None.
2025-04-17 18:02:39,290:WARNING:
'xgboost' is a soft dependency and not included in the pycaret installation. Please run: `pip install xgboost` to install.
Alternately, you can install this by running `pip install pycaret[models]`
2025-04-17 18:02:39,290:WARNING:
'xgboost' is a soft dependency and not included in the pycaret installation. Please run: `pip install xgboost` to install.
Alternately, you can install this by running `pip install pycaret[models]`
2025-04-17 18:02:39,290:INFO:Engine for model 'lightgbm_cds_dt' has not been set explicitly, hence returning None.
2025-04-17 18:02:39,291:INFO:Engine for model 'catboost_cds_dt' has not been set explicitly, hence returning None.
2025-04-17 18:02:39,291:WARNING:
'catboost' is a soft dependency and not included in the pycaret installation. Please run: `pip install catboost` to install.
Alternately, you can install this by running `pip install pycaret[models]`
2025-04-17 18:02:39,291:WARNING:
'catboost' is a soft dependency and not included in the pycaret installation. Please run: `pip install catboost` to install.
Alternately, you can install this by running `pip install pycaret[models]`
2025-04-17 18:02:39,291:INFO:Engine successfully changes for model 'lr_cds_dt' to 'sklearn'.
2025-04-17 18:02:39,292:WARNING:
'prophet' is a soft dependency and not included in the pycaret installation. Please run: `pip install prophet` to install.
2025-04-17 18:02:39,292:INFO:Engine for model 'en_cds_dt' has not been set explicitly, hence returning None.
2025-04-17 18:02:39,293:INFO:Engine for model 'ridge_cds_dt' has not been set explicitly, hence returning None.
2025-04-17 18:02:39,293:INFO:Engine for model 'lasso_cds_dt' has not been set explicitly, hence returning None.
2025-04-17 18:02:39,293:INFO:Engine for model 'llar_cds_dt' has not been set explicitly, hence returning None.
2025-04-17 18:02:39,293:INFO:Engine for model 'br_cds_dt' has not been set explicitly, hence returning None.
2025-04-17 18:02:39,293:INFO:Engine for model 'huber_cds_dt' has not been set explicitly, hence returning None.
2025-04-17 18:02:39,294:INFO:Engine for model 'omp_cds_dt' has not been set explicitly, hence returning None.
2025-04-17 18:02:39,294:INFO:Engine for model 'knn_cds_dt' has not been set explicitly, hence returning None.
2025-04-17 18:02:39,295:INFO:Engine for model 'dt_cds_dt' has not been set explicitly, hence returning None.
2025-04-17 18:02:39,295:INFO:Engine for model 'rf_cds_dt' has not been set explicitly, hence returning None.
2025-04-17 18:02:39,295:INFO:Engine for model 'et_cds_dt' has not been set explicitly, hence returning None.
2025-04-17 18:02:39,295:INFO:Engine for model 'gbr_cds_dt' has not been set explicitly, hence returning None.
2025-04-17 18:02:39,295:INFO:Engine for model 'ada_cds_dt' has not been set explicitly, hence returning None.
2025-04-17 18:02:39,295:INFO:Engine for model 'xgboost_cds_dt' has not been set explicitly, hence returning None.
2025-04-17 18:02:39,295:WARNING:
'xgboost' is a soft dependency and not included in the pycaret installation. Please run: `pip install xgboost` to install.
Alternately, you can install this by running `pip install pycaret[models]`
2025-04-17 18:02:39,295:WARNING:
'xgboost' is a soft dependency and not included in the pycaret installation. Please run: `pip install xgboost` to install.
Alternately, you can install this by running `pip install pycaret[models]`
2025-04-17 18:02:39,302:INFO:Engine for model 'lightgbm_cds_dt' has not been set explicitly, hence returning None.
2025-04-17 18:02:39,435:INFO:Engine for model 'catboost_cds_dt' has not been set explicitly, hence returning None.
2025-04-17 18:02:39,435:WARNING:
'catboost' is a soft dependency and not included in the pycaret installation. Please run: `pip install catboost` to install.
Alternately, you can install this by running `pip install pycaret[models]`
2025-04-17 18:02:39,435:WARNING:
'catboost' is a soft dependency and not included in the pycaret installation. Please run: `pip install catboost` to install.
Alternately, you can install this by running `pip install pycaret[models]`
2025-04-17 18:02:39,439:WARNING:
'prophet' is a soft dependency and not included in the pycaret installation. Please run: `pip install prophet` to install.
2025-04-17 18:02:39,439:INFO:Engine for model 'en_cds_dt' has not been set explicitly, hence returning None.
2025-04-17 18:02:39,440:INFO:Engine for model 'ridge_cds_dt' has not been set explicitly, hence returning None.
2025-04-17 18:02:39,440:INFO:Engine for model 'lasso_cds_dt' has not been set explicitly, hence returning None.
2025-04-17 18:02:39,440:INFO:Engine for model 'llar_cds_dt' has not been set explicitly, hence returning None.
2025-04-17 18:02:39,441:INFO:Engine for model 'br_cds_dt' has not been set explicitly, hence returning None.
2025-04-17 18:02:39,441:INFO:Engine for model 'huber_cds_dt' has not been set explicitly, hence returning None.
2025-04-17 18:02:39,443:INFO:Engine for model 'omp_cds_dt' has not been set explicitly, hence returning None.
2025-04-17 18:02:39,444:INFO:Engine for model 'knn_cds_dt' has not been set explicitly, hence returning None.
2025-04-17 18:02:39,444:INFO:Engine for model 'dt_cds_dt' has not been set explicitly, hence returning None.
2025-04-17 18:02:39,448:INFO:Engine for model 'rf_cds_dt' has not been set explicitly, hence returning None.
2025-04-17 18:02:39,449:INFO:Engine for model 'et_cds_dt' has not been set explicitly, hence returning None.
2025-04-17 18:02:39,449:INFO:Engine for model 'gbr_cds_dt' has not been set explicitly, hence returning None.
2025-04-17 18:02:39,449:INFO:Engine for model 'ada_cds_dt' has not been set explicitly, hence returning None.
2025-04-17 18:02:39,449:INFO:Engine for model 'xgboost_cds_dt' has not been set explicitly, hence returning None.
2025-04-17 18:02:39,449:WARNING:
'xgboost' is a soft dependency and not included in the pycaret installation. Please run: `pip install xgboost` to install.
Alternately, you can install this by running `pip install pycaret[models]`
2025-04-17 18:02:39,449:WARNING:
'xgboost' is a soft dependency and not included in the pycaret installation. Please run: `pip install xgboost` to install.
Alternately, you can install this by running `pip install pycaret[models]`
2025-04-17 18:02:39,449:INFO:Engine for model 'lightgbm_cds_dt' has not been set explicitly, hence returning None.
2025-04-17 18:02:39,449:INFO:Engine for model 'catboost_cds_dt' has not been set explicitly, hence returning None.
2025-04-17 18:02:39,449:WARNING:
'catboost' is a soft dependency and not included in the pycaret installation. Please run: `pip install catboost` to install.
Alternately, you can install this by running `pip install pycaret[models]`
2025-04-17 18:02:39,449:WARNING:
'catboost' is a soft dependency and not included in the pycaret installation. Please run: `pip install catboost` to install.
Alternately, you can install this by running `pip install pycaret[models]`
2025-04-17 18:02:39,449:INFO:Engine successfully changes for model 'en_cds_dt' to 'sklearn'.
2025-04-17 18:02:39,451:WARNING:
'prophet' is a soft dependency and not included in the pycaret installation. Please run: `pip install prophet` to install.
2025-04-17 18:02:39,451:INFO:Engine for model 'ridge_cds_dt' has not been set explicitly, hence returning None.
2025-04-17 18:02:39,451:INFO:Engine for model 'lasso_cds_dt' has not been set explicitly, hence returning None.
2025-04-17 18:02:39,451:INFO:Engine for model 'llar_cds_dt' has not been set explicitly, hence returning None.
2025-04-17 18:02:39,452:INFO:Engine for model 'br_cds_dt' has not been set explicitly, hence returning None.
2025-04-17 18:02:39,452:INFO:Engine for model 'huber_cds_dt' has not been set explicitly, hence returning None.
2025-04-17 18:02:39,458:INFO:Engine for model 'omp_cds_dt' has not been set explicitly, hence returning None.
2025-04-17 18:02:39,461:INFO:Engine for model 'knn_cds_dt' has not been set explicitly, hence returning None.
2025-04-17 18:02:39,461:INFO:Engine for model 'dt_cds_dt' has not been set explicitly, hence returning None.
2025-04-17 18:02:39,461:INFO:Engine for model 'rf_cds_dt' has not been set explicitly, hence returning None.
2025-04-17 18:02:39,462:INFO:Engine for model 'et_cds_dt' has not been set explicitly, hence returning None.
2025-04-17 18:02:39,462:INFO:Engine for model 'gbr_cds_dt' has not been set explicitly, hence returning None.
2025-04-17 18:02:39,462:INFO:Engine for model 'ada_cds_dt' has not been set explicitly, hence returning None.
2025-04-17 18:02:39,462:INFO:Engine for model 'xgboost_cds_dt' has not been set explicitly, hence returning None.
2025-04-17 18:02:39,462:WARNING:
'xgboost' is a soft dependency and not included in the pycaret installation. Please run: `pip install xgboost` to install.
Alternately, you can install this by running `pip install pycaret[models]`
2025-04-17 18:02:39,462:WARNING:
'xgboost' is a soft dependency and not included in the pycaret installation. Please run: `pip install xgboost` to install.
Alternately, you can install this by running `pip install pycaret[models]`
2025-04-17 18:02:39,462:INFO:Engine for model 'lightgbm_cds_dt' has not been set explicitly, hence returning None.
2025-04-17 18:02:39,462:INFO:Engine for model 'catboost_cds_dt' has not been set explicitly, hence returning None.
2025-04-17 18:02:39,462:WARNING:
'catboost' is a soft dependency and not included in the pycaret installation. Please run: `pip install catboost` to install.
Alternately, you can install this by running `pip install pycaret[models]`
2025-04-17 18:02:39,462:WARNING:
'catboost' is a soft dependency and not included in the pycaret installation. Please run: `pip install catboost` to install.
Alternately, you can install this by running `pip install pycaret[models]`
2025-04-17 18:02:39,464:WARNING:
'prophet' is a soft dependency and not included in the pycaret installation. Please run: `pip install prophet` to install.
2025-04-17 18:02:39,465:INFO:Engine for model 'ridge_cds_dt' has not been set explicitly, hence returning None.
2025-04-17 18:02:39,465:INFO:Engine for model 'lasso_cds_dt' has not been set explicitly, hence returning None.
2025-04-17 18:02:39,466:INFO:Engine for model 'llar_cds_dt' has not been set explicitly, hence returning None.
2025-04-17 18:02:39,481:INFO:Engine for model 'br_cds_dt' has not been set explicitly, hence returning None.
2025-04-17 18:02:39,483:INFO:Engine for model 'huber_cds_dt' has not been set explicitly, hence returning None.
2025-04-17 18:02:39,483:INFO:Engine for model 'omp_cds_dt' has not been set explicitly, hence returning None.
2025-04-17 18:02:39,485:INFO:Engine for model 'knn_cds_dt' has not been set explicitly, hence returning None.
2025-04-17 18:02:39,485:INFO:Engine for model 'dt_cds_dt' has not been set explicitly, hence returning None.
2025-04-17 18:02:39,485:INFO:Engine for model 'rf_cds_dt' has not been set explicitly, hence returning None.
2025-04-17 18:02:39,485:INFO:Engine for model 'et_cds_dt' has not been set explicitly, hence returning None.
2025-04-17 18:02:39,485:INFO:Engine for model 'gbr_cds_dt' has not been set explicitly, hence returning None.
2025-04-17 18:02:39,485:INFO:Engine for model 'ada_cds_dt' has not been set explicitly, hence returning None.
2025-04-17 18:02:39,485:INFO:Engine for model 'xgboost_cds_dt' has not been set explicitly, hence returning None.
2025-04-17 18:02:39,485:WARNING:
'xgboost' is a soft dependency and not included in the pycaret installation. Please run: `pip install xgboost` to install.
Alternately, you can install this by running `pip install pycaret[models]`
2025-04-17 18:02:39,486:WARNING:
'xgboost' is a soft dependency and not included in the pycaret installation. Please run: `pip install xgboost` to install.
Alternately, you can install this by running `pip install pycaret[models]`
2025-04-17 18:02:39,486:INFO:Engine for model 'lightgbm_cds_dt' has not been set explicitly, hence returning None.
2025-04-17 18:02:39,486:INFO:Engine for model 'catboost_cds_dt' has not been set explicitly, hence returning None.
2025-04-17 18:02:39,486:WARNING:
'catboost' is a soft dependency and not included in the pycaret installation. Please run: `pip install catboost` to install.
Alternately, you can install this by running `pip install pycaret[models]`
2025-04-17 18:02:39,486:WARNING:
'catboost' is a soft dependency and not included in the pycaret installation. Please run: `pip install catboost` to install.
Alternately, you can install this by running `pip install pycaret[models]`
2025-04-17 18:02:39,486:INFO:Engine successfully changes for model 'ridge_cds_dt' to 'sklearn'.
2025-04-17 18:02:39,487:WARNING:
'prophet' is a soft dependency and not included in the pycaret installation. Please run: `pip install prophet` to install.
2025-04-17 18:02:39,488:INFO:Engine for model 'lasso_cds_dt' has not been set explicitly, hence returning None.
2025-04-17 18:02:39,488:INFO:Engine for model 'llar_cds_dt' has not been set explicitly, hence returning None.
2025-04-17 18:02:39,488:INFO:Engine for model 'br_cds_dt' has not been set explicitly, hence returning None.
2025-04-17 18:02:39,488:INFO:Engine for model 'huber_cds_dt' has not been set explicitly, hence returning None.
2025-04-17 18:02:39,490:INFO:Engine for model 'omp_cds_dt' has not been set explicitly, hence returning None.
2025-04-17 18:02:39,491:INFO:Engine for model 'knn_cds_dt' has not been set explicitly, hence returning None.
2025-04-17 18:02:39,491:INFO:Engine for model 'dt_cds_dt' has not been set explicitly, hence returning None.
2025-04-17 18:02:39,491:INFO:Engine for model 'rf_cds_dt' has not been set explicitly, hence returning None.
2025-04-17 18:02:39,491:INFO:Engine for model 'et_cds_dt' has not been set explicitly, hence returning None.
2025-04-17 18:02:39,491:INFO:Engine for model 'gbr_cds_dt' has not been set explicitly, hence returning None.
2025-04-17 18:02:39,492:INFO:Engine for model 'ada_cds_dt' has not been set explicitly, hence returning None.
2025-04-17 18:02:39,492:INFO:Engine for model 'xgboost_cds_dt' has not been set explicitly, hence returning None.
2025-04-17 18:02:39,492:WARNING:
'xgboost' is a soft dependency and not included in the pycaret installation. Please run: `pip install xgboost` to install.
Alternately, you can install this by running `pip install pycaret[models]`
2025-04-17 18:02:39,492:WARNING:
'xgboost' is a soft dependency and not included in the pycaret installation. Please run: `pip install xgboost` to install.
Alternately, you can install this by running `pip install pycaret[models]`
2025-04-17 18:02:39,492:INFO:Engine for model 'lightgbm_cds_dt' has not been set explicitly, hence returning None.
2025-04-17 18:02:39,492:INFO:Engine for model 'catboost_cds_dt' has not been set explicitly, hence returning None.
2025-04-17 18:02:39,492:WARNING:
'catboost' is a soft dependency and not included in the pycaret installation. Please run: `pip install catboost` to install.
Alternately, you can install this by running `pip install pycaret[models]`
2025-04-17 18:02:39,492:WARNING:
'catboost' is a soft dependency and not included in the pycaret installation. Please run: `pip install catboost` to install.
Alternately, you can install this by running `pip install pycaret[models]`
2025-04-17 18:02:39,493:WARNING:
'prophet' is a soft dependency and not included in the pycaret installation. Please run: `pip install prophet` to install.
2025-04-17 18:02:39,493:INFO:Engine for model 'lasso_cds_dt' has not been set explicitly, hence returning None.
2025-04-17 18:02:39,493:INFO:Engine for model 'llar_cds_dt' has not been set explicitly, hence returning None.
2025-04-17 18:02:39,494:INFO:Engine for model 'br_cds_dt' has not been set explicitly, hence returning None.
2025-04-17 18:02:39,494:INFO:Engine for model 'huber_cds_dt' has not been set explicitly, hence returning None.
2025-04-17 18:02:39,494:INFO:Engine for model 'omp_cds_dt' has not been set explicitly, hence returning None.
2025-04-17 18:02:39,496:INFO:Engine for model 'knn_cds_dt' has not been set explicitly, hence returning None.
2025-04-17 18:02:39,496:INFO:Engine for model 'dt_cds_dt' has not been set explicitly, hence returning None.
2025-04-17 18:02:39,497:INFO:Engine for model 'rf_cds_dt' has not been set explicitly, hence returning None.
2025-04-17 18:02:39,498:INFO:Engine for model 'et_cds_dt' has not been set explicitly, hence returning None.
2025-04-17 18:02:39,499:INFO:Engine for model 'gbr_cds_dt' has not been set explicitly, hence returning None.
2025-04-17 18:02:39,504:INFO:Engine for model 'ada_cds_dt' has not been set explicitly, hence returning None.
2025-04-17 18:02:39,504:INFO:Engine for model 'xgboost_cds_dt' has not been set explicitly, hence returning None.
2025-04-17 18:02:39,504:WARNING:
'xgboost' is a soft dependency and not included in the pycaret installation. Please run: `pip install xgboost` to install.
Alternately, you can install this by running `pip install pycaret[models]`
2025-04-17 18:02:39,504:WARNING:
'xgboost' is a soft dependency and not included in the pycaret installation. Please run: `pip install xgboost` to install.
Alternately, you can install this by running `pip install pycaret[models]`
2025-04-17 18:02:39,505:INFO:Engine for model 'lightgbm_cds_dt' has not been set explicitly, hence returning None.
2025-04-17 18:02:39,511:INFO:Engine for model 'catboost_cds_dt' has not been set explicitly, hence returning None.
2025-04-17 18:02:39,511:WARNING:
'catboost' is a soft dependency and not included in the pycaret installation. Please run: `pip install catboost` to install.
Alternately, you can install this by running `pip install pycaret[models]`
2025-04-17 18:02:39,511:WARNING:
'catboost' is a soft dependency and not included in the pycaret installation. Please run: `pip install catboost` to install.
Alternately, you can install this by running `pip install pycaret[models]`
2025-04-17 18:02:39,512:INFO:Engine successfully changes for model 'lasso_cds_dt' to 'sklearn'.
2025-04-17 18:02:39,523:WARNING:
'prophet' is a soft dependency and not included in the pycaret installation. Please run: `pip install prophet` to install.
2025-04-17 18:02:39,524:INFO:Engine for model 'llar_cds_dt' has not been set explicitly, hence returning None.
2025-04-17 18:02:39,524:INFO:Engine for model 'br_cds_dt' has not been set explicitly, hence returning None.
2025-04-17 18:02:39,525:INFO:Engine for model 'huber_cds_dt' has not been set explicitly, hence returning None.
2025-04-17 18:02:39,534:INFO:Engine for model 'omp_cds_dt' has not been set explicitly, hence returning None.
2025-04-17 18:02:39,534:INFO:Engine for model 'knn_cds_dt' has not been set explicitly, hence returning None.
2025-04-17 18:02:39,534:INFO:Engine for model 'dt_cds_dt' has not been set explicitly, hence returning None.
2025-04-17 18:02:39,534:INFO:Engine for model 'rf_cds_dt' has not been set explicitly, hence returning None.
2025-04-17 18:02:39,535:INFO:Engine for model 'et_cds_dt' has not been set explicitly, hence returning None.
2025-04-17 18:02:39,535:INFO:Engine for model 'gbr_cds_dt' has not been set explicitly, hence returning None.
2025-04-17 18:02:39,535:INFO:Engine for model 'ada_cds_dt' has not been set explicitly, hence returning None.
2025-04-17 18:02:39,535:INFO:Engine for model 'xgboost_cds_dt' has not been set explicitly, hence returning None.
2025-04-17 18:02:39,535:WARNING:
'xgboost' is a soft dependency and not included in the pycaret installation. Please run: `pip install xgboost` to install.
Alternately, you can install this by running `pip install pycaret[models]`
2025-04-17 18:02:39,535:WARNING:
'xgboost' is a soft dependency and not included in the pycaret installation. Please run: `pip install xgboost` to install.
Alternately, you can install this by running `pip install pycaret[models]`
2025-04-17 18:02:39,535:INFO:Engine for model 'lightgbm_cds_dt' has not been set explicitly, hence returning None.
2025-04-17 18:02:39,536:INFO:Engine for model 'catboost_cds_dt' has not been set explicitly, hence returning None.
2025-04-17 18:02:39,536:WARNING:
'catboost' is a soft dependency and not included in the pycaret installation. Please run: `pip install catboost` to install.
Alternately, you can install this by running `pip install pycaret[models]`
2025-04-17 18:02:39,536:WARNING:
'catboost' is a soft dependency and not included in the pycaret installation. Please run: `pip install catboost` to install.
Alternately, you can install this by running `pip install pycaret[models]`
2025-04-17 18:02:39,537:WARNING:
'prophet' is a soft dependency and not included in the pycaret installation. Please run: `pip install prophet` to install.
2025-04-17 18:02:39,537:INFO:Engine for model 'llar_cds_dt' has not been set explicitly, hence returning None.
2025-04-17 18:02:39,537:INFO:Engine for model 'br_cds_dt' has not been set explicitly, hence returning None.
2025-04-17 18:02:39,537:INFO:Engine for model 'huber_cds_dt' has not been set explicitly, hence returning None.
2025-04-17 18:02:39,538:INFO:Engine for model 'omp_cds_dt' has not been set explicitly, hence returning None.
2025-04-17 18:02:39,539:INFO:Engine for model 'knn_cds_dt' has not been set explicitly, hence returning None.
2025-04-17 18:02:39,539:INFO:Engine for model 'dt_cds_dt' has not been set explicitly, hence returning None.
2025-04-17 18:02:39,539:INFO:Engine for model 'rf_cds_dt' has not been set explicitly, hence returning None.
2025-04-17 18:02:39,539:INFO:Engine for model 'et_cds_dt' has not been set explicitly, hence returning None.
2025-04-17 18:02:39,539:INFO:Engine for model 'gbr_cds_dt' has not been set explicitly, hence returning None.
2025-04-17 18:02:39,542:INFO:Engine for model 'ada_cds_dt' has not been set explicitly, hence returning None.
2025-04-17 18:02:39,542:INFO:Engine for model 'xgboost_cds_dt' has not been set explicitly, hence returning None.
2025-04-17 18:02:39,542:WARNING:
'xgboost' is a soft dependency and not included in the pycaret installation. Please run: `pip install xgboost` to install.
Alternately, you can install this by running `pip install pycaret[models]`
2025-04-17 18:02:39,542:WARNING:
'xgboost' is a soft dependency and not included in the pycaret installation. Please run: `pip install xgboost` to install.
Alternately, you can install this by running `pip install pycaret[models]`
2025-04-17 18:02:39,542:INFO:Engine for model 'lightgbm_cds_dt' has not been set explicitly, hence returning None.
2025-04-17 18:02:39,542:INFO:Engine for model 'catboost_cds_dt' has not been set explicitly, hence returning None.
2025-04-17 18:02:39,542:WARNING:
'catboost' is a soft dependency and not included in the pycaret installation. Please run: `pip install catboost` to install.
Alternately, you can install this by running `pip install pycaret[models]`
2025-04-17 18:02:39,542:WARNING:
'catboost' is a soft dependency and not included in the pycaret installation. Please run: `pip install catboost` to install.
Alternately, you can install this by running `pip install pycaret[models]`
2025-04-17 18:02:39,542:INFO:Engine successfully changes for model 'lar_cds_dt' to 'sklearn'.
2025-04-17 18:02:39,547:WARNING:
'prophet' is a soft dependency and not included in the pycaret installation. Please run: `pip install prophet` to install.
2025-04-17 18:02:39,548:INFO:Engine for model 'llar_cds_dt' has not been set explicitly, hence returning None.
2025-04-17 18:02:39,548:INFO:Engine for model 'br_cds_dt' has not been set explicitly, hence returning None.
2025-04-17 18:02:39,548:INFO:Engine for model 'huber_cds_dt' has not been set explicitly, hence returning None.
2025-04-17 18:02:39,548:INFO:Engine for model 'omp_cds_dt' has not been set explicitly, hence returning None.
2025-04-17 18:02:39,549:INFO:Engine for model 'knn_cds_dt' has not been set explicitly, hence returning None.
2025-04-17 18:02:39,549:INFO:Engine for model 'dt_cds_dt' has not been set explicitly, hence returning None.
2025-04-17 18:02:39,550:INFO:Engine for model 'rf_cds_dt' has not been set explicitly, hence returning None.
2025-04-17 18:02:39,550:INFO:Engine for model 'et_cds_dt' has not been set explicitly, hence returning None.
2025-04-17 18:02:39,550:INFO:Engine for model 'gbr_cds_dt' has not been set explicitly, hence returning None.
2025-04-17 18:02:39,551:INFO:Engine for model 'ada_cds_dt' has not been set explicitly, hence returning None.
2025-04-17 18:02:39,551:INFO:Engine for model 'xgboost_cds_dt' has not been set explicitly, hence returning None.
2025-04-17 18:02:39,551:WARNING:
'xgboost' is a soft dependency and not included in the pycaret installation. Please run: `pip install xgboost` to install.
Alternately, you can install this by running `pip install pycaret[models]`
2025-04-17 18:02:39,551:WARNING:
'xgboost' is a soft dependency and not included in the pycaret installation. Please run: `pip install xgboost` to install.
Alternately, you can install this by running `pip install pycaret[models]`
2025-04-17 18:02:39,551:INFO:Engine for model 'lightgbm_cds_dt' has not been set explicitly, hence returning None.
2025-04-17 18:02:39,552:INFO:Engine for model 'catboost_cds_dt' has not been set explicitly, hence returning None.
2025-04-17 18:02:39,552:WARNING:
'catboost' is a soft dependency and not included in the pycaret installation. Please run: `pip install catboost` to install.
Alternately, you can install this by running `pip install pycaret[models]`
2025-04-17 18:02:39,552:WARNING:
'catboost' is a soft dependency and not included in the pycaret installation. Please run: `pip install catboost` to install.
Alternately, you can install this by running `pip install pycaret[models]`
2025-04-17 18:02:39,559:WARNING:
'prophet' is a soft dependency and not included in the pycaret installation. Please run: `pip install prophet` to install.
2025-04-17 18:02:39,560:INFO:Engine for model 'llar_cds_dt' has not been set explicitly, hence returning None.
2025-04-17 18:02:39,561:INFO:Engine for model 'br_cds_dt' has not been set explicitly, hence returning None.
2025-04-17 18:02:39,561:INFO:Engine for model 'huber_cds_dt' has not been set explicitly, hence returning None.
2025-04-17 18:02:39,562:INFO:Engine for model 'omp_cds_dt' has not been set explicitly, hence returning None.
2025-04-17 18:02:39,563:INFO:Engine for model 'knn_cds_dt' has not been set explicitly, hence returning None.
2025-04-17 18:02:39,563:INFO:Engine for model 'dt_cds_dt' has not been set explicitly, hence returning None.
2025-04-17 18:02:39,563:INFO:Engine for model 'rf_cds_dt' has not been set explicitly, hence returning None.
2025-04-17 18:02:39,564:INFO:Engine for model 'et_cds_dt' has not been set explicitly, hence returning None.
2025-04-17 18:02:39,564:INFO:Engine for model 'gbr_cds_dt' has not been set explicitly, hence returning None.
2025-04-17 18:02:39,564:INFO:Engine for model 'ada_cds_dt' has not been set explicitly, hence returning None.
2025-04-17 18:02:39,564:INFO:Engine for model 'xgboost_cds_dt' has not been set explicitly, hence returning None.
2025-04-17 18:02:39,564:WARNING:
'xgboost' is a soft dependency and not included in the pycaret installation. Please run: `pip install xgboost` to install.
Alternately, you can install this by running `pip install pycaret[models]`
2025-04-17 18:02:39,564:WARNING:
'xgboost' is a soft dependency and not included in the pycaret installation. Please run: `pip install xgboost` to install.
Alternately, you can install this by running `pip install pycaret[models]`
2025-04-17 18:02:39,564:INFO:Engine for model 'lightgbm_cds_dt' has not been set explicitly, hence returning None.
2025-04-17 18:02:39,564:INFO:Engine for model 'catboost_cds_dt' has not been set explicitly, hence returning None.
2025-04-17 18:02:39,564:WARNING:
'catboost' is a soft dependency and not included in the pycaret installation. Please run: `pip install catboost` to install.
Alternately, you can install this by running `pip install pycaret[models]`
2025-04-17 18:02:39,564:WARNING:
'catboost' is a soft dependency and not included in the pycaret installation. Please run: `pip install catboost` to install.
Alternately, you can install this by running `pip install pycaret[models]`
2025-04-17 18:02:39,564:INFO:Engine successfully changes for model 'llar_cds_dt' to 'sklearn'.
2025-04-17 18:02:39,566:WARNING:
'prophet' is a soft dependency and not included in the pycaret installation. Please run: `pip install prophet` to install.
2025-04-17 18:02:39,570:INFO:Engine for model 'br_cds_dt' has not been set explicitly, hence returning None.
2025-04-17 18:02:39,570:INFO:Engine for model 'huber_cds_dt' has not been set explicitly, hence returning None.
2025-04-17 18:02:39,571:INFO:Engine for model 'omp_cds_dt' has not been set explicitly, hence returning None.
2025-04-17 18:02:39,571:INFO:Engine for model 'knn_cds_dt' has not been set explicitly, hence returning None.
2025-04-17 18:02:39,571:INFO:Engine for model 'dt_cds_dt' has not been set explicitly, hence returning None.
2025-04-17 18:02:39,572:INFO:Engine for model 'rf_cds_dt' has not been set explicitly, hence returning None.
2025-04-17 18:02:39,576:INFO:Engine for model 'et_cds_dt' has not been set explicitly, hence returning None.
2025-04-17 18:02:39,576:INFO:Engine for model 'gbr_cds_dt' has not been set explicitly, hence returning None.
2025-04-17 18:02:39,576:INFO:Engine for model 'ada_cds_dt' has not been set explicitly, hence returning None.
2025-04-17 18:02:39,576:INFO:Engine for model 'xgboost_cds_dt' has not been set explicitly, hence returning None.
2025-04-17 18:02:39,576:WARNING:
'xgboost' is a soft dependency and not included in the pycaret installation. Please run: `pip install xgboost` to install.
Alternately, you can install this by running `pip install pycaret[models]`
2025-04-17 18:02:39,576:WARNING:
'xgboost' is a soft dependency and not included in the pycaret installation. Please run: `pip install xgboost` to install.
Alternately, you can install this by running `pip install pycaret[models]`
2025-04-17 18:02:39,576:INFO:Engine for model 'lightgbm_cds_dt' has not been set explicitly, hence returning None.
2025-04-17 18:02:39,576:INFO:Engine for model 'catboost_cds_dt' has not been set explicitly, hence returning None.
2025-04-17 18:02:39,576:WARNING:
'catboost' is a soft dependency and not included in the pycaret installation. Please run: `pip install catboost` to install.
Alternately, you can install this by running `pip install pycaret[models]`
2025-04-17 18:02:39,576:WARNING:
'catboost' is a soft dependency and not included in the pycaret installation. Please run: `pip install catboost` to install.
Alternately, you can install this by running `pip install pycaret[models]`
2025-04-17 18:02:39,580:WARNING:
'prophet' is a soft dependency and not included in the pycaret installation. Please run: `pip install prophet` to install.
2025-04-17 18:02:39,580:INFO:Engine for model 'br_cds_dt' has not been set explicitly, hence returning None.
2025-04-17 18:02:39,580:INFO:Engine for model 'huber_cds_dt' has not been set explicitly, hence returning None.
2025-04-17 18:02:39,581:INFO:Engine for model 'omp_cds_dt' has not been set explicitly, hence returning None.
2025-04-17 18:02:39,582:INFO:Engine for model 'knn_cds_dt' has not been set explicitly, hence returning None.
2025-04-17 18:02:39,582:INFO:Engine for model 'dt_cds_dt' has not been set explicitly, hence returning None.
2025-04-17 18:02:39,582:INFO:Engine for model 'rf_cds_dt' has not been set explicitly, hence returning None.
2025-04-17 18:02:39,582:INFO:Engine for model 'et_cds_dt' has not been set explicitly, hence returning None.
2025-04-17 18:02:39,582:INFO:Engine for model 'gbr_cds_dt' has not been set explicitly, hence returning None.
2025-04-17 18:02:39,582:INFO:Engine for model 'ada_cds_dt' has not been set explicitly, hence returning None.
2025-04-17 18:02:39,582:INFO:Engine for model 'xgboost_cds_dt' has not been set explicitly, hence returning None.
2025-04-17 18:02:39,582:WARNING:
'xgboost' is a soft dependency and not included in the pycaret installation. Please run: `pip install xgboost` to install.
Alternately, you can install this by running `pip install pycaret[models]`
2025-04-17 18:02:39,582:WARNING:
'xgboost' is a soft dependency and not included in the pycaret installation. Please run: `pip install xgboost` to install.
Alternately, you can install this by running `pip install pycaret[models]`
2025-04-17 18:02:39,582:INFO:Engine for model 'lightgbm_cds_dt' has not been set explicitly, hence returning None.
2025-04-17 18:02:39,583:INFO:Engine for model 'catboost_cds_dt' has not been set explicitly, hence returning None.
2025-04-17 18:02:39,583:WARNING:
'catboost' is a soft dependency and not included in the pycaret installation. Please run: `pip install catboost` to install.
Alternately, you can install this by running `pip install pycaret[models]`
2025-04-17 18:02:39,583:WARNING:
'catboost' is a soft dependency and not included in the pycaret installation. Please run: `pip install catboost` to install.
Alternately, you can install this by running `pip install pycaret[models]`
2025-04-17 18:02:39,583:INFO:Engine successfully changes for model 'br_cds_dt' to 'sklearn'.
2025-04-17 18:02:39,584:WARNING:
'prophet' is a soft dependency and not included in the pycaret installation. Please run: `pip install prophet` to install.
2025-04-17 18:02:39,584:INFO:Engine for model 'huber_cds_dt' has not been set explicitly, hence returning None.
2025-04-17 18:02:39,587:INFO:Engine for model 'omp_cds_dt' has not been set explicitly, hence returning None.
2025-04-17 18:02:39,588:INFO:Engine for model 'knn_cds_dt' has not been set explicitly, hence returning None.
2025-04-17 18:02:39,589:INFO:Engine for model 'dt_cds_dt' has not been set explicitly, hence returning None.
2025-04-17 18:02:39,589:INFO:Engine for model 'rf_cds_dt' has not been set explicitly, hence returning None.
2025-04-17 18:02:39,589:INFO:Engine for model 'et_cds_dt' has not been set explicitly, hence returning None.
2025-04-17 18:02:39,590:INFO:Engine for model 'gbr_cds_dt' has not been set explicitly, hence returning None.
2025-04-17 18:02:39,590:INFO:Engine for model 'ada_cds_dt' has not been set explicitly, hence returning None.
2025-04-17 18:02:39,591:INFO:Engine for model 'xgboost_cds_dt' has not been set explicitly, hence returning None.
2025-04-17 18:02:39,591:WARNING:
'xgboost' is a soft dependency and not included in the pycaret installation. Please run: `pip install xgboost` to install.
Alternately, you can install this by running `pip install pycaret[models]`
2025-04-17 18:02:39,591:WARNING:
'xgboost' is a soft dependency and not included in the pycaret installation. Please run: `pip install xgboost` to install.
Alternately, you can install this by running `pip install pycaret[models]`
2025-04-17 18:02:39,591:INFO:Engine for model 'lightgbm_cds_dt' has not been set explicitly, hence returning None.
2025-04-17 18:02:39,591:INFO:Engine for model 'catboost_cds_dt' has not been set explicitly, hence returning None.
2025-04-17 18:02:39,591:WARNING:
'catboost' is a soft dependency and not included in the pycaret installation. Please run: `pip install catboost` to install.
Alternately, you can install this by running `pip install pycaret[models]`
2025-04-17 18:02:39,591:WARNING:
'catboost' is a soft dependency and not included in the pycaret installation. Please run: `pip install catboost` to install.
Alternately, you can install this by running `pip install pycaret[models]`
2025-04-17 18:02:39,593:WARNING:
'prophet' is a soft dependency and not included in the pycaret installation. Please run: `pip install prophet` to install.
2025-04-17 18:02:39,593:INFO:Engine for model 'huber_cds_dt' has not been set explicitly, hence returning None.
2025-04-17 18:02:39,594:INFO:Engine for model 'omp_cds_dt' has not been set explicitly, hence returning None.
2025-04-17 18:02:39,594:INFO:Engine for model 'knn_cds_dt' has not been set explicitly, hence returning None.
2025-04-17 18:02:39,595:INFO:Engine for model 'dt_cds_dt' has not been set explicitly, hence returning None.
2025-04-17 18:02:39,595:INFO:Engine for model 'rf_cds_dt' has not been set explicitly, hence returning None.
2025-04-17 18:02:39,595:INFO:Engine for model 'et_cds_dt' has not been set explicitly, hence returning None.
2025-04-17 18:02:39,595:INFO:Engine for model 'gbr_cds_dt' has not been set explicitly, hence returning None.
2025-04-17 18:02:39,595:INFO:Engine for model 'ada_cds_dt' has not been set explicitly, hence returning None.
2025-04-17 18:02:39,595:INFO:Engine for model 'xgboost_cds_dt' has not been set explicitly, hence returning None.
2025-04-17 18:02:39,595:WARNING:
'xgboost' is a soft dependency and not included in the pycaret installation. Please run: `pip install xgboost` to install.
Alternately, you can install this by running `pip install pycaret[models]`
2025-04-17 18:02:39,595:WARNING:
'xgboost' is a soft dependency and not included in the pycaret installation. Please run: `pip install xgboost` to install.
Alternately, you can install this by running `pip install pycaret[models]`
2025-04-17 18:02:39,595:INFO:Engine for model 'lightgbm_cds_dt' has not been set explicitly, hence returning None.
2025-04-17 18:02:39,595:INFO:Engine for model 'catboost_cds_dt' has not been set explicitly, hence returning None.
2025-04-17 18:02:39,595:WARNING:
'catboost' is a soft dependency and not included in the pycaret installation. Please run: `pip install catboost` to install.
Alternately, you can install this by running `pip install pycaret[models]`
2025-04-17 18:02:39,595:WARNING:
'catboost' is a soft dependency and not included in the pycaret installation. Please run: `pip install catboost` to install.
Alternately, you can install this by running `pip install pycaret[models]`
2025-04-17 18:02:39,595:INFO:Engine successfully changes for model 'huber_cds_dt' to 'sklearn'.
2025-04-17 18:02:39,597:WARNING:
'prophet' is a soft dependency and not included in the pycaret installation. Please run: `pip install prophet` to install.
2025-04-17 18:02:39,598:INFO:Engine for model 'omp_cds_dt' has not been set explicitly, hence returning None.
2025-04-17 18:02:39,598:INFO:Engine for model 'knn_cds_dt' has not been set explicitly, hence returning None.
2025-04-17 18:02:39,598:INFO:Engine for model 'dt_cds_dt' has not been set explicitly, hence returning None.
2025-04-17 18:02:39,598:INFO:Engine for model 'rf_cds_dt' has not been set explicitly, hence returning None.
2025-04-17 18:02:39,599:INFO:Engine for model 'et_cds_dt' has not been set explicitly, hence returning None.
2025-04-17 18:02:39,599:INFO:Engine for model 'gbr_cds_dt' has not been set explicitly, hence returning None.
2025-04-17 18:02:39,599:INFO:Engine for model 'ada_cds_dt' has not been set explicitly, hence returning None.
2025-04-17 18:02:39,599:INFO:Engine for model 'xgboost_cds_dt' has not been set explicitly, hence returning None.
2025-04-17 18:02:39,599:WARNING:
'xgboost' is a soft dependency and not included in the pycaret installation. Please run: `pip install xgboost` to install.
Alternately, you can install this by running `pip install pycaret[models]`
2025-04-17 18:02:39,599:WARNING:
'xgboost' is a soft dependency and not included in the pycaret installation. Please run: `pip install xgboost` to install.
Alternately, you can install this by running `pip install pycaret[models]`
2025-04-17 18:02:39,599:INFO:Engine for model 'lightgbm_cds_dt' has not been set explicitly, hence returning None.
2025-04-17 18:02:39,599:INFO:Engine for model 'catboost_cds_dt' has not been set explicitly, hence returning None.
2025-04-17 18:02:39,599:WARNING:
'catboost' is a soft dependency and not included in the pycaret installation. Please run: `pip install catboost` to install.
Alternately, you can install this by running `pip install pycaret[models]`
2025-04-17 18:02:39,599:WARNING:
'catboost' is a soft dependency and not included in the pycaret installation. Please run: `pip install catboost` to install.
Alternately, you can install this by running `pip install pycaret[models]`
2025-04-17 18:02:39,601:WARNING:
'prophet' is a soft dependency and not included in the pycaret installation. Please run: `pip install prophet` to install.
2025-04-17 18:02:39,604:INFO:Engine for model 'omp_cds_dt' has not been set explicitly, hence returning None.
2025-04-17 18:02:39,605:INFO:Engine for model 'knn_cds_dt' has not been set explicitly, hence returning None.
2025-04-17 18:02:39,605:INFO:Engine for model 'dt_cds_dt' has not been set explicitly, hence returning None.
2025-04-17 18:02:39,605:INFO:Engine for model 'rf_cds_dt' has not been set explicitly, hence returning None.
2025-04-17 18:02:39,606:INFO:Engine for model 'et_cds_dt' has not been set explicitly, hence returning None.
2025-04-17 18:02:39,606:INFO:Engine for model 'gbr_cds_dt' has not been set explicitly, hence returning None.
2025-04-17 18:02:39,606:INFO:Engine for model 'ada_cds_dt' has not been set explicitly, hence returning None.
2025-04-17 18:02:39,606:INFO:Engine for model 'xgboost_cds_dt' has not been set explicitly, hence returning None.
2025-04-17 18:02:39,606:WARNING:
'xgboost' is a soft dependency and not included in the pycaret installation. Please run: `pip install xgboost` to install.
Alternately, you can install this by running `pip install pycaret[models]`
2025-04-17 18:02:39,606:WARNING:
'xgboost' is a soft dependency and not included in the pycaret installation. Please run: `pip install xgboost` to install.
Alternately, you can install this by running `pip install pycaret[models]`
2025-04-17 18:02:39,606:INFO:Engine for model 'lightgbm_cds_dt' has not been set explicitly, hence returning None.
2025-04-17 18:02:39,606:INFO:Engine for model 'catboost_cds_dt' has not been set explicitly, hence returning None.
2025-04-17 18:02:39,606:WARNING:
'catboost' is a soft dependency and not included in the pycaret installation. Please run: `pip install catboost` to install.
Alternately, you can install this by running `pip install pycaret[models]`
2025-04-17 18:02:39,606:WARNING:
'catboost' is a soft dependency and not included in the pycaret installation. Please run: `pip install catboost` to install.
Alternately, you can install this by running `pip install pycaret[models]`
2025-04-17 18:02:39,606:INFO:Engine successfully changes for model 'par_cds_dt' to 'sklearn'.
2025-04-17 18:02:39,608:WARNING:
'prophet' is a soft dependency and not included in the pycaret installation. Please run: `pip install prophet` to install.
2025-04-17 18:02:39,609:INFO:Engine for model 'omp_cds_dt' has not been set explicitly, hence returning None.
2025-04-17 18:02:39,611:INFO:Engine for model 'knn_cds_dt' has not been set explicitly, hence returning None.
2025-04-17 18:02:39,611:INFO:Engine for model 'dt_cds_dt' has not been set explicitly, hence returning None.
2025-04-17 18:02:39,611:INFO:Engine for model 'rf_cds_dt' has not been set explicitly, hence returning None.
2025-04-17 18:02:39,612:INFO:Engine for model 'et_cds_dt' has not been set explicitly, hence returning None.
2025-04-17 18:02:39,612:INFO:Engine for model 'gbr_cds_dt' has not been set explicitly, hence returning None.
2025-04-17 18:02:39,618:INFO:Engine for model 'ada_cds_dt' has not been set explicitly, hence returning None.
2025-04-17 18:02:39,619:INFO:Engine for model 'xgboost_cds_dt' has not been set explicitly, hence returning None.
2025-04-17 18:02:39,619:WARNING:
'xgboost' is a soft dependency and not included in the pycaret installation. Please run: `pip install xgboost` to install.
Alternately, you can install this by running `pip install pycaret[models]`
2025-04-17 18:02:39,619:WARNING:
'xgboost' is a soft dependency and not included in the pycaret installation. Please run: `pip install xgboost` to install.
Alternately, you can install this by running `pip install pycaret[models]`
2025-04-17 18:02:39,619:INFO:Engine for model 'lightgbm_cds_dt' has not been set explicitly, hence returning None.
2025-04-17 18:02:39,619:INFO:Engine for model 'catboost_cds_dt' has not been set explicitly, hence returning None.
2025-04-17 18:02:39,619:WARNING:
'catboost' is a soft dependency and not included in the pycaret installation. Please run: `pip install catboost` to install.
Alternately, you can install this by running `pip install pycaret[models]`
2025-04-17 18:02:39,619:WARNING:
'catboost' is a soft dependency and not included in the pycaret installation. Please run: `pip install catboost` to install.
Alternately, you can install this by running `pip install pycaret[models]`
2025-04-17 18:02:39,623:WARNING:
'prophet' is a soft dependency and not included in the pycaret installation. Please run: `pip install prophet` to install.
2025-04-17 18:02:39,626:INFO:Engine for model 'omp_cds_dt' has not been set explicitly, hence returning None.
2025-04-17 18:02:39,628:INFO:Engine for model 'knn_cds_dt' has not been set explicitly, hence returning None.
2025-04-17 18:02:39,628:INFO:Engine for model 'dt_cds_dt' has not been set explicitly, hence returning None.
2025-04-17 18:02:39,628:INFO:Engine for model 'rf_cds_dt' has not been set explicitly, hence returning None.
2025-04-17 18:02:39,628:INFO:Engine for model 'et_cds_dt' has not been set explicitly, hence returning None.
2025-04-17 18:02:39,629:INFO:Engine for model 'gbr_cds_dt' has not been set explicitly, hence returning None.
2025-04-17 18:02:39,629:INFO:Engine for model 'ada_cds_dt' has not been set explicitly, hence returning None.
2025-04-17 18:02:39,629:INFO:Engine for model 'xgboost_cds_dt' has not been set explicitly, hence returning None.
2025-04-17 18:02:39,630:WARNING:
'xgboost' is a soft dependency and not included in the pycaret installation. Please run: `pip install xgboost` to install.
Alternately, you can install this by running `pip install pycaret[models]`
2025-04-17 18:02:39,630:WARNING:
'xgboost' is a soft dependency and not included in the pycaret installation. Please run: `pip install xgboost` to install.
Alternately, you can install this by running `pip install pycaret[models]`
2025-04-17 18:02:39,630:INFO:Engine for model 'lightgbm_cds_dt' has not been set explicitly, hence returning None.
2025-04-17 18:02:39,630:INFO:Engine for model 'catboost_cds_dt' has not been set explicitly, hence returning None.
2025-04-17 18:02:39,630:WARNING:
'catboost' is a soft dependency and not included in the pycaret installation. Please run: `pip install catboost` to install.
Alternately, you can install this by running `pip install pycaret[models]`
2025-04-17 18:02:39,630:WARNING:
'catboost' is a soft dependency and not included in the pycaret installation. Please run: `pip install catboost` to install.
Alternately, you can install this by running `pip install pycaret[models]`
2025-04-17 18:02:39,630:INFO:Engine successfully changes for model 'omp_cds_dt' to 'sklearn'.
2025-04-17 18:02:39,634:WARNING:
'prophet' is a soft dependency and not included in the pycaret installation. Please run: `pip install prophet` to install.
2025-04-17 18:02:39,638:INFO:Engine for model 'knn_cds_dt' has not been set explicitly, hence returning None.
2025-04-17 18:02:39,639:INFO:Engine for model 'dt_cds_dt' has not been set explicitly, hence returning None.
2025-04-17 18:02:39,639:INFO:Engine for model 'rf_cds_dt' has not been set explicitly, hence returning None.
2025-04-17 18:02:39,644:INFO:Engine for model 'et_cds_dt' has not been set explicitly, hence returning None.
2025-04-17 18:02:39,644:INFO:Engine for model 'gbr_cds_dt' has not been set explicitly, hence returning None.
2025-04-17 18:02:39,644:INFO:Engine for model 'ada_cds_dt' has not been set explicitly, hence returning None.
2025-04-17 18:02:39,644:INFO:Engine for model 'xgboost_cds_dt' has not been set explicitly, hence returning None.
2025-04-17 18:02:39,644:WARNING:
'xgboost' is a soft dependency and not included in the pycaret installation. Please run: `pip install xgboost` to install.
Alternately, you can install this by running `pip install pycaret[models]`
2025-04-17 18:02:39,644:WARNING:
'xgboost' is a soft dependency and not included in the pycaret installation. Please run: `pip install xgboost` to install.
Alternately, you can install this by running `pip install pycaret[models]`
2025-04-17 18:02:39,644:INFO:Engine for model 'lightgbm_cds_dt' has not been set explicitly, hence returning None.
2025-04-17 18:02:39,644:INFO:Engine for model 'catboost_cds_dt' has not been set explicitly, hence returning None.
2025-04-17 18:02:39,644:WARNING:
'catboost' is a soft dependency and not included in the pycaret installation. Please run: `pip install catboost` to install.
Alternately, you can install this by running `pip install pycaret[models]`
2025-04-17 18:02:39,644:WARNING:
'catboost' is a soft dependency and not included in the pycaret installation. Please run: `pip install catboost` to install.
Alternately, you can install this by running `pip install pycaret[models]`
2025-04-17 18:02:39,646:WARNING:
'prophet' is a soft dependency and not included in the pycaret installation. Please run: `pip install prophet` to install.
2025-04-17 18:02:39,647:INFO:Engine for model 'knn_cds_dt' has not been set explicitly, hence returning None.
2025-04-17 18:02:39,648:INFO:Engine for model 'dt_cds_dt' has not been set explicitly, hence returning None.
2025-04-17 18:02:39,648:INFO:Engine for model 'rf_cds_dt' has not been set explicitly, hence returning None.
2025-04-17 18:02:39,648:INFO:Engine for model 'et_cds_dt' has not been set explicitly, hence returning None.
2025-04-17 18:02:39,648:INFO:Engine for model 'gbr_cds_dt' has not been set explicitly, hence returning None.
2025-04-17 18:02:39,648:INFO:Engine for model 'ada_cds_dt' has not been set explicitly, hence returning None.
2025-04-17 18:02:39,648:INFO:Engine for model 'xgboost_cds_dt' has not been set explicitly, hence returning None.
2025-04-17 18:02:39,648:WARNING:
'xgboost' is a soft dependency and not included in the pycaret installation. Please run: `pip install xgboost` to install.
Alternately, you can install this by running `pip install pycaret[models]`
2025-04-17 18:02:39,648:WARNING:
'xgboost' is a soft dependency and not included in the pycaret installation. Please run: `pip install xgboost` to install.
Alternately, you can install this by running `pip install pycaret[models]`
2025-04-17 18:02:39,648:INFO:Engine for model 'lightgbm_cds_dt' has not been set explicitly, hence returning None.
2025-04-17 18:02:39,648:INFO:Engine for model 'catboost_cds_dt' has not been set explicitly, hence returning None.
2025-04-17 18:02:39,648:WARNING:
'catboost' is a soft dependency and not included in the pycaret installation. Please run: `pip install catboost` to install.
Alternately, you can install this by running `pip install pycaret[models]`
2025-04-17 18:02:39,648:WARNING:
'catboost' is a soft dependency and not included in the pycaret installation. Please run: `pip install catboost` to install.
Alternately, you can install this by running `pip install pycaret[models]`
2025-04-17 18:02:39,648:INFO:Engine successfully changes for model 'knn_cds_dt' to 'sklearn'.
2025-04-17 18:02:39,650:WARNING:
'prophet' is a soft dependency and not included in the pycaret installation. Please run: `pip install prophet` to install.
2025-04-17 18:02:39,653:INFO:Engine for model 'dt_cds_dt' has not been set explicitly, hence returning None.
2025-04-17 18:02:39,653:INFO:Engine for model 'rf_cds_dt' has not been set explicitly, hence returning None.
2025-04-17 18:02:39,655:INFO:Engine for model 'et_cds_dt' has not been set explicitly, hence returning None.
2025-04-17 18:02:39,656:INFO:Engine for model 'gbr_cds_dt' has not been set explicitly, hence returning None.
2025-04-17 18:02:39,656:INFO:Engine for model 'ada_cds_dt' has not been set explicitly, hence returning None.
2025-04-17 18:02:39,656:INFO:Engine for model 'xgboost_cds_dt' has not been set explicitly, hence returning None.
2025-04-17 18:02:39,656:WARNING:
'xgboost' is a soft dependency and not included in the pycaret installation. Please run: `pip install xgboost` to install.
Alternately, you can install this by running `pip install pycaret[models]`
2025-04-17 18:02:39,656:WARNING:
'xgboost' is a soft dependency and not included in the pycaret installation. Please run: `pip install xgboost` to install.
Alternately, you can install this by running `pip install pycaret[models]`
2025-04-17 18:02:39,656:INFO:Engine for model 'lightgbm_cds_dt' has not been set explicitly, hence returning None.
2025-04-17 18:02:39,656:INFO:Engine for model 'catboost_cds_dt' has not been set explicitly, hence returning None.
2025-04-17 18:02:39,656:WARNING:
'catboost' is a soft dependency and not included in the pycaret installation. Please run: `pip install catboost` to install.
Alternately, you can install this by running `pip install pycaret[models]`
2025-04-17 18:02:39,656:WARNING:
'catboost' is a soft dependency and not included in the pycaret installation. Please run: `pip install catboost` to install.
Alternately, you can install this by running `pip install pycaret[models]`
2025-04-17 18:02:39,660:WARNING:
'prophet' is a soft dependency and not included in the pycaret installation. Please run: `pip install prophet` to install.
2025-04-17 18:02:39,666:INFO:Engine for model 'dt_cds_dt' has not been set explicitly, hence returning None.
2025-04-17 18:02:39,667:INFO:Engine for model 'rf_cds_dt' has not been set explicitly, hence returning None.
2025-04-17 18:02:39,667:INFO:Engine for model 'et_cds_dt' has not been set explicitly, hence returning None.
2025-04-17 18:02:39,668:INFO:Engine for model 'gbr_cds_dt' has not been set explicitly, hence returning None.
2025-04-17 18:02:39,669:INFO:Engine for model 'ada_cds_dt' has not been set explicitly, hence returning None.
2025-04-17 18:02:39,669:INFO:Engine for model 'xgboost_cds_dt' has not been set explicitly, hence returning None.
2025-04-17 18:02:39,669:WARNING:
'xgboost' is a soft dependency and not included in the pycaret installation. Please run: `pip install xgboost` to install.
Alternately, you can install this by running `pip install pycaret[models]`
2025-04-17 18:02:39,669:WARNING:
'xgboost' is a soft dependency and not included in the pycaret installation. Please run: `pip install xgboost` to install.
Alternately, you can install this by running `pip install pycaret[models]`
2025-04-17 18:02:39,669:INFO:Engine for model 'lightgbm_cds_dt' has not been set explicitly, hence returning None.
2025-04-17 18:02:39,671:INFO:Engine for model 'catboost_cds_dt' has not been set explicitly, hence returning None.
2025-04-17 18:02:39,671:WARNING:
'catboost' is a soft dependency and not included in the pycaret installation. Please run: `pip install catboost` to install.
Alternately, you can install this by running `pip install pycaret[models]`
2025-04-17 18:02:39,675:WARNING:
'catboost' is a soft dependency and not included in the pycaret installation. Please run: `pip install catboost` to install.
Alternately, you can install this by running `pip install pycaret[models]`
2025-04-17 18:02:39,675:INFO:Engine successfully changes for model 'dt_cds_dt' to 'sklearn'.
2025-04-17 18:02:39,677:WARNING:
'prophet' is a soft dependency and not included in the pycaret installation. Please run: `pip install prophet` to install.
2025-04-17 18:02:39,679:INFO:Engine for model 'rf_cds_dt' has not been set explicitly, hence returning None.
2025-04-17 18:02:39,679:INFO:Engine for model 'et_cds_dt' has not been set explicitly, hence returning None.
2025-04-17 18:02:39,679:INFO:Engine for model 'gbr_cds_dt' has not been set explicitly, hence returning None.
2025-04-17 18:02:39,679:INFO:Engine for model 'ada_cds_dt' has not been set explicitly, hence returning None.
2025-04-17 18:02:39,679:INFO:Engine for model 'xgboost_cds_dt' has not been set explicitly, hence returning None.
2025-04-17 18:02:39,679:WARNING:
'xgboost' is a soft dependency and not included in the pycaret installation. Please run: `pip install xgboost` to install.
Alternately, you can install this by running `pip install pycaret[models]`
2025-04-17 18:02:39,679:WARNING:
'xgboost' is a soft dependency and not included in the pycaret installation. Please run: `pip install xgboost` to install.
Alternately, you can install this by running `pip install pycaret[models]`
2025-04-17 18:02:39,679:INFO:Engine for model 'lightgbm_cds_dt' has not been set explicitly, hence returning None.
2025-04-17 18:02:39,680:INFO:Engine for model 'catboost_cds_dt' has not been set explicitly, hence returning None.
2025-04-17 18:02:39,680:WARNING:
'catboost' is a soft dependency and not included in the pycaret installation. Please run: `pip install catboost` to install.
Alternately, you can install this by running `pip install pycaret[models]`
2025-04-17 18:02:39,680:WARNING:
'catboost' is a soft dependency and not included in the pycaret installation. Please run: `pip install catboost` to install.
Alternately, you can install this by running `pip install pycaret[models]`
2025-04-17 18:02:39,681:WARNING:
'prophet' is a soft dependency and not included in the pycaret installation. Please run: `pip install prophet` to install.
2025-04-17 18:02:39,683:INFO:Engine for model 'rf_cds_dt' has not been set explicitly, hence returning None.
2025-04-17 18:02:39,683:INFO:Engine for model 'et_cds_dt' has not been set explicitly, hence returning None.
2025-04-17 18:02:39,683:INFO:Engine for model 'gbr_cds_dt' has not been set explicitly, hence returning None.
2025-04-17 18:02:39,683:INFO:Engine for model 'ada_cds_dt' has not been set explicitly, hence returning None.
2025-04-17 18:02:39,683:INFO:Engine for model 'xgboost_cds_dt' has not been set explicitly, hence returning None.
2025-04-17 18:02:39,683:WARNING:
'xgboost' is a soft dependency and not included in the pycaret installation. Please run: `pip install xgboost` to install.
Alternately, you can install this by running `pip install pycaret[models]`
2025-04-17 18:02:39,683:WARNING:
'xgboost' is a soft dependency and not included in the pycaret installation. Please run: `pip install xgboost` to install.
Alternately, you can install this by running `pip install pycaret[models]`
2025-04-17 18:02:39,683:INFO:Engine for model 'lightgbm_cds_dt' has not been set explicitly, hence returning None.
2025-04-17 18:02:39,683:INFO:Engine for model 'catboost_cds_dt' has not been set explicitly, hence returning None.
2025-04-17 18:02:39,683:WARNING:
'catboost' is a soft dependency and not included in the pycaret installation. Please run: `pip install catboost` to install.
Alternately, you can install this by running `pip install pycaret[models]`
2025-04-17 18:02:39,683:WARNING:
'catboost' is a soft dependency and not included in the pycaret installation. Please run: `pip install catboost` to install.
Alternately, you can install this by running `pip install pycaret[models]`
2025-04-17 18:02:39,683:INFO:Engine successfully changes for model 'rf_cds_dt' to 'sklearn'.
2025-04-17 18:02:39,691:WARNING:
'prophet' is a soft dependency and not included in the pycaret installation. Please run: `pip install prophet` to install.
2025-04-17 18:02:39,707:INFO:Engine for model 'et_cds_dt' has not been set explicitly, hence returning None.
2025-04-17 18:02:39,708:INFO:Engine for model 'gbr_cds_dt' has not been set explicitly, hence returning None.
2025-04-17 18:02:39,708:INFO:Engine for model 'ada_cds_dt' has not been set explicitly, hence returning None.
2025-04-17 18:02:39,708:INFO:Engine for model 'xgboost_cds_dt' has not been set explicitly, hence returning None.
2025-04-17 18:02:39,708:WARNING:
'xgboost' is a soft dependency and not included in the pycaret installation. Please run: `pip install xgboost` to install.
Alternately, you can install this by running `pip install pycaret[models]`
2025-04-17 18:02:39,708:WARNING:
'xgboost' is a soft dependency and not included in the pycaret installation. Please run: `pip install xgboost` to install.
Alternately, you can install this by running `pip install pycaret[models]`
2025-04-17 18:02:39,708:INFO:Engine for model 'lightgbm_cds_dt' has not been set explicitly, hence returning None.
2025-04-17 18:02:39,709:INFO:Engine for model 'catboost_cds_dt' has not been set explicitly, hence returning None.
2025-04-17 18:02:39,709:WARNING:
'catboost' is a soft dependency and not included in the pycaret installation. Please run: `pip install catboost` to install.
Alternately, you can install this by running `pip install pycaret[models]`
2025-04-17 18:02:39,709:WARNING:
'catboost' is a soft dependency and not included in the pycaret installation. Please run: `pip install catboost` to install.
Alternately, you can install this by running `pip install pycaret[models]`
2025-04-17 18:02:39,795:WARNING:
'prophet' is a soft dependency and not included in the pycaret installation. Please run: `pip install prophet` to install.
2025-04-17 18:02:39,797:INFO:Engine for model 'et_cds_dt' has not been set explicitly, hence returning None.
2025-04-17 18:02:39,797:INFO:Engine for model 'gbr_cds_dt' has not been set explicitly, hence returning None.
2025-04-17 18:02:39,798:INFO:Engine for model 'ada_cds_dt' has not been set explicitly, hence returning None.
2025-04-17 18:02:39,798:INFO:Engine for model 'xgboost_cds_dt' has not been set explicitly, hence returning None.
2025-04-17 18:02:39,798:WARNING:
'xgboost' is a soft dependency and not included in the pycaret installation. Please run: `pip install xgboost` to install.
Alternately, you can install this by running `pip install pycaret[models]`
2025-04-17 18:02:39,798:WARNING:
'xgboost' is a soft dependency and not included in the pycaret installation. Please run: `pip install xgboost` to install.
Alternately, you can install this by running `pip install pycaret[models]`
2025-04-17 18:02:39,798:INFO:Engine for model 'lightgbm_cds_dt' has not been set explicitly, hence returning None.
2025-04-17 18:02:39,798:INFO:Engine for model 'catboost_cds_dt' has not been set explicitly, hence returning None.
2025-04-17 18:02:39,798:WARNING:
'catboost' is a soft dependency and not included in the pycaret installation. Please run: `pip install catboost` to install.
Alternately, you can install this by running `pip install pycaret[models]`
2025-04-17 18:02:39,798:WARNING:
'catboost' is a soft dependency and not included in the pycaret installation. Please run: `pip install catboost` to install.
Alternately, you can install this by running `pip install pycaret[models]`
2025-04-17 18:02:39,798:INFO:Engine successfully changes for model 'et_cds_dt' to 'sklearn'.
2025-04-17 18:02:39,799:WARNING:
'prophet' is a soft dependency and not included in the pycaret installation. Please run: `pip install prophet` to install.
2025-04-17 18:02:39,801:INFO:Engine for model 'gbr_cds_dt' has not been set explicitly, hence returning None.
2025-04-17 18:02:39,801:INFO:Engine for model 'ada_cds_dt' has not been set explicitly, hence returning None.
2025-04-17 18:02:39,801:INFO:Engine for model 'xgboost_cds_dt' has not been set explicitly, hence returning None.
2025-04-17 18:02:39,801:WARNING:
'xgboost' is a soft dependency and not included in the pycaret installation. Please run: `pip install xgboost` to install.
Alternately, you can install this by running `pip install pycaret[models]`
2025-04-17 18:02:39,801:WARNING:
'xgboost' is a soft dependency and not included in the pycaret installation. Please run: `pip install xgboost` to install.
Alternately, you can install this by running `pip install pycaret[models]`
2025-04-17 18:02:39,801:INFO:Engine for model 'lightgbm_cds_dt' has not been set explicitly, hence returning None.
2025-04-17 18:02:39,801:INFO:Engine for model 'catboost_cds_dt' has not been set explicitly, hence returning None.
2025-04-17 18:02:39,801:WARNING:
'catboost' is a soft dependency and not included in the pycaret installation. Please run: `pip install catboost` to install.
Alternately, you can install this by running `pip install pycaret[models]`
2025-04-17 18:02:39,801:WARNING:
'catboost' is a soft dependency and not included in the pycaret installation. Please run: `pip install catboost` to install.
Alternately, you can install this by running `pip install pycaret[models]`
2025-04-17 18:02:39,803:WARNING:
'prophet' is a soft dependency and not included in the pycaret installation. Please run: `pip install prophet` to install.
2025-04-17 18:02:39,807:INFO:Engine for model 'gbr_cds_dt' has not been set explicitly, hence returning None.
2025-04-17 18:02:39,807:INFO:Engine for model 'ada_cds_dt' has not been set explicitly, hence returning None.
2025-04-17 18:02:39,807:INFO:Engine for model 'xgboost_cds_dt' has not been set explicitly, hence returning None.
2025-04-17 18:02:39,807:WARNING:
'xgboost' is a soft dependency and not included in the pycaret installation. Please run: `pip install xgboost` to install.
Alternately, you can install this by running `pip install pycaret[models]`
2025-04-17 18:02:39,807:WARNING:
'xgboost' is a soft dependency and not included in the pycaret installation. Please run: `pip install xgboost` to install.
Alternately, you can install this by running `pip install pycaret[models]`
2025-04-17 18:02:39,807:INFO:Engine for model 'lightgbm_cds_dt' has not been set explicitly, hence returning None.
2025-04-17 18:02:39,807:INFO:Engine for model 'catboost_cds_dt' has not been set explicitly, hence returning None.
2025-04-17 18:02:39,807:WARNING:
'catboost' is a soft dependency and not included in the pycaret installation. Please run: `pip install catboost` to install.
Alternately, you can install this by running `pip install pycaret[models]`
2025-04-17 18:02:39,807:WARNING:
'catboost' is a soft dependency and not included in the pycaret installation. Please run: `pip install catboost` to install.
Alternately, you can install this by running `pip install pycaret[models]`
2025-04-17 18:02:39,807:INFO:Engine successfully changes for model 'gbr_cds_dt' to 'sklearn'.
2025-04-17 18:02:39,809:WARNING:
'prophet' is a soft dependency and not included in the pycaret installation. Please run: `pip install prophet` to install.
2025-04-17 18:02:39,811:INFO:Engine for model 'ada_cds_dt' has not been set explicitly, hence returning None.
2025-04-17 18:02:39,811:INFO:Engine for model 'xgboost_cds_dt' has not been set explicitly, hence returning None.
2025-04-17 18:02:39,811:WARNING:
'xgboost' is a soft dependency and not included in the pycaret installation. Please run: `pip install xgboost` to install.
Alternately, you can install this by running `pip install pycaret[models]`
2025-04-17 18:02:39,811:WARNING:
'xgboost' is a soft dependency and not included in the pycaret installation. Please run: `pip install xgboost` to install.
Alternately, you can install this by running `pip install pycaret[models]`
2025-04-17 18:02:39,811:INFO:Engine for model 'lightgbm_cds_dt' has not been set explicitly, hence returning None.
2025-04-17 18:02:39,811:INFO:Engine for model 'catboost_cds_dt' has not been set explicitly, hence returning None.
2025-04-17 18:02:39,811:WARNING:
'catboost' is a soft dependency and not included in the pycaret installation. Please run: `pip install catboost` to install.
Alternately, you can install this by running `pip install pycaret[models]`
2025-04-17 18:02:39,811:WARNING:
'catboost' is a soft dependency and not included in the pycaret installation. Please run: `pip install catboost` to install.
Alternately, you can install this by running `pip install pycaret[models]`
2025-04-17 18:02:39,812:WARNING:
'prophet' is a soft dependency and not included in the pycaret installation. Please run: `pip install prophet` to install.
2025-04-17 18:02:39,819:INFO:Engine for model 'ada_cds_dt' has not been set explicitly, hence returning None.
2025-04-17 18:02:39,820:INFO:Engine for model 'xgboost_cds_dt' has not been set explicitly, hence returning None.
2025-04-17 18:02:39,820:WARNING:
'xgboost' is a soft dependency and not included in the pycaret installation. Please run: `pip install xgboost` to install.
Alternately, you can install this by running `pip install pycaret[models]`
2025-04-17 18:02:39,820:WARNING:
'xgboost' is a soft dependency and not included in the pycaret installation. Please run: `pip install xgboost` to install.
Alternately, you can install this by running `pip install pycaret[models]`
2025-04-17 18:02:39,820:INFO:Engine for model 'lightgbm_cds_dt' has not been set explicitly, hence returning None.
2025-04-17 18:02:39,820:INFO:Engine for model 'catboost_cds_dt' has not been set explicitly, hence returning None.
2025-04-17 18:02:39,820:WARNING:
'catboost' is a soft dependency and not included in the pycaret installation. Please run: `pip install catboost` to install.
Alternately, you can install this by running `pip install pycaret[models]`
2025-04-17 18:02:39,820:WARNING:
'catboost' is a soft dependency and not included in the pycaret installation. Please run: `pip install catboost` to install.
Alternately, you can install this by running `pip install pycaret[models]`
2025-04-17 18:02:39,821:INFO:Engine successfully changes for model 'ada_cds_dt' to 'sklearn'.
2025-04-17 18:02:39,824:WARNING:
'prophet' is a soft dependency and not included in the pycaret installation. Please run: `pip install prophet` to install.
2025-04-17 18:02:39,832:INFO:Engine for model 'xgboost_cds_dt' has not been set explicitly, hence returning None.
2025-04-17 18:02:39,832:WARNING:
'xgboost' is a soft dependency and not included in the pycaret installation. Please run: `pip install xgboost` to install.
Alternately, you can install this by running `pip install pycaret[models]`
2025-04-17 18:02:39,832:WARNING:
'xgboost' is a soft dependency and not included in the pycaret installation. Please run: `pip install xgboost` to install.
Alternately, you can install this by running `pip install pycaret[models]`
2025-04-17 18:02:39,832:INFO:Engine for model 'lightgbm_cds_dt' has not been set explicitly, hence returning None.
2025-04-17 18:02:39,832:INFO:Engine for model 'catboost_cds_dt' has not been set explicitly, hence returning None.
2025-04-17 18:02:39,832:WARNING:
'catboost' is a soft dependency and not included in the pycaret installation. Please run: `pip install catboost` to install.
Alternately, you can install this by running `pip install pycaret[models]`
2025-04-17 18:02:39,832:WARNING:
'catboost' is a soft dependency and not included in the pycaret installation. Please run: `pip install catboost` to install.
Alternately, you can install this by running `pip install pycaret[models]`
2025-04-17 18:02:39,834:WARNING:
'prophet' is a soft dependency and not included in the pycaret installation. Please run: `pip install prophet` to install.
2025-04-17 18:02:39,837:INFO:Engine for model 'xgboost_cds_dt' has not been set explicitly, hence returning None.
2025-04-17 18:02:39,837:WARNING:
'xgboost' is a soft dependency and not included in the pycaret installation. Please run: `pip install xgboost` to install.
Alternately, you can install this by running `pip install pycaret[models]`
2025-04-17 18:02:39,837:WARNING:
'xgboost' is a soft dependency and not included in the pycaret installation. Please run: `pip install xgboost` to install.
Alternately, you can install this by running `pip install pycaret[models]`
2025-04-17 18:02:39,837:INFO:Engine for model 'lightgbm_cds_dt' has not been set explicitly, hence returning None.
2025-04-17 18:02:39,837:INFO:Engine for model 'catboost_cds_dt' has not been set explicitly, hence returning None.
2025-04-17 18:02:39,837:WARNING:
'catboost' is a soft dependency and not included in the pycaret installation. Please run: `pip install catboost` to install.
Alternately, you can install this by running `pip install pycaret[models]`
2025-04-17 18:02:39,837:WARNING:
'catboost' is a soft dependency and not included in the pycaret installation. Please run: `pip install catboost` to install.
Alternately, you can install this by running `pip install pycaret[models]`
2025-04-17 18:02:39,838:INFO:Engine successfully changes for model 'xgboost_cds_dt' to 'sklearn'.
2025-04-17 18:02:39,839:WARNING:
'prophet' is a soft dependency and not included in the pycaret installation. Please run: `pip install prophet` to install.
2025-04-17 18:02:39,842:WARNING:
'xgboost' is a soft dependency and not included in the pycaret installation. Please run: `pip install xgboost` to install.
Alternately, you can install this by running `pip install pycaret[models]`
2025-04-17 18:02:39,842:WARNING:
'xgboost' is a soft dependency and not included in the pycaret installation. Please run: `pip install xgboost` to install.
Alternately, you can install this by running `pip install pycaret[models]`
2025-04-17 18:02:39,842:INFO:Engine for model 'lightgbm_cds_dt' has not been set explicitly, hence returning None.
2025-04-17 18:02:39,843:INFO:Engine for model 'catboost_cds_dt' has not been set explicitly, hence returning None.
2025-04-17 18:02:39,843:WARNING:
'catboost' is a soft dependency and not included in the pycaret installation. Please run: `pip install catboost` to install.
Alternately, you can install this by running `pip install pycaret[models]`
2025-04-17 18:02:39,843:WARNING:
'catboost' is a soft dependency and not included in the pycaret installation. Please run: `pip install catboost` to install.
Alternately, you can install this by running `pip install pycaret[models]`
2025-04-17 18:02:39,846:WARNING:
'prophet' is a soft dependency and not included in the pycaret installation. Please run: `pip install prophet` to install.
2025-04-17 18:02:39,852:WARNING:
'xgboost' is a soft dependency and not included in the pycaret installation. Please run: `pip install xgboost` to install.
Alternately, you can install this by running `pip install pycaret[models]`
2025-04-17 18:02:39,852:WARNING:
'xgboost' is a soft dependency and not included in the pycaret installation. Please run: `pip install xgboost` to install.
Alternately, you can install this by running `pip install pycaret[models]`
2025-04-17 18:02:39,852:INFO:Engine for model 'lightgbm_cds_dt' has not been set explicitly, hence returning None.
2025-04-17 18:02:39,852:INFO:Engine for model 'catboost_cds_dt' has not been set explicitly, hence returning None.
2025-04-17 18:02:39,853:WARNING:
'catboost' is a soft dependency and not included in the pycaret installation. Please run: `pip install catboost` to install.
Alternately, you can install this by running `pip install pycaret[models]`
2025-04-17 18:02:39,853:WARNING:
'catboost' is a soft dependency and not included in the pycaret installation. Please run: `pip install catboost` to install.
Alternately, you can install this by running `pip install pycaret[models]`
2025-04-17 18:02:39,853:INFO:Engine successfully changes for model 'lightgbm_cds_dt' to 'sklearn'.
2025-04-17 18:02:39,854:WARNING:
'prophet' is a soft dependency and not included in the pycaret installation. Please run: `pip install prophet` to install.
2025-04-17 18:02:39,856:WARNING:
'xgboost' is a soft dependency and not included in the pycaret installation. Please run: `pip install xgboost` to install.
Alternately, you can install this by running `pip install pycaret[models]`
2025-04-17 18:02:39,856:WARNING:
'xgboost' is a soft dependency and not included in the pycaret installation. Please run: `pip install xgboost` to install.
Alternately, you can install this by running `pip install pycaret[models]`
2025-04-17 18:02:39,857:INFO:Engine for model 'catboost_cds_dt' has not been set explicitly, hence returning None.
2025-04-17 18:02:39,857:WARNING:
'catboost' is a soft dependency and not included in the pycaret installation. Please run: `pip install catboost` to install.
Alternately, you can install this by running `pip install pycaret[models]`
2025-04-17 18:02:39,857:WARNING:
'catboost' is a soft dependency and not included in the pycaret installation. Please run: `pip install catboost` to install.
Alternately, you can install this by running `pip install pycaret[models]`
2025-04-17 18:02:39,863:WARNING:
'prophet' is a soft dependency and not included in the pycaret installation. Please run: `pip install prophet` to install.
2025-04-17 18:02:39,871:WARNING:
'xgboost' is a soft dependency and not included in the pycaret installation. Please run: `pip install xgboost` to install.
Alternately, you can install this by running `pip install pycaret[models]`
2025-04-17 18:02:39,871:WARNING:
'xgboost' is a soft dependency and not included in the pycaret installation. Please run: `pip install xgboost` to install.
Alternately, you can install this by running `pip install pycaret[models]`
2025-04-17 18:02:39,872:INFO:Engine for model 'catboost_cds_dt' has not been set explicitly, hence returning None.
2025-04-17 18:02:39,872:WARNING:
'catboost' is a soft dependency and not included in the pycaret installation. Please run: `pip install catboost` to install.
Alternately, you can install this by running `pip install pycaret[models]`
2025-04-17 18:02:39,872:WARNING:
'catboost' is a soft dependency and not included in the pycaret installation. Please run: `pip install catboost` to install.
Alternately, you can install this by running `pip install pycaret[models]`
2025-04-17 18:02:39,872:INFO:Engine successfully changes for model 'catboost_cds_dt' to 'sklearn'.
2025-04-17 18:02:39,874:WARNING:
'prophet' is a soft dependency and not included in the pycaret installation. Please run: `pip install prophet` to install.
2025-04-17 18:02:39,880:WARNING:
'xgboost' is a soft dependency and not included in the pycaret installation. Please run: `pip install xgboost` to install.
Alternately, you can install this by running `pip install pycaret[models]`
2025-04-17 18:02:39,880:WARNING:
'xgboost' is a soft dependency and not included in the pycaret installation. Please run: `pip install xgboost` to install.
Alternately, you can install this by running `pip install pycaret[models]`
2025-04-17 18:02:39,880:WARNING:
'catboost' is a soft dependency and not included in the pycaret installation. Please run: `pip install catboost` to install.
Alternately, you can install this by running `pip install pycaret[models]`
2025-04-17 18:02:39,880:WARNING:
'catboost' is a soft dependency and not included in the pycaret installation. Please run: `pip install catboost` to install.
Alternately, you can install this by running `pip install pycaret[models]`
2025-04-17 18:02:39,883:WARNING:
'prophet' is a soft dependency and not included in the pycaret installation. Please run: `pip install prophet` to install.
2025-04-17 18:02:39,890:WARNING:
'xgboost' is a soft dependency and not included in the pycaret installation. Please run: `pip install xgboost` to install.
Alternately, you can install this by running `pip install pycaret[models]`
2025-04-17 18:02:39,890:WARNING:
'xgboost' is a soft dependency and not included in the pycaret installation. Please run: `pip install xgboost` to install.
Alternately, you can install this by running `pip install pycaret[models]`
2025-04-17 18:02:39,891:WARNING:
'catboost' is a soft dependency and not included in the pycaret installation. Please run: `pip install catboost` to install.
Alternately, you can install this by running `pip install pycaret[models]`
2025-04-17 18:02:39,891:WARNING:
'catboost' is a soft dependency and not included in the pycaret installation. Please run: `pip install catboost` to install.
Alternately, you can install this by running `pip install pycaret[models]`
2025-04-17 18:02:39,892:WARNING:
'prophet' is a soft dependency and not included in the pycaret installation. Please run: `pip install prophet` to install.
2025-04-17 18:02:39,898:WARNING:
'xgboost' is a soft dependency and not included in the pycaret installation. Please run: `pip install xgboost` to install.
Alternately, you can install this by running `pip install pycaret[models]`
2025-04-17 18:02:39,899:WARNING:
'xgboost' is a soft dependency and not included in the pycaret installation. Please run: `pip install xgboost` to install.
Alternately, you can install this by running `pip install pycaret[models]`
2025-04-17 18:02:39,900:WARNING:
'catboost' is a soft dependency and not included in the pycaret installation. Please run: `pip install catboost` to install.
Alternately, you can install this by running `pip install pycaret[models]`
2025-04-17 18:02:39,900:WARNING:
'catboost' is a soft dependency and not included in the pycaret installation. Please run: `pip install catboost` to install.
Alternately, you can install this by running `pip install pycaret[models]`
2025-04-17 18:02:39,902:WARNING:
'prophet' is a soft dependency and not included in the pycaret installation. Please run: `pip install prophet` to install.
2025-04-17 18:02:39,906:WARNING:
'xgboost' is a soft dependency and not included in the pycaret installation. Please run: `pip install xgboost` to install.
Alternately, you can install this by running `pip install pycaret[models]`
2025-04-17 18:02:39,906:WARNING:
'xgboost' is a soft dependency and not included in the pycaret installation. Please run: `pip install xgboost` to install.
Alternately, you can install this by running `pip install pycaret[models]`
2025-04-17 18:02:39,906:WARNING:
'catboost' is a soft dependency and not included in the pycaret installation. Please run: `pip install catboost` to install.
Alternately, you can install this by running `pip install pycaret[models]`
2025-04-17 18:02:39,906:WARNING:
'catboost' is a soft dependency and not included in the pycaret installation. Please run: `pip install catboost` to install.
Alternately, you can install this by running `pip install pycaret[models]`
2025-04-17 18:02:39,906:INFO:setup() successfully completed in 1.14s...............
2025-04-17 18:02:39,907:INFO:Initializing compare_models()
2025-04-17 18:02:39,907:INFO:compare_models(self=<pycaret.time_series.forecasting.oop.TSForecastingExperiment object at 0x3143c9550>, include=['ets', 'exp_smooth'], exclude=None, fold=None, round=4, cross_validation=True, sort=RMSE, n_select=1, budget_time=None, turbo=True, errors=ignore, fit_kwargs=None, groups=None, experiment_custom_tags=None, probability_threshold=None, verbose=False, parallel=None, caller_params={'self': <pycaret.time_series.forecasting.oop.TSForecastingExperiment object at 0x3143c9550>, 'include': ['ets', 'exp_smooth'], 'exclude': None, 'fold': None, 'round': 4, 'cross_validation': True, 'sort': 'RMSE', 'n_select': 1, 'budget_time': None, 'turbo': True, 'errors': 'ignore', 'fit_kwargs': None, 'experiment_custom_tags': None, 'engine': None, 'verbose': False, 'parallel': None, '__class__': <class 'pycaret.time_series.forecasting.oop.TSForecastingExperiment'>})
2025-04-17 18:02:39,907:INFO:Checking exceptions
2025-04-17 18:02:39,909:INFO:Preparing display monitor
2025-04-17 18:02:39,913:INFO:Initializing ETS
2025-04-17 18:02:39,913:INFO:Total runtime is 2.0305315653483075e-06 minutes
2025-04-17 18:02:39,913:INFO:SubProcess create_model() called ==================================
2025-04-17 18:02:39,913:INFO:Initializing create_model()
2025-04-17 18:02:39,913:INFO:create_model(self=<pycaret.time_series.forecasting.oop.TSForecastingExperiment object at 0x3143c9550>, estimator=ets, fold=None, round=4, cross_validation=True, predict=True, fit_kwargs={}, groups=None, refit=False, probability_threshold=None, experiment_custom_tags=None, verbose=False, system=False, add_to_model_list=True, metrics=None, display=<pycaret.internal.display.display.CommonDisplay object at 0x31473d290>, model_only=True, return_train_score=False, error_score=0.0, kwargs={})
2025-04-17 18:02:39,913:INFO:Checking exceptions
2025-04-17 18:02:39,913:INFO:Importing libraries
2025-04-17 18:02:39,913:INFO:Copying training dataset
2025-04-17 18:02:39,917:INFO:Defining folds
2025-04-17 18:02:39,917:INFO:Declaring metric variables
2025-04-17 18:02:39,917:INFO:Importing untrained model
2025-04-17 18:02:39,922:INFO:ETS Imported successfully
2025-04-17 18:02:39,924:INFO:Starting cross validation
2025-04-17 18:02:39,925:INFO:Cross validating with ExpandingWindowSplitter(fh=ForecastingHorizon([ 1,  2,  3,  4,  5,  6,  7,  8,  9, 10, 11, 12, 13, 14, 15, 16, 17, 18,
       19, 20, 21, 22, 23, 24, 25, 26, 27, 28, 29, 30],
      dtype='int64', is_relative=True),
                        initial_window=1968, step_length=30), n_jobs=-1
2025-04-17 18:02:50,288:WARNING:/opt/anaconda3/envs/LSTM/lib/python3.11/site-packages/sklearn/metrics/_regression.py:483: FutureWarning: 'squared' is deprecated in version 1.4 and will be removed in 1.6. To calculate the root mean squared error, use the function'root_mean_squared_error'.
  warnings.warn(

2025-04-17 18:02:50,292:WARNING:/opt/anaconda3/envs/LSTM/lib/python3.11/site-packages/sklearn/metrics/_regression.py:483: FutureWarning: 'squared' is deprecated in version 1.4 and will be removed in 1.6. To calculate the root mean squared error, use the function'root_mean_squared_error'.
  warnings.warn(

2025-04-17 18:02:50,521:WARNING:/opt/anaconda3/envs/LSTM/lib/python3.11/site-packages/sklearn/metrics/_regression.py:483: FutureWarning: 'squared' is deprecated in version 1.4 and will be removed in 1.6. To calculate the root mean squared error, use the function'root_mean_squared_error'.
  warnings.warn(

2025-04-17 18:02:50,522:WARNING:/opt/anaconda3/envs/LSTM/lib/python3.11/site-packages/sklearn/metrics/_regression.py:483: FutureWarning: 'squared' is deprecated in version 1.4 and will be removed in 1.6. To calculate the root mean squared error, use the function'root_mean_squared_error'.
  warnings.warn(

2025-04-17 18:02:50,864:WARNING:/opt/anaconda3/envs/LSTM/lib/python3.11/site-packages/sklearn/metrics/_regression.py:483: FutureWarning: 'squared' is deprecated in version 1.4 and will be removed in 1.6. To calculate the root mean squared error, use the function'root_mean_squared_error'.
  warnings.warn(

2025-04-17 18:02:50,864:WARNING:/opt/anaconda3/envs/LSTM/lib/python3.11/site-packages/sklearn/metrics/_regression.py:483: FutureWarning: 'squared' is deprecated in version 1.4 and will be removed in 1.6. To calculate the root mean squared error, use the function'root_mean_squared_error'.
  warnings.warn(

2025-04-17 18:02:50,886:INFO:Calculating mean and std
2025-04-17 18:02:50,887:INFO:Creating metrics dataframe
2025-04-17 18:02:50,894:INFO:Uploading results into container
2025-04-17 18:02:50,894:INFO:Uploading model into container now
2025-04-17 18:02:50,895:INFO:_master_model_container: 1
2025-04-17 18:02:50,895:INFO:_display_container: 2
2025-04-17 18:02:50,895:INFO:AutoETS(seasonal='mul', sp=15, trend='add')
2025-04-17 18:02:50,895:INFO:create_model() successfully completed......................................
2025-04-17 18:02:51,243:INFO:SubProcess create_model() end ==================================
2025-04-17 18:02:51,243:INFO:Creating metrics dataframe
2025-04-17 18:02:51,246:INFO:Initializing Exponential Smoothing
2025-04-17 18:02:51,246:INFO:Total runtime is 0.18888840277989707 minutes
2025-04-17 18:02:51,246:INFO:SubProcess create_model() called ==================================
2025-04-17 18:02:51,246:INFO:Initializing create_model()
2025-04-17 18:02:51,246:INFO:create_model(self=<pycaret.time_series.forecasting.oop.TSForecastingExperiment object at 0x3143c9550>, estimator=exp_smooth, fold=None, round=4, cross_validation=True, predict=True, fit_kwargs={}, groups=None, refit=False, probability_threshold=None, experiment_custom_tags=None, verbose=False, system=False, add_to_model_list=True, metrics=None, display=<pycaret.internal.display.display.CommonDisplay object at 0x31473d290>, model_only=True, return_train_score=False, error_score=0.0, kwargs={})
2025-04-17 18:02:51,246:INFO:Checking exceptions
2025-04-17 18:02:51,246:INFO:Importing libraries
2025-04-17 18:02:51,246:INFO:Copying training dataset
2025-04-17 18:02:51,248:INFO:Defining folds
2025-04-17 18:02:51,248:INFO:Declaring metric variables
2025-04-17 18:02:51,248:INFO:Importing untrained model
2025-04-17 18:02:51,249:INFO:Exponential Smoothing Imported successfully
2025-04-17 18:02:51,249:INFO:Starting cross validation
2025-04-17 18:02:51,250:INFO:Cross validating with ExpandingWindowSplitter(fh=ForecastingHorizon([ 1,  2,  3,  4,  5,  6,  7,  8,  9, 10, 11, 12, 13, 14, 15, 16, 17, 18,
       19, 20, 21, 22, 23, 24, 25, 26, 27, 28, 29, 30],
      dtype='int64', is_relative=True),
                        initial_window=1968, step_length=30), n_jobs=-1
2025-04-17 18:02:55,222:WARNING:/opt/anaconda3/envs/LSTM/lib/python3.11/site-packages/sklearn/metrics/_regression.py:483: FutureWarning: 'squared' is deprecated in version 1.4 and will be removed in 1.6. To calculate the root mean squared error, use the function'root_mean_squared_error'.
  warnings.warn(

2025-04-17 18:02:55,222:WARNING:/opt/anaconda3/envs/LSTM/lib/python3.11/site-packages/sklearn/metrics/_regression.py:483: FutureWarning: 'squared' is deprecated in version 1.4 and will be removed in 1.6. To calculate the root mean squared error, use the function'root_mean_squared_error'.
  warnings.warn(

2025-04-17 18:02:55,289:WARNING:/opt/anaconda3/envs/LSTM/lib/python3.11/site-packages/sklearn/metrics/_regression.py:483: FutureWarning: 'squared' is deprecated in version 1.4 and will be removed in 1.6. To calculate the root mean squared error, use the function'root_mean_squared_error'.
  warnings.warn(

2025-04-17 18:02:55,290:WARNING:/opt/anaconda3/envs/LSTM/lib/python3.11/site-packages/sklearn/metrics/_regression.py:483: FutureWarning: 'squared' is deprecated in version 1.4 and will be removed in 1.6. To calculate the root mean squared error, use the function'root_mean_squared_error'.
  warnings.warn(

2025-04-17 18:02:55,299:WARNING:/opt/anaconda3/envs/LSTM/lib/python3.11/site-packages/sklearn/metrics/_regression.py:483: FutureWarning: 'squared' is deprecated in version 1.4 and will be removed in 1.6. To calculate the root mean squared error, use the function'root_mean_squared_error'.
  warnings.warn(

2025-04-17 18:02:55,300:WARNING:/opt/anaconda3/envs/LSTM/lib/python3.11/site-packages/sklearn/metrics/_regression.py:483: FutureWarning: 'squared' is deprecated in version 1.4 and will be removed in 1.6. To calculate the root mean squared error, use the function'root_mean_squared_error'.
  warnings.warn(

2025-04-17 18:02:55,331:INFO:Calculating mean and std
2025-04-17 18:02:55,332:INFO:Creating metrics dataframe
2025-04-17 18:02:55,337:INFO:Uploading results into container
2025-04-17 18:02:55,337:INFO:Uploading model into container now
2025-04-17 18:02:55,338:INFO:_master_model_container: 2
2025-04-17 18:02:55,338:INFO:_display_container: 2
2025-04-17 18:02:55,338:INFO:ExponentialSmoothing(seasonal='mul', sp=15, trend='add')
2025-04-17 18:02:55,338:INFO:create_model() successfully completed......................................
2025-04-17 18:02:55,534:INFO:SubProcess create_model() end ==================================
2025-04-17 18:02:55,534:INFO:Creating metrics dataframe
2025-04-17 18:02:55,539:INFO:Initializing create_model()
2025-04-17 18:02:55,539:INFO:create_model(self=<pycaret.time_series.forecasting.oop.TSForecastingExperiment object at 0x3143c9550>, estimator=ExponentialSmoothing(seasonal='mul', sp=15, trend='add'), fold=None, round=4, cross_validation=False, predict=False, fit_kwargs={}, groups=None, refit=True, probability_threshold=None, experiment_custom_tags=None, verbose=False, system=False, add_to_model_list=True, metrics=None, display=None, model_only=True, return_train_score=False, error_score=0.0, kwargs={})
2025-04-17 18:02:55,539:INFO:Checking exceptions
2025-04-17 18:02:55,541:INFO:Importing libraries
2025-04-17 18:02:55,541:INFO:Copying training dataset
2025-04-17 18:02:55,545:INFO:Defining folds
2025-04-17 18:02:55,545:INFO:Declaring metric variables
2025-04-17 18:02:55,545:INFO:Importing untrained model
2025-04-17 18:02:55,545:INFO:Declaring custom model
2025-04-17 18:02:55,546:INFO:Exponential Smoothing Imported successfully
2025-04-17 18:02:55,546:INFO:Cross validation set to False
2025-04-17 18:02:55,546:INFO:Fitting Model
2025-04-17 18:02:56,004:INFO:ExponentialSmoothing(seasonal='mul', sp=15, trend='add')
2025-04-17 18:02:56,009:INFO:create_model() successfully completed......................................
2025-04-17 18:02:56,196:INFO:_master_model_container: 2
2025-04-17 18:02:56,196:INFO:_display_container: 2
2025-04-17 18:02:56,196:INFO:ExponentialSmoothing(seasonal='mul', sp=15, trend='add')
2025-04-17 18:02:56,196:INFO:compare_models() successfully completed......................................
2025-04-17 18:02:56,197:INFO:Initializing create_model()
2025-04-17 18:02:56,197:INFO:create_model(self=<pycaret.time_series.forecasting.oop.TSForecastingExperiment object at 0x3143c9550>, estimator=ExponentialSmoothing(seasonal='mul', sp=15, trend='add'), fold=None, round=4, cross_validation=True, predict=True, fit_kwargs=None, groups=None, refit=True, probability_threshold=None, experiment_custom_tags=None, verbose=False, system=True, add_to_model_list=True, metrics=None, display=None, model_only=True, return_train_score=False, error_score=0.0, kwargs={})
2025-04-17 18:02:56,197:INFO:Checking exceptions
2025-04-17 18:02:56,202:INFO:Importing libraries
2025-04-17 18:02:56,202:INFO:Copying training dataset
2025-04-17 18:02:56,206:INFO:Defining folds
2025-04-17 18:02:56,206:INFO:Declaring metric variables
2025-04-17 18:02:56,207:INFO:Importing untrained model
2025-04-17 18:02:56,207:INFO:Declaring custom model
2025-04-17 18:02:56,215:INFO:Exponential Smoothing Imported successfully
2025-04-17 18:02:56,222:INFO:Starting cross validation
2025-04-17 18:02:56,224:INFO:Cross validating with ExpandingWindowSplitter(fh=ForecastingHorizon([ 1,  2,  3,  4,  5,  6,  7,  8,  9, 10, 11, 12, 13, 14, 15, 16, 17, 18,
       19, 20, 21, 22, 23, 24, 25, 26, 27, 28, 29, 30],
      dtype='int64', is_relative=True),
                        initial_window=1968, step_length=30), n_jobs=-1
2025-04-17 18:02:57,988:WARNING:/opt/anaconda3/envs/LSTM/lib/python3.11/site-packages/sklearn/metrics/_regression.py:483: FutureWarning: 'squared' is deprecated in version 1.4 and will be removed in 1.6. To calculate the root mean squared error, use the function'root_mean_squared_error'.
  warnings.warn(

2025-04-17 18:02:57,996:WARNING:/opt/anaconda3/envs/LSTM/lib/python3.11/site-packages/sklearn/metrics/_regression.py:483: FutureWarning: 'squared' is deprecated in version 1.4 and will be removed in 1.6. To calculate the root mean squared error, use the function'root_mean_squared_error'.
  warnings.warn(

2025-04-17 18:02:58,115:WARNING:/opt/anaconda3/envs/LSTM/lib/python3.11/site-packages/sklearn/metrics/_regression.py:483: FutureWarning: 'squared' is deprecated in version 1.4 and will be removed in 1.6. To calculate the root mean squared error, use the function'root_mean_squared_error'.
  warnings.warn(

2025-04-17 18:02:58,115:WARNING:/opt/anaconda3/envs/LSTM/lib/python3.11/site-packages/sklearn/metrics/_regression.py:483: FutureWarning: 'squared' is deprecated in version 1.4 and will be removed in 1.6. To calculate the root mean squared error, use the function'root_mean_squared_error'.
  warnings.warn(

2025-04-17 18:02:58,337:WARNING:/opt/anaconda3/envs/LSTM/lib/python3.11/site-packages/sklearn/metrics/_regression.py:483: FutureWarning: 'squared' is deprecated in version 1.4 and will be removed in 1.6. To calculate the root mean squared error, use the function'root_mean_squared_error'.
  warnings.warn(

2025-04-17 18:02:58,344:WARNING:/opt/anaconda3/envs/LSTM/lib/python3.11/site-packages/sklearn/metrics/_regression.py:483: FutureWarning: 'squared' is deprecated in version 1.4 and will be removed in 1.6. To calculate the root mean squared error, use the function'root_mean_squared_error'.
  warnings.warn(

2025-04-17 18:02:58,360:INFO:Calculating mean and std
2025-04-17 18:02:58,361:INFO:Creating metrics dataframe
2025-04-17 18:02:58,386:INFO:Finalizing model
2025-04-17 18:02:58,976:INFO:Uploading results into container
2025-04-17 18:02:58,976:INFO:Uploading model into container now
2025-04-17 18:02:58,977:INFO:_master_model_container: 3
2025-04-17 18:02:58,977:INFO:_display_container: 3
2025-04-17 18:02:58,977:INFO:ExponentialSmoothing(seasonal='mul', sp=15, trend='add')
2025-04-17 18:02:58,977:INFO:create_model() successfully completed......................................
2025-04-17 18:02:59,556:INFO:Initializing get_config()
2025-04-17 18:02:59,557:INFO:get_config(self=<pycaret.time_series.forecasting.oop.TSForecastingExperiment object at 0x3143c9550>, variable=y_train)
2025-04-17 18:02:59,558:INFO:Variable: 'y_train' used to return the transformed values in PyCaret 2.x. From PyCaret 3.x, this will return the raw values. If you need the transformed values, call get_config with 'y_train_transformed' instead.
2025-04-17 18:02:59,561:INFO:Variable:  returned as Date
2017-11-09    0.217488
2017-11-10    0.206483
2017-11-11    0.210430
2017-11-12    0.197339
2017-11-13    0.203442
                ...   
2023-06-24    0.487313
2023-06-25    0.490277
2023-06-26    0.479332
2023-06-27    0.483840
2023-06-28    0.465222
Freq: D, Name: ('Close', 'XRP-USD'), Length: 2058, dtype: float64
2025-04-17 18:02:59,562:INFO:get_config() successfully completed......................................
2025-04-17 18:40:36,953:WARNING:
'prophet' is a soft dependency and not included in the pycaret installation. Please run: `pip install prophet` to install.
2025-04-17 18:40:48,130:INFO:PyCaret TSForecastingExperiment
2025-04-17 18:40:48,130:INFO:Logging name: ts-default-name
2025-04-17 18:40:48,131:INFO:ML Usecase: MLUsecase.TIME_SERIES
2025-04-17 18:40:48,131:INFO:version 3.3.2
2025-04-17 18:40:48,131:INFO:Initializing setup()
2025-04-17 18:40:48,131:INFO:self.USI: fb7f
2025-04-17 18:40:48,131:INFO:self._variable_keys: {'pipeline', 'model_engines', 'log_plots_param', 'y_train_transformed', 'all_sps_to_use', 'fold_param', 'X_transformed', 'candidate_sps', 'X_test', '_ml_usecase', 'strictly_positive', 'y_test_transformed', 'gpu_param', 'significant_sps_no_harmonics', 'enforce_pi', 'exp_name_log', 'n_jobs_param', 'y_test', 'logging_param', 'y_train', 'X_train', 'y_transformed', 'seed', 'enforce_exogenous', '_available_plots', 'data', 'primary_sp_to_use', 'approach_type', 'USI', 'X', 'html_param', 'idx', 'significant_sps', 'index_type', 'X_test_transformed', 'exogenous_present', 'gpu_n_jobs_param', 'seasonality_present', 'memory', 'fh', 'fold_generator', 'X_train_transformed', 'exp_id', 'y'}
2025-04-17 18:40:48,131:INFO:Checking environment
2025-04-17 18:40:48,131:INFO:python_version: 3.11.8
2025-04-17 18:40:48,131:INFO:python_build: ('main', 'Feb 16 2024 20:49:36')
2025-04-17 18:40:48,131:INFO:machine: arm64
2025-04-17 18:40:48,131:INFO:platform: macOS-15.3.1-arm64-arm-64bit
2025-04-17 18:40:48,131:INFO:Memory: svmem(total=17179869184, available=3153707008, percent=81.6, used=5350260736, free=97370112, active=3059351552, inactive=2973057024, wired=2290909184)
2025-04-17 18:40:48,131:INFO:Physical Core: 8
2025-04-17 18:40:48,131:INFO:Logical Core: 8
2025-04-17 18:40:48,131:INFO:Checking libraries
2025-04-17 18:40:48,131:INFO:System:
2025-04-17 18:40:48,131:INFO:    python: 3.11.8 | packaged by conda-forge | (main, Feb 16 2024, 20:49:36) [Clang 16.0.6 ]
2025-04-17 18:40:48,131:INFO:executable: /opt/anaconda3/envs/LSTM/bin/python
2025-04-17 18:40:48,131:INFO:   machine: macOS-15.3.1-arm64-arm-64bit
2025-04-17 18:40:48,131:INFO:PyCaret required dependencies:
2025-04-17 18:40:48,213:INFO:                 pip: 25.0
2025-04-17 18:40:48,213:INFO:          setuptools: 75.8.0
2025-04-17 18:40:48,213:INFO:             pycaret: 3.3.2
2025-04-17 18:40:48,213:INFO:             IPython: 8.32.0
2025-04-17 18:40:48,213:INFO:          ipywidgets: 8.1.5
2025-04-17 18:40:48,213:INFO:                tqdm: 4.67.1
2025-04-17 18:40:48,213:INFO:               numpy: 1.26.4
2025-04-17 18:40:48,213:INFO:              pandas: 2.1.4
2025-04-17 18:40:48,214:INFO:              jinja2: 3.1.5
2025-04-17 18:40:48,214:INFO:               scipy: 1.11.4
2025-04-17 18:40:48,214:INFO:              joblib: 1.3.2
2025-04-17 18:40:48,214:INFO:             sklearn: 1.4.2
2025-04-17 18:40:48,214:INFO:                pyod: 2.0.3
2025-04-17 18:40:48,214:INFO:            imblearn: 0.13.0
2025-04-17 18:40:48,214:INFO:   category_encoders: 2.7.0
2025-04-17 18:40:48,214:INFO:            lightgbm: 4.6.0
2025-04-17 18:40:48,214:INFO:               numba: 0.61.0
2025-04-17 18:40:48,214:INFO:            requests: 2.32.3
2025-04-17 18:40:48,214:INFO:          matplotlib: 3.7.5
2025-04-17 18:40:48,214:INFO:          scikitplot: 0.3.7
2025-04-17 18:40:48,214:INFO:         yellowbrick: 1.5
2025-04-17 18:40:48,214:INFO:              plotly: 5.24.1
2025-04-17 18:40:48,214:INFO:    plotly-resampler: Not installed
2025-04-17 18:40:48,214:INFO:             kaleido: 0.2.1
2025-04-17 18:40:48,214:INFO:           schemdraw: 0.15
2025-04-17 18:40:48,214:INFO:         statsmodels: 0.14.4
2025-04-17 18:40:48,214:INFO:              sktime: 0.26.0
2025-04-17 18:40:48,214:INFO:               tbats: 1.1.3
2025-04-17 18:40:48,214:INFO:            pmdarima: 2.0.4
2025-04-17 18:40:48,215:INFO:              psutil: 5.9.0
2025-04-17 18:40:48,215:INFO:          markupsafe: 3.0.2
2025-04-17 18:40:48,215:INFO:             pickle5: Not installed
2025-04-17 18:40:48,215:INFO:         cloudpickle: 3.1.1
2025-04-17 18:40:48,215:INFO:         deprecation: 2.1.0
2025-04-17 18:40:48,215:INFO:              xxhash: 3.5.0
2025-04-17 18:40:48,215:INFO:           wurlitzer: 3.1.1
2025-04-17 18:40:48,215:INFO:PyCaret optional dependencies:
2025-04-17 18:40:48,475:INFO:                shap: Not installed
2025-04-17 18:40:48,475:INFO:           interpret: Not installed
2025-04-17 18:40:48,475:INFO:                umap: Not installed
2025-04-17 18:40:48,475:INFO:     ydata_profiling: Not installed
2025-04-17 18:40:48,475:INFO:  explainerdashboard: Not installed
2025-04-17 18:40:48,475:INFO:             autoviz: Not installed
2025-04-17 18:40:48,475:INFO:           fairlearn: Not installed
2025-04-17 18:40:48,475:INFO:          deepchecks: Not installed
2025-04-17 18:40:48,475:INFO:             xgboost: Not installed
2025-04-17 18:40:48,475:INFO:            catboost: Not installed
2025-04-17 18:40:48,475:INFO:              kmodes: Not installed
2025-04-17 18:40:48,475:INFO:             mlxtend: Not installed
2025-04-17 18:40:48,475:INFO:       statsforecast: Not installed
2025-04-17 18:40:48,475:INFO:        tune_sklearn: Not installed
2025-04-17 18:40:48,475:INFO:                 ray: Not installed
2025-04-17 18:40:48,475:INFO:            hyperopt: Not installed
2025-04-17 18:40:48,476:INFO:              optuna: Not installed
2025-04-17 18:40:48,476:INFO:               skopt: Not installed
2025-04-17 18:40:48,476:INFO:              mlflow: Not installed
2025-04-17 18:40:48,476:INFO:              gradio: Not installed
2025-04-17 18:40:48,476:INFO:             fastapi: Not installed
2025-04-17 18:40:48,476:INFO:             uvicorn: Not installed
2025-04-17 18:40:48,476:INFO:              m2cgen: Not installed
2025-04-17 18:40:48,476:INFO:           evidently: Not installed
2025-04-17 18:40:48,476:INFO:               fugue: Not installed
2025-04-17 18:40:48,476:INFO:           streamlit: Not installed
2025-04-17 18:40:48,476:INFO:             prophet: Not installed
2025-04-17 18:40:48,476:INFO:None
2025-04-17 18:40:48,500:INFO:Set Forecast Horizon.
2025-04-17 18:40:48,501:INFO:Set up Train-Test Splits.
2025-04-17 18:40:48,508:INFO:Preparing preprocessing pipeline...
2025-04-17 18:40:48,508:INFO:Set up imputation for Target variable(s).
2025-04-17 18:40:48,596:INFO:Finished creating preprocessing pipeline.
2025-04-17 18:40:48,608:INFO:Pipeline: ForecastingPipeline(steps=[('forecaster',
                            TransformedTargetForecaster(steps=[('transformer_target',
                                                                TransformerPipeline(steps=[('numerical_imputer',
                                                                                            Imputer(method='ffill',
                                                                                                    random_state=123))])),
                                                               ('model',
                                                                DummyForecaster())]))])
2025-04-17 18:40:48,608:INFO:Set up Seasonal Period.
2025-04-17 18:40:48,615:INFO:Setting the seasonal component type - 'add' or 'mul'.
2025-04-17 18:40:48,615:INFO:Checking if data is strictly positive.
2025-04-17 18:40:48,830:INFO:Creating final display dataframe.
2025-04-17 18:40:48,925:INFO:Setup Display Container:                                           Description  \
0                                          session_id   
1                                              Target   
2                                            Approach   
3                                 Exogenous Variables   
4                                 Original data shape   
5                              Transformed data shape   
6                         Transformed train set shape   
7                          Transformed test set shape   
8                            Rows with missing values   
9                                      Fold Generator   
10                                        Fold Number   
11                        Enforce Prediction Interval   
12                    Splits used for hyperparameters   
13                    User Defined Seasonal Period(s)   
14                            Ignore Seasonality Test   
15                         Seasonality Detection Algo   
16                             Max Period to Consider   
17                          Seasonal Period(s) Tested   
18                     Significant Seasonal Period(s)   
19   Significant Seasonal Period(s) without Harmonics   
20                                   Remove Harmonics   
21                             Harmonics Order Method   
22                           Num Seasonalities to Use   
23                           All Seasonalities to Use   
24                                Primary Seasonality   
25                                Seasonality Present   
26                                   Seasonality Type   
27                           Target Strictly Positive   
28                                 Target White Noise   
29                                      Recommended d   
30                             Recommended Seasonal D   
31                                         Preprocess   
32                      Numerical Imputation (Target)   
33                            Transformation (Target)   
34                                   Scaling (Target)   
35  Feature Engineering (Target) - Reduced Regression   
36                                           CPU Jobs   
37                                            Use GPU   
38                                     Log Experiment   
39                                    Experiment Name   
40                                                USI   

                            Value  
0                             123  
1            ('Close', 'XRP-USD')  
2                      Univariate  
3                     Not Present  
4                       (2088, 1)  
5                       (2088, 1)  
6                       (2058, 1)  
7                         (30, 1)  
8                            0.0%  
9         ExpandingWindowSplitter  
10                              3  
11                          False  
12                            all  
13                           None  
14                          False  
15                           auto  
16                             60  
17  [15, 17, 8, 6, 22, 21, 24, 7]  
18  [15, 17, 8, 6, 22, 21, 24, 7]  
19           [15, 17, 24, 22, 21]  
20                          False  
21                   harmonic_max  
22                              1  
23                           [15]  
24                             15  
25                           True  
26                            mul  
27                           True  
28                             No  
29                              1  
30                              0  
31                           True  
32                          ffill  
33                           None  
34                           None  
35                          False  
36                             -1  
37                          False  
38                          False  
39                ts-default-name  
40                           fb7f  
2025-04-17 18:40:48,925:INFO:Engine successfully changes for model 'auto_arima' to 'pmdarima'.
2025-04-17 18:40:48,944:WARNING:
'prophet' is a soft dependency and not included in the pycaret installation. Please run: `pip install prophet` to install.
2025-04-17 18:40:48,944:INFO:Engine for model 'lr_cds_dt' has not been set explicitly, hence returning None.
2025-04-17 18:40:48,944:INFO:Engine for model 'en_cds_dt' has not been set explicitly, hence returning None.
2025-04-17 18:40:48,944:INFO:Engine for model 'ridge_cds_dt' has not been set explicitly, hence returning None.
2025-04-17 18:40:48,944:INFO:Engine for model 'lasso_cds_dt' has not been set explicitly, hence returning None.
2025-04-17 18:40:48,945:INFO:Engine for model 'llar_cds_dt' has not been set explicitly, hence returning None.
2025-04-17 18:40:48,945:INFO:Engine for model 'br_cds_dt' has not been set explicitly, hence returning None.
2025-04-17 18:40:48,945:INFO:Engine for model 'huber_cds_dt' has not been set explicitly, hence returning None.
2025-04-17 18:40:48,945:INFO:Engine for model 'omp_cds_dt' has not been set explicitly, hence returning None.
2025-04-17 18:40:48,946:INFO:Engine for model 'knn_cds_dt' has not been set explicitly, hence returning None.
2025-04-17 18:40:48,946:INFO:Engine for model 'dt_cds_dt' has not been set explicitly, hence returning None.
2025-04-17 18:40:48,946:INFO:Engine for model 'rf_cds_dt' has not been set explicitly, hence returning None.
2025-04-17 18:40:48,946:INFO:Engine for model 'et_cds_dt' has not been set explicitly, hence returning None.
2025-04-17 18:40:48,946:INFO:Engine for model 'gbr_cds_dt' has not been set explicitly, hence returning None.
2025-04-17 18:40:48,947:INFO:Engine for model 'ada_cds_dt' has not been set explicitly, hence returning None.
2025-04-17 18:40:48,947:INFO:Engine for model 'xgboost_cds_dt' has not been set explicitly, hence returning None.
2025-04-17 18:40:48,947:WARNING:
'xgboost' is a soft dependency and not included in the pycaret installation. Please run: `pip install xgboost` to install.
Alternately, you can install this by running `pip install pycaret[models]`
2025-04-17 18:40:48,947:WARNING:
'xgboost' is a soft dependency and not included in the pycaret installation. Please run: `pip install xgboost` to install.
Alternately, you can install this by running `pip install pycaret[models]`
2025-04-17 18:40:48,947:INFO:Engine for model 'lightgbm_cds_dt' has not been set explicitly, hence returning None.
2025-04-17 18:40:48,947:INFO:Engine for model 'catboost_cds_dt' has not been set explicitly, hence returning None.
2025-04-17 18:40:48,947:WARNING:
'catboost' is a soft dependency and not included in the pycaret installation. Please run: `pip install catboost` to install.
Alternately, you can install this by running `pip install pycaret[models]`
2025-04-17 18:40:48,947:WARNING:
'catboost' is a soft dependency and not included in the pycaret installation. Please run: `pip install catboost` to install.
Alternately, you can install this by running `pip install pycaret[models]`
2025-04-17 18:40:48,949:WARNING:
'prophet' is a soft dependency and not included in the pycaret installation. Please run: `pip install prophet` to install.
2025-04-17 18:40:48,950:INFO:Engine for model 'lr_cds_dt' has not been set explicitly, hence returning None.
2025-04-17 18:40:48,950:INFO:Engine for model 'en_cds_dt' has not been set explicitly, hence returning None.
2025-04-17 18:40:48,951:INFO:Engine for model 'ridge_cds_dt' has not been set explicitly, hence returning None.
2025-04-17 18:40:48,951:INFO:Engine for model 'lasso_cds_dt' has not been set explicitly, hence returning None.
2025-04-17 18:40:48,951:INFO:Engine for model 'llar_cds_dt' has not been set explicitly, hence returning None.
2025-04-17 18:40:48,952:INFO:Engine for model 'br_cds_dt' has not been set explicitly, hence returning None.
2025-04-17 18:40:48,952:INFO:Engine for model 'huber_cds_dt' has not been set explicitly, hence returning None.
2025-04-17 18:40:48,955:INFO:Engine for model 'omp_cds_dt' has not been set explicitly, hence returning None.
2025-04-17 18:40:48,956:INFO:Engine for model 'knn_cds_dt' has not been set explicitly, hence returning None.
2025-04-17 18:40:48,956:INFO:Engine for model 'dt_cds_dt' has not been set explicitly, hence returning None.
2025-04-17 18:40:48,956:INFO:Engine for model 'rf_cds_dt' has not been set explicitly, hence returning None.
2025-04-17 18:40:48,956:INFO:Engine for model 'et_cds_dt' has not been set explicitly, hence returning None.
2025-04-17 18:40:48,957:INFO:Engine for model 'gbr_cds_dt' has not been set explicitly, hence returning None.
2025-04-17 18:40:48,957:INFO:Engine for model 'ada_cds_dt' has not been set explicitly, hence returning None.
2025-04-17 18:40:48,957:INFO:Engine for model 'xgboost_cds_dt' has not been set explicitly, hence returning None.
2025-04-17 18:40:48,957:WARNING:
'xgboost' is a soft dependency and not included in the pycaret installation. Please run: `pip install xgboost` to install.
Alternately, you can install this by running `pip install pycaret[models]`
2025-04-17 18:40:48,957:WARNING:
'xgboost' is a soft dependency and not included in the pycaret installation. Please run: `pip install xgboost` to install.
Alternately, you can install this by running `pip install pycaret[models]`
2025-04-17 18:40:48,957:INFO:Engine for model 'lightgbm_cds_dt' has not been set explicitly, hence returning None.
2025-04-17 18:40:48,957:INFO:Engine for model 'catboost_cds_dt' has not been set explicitly, hence returning None.
2025-04-17 18:40:48,957:WARNING:
'catboost' is a soft dependency and not included in the pycaret installation. Please run: `pip install catboost` to install.
Alternately, you can install this by running `pip install pycaret[models]`
2025-04-17 18:40:48,957:WARNING:
'catboost' is a soft dependency and not included in the pycaret installation. Please run: `pip install catboost` to install.
Alternately, you can install this by running `pip install pycaret[models]`
2025-04-17 18:40:48,957:INFO:Engine successfully changes for model 'lr_cds_dt' to 'sklearn'.
2025-04-17 18:40:48,959:WARNING:
'prophet' is a soft dependency and not included in the pycaret installation. Please run: `pip install prophet` to install.
2025-04-17 18:40:48,959:INFO:Engine for model 'en_cds_dt' has not been set explicitly, hence returning None.
2025-04-17 18:40:48,959:INFO:Engine for model 'ridge_cds_dt' has not been set explicitly, hence returning None.
2025-04-17 18:40:48,959:INFO:Engine for model 'lasso_cds_dt' has not been set explicitly, hence returning None.
2025-04-17 18:40:48,959:INFO:Engine for model 'llar_cds_dt' has not been set explicitly, hence returning None.
2025-04-17 18:40:48,959:INFO:Engine for model 'br_cds_dt' has not been set explicitly, hence returning None.
2025-04-17 18:40:48,959:INFO:Engine for model 'huber_cds_dt' has not been set explicitly, hence returning None.
2025-04-17 18:40:48,997:INFO:Engine for model 'omp_cds_dt' has not been set explicitly, hence returning None.
2025-04-17 18:40:49,020:INFO:Engine for model 'knn_cds_dt' has not been set explicitly, hence returning None.
2025-04-17 18:40:49,020:INFO:Engine for model 'dt_cds_dt' has not been set explicitly, hence returning None.
2025-04-17 18:40:49,020:INFO:Engine for model 'rf_cds_dt' has not been set explicitly, hence returning None.
2025-04-17 18:40:49,020:INFO:Engine for model 'et_cds_dt' has not been set explicitly, hence returning None.
2025-04-17 18:40:49,020:INFO:Engine for model 'gbr_cds_dt' has not been set explicitly, hence returning None.
2025-04-17 18:40:49,021:INFO:Engine for model 'ada_cds_dt' has not been set explicitly, hence returning None.
2025-04-17 18:40:49,021:INFO:Engine for model 'xgboost_cds_dt' has not been set explicitly, hence returning None.
2025-04-17 18:40:49,021:WARNING:
'xgboost' is a soft dependency and not included in the pycaret installation. Please run: `pip install xgboost` to install.
Alternately, you can install this by running `pip install pycaret[models]`
2025-04-17 18:40:49,021:WARNING:
'xgboost' is a soft dependency and not included in the pycaret installation. Please run: `pip install xgboost` to install.
Alternately, you can install this by running `pip install pycaret[models]`
2025-04-17 18:40:49,021:INFO:Engine for model 'lightgbm_cds_dt' has not been set explicitly, hence returning None.
2025-04-17 18:40:49,021:INFO:Engine for model 'catboost_cds_dt' has not been set explicitly, hence returning None.
2025-04-17 18:40:49,021:WARNING:
'catboost' is a soft dependency and not included in the pycaret installation. Please run: `pip install catboost` to install.
Alternately, you can install this by running `pip install pycaret[models]`
2025-04-17 18:40:49,021:WARNING:
'catboost' is a soft dependency and not included in the pycaret installation. Please run: `pip install catboost` to install.
Alternately, you can install this by running `pip install pycaret[models]`
2025-04-17 18:40:49,043:WARNING:
'prophet' is a soft dependency and not included in the pycaret installation. Please run: `pip install prophet` to install.
2025-04-17 18:40:49,043:INFO:Engine for model 'en_cds_dt' has not been set explicitly, hence returning None.
2025-04-17 18:40:49,044:INFO:Engine for model 'ridge_cds_dt' has not been set explicitly, hence returning None.
2025-04-17 18:40:49,044:INFO:Engine for model 'lasso_cds_dt' has not been set explicitly, hence returning None.
2025-04-17 18:40:49,044:INFO:Engine for model 'llar_cds_dt' has not been set explicitly, hence returning None.
2025-04-17 18:40:49,045:INFO:Engine for model 'br_cds_dt' has not been set explicitly, hence returning None.
2025-04-17 18:40:49,045:INFO:Engine for model 'huber_cds_dt' has not been set explicitly, hence returning None.
2025-04-17 18:40:49,047:INFO:Engine for model 'omp_cds_dt' has not been set explicitly, hence returning None.
2025-04-17 18:40:49,049:INFO:Engine for model 'knn_cds_dt' has not been set explicitly, hence returning None.
2025-04-17 18:40:49,049:INFO:Engine for model 'dt_cds_dt' has not been set explicitly, hence returning None.
2025-04-17 18:40:49,049:INFO:Engine for model 'rf_cds_dt' has not been set explicitly, hence returning None.
2025-04-17 18:40:49,049:INFO:Engine for model 'et_cds_dt' has not been set explicitly, hence returning None.
2025-04-17 18:40:49,049:INFO:Engine for model 'gbr_cds_dt' has not been set explicitly, hence returning None.
2025-04-17 18:40:49,050:INFO:Engine for model 'ada_cds_dt' has not been set explicitly, hence returning None.
2025-04-17 18:40:49,050:INFO:Engine for model 'xgboost_cds_dt' has not been set explicitly, hence returning None.
2025-04-17 18:40:49,050:WARNING:
'xgboost' is a soft dependency and not included in the pycaret installation. Please run: `pip install xgboost` to install.
Alternately, you can install this by running `pip install pycaret[models]`
2025-04-17 18:40:49,050:WARNING:
'xgboost' is a soft dependency and not included in the pycaret installation. Please run: `pip install xgboost` to install.
Alternately, you can install this by running `pip install pycaret[models]`
2025-04-17 18:40:49,050:INFO:Engine for model 'lightgbm_cds_dt' has not been set explicitly, hence returning None.
2025-04-17 18:40:49,050:INFO:Engine for model 'catboost_cds_dt' has not been set explicitly, hence returning None.
2025-04-17 18:40:49,050:WARNING:
'catboost' is a soft dependency and not included in the pycaret installation. Please run: `pip install catboost` to install.
Alternately, you can install this by running `pip install pycaret[models]`
2025-04-17 18:40:49,050:WARNING:
'catboost' is a soft dependency and not included in the pycaret installation. Please run: `pip install catboost` to install.
Alternately, you can install this by running `pip install pycaret[models]`
2025-04-17 18:40:49,050:INFO:Engine successfully changes for model 'en_cds_dt' to 'sklearn'.
2025-04-17 18:40:49,054:WARNING:
'prophet' is a soft dependency and not included in the pycaret installation. Please run: `pip install prophet` to install.
2025-04-17 18:40:49,054:INFO:Engine for model 'ridge_cds_dt' has not been set explicitly, hence returning None.
2025-04-17 18:40:49,055:INFO:Engine for model 'lasso_cds_dt' has not been set explicitly, hence returning None.
2025-04-17 18:40:49,055:INFO:Engine for model 'llar_cds_dt' has not been set explicitly, hence returning None.
2025-04-17 18:40:49,055:INFO:Engine for model 'br_cds_dt' has not been set explicitly, hence returning None.
2025-04-17 18:40:49,056:INFO:Engine for model 'huber_cds_dt' has not been set explicitly, hence returning None.
2025-04-17 18:40:49,058:INFO:Engine for model 'omp_cds_dt' has not been set explicitly, hence returning None.
2025-04-17 18:40:49,061:INFO:Engine for model 'knn_cds_dt' has not been set explicitly, hence returning None.
2025-04-17 18:40:49,061:INFO:Engine for model 'dt_cds_dt' has not been set explicitly, hence returning None.
2025-04-17 18:40:49,061:INFO:Engine for model 'rf_cds_dt' has not been set explicitly, hence returning None.
2025-04-17 18:40:49,062:INFO:Engine for model 'et_cds_dt' has not been set explicitly, hence returning None.
2025-04-17 18:40:49,062:INFO:Engine for model 'gbr_cds_dt' has not been set explicitly, hence returning None.
2025-04-17 18:40:49,063:INFO:Engine for model 'ada_cds_dt' has not been set explicitly, hence returning None.
2025-04-17 18:40:49,063:INFO:Engine for model 'xgboost_cds_dt' has not been set explicitly, hence returning None.
2025-04-17 18:40:49,063:WARNING:
'xgboost' is a soft dependency and not included in the pycaret installation. Please run: `pip install xgboost` to install.
Alternately, you can install this by running `pip install pycaret[models]`
2025-04-17 18:40:49,063:WARNING:
'xgboost' is a soft dependency and not included in the pycaret installation. Please run: `pip install xgboost` to install.
Alternately, you can install this by running `pip install pycaret[models]`
2025-04-17 18:40:49,063:INFO:Engine for model 'lightgbm_cds_dt' has not been set explicitly, hence returning None.
2025-04-17 18:40:49,063:INFO:Engine for model 'catboost_cds_dt' has not been set explicitly, hence returning None.
2025-04-17 18:40:49,064:WARNING:
'catboost' is a soft dependency and not included in the pycaret installation. Please run: `pip install catboost` to install.
Alternately, you can install this by running `pip install pycaret[models]`
2025-04-17 18:40:49,064:WARNING:
'catboost' is a soft dependency and not included in the pycaret installation. Please run: `pip install catboost` to install.
Alternately, you can install this by running `pip install pycaret[models]`
2025-04-17 18:40:49,066:WARNING:
'prophet' is a soft dependency and not included in the pycaret installation. Please run: `pip install prophet` to install.
2025-04-17 18:40:49,066:INFO:Engine for model 'ridge_cds_dt' has not been set explicitly, hence returning None.
2025-04-17 18:40:49,066:INFO:Engine for model 'lasso_cds_dt' has not been set explicitly, hence returning None.
2025-04-17 18:40:49,066:INFO:Engine for model 'llar_cds_dt' has not been set explicitly, hence returning None.
2025-04-17 18:40:49,066:INFO:Engine for model 'br_cds_dt' has not been set explicitly, hence returning None.
2025-04-17 18:40:49,067:INFO:Engine for model 'huber_cds_dt' has not been set explicitly, hence returning None.
2025-04-17 18:40:49,067:INFO:Engine for model 'omp_cds_dt' has not been set explicitly, hence returning None.
2025-04-17 18:40:49,068:INFO:Engine for model 'knn_cds_dt' has not been set explicitly, hence returning None.
2025-04-17 18:40:49,068:INFO:Engine for model 'dt_cds_dt' has not been set explicitly, hence returning None.
2025-04-17 18:40:49,068:INFO:Engine for model 'rf_cds_dt' has not been set explicitly, hence returning None.
2025-04-17 18:40:49,068:INFO:Engine for model 'et_cds_dt' has not been set explicitly, hence returning None.
2025-04-17 18:40:49,068:INFO:Engine for model 'gbr_cds_dt' has not been set explicitly, hence returning None.
2025-04-17 18:40:49,068:INFO:Engine for model 'ada_cds_dt' has not been set explicitly, hence returning None.
2025-04-17 18:40:49,068:INFO:Engine for model 'xgboost_cds_dt' has not been set explicitly, hence returning None.
2025-04-17 18:40:49,068:WARNING:
'xgboost' is a soft dependency and not included in the pycaret installation. Please run: `pip install xgboost` to install.
Alternately, you can install this by running `pip install pycaret[models]`
2025-04-17 18:40:49,068:WARNING:
'xgboost' is a soft dependency and not included in the pycaret installation. Please run: `pip install xgboost` to install.
Alternately, you can install this by running `pip install pycaret[models]`
2025-04-17 18:40:49,068:INFO:Engine for model 'lightgbm_cds_dt' has not been set explicitly, hence returning None.
2025-04-17 18:40:49,069:INFO:Engine for model 'catboost_cds_dt' has not been set explicitly, hence returning None.
2025-04-17 18:40:49,069:WARNING:
'catboost' is a soft dependency and not included in the pycaret installation. Please run: `pip install catboost` to install.
Alternately, you can install this by running `pip install pycaret[models]`
2025-04-17 18:40:49,069:WARNING:
'catboost' is a soft dependency and not included in the pycaret installation. Please run: `pip install catboost` to install.
Alternately, you can install this by running `pip install pycaret[models]`
2025-04-17 18:40:49,069:INFO:Engine successfully changes for model 'ridge_cds_dt' to 'sklearn'.
2025-04-17 18:40:49,072:WARNING:
'prophet' is a soft dependency and not included in the pycaret installation. Please run: `pip install prophet` to install.
2025-04-17 18:40:49,072:INFO:Engine for model 'lasso_cds_dt' has not been set explicitly, hence returning None.
2025-04-17 18:40:49,072:INFO:Engine for model 'llar_cds_dt' has not been set explicitly, hence returning None.
2025-04-17 18:40:49,072:INFO:Engine for model 'br_cds_dt' has not been set explicitly, hence returning None.
2025-04-17 18:40:49,072:INFO:Engine for model 'huber_cds_dt' has not been set explicitly, hence returning None.
2025-04-17 18:40:49,073:INFO:Engine for model 'omp_cds_dt' has not been set explicitly, hence returning None.
2025-04-17 18:40:49,074:INFO:Engine for model 'knn_cds_dt' has not been set explicitly, hence returning None.
2025-04-17 18:40:49,074:INFO:Engine for model 'dt_cds_dt' has not been set explicitly, hence returning None.
2025-04-17 18:40:49,075:INFO:Engine for model 'rf_cds_dt' has not been set explicitly, hence returning None.
2025-04-17 18:40:49,075:INFO:Engine for model 'et_cds_dt' has not been set explicitly, hence returning None.
2025-04-17 18:40:49,075:INFO:Engine for model 'gbr_cds_dt' has not been set explicitly, hence returning None.
2025-04-17 18:40:49,076:INFO:Engine for model 'ada_cds_dt' has not been set explicitly, hence returning None.
2025-04-17 18:40:49,076:INFO:Engine for model 'xgboost_cds_dt' has not been set explicitly, hence returning None.
2025-04-17 18:40:49,076:WARNING:
'xgboost' is a soft dependency and not included in the pycaret installation. Please run: `pip install xgboost` to install.
Alternately, you can install this by running `pip install pycaret[models]`
2025-04-17 18:40:49,076:WARNING:
'xgboost' is a soft dependency and not included in the pycaret installation. Please run: `pip install xgboost` to install.
Alternately, you can install this by running `pip install pycaret[models]`
2025-04-17 18:40:49,076:INFO:Engine for model 'lightgbm_cds_dt' has not been set explicitly, hence returning None.
2025-04-17 18:40:49,077:INFO:Engine for model 'catboost_cds_dt' has not been set explicitly, hence returning None.
2025-04-17 18:40:49,077:WARNING:
'catboost' is a soft dependency and not included in the pycaret installation. Please run: `pip install catboost` to install.
Alternately, you can install this by running `pip install pycaret[models]`
2025-04-17 18:40:49,077:WARNING:
'catboost' is a soft dependency and not included in the pycaret installation. Please run: `pip install catboost` to install.
Alternately, you can install this by running `pip install pycaret[models]`
2025-04-17 18:40:49,080:WARNING:
'prophet' is a soft dependency and not included in the pycaret installation. Please run: `pip install prophet` to install.
2025-04-17 18:40:49,081:INFO:Engine for model 'lasso_cds_dt' has not been set explicitly, hence returning None.
2025-04-17 18:40:49,081:INFO:Engine for model 'llar_cds_dt' has not been set explicitly, hence returning None.
2025-04-17 18:40:49,081:INFO:Engine for model 'br_cds_dt' has not been set explicitly, hence returning None.
2025-04-17 18:40:49,081:INFO:Engine for model 'huber_cds_dt' has not been set explicitly, hence returning None.
2025-04-17 18:40:49,082:INFO:Engine for model 'omp_cds_dt' has not been set explicitly, hence returning None.
2025-04-17 18:40:49,085:INFO:Engine for model 'knn_cds_dt' has not been set explicitly, hence returning None.
2025-04-17 18:40:49,085:INFO:Engine for model 'dt_cds_dt' has not been set explicitly, hence returning None.
2025-04-17 18:40:49,085:INFO:Engine for model 'rf_cds_dt' has not been set explicitly, hence returning None.
2025-04-17 18:40:49,085:INFO:Engine for model 'et_cds_dt' has not been set explicitly, hence returning None.
2025-04-17 18:40:49,085:INFO:Engine for model 'gbr_cds_dt' has not been set explicitly, hence returning None.
2025-04-17 18:40:49,085:INFO:Engine for model 'ada_cds_dt' has not been set explicitly, hence returning None.
2025-04-17 18:40:49,086:INFO:Engine for model 'xgboost_cds_dt' has not been set explicitly, hence returning None.
2025-04-17 18:40:49,086:WARNING:
'xgboost' is a soft dependency and not included in the pycaret installation. Please run: `pip install xgboost` to install.
Alternately, you can install this by running `pip install pycaret[models]`
2025-04-17 18:40:49,086:WARNING:
'xgboost' is a soft dependency and not included in the pycaret installation. Please run: `pip install xgboost` to install.
Alternately, you can install this by running `pip install pycaret[models]`
2025-04-17 18:40:49,086:INFO:Engine for model 'lightgbm_cds_dt' has not been set explicitly, hence returning None.
2025-04-17 18:40:49,086:INFO:Engine for model 'catboost_cds_dt' has not been set explicitly, hence returning None.
2025-04-17 18:40:49,086:WARNING:
'catboost' is a soft dependency and not included in the pycaret installation. Please run: `pip install catboost` to install.
Alternately, you can install this by running `pip install pycaret[models]`
2025-04-17 18:40:49,086:WARNING:
'catboost' is a soft dependency and not included in the pycaret installation. Please run: `pip install catboost` to install.
Alternately, you can install this by running `pip install pycaret[models]`
2025-04-17 18:40:49,086:INFO:Engine successfully changes for model 'lasso_cds_dt' to 'sklearn'.
2025-04-17 18:40:49,087:WARNING:
'prophet' is a soft dependency and not included in the pycaret installation. Please run: `pip install prophet` to install.
2025-04-17 18:40:49,088:INFO:Engine for model 'llar_cds_dt' has not been set explicitly, hence returning None.
2025-04-17 18:40:49,088:INFO:Engine for model 'br_cds_dt' has not been set explicitly, hence returning None.
2025-04-17 18:40:49,088:INFO:Engine for model 'huber_cds_dt' has not been set explicitly, hence returning None.
2025-04-17 18:40:49,089:INFO:Engine for model 'omp_cds_dt' has not been set explicitly, hence returning None.
2025-04-17 18:40:49,089:INFO:Engine for model 'knn_cds_dt' has not been set explicitly, hence returning None.
2025-04-17 18:40:49,089:INFO:Engine for model 'dt_cds_dt' has not been set explicitly, hence returning None.
2025-04-17 18:40:49,089:INFO:Engine for model 'rf_cds_dt' has not been set explicitly, hence returning None.
2025-04-17 18:40:49,090:INFO:Engine for model 'et_cds_dt' has not been set explicitly, hence returning None.
2025-04-17 18:40:49,090:INFO:Engine for model 'gbr_cds_dt' has not been set explicitly, hence returning None.
2025-04-17 18:40:49,090:INFO:Engine for model 'ada_cds_dt' has not been set explicitly, hence returning None.
2025-04-17 18:40:49,090:INFO:Engine for model 'xgboost_cds_dt' has not been set explicitly, hence returning None.
2025-04-17 18:40:49,090:WARNING:
'xgboost' is a soft dependency and not included in the pycaret installation. Please run: `pip install xgboost` to install.
Alternately, you can install this by running `pip install pycaret[models]`
2025-04-17 18:40:49,090:WARNING:
'xgboost' is a soft dependency and not included in the pycaret installation. Please run: `pip install xgboost` to install.
Alternately, you can install this by running `pip install pycaret[models]`
2025-04-17 18:40:49,090:INFO:Engine for model 'lightgbm_cds_dt' has not been set explicitly, hence returning None.
2025-04-17 18:40:49,090:INFO:Engine for model 'catboost_cds_dt' has not been set explicitly, hence returning None.
2025-04-17 18:40:49,090:WARNING:
'catboost' is a soft dependency and not included in the pycaret installation. Please run: `pip install catboost` to install.
Alternately, you can install this by running `pip install pycaret[models]`
2025-04-17 18:40:49,090:WARNING:
'catboost' is a soft dependency and not included in the pycaret installation. Please run: `pip install catboost` to install.
Alternately, you can install this by running `pip install pycaret[models]`
2025-04-17 18:40:49,091:WARNING:
'prophet' is a soft dependency and not included in the pycaret installation. Please run: `pip install prophet` to install.
2025-04-17 18:40:49,092:INFO:Engine for model 'llar_cds_dt' has not been set explicitly, hence returning None.
2025-04-17 18:40:49,092:INFO:Engine for model 'br_cds_dt' has not been set explicitly, hence returning None.
2025-04-17 18:40:49,092:INFO:Engine for model 'huber_cds_dt' has not been set explicitly, hence returning None.
2025-04-17 18:40:49,093:INFO:Engine for model 'omp_cds_dt' has not been set explicitly, hence returning None.
2025-04-17 18:40:49,093:INFO:Engine for model 'knn_cds_dt' has not been set explicitly, hence returning None.
2025-04-17 18:40:49,093:INFO:Engine for model 'dt_cds_dt' has not been set explicitly, hence returning None.
2025-04-17 18:40:49,093:INFO:Engine for model 'rf_cds_dt' has not been set explicitly, hence returning None.
2025-04-17 18:40:49,093:INFO:Engine for model 'et_cds_dt' has not been set explicitly, hence returning None.
2025-04-17 18:40:49,093:INFO:Engine for model 'gbr_cds_dt' has not been set explicitly, hence returning None.
2025-04-17 18:40:49,094:INFO:Engine for model 'ada_cds_dt' has not been set explicitly, hence returning None.
2025-04-17 18:40:49,094:INFO:Engine for model 'xgboost_cds_dt' has not been set explicitly, hence returning None.
2025-04-17 18:40:49,094:WARNING:
'xgboost' is a soft dependency and not included in the pycaret installation. Please run: `pip install xgboost` to install.
Alternately, you can install this by running `pip install pycaret[models]`
2025-04-17 18:40:49,094:WARNING:
'xgboost' is a soft dependency and not included in the pycaret installation. Please run: `pip install xgboost` to install.
Alternately, you can install this by running `pip install pycaret[models]`
2025-04-17 18:40:49,094:INFO:Engine for model 'lightgbm_cds_dt' has not been set explicitly, hence returning None.
2025-04-17 18:40:49,094:INFO:Engine for model 'catboost_cds_dt' has not been set explicitly, hence returning None.
2025-04-17 18:40:49,094:WARNING:
'catboost' is a soft dependency and not included in the pycaret installation. Please run: `pip install catboost` to install.
Alternately, you can install this by running `pip install pycaret[models]`
2025-04-17 18:40:49,094:WARNING:
'catboost' is a soft dependency and not included in the pycaret installation. Please run: `pip install catboost` to install.
Alternately, you can install this by running `pip install pycaret[models]`
2025-04-17 18:40:49,094:INFO:Engine successfully changes for model 'lar_cds_dt' to 'sklearn'.
2025-04-17 18:40:49,104:WARNING:
'prophet' is a soft dependency and not included in the pycaret installation. Please run: `pip install prophet` to install.
2025-04-17 18:40:49,105:INFO:Engine for model 'llar_cds_dt' has not been set explicitly, hence returning None.
2025-04-17 18:40:49,106:INFO:Engine for model 'br_cds_dt' has not been set explicitly, hence returning None.
2025-04-17 18:40:49,106:INFO:Engine for model 'huber_cds_dt' has not been set explicitly, hence returning None.
2025-04-17 18:40:49,108:INFO:Engine for model 'omp_cds_dt' has not been set explicitly, hence returning None.
2025-04-17 18:40:49,109:INFO:Engine for model 'knn_cds_dt' has not been set explicitly, hence returning None.
2025-04-17 18:40:49,109:INFO:Engine for model 'dt_cds_dt' has not been set explicitly, hence returning None.
2025-04-17 18:40:49,110:INFO:Engine for model 'rf_cds_dt' has not been set explicitly, hence returning None.
2025-04-17 18:40:49,110:INFO:Engine for model 'et_cds_dt' has not been set explicitly, hence returning None.
2025-04-17 18:40:49,110:INFO:Engine for model 'gbr_cds_dt' has not been set explicitly, hence returning None.
2025-04-17 18:40:49,111:INFO:Engine for model 'ada_cds_dt' has not been set explicitly, hence returning None.
2025-04-17 18:40:49,111:INFO:Engine for model 'xgboost_cds_dt' has not been set explicitly, hence returning None.
2025-04-17 18:40:49,111:WARNING:
'xgboost' is a soft dependency and not included in the pycaret installation. Please run: `pip install xgboost` to install.
Alternately, you can install this by running `pip install pycaret[models]`
2025-04-17 18:40:49,111:WARNING:
'xgboost' is a soft dependency and not included in the pycaret installation. Please run: `pip install xgboost` to install.
Alternately, you can install this by running `pip install pycaret[models]`
2025-04-17 18:40:49,111:INFO:Engine for model 'lightgbm_cds_dt' has not been set explicitly, hence returning None.
2025-04-17 18:40:49,112:INFO:Engine for model 'catboost_cds_dt' has not been set explicitly, hence returning None.
2025-04-17 18:40:49,112:WARNING:
'catboost' is a soft dependency and not included in the pycaret installation. Please run: `pip install catboost` to install.
Alternately, you can install this by running `pip install pycaret[models]`
2025-04-17 18:40:49,112:WARNING:
'catboost' is a soft dependency and not included in the pycaret installation. Please run: `pip install catboost` to install.
Alternately, you can install this by running `pip install pycaret[models]`
2025-04-17 18:40:49,119:WARNING:
'prophet' is a soft dependency and not included in the pycaret installation. Please run: `pip install prophet` to install.
2025-04-17 18:40:49,121:INFO:Engine for model 'llar_cds_dt' has not been set explicitly, hence returning None.
2025-04-17 18:40:49,121:INFO:Engine for model 'br_cds_dt' has not been set explicitly, hence returning None.
2025-04-17 18:40:49,121:INFO:Engine for model 'huber_cds_dt' has not been set explicitly, hence returning None.
2025-04-17 18:40:49,123:INFO:Engine for model 'omp_cds_dt' has not been set explicitly, hence returning None.
2025-04-17 18:40:49,124:INFO:Engine for model 'knn_cds_dt' has not been set explicitly, hence returning None.
2025-04-17 18:40:49,125:INFO:Engine for model 'dt_cds_dt' has not been set explicitly, hence returning None.
2025-04-17 18:40:49,126:INFO:Engine for model 'rf_cds_dt' has not been set explicitly, hence returning None.
2025-04-17 18:40:49,127:INFO:Engine for model 'et_cds_dt' has not been set explicitly, hence returning None.
2025-04-17 18:40:49,127:INFO:Engine for model 'gbr_cds_dt' has not been set explicitly, hence returning None.
2025-04-17 18:40:49,128:INFO:Engine for model 'ada_cds_dt' has not been set explicitly, hence returning None.
2025-04-17 18:40:49,128:INFO:Engine for model 'xgboost_cds_dt' has not been set explicitly, hence returning None.
2025-04-17 18:40:49,128:WARNING:
'xgboost' is a soft dependency and not included in the pycaret installation. Please run: `pip install xgboost` to install.
Alternately, you can install this by running `pip install pycaret[models]`
2025-04-17 18:40:49,128:WARNING:
'xgboost' is a soft dependency and not included in the pycaret installation. Please run: `pip install xgboost` to install.
Alternately, you can install this by running `pip install pycaret[models]`
2025-04-17 18:40:49,128:INFO:Engine for model 'lightgbm_cds_dt' has not been set explicitly, hence returning None.
2025-04-17 18:40:49,128:INFO:Engine for model 'catboost_cds_dt' has not been set explicitly, hence returning None.
2025-04-17 18:40:49,128:WARNING:
'catboost' is a soft dependency and not included in the pycaret installation. Please run: `pip install catboost` to install.
Alternately, you can install this by running `pip install pycaret[models]`
2025-04-17 18:40:49,128:WARNING:
'catboost' is a soft dependency and not included in the pycaret installation. Please run: `pip install catboost` to install.
Alternately, you can install this by running `pip install pycaret[models]`
2025-04-17 18:40:49,128:INFO:Engine successfully changes for model 'llar_cds_dt' to 'sklearn'.
2025-04-17 18:40:49,129:WARNING:
'prophet' is a soft dependency and not included in the pycaret installation. Please run: `pip install prophet` to install.
2025-04-17 18:40:49,131:INFO:Engine for model 'br_cds_dt' has not been set explicitly, hence returning None.
2025-04-17 18:40:49,131:INFO:Engine for model 'huber_cds_dt' has not been set explicitly, hence returning None.
2025-04-17 18:40:49,131:INFO:Engine for model 'omp_cds_dt' has not been set explicitly, hence returning None.
2025-04-17 18:40:49,132:INFO:Engine for model 'knn_cds_dt' has not been set explicitly, hence returning None.
2025-04-17 18:40:49,132:INFO:Engine for model 'dt_cds_dt' has not been set explicitly, hence returning None.
2025-04-17 18:40:49,132:INFO:Engine for model 'rf_cds_dt' has not been set explicitly, hence returning None.
2025-04-17 18:40:49,132:INFO:Engine for model 'et_cds_dt' has not been set explicitly, hence returning None.
2025-04-17 18:40:49,133:INFO:Engine for model 'gbr_cds_dt' has not been set explicitly, hence returning None.
2025-04-17 18:40:49,133:INFO:Engine for model 'ada_cds_dt' has not been set explicitly, hence returning None.
2025-04-17 18:40:49,133:INFO:Engine for model 'xgboost_cds_dt' has not been set explicitly, hence returning None.
2025-04-17 18:40:49,133:WARNING:
'xgboost' is a soft dependency and not included in the pycaret installation. Please run: `pip install xgboost` to install.
Alternately, you can install this by running `pip install pycaret[models]`
2025-04-17 18:40:49,133:WARNING:
'xgboost' is a soft dependency and not included in the pycaret installation. Please run: `pip install xgboost` to install.
Alternately, you can install this by running `pip install pycaret[models]`
2025-04-17 18:40:49,133:INFO:Engine for model 'lightgbm_cds_dt' has not been set explicitly, hence returning None.
2025-04-17 18:40:49,133:INFO:Engine for model 'catboost_cds_dt' has not been set explicitly, hence returning None.
2025-04-17 18:40:49,133:WARNING:
'catboost' is a soft dependency and not included in the pycaret installation. Please run: `pip install catboost` to install.
Alternately, you can install this by running `pip install pycaret[models]`
2025-04-17 18:40:49,133:WARNING:
'catboost' is a soft dependency and not included in the pycaret installation. Please run: `pip install catboost` to install.
Alternately, you can install this by running `pip install pycaret[models]`
2025-04-17 18:40:49,136:WARNING:
'prophet' is a soft dependency and not included in the pycaret installation. Please run: `pip install prophet` to install.
2025-04-17 18:40:49,139:INFO:Engine for model 'br_cds_dt' has not been set explicitly, hence returning None.
2025-04-17 18:40:49,139:INFO:Engine for model 'huber_cds_dt' has not been set explicitly, hence returning None.
2025-04-17 18:40:49,141:INFO:Engine for model 'omp_cds_dt' has not been set explicitly, hence returning None.
2025-04-17 18:40:49,142:INFO:Engine for model 'knn_cds_dt' has not been set explicitly, hence returning None.
2025-04-17 18:40:49,143:INFO:Engine for model 'dt_cds_dt' has not been set explicitly, hence returning None.
2025-04-17 18:40:49,143:INFO:Engine for model 'rf_cds_dt' has not been set explicitly, hence returning None.
2025-04-17 18:40:49,143:INFO:Engine for model 'et_cds_dt' has not been set explicitly, hence returning None.
2025-04-17 18:40:49,144:INFO:Engine for model 'gbr_cds_dt' has not been set explicitly, hence returning None.
2025-04-17 18:40:49,144:INFO:Engine for model 'ada_cds_dt' has not been set explicitly, hence returning None.
2025-04-17 18:40:49,144:INFO:Engine for model 'xgboost_cds_dt' has not been set explicitly, hence returning None.
2025-04-17 18:40:49,144:WARNING:
'xgboost' is a soft dependency and not included in the pycaret installation. Please run: `pip install xgboost` to install.
Alternately, you can install this by running `pip install pycaret[models]`
2025-04-17 18:40:49,144:WARNING:
'xgboost' is a soft dependency and not included in the pycaret installation. Please run: `pip install xgboost` to install.
Alternately, you can install this by running `pip install pycaret[models]`
2025-04-17 18:40:49,144:INFO:Engine for model 'lightgbm_cds_dt' has not been set explicitly, hence returning None.
2025-04-17 18:40:49,145:INFO:Engine for model 'catboost_cds_dt' has not been set explicitly, hence returning None.
2025-04-17 18:40:49,145:WARNING:
'catboost' is a soft dependency and not included in the pycaret installation. Please run: `pip install catboost` to install.
Alternately, you can install this by running `pip install pycaret[models]`
2025-04-17 18:40:49,145:WARNING:
'catboost' is a soft dependency and not included in the pycaret installation. Please run: `pip install catboost` to install.
Alternately, you can install this by running `pip install pycaret[models]`
2025-04-17 18:40:49,145:INFO:Engine successfully changes for model 'br_cds_dt' to 'sklearn'.
2025-04-17 18:40:49,148:WARNING:
'prophet' is a soft dependency and not included in the pycaret installation. Please run: `pip install prophet` to install.
2025-04-17 18:40:49,148:INFO:Engine for model 'huber_cds_dt' has not been set explicitly, hence returning None.
2025-04-17 18:40:49,152:INFO:Engine for model 'omp_cds_dt' has not been set explicitly, hence returning None.
2025-04-17 18:40:49,153:INFO:Engine for model 'knn_cds_dt' has not been set explicitly, hence returning None.
2025-04-17 18:40:49,153:INFO:Engine for model 'dt_cds_dt' has not been set explicitly, hence returning None.
2025-04-17 18:40:49,153:INFO:Engine for model 'rf_cds_dt' has not been set explicitly, hence returning None.
2025-04-17 18:40:49,153:INFO:Engine for model 'et_cds_dt' has not been set explicitly, hence returning None.
2025-04-17 18:40:49,153:INFO:Engine for model 'gbr_cds_dt' has not been set explicitly, hence returning None.
2025-04-17 18:40:49,153:INFO:Engine for model 'ada_cds_dt' has not been set explicitly, hence returning None.
2025-04-17 18:40:49,153:INFO:Engine for model 'xgboost_cds_dt' has not been set explicitly, hence returning None.
2025-04-17 18:40:49,153:WARNING:
'xgboost' is a soft dependency and not included in the pycaret installation. Please run: `pip install xgboost` to install.
Alternately, you can install this by running `pip install pycaret[models]`
2025-04-17 18:40:49,153:WARNING:
'xgboost' is a soft dependency and not included in the pycaret installation. Please run: `pip install xgboost` to install.
Alternately, you can install this by running `pip install pycaret[models]`
2025-04-17 18:40:49,153:INFO:Engine for model 'lightgbm_cds_dt' has not been set explicitly, hence returning None.
2025-04-17 18:40:49,154:INFO:Engine for model 'catboost_cds_dt' has not been set explicitly, hence returning None.
2025-04-17 18:40:49,154:WARNING:
'catboost' is a soft dependency and not included in the pycaret installation. Please run: `pip install catboost` to install.
Alternately, you can install this by running `pip install pycaret[models]`
2025-04-17 18:40:49,154:WARNING:
'catboost' is a soft dependency and not included in the pycaret installation. Please run: `pip install catboost` to install.
Alternately, you can install this by running `pip install pycaret[models]`
2025-04-17 18:40:49,157:WARNING:
'prophet' is a soft dependency and not included in the pycaret installation. Please run: `pip install prophet` to install.
2025-04-17 18:40:49,159:INFO:Engine for model 'huber_cds_dt' has not been set explicitly, hence returning None.
2025-04-17 18:40:49,160:INFO:Engine for model 'omp_cds_dt' has not been set explicitly, hence returning None.
2025-04-17 18:40:49,161:INFO:Engine for model 'knn_cds_dt' has not been set explicitly, hence returning None.
2025-04-17 18:40:49,162:INFO:Engine for model 'dt_cds_dt' has not been set explicitly, hence returning None.
2025-04-17 18:40:49,162:INFO:Engine for model 'rf_cds_dt' has not been set explicitly, hence returning None.
2025-04-17 18:40:49,162:INFO:Engine for model 'et_cds_dt' has not been set explicitly, hence returning None.
2025-04-17 18:40:49,162:INFO:Engine for model 'gbr_cds_dt' has not been set explicitly, hence returning None.
2025-04-17 18:40:49,163:INFO:Engine for model 'ada_cds_dt' has not been set explicitly, hence returning None.
2025-04-17 18:40:49,163:INFO:Engine for model 'xgboost_cds_dt' has not been set explicitly, hence returning None.
2025-04-17 18:40:49,163:WARNING:
'xgboost' is a soft dependency and not included in the pycaret installation. Please run: `pip install xgboost` to install.
Alternately, you can install this by running `pip install pycaret[models]`
2025-04-17 18:40:49,163:WARNING:
'xgboost' is a soft dependency and not included in the pycaret installation. Please run: `pip install xgboost` to install.
Alternately, you can install this by running `pip install pycaret[models]`
2025-04-17 18:40:49,163:INFO:Engine for model 'lightgbm_cds_dt' has not been set explicitly, hence returning None.
2025-04-17 18:40:49,163:INFO:Engine for model 'catboost_cds_dt' has not been set explicitly, hence returning None.
2025-04-17 18:40:49,163:WARNING:
'catboost' is a soft dependency and not included in the pycaret installation. Please run: `pip install catboost` to install.
Alternately, you can install this by running `pip install pycaret[models]`
2025-04-17 18:40:49,163:WARNING:
'catboost' is a soft dependency and not included in the pycaret installation. Please run: `pip install catboost` to install.
Alternately, you can install this by running `pip install pycaret[models]`
2025-04-17 18:40:49,163:INFO:Engine successfully changes for model 'huber_cds_dt' to 'sklearn'.
2025-04-17 18:40:49,165:WARNING:
'prophet' is a soft dependency and not included in the pycaret installation. Please run: `pip install prophet` to install.
2025-04-17 18:40:49,166:INFO:Engine for model 'omp_cds_dt' has not been set explicitly, hence returning None.
2025-04-17 18:40:49,167:INFO:Engine for model 'knn_cds_dt' has not been set explicitly, hence returning None.
2025-04-17 18:40:49,167:INFO:Engine for model 'dt_cds_dt' has not been set explicitly, hence returning None.
2025-04-17 18:40:49,167:INFO:Engine for model 'rf_cds_dt' has not been set explicitly, hence returning None.
2025-04-17 18:40:49,167:INFO:Engine for model 'et_cds_dt' has not been set explicitly, hence returning None.
2025-04-17 18:40:49,167:INFO:Engine for model 'gbr_cds_dt' has not been set explicitly, hence returning None.
2025-04-17 18:40:49,167:INFO:Engine for model 'ada_cds_dt' has not been set explicitly, hence returning None.
2025-04-17 18:40:49,168:INFO:Engine for model 'xgboost_cds_dt' has not been set explicitly, hence returning None.
2025-04-17 18:40:49,168:WARNING:
'xgboost' is a soft dependency and not included in the pycaret installation. Please run: `pip install xgboost` to install.
Alternately, you can install this by running `pip install pycaret[models]`
2025-04-17 18:40:49,168:WARNING:
'xgboost' is a soft dependency and not included in the pycaret installation. Please run: `pip install xgboost` to install.
Alternately, you can install this by running `pip install pycaret[models]`
2025-04-17 18:40:49,168:INFO:Engine for model 'lightgbm_cds_dt' has not been set explicitly, hence returning None.
2025-04-17 18:40:49,169:INFO:Engine for model 'catboost_cds_dt' has not been set explicitly, hence returning None.
2025-04-17 18:40:49,169:WARNING:
'catboost' is a soft dependency and not included in the pycaret installation. Please run: `pip install catboost` to install.
Alternately, you can install this by running `pip install pycaret[models]`
2025-04-17 18:40:49,169:WARNING:
'catboost' is a soft dependency and not included in the pycaret installation. Please run: `pip install catboost` to install.
Alternately, you can install this by running `pip install pycaret[models]`
2025-04-17 18:40:49,173:WARNING:
'prophet' is a soft dependency and not included in the pycaret installation. Please run: `pip install prophet` to install.
2025-04-17 18:40:49,177:INFO:Engine for model 'omp_cds_dt' has not been set explicitly, hence returning None.
2025-04-17 18:40:49,178:INFO:Engine for model 'knn_cds_dt' has not been set explicitly, hence returning None.
2025-04-17 18:40:49,178:INFO:Engine for model 'dt_cds_dt' has not been set explicitly, hence returning None.
2025-04-17 18:40:49,179:INFO:Engine for model 'rf_cds_dt' has not been set explicitly, hence returning None.
2025-04-17 18:40:49,179:INFO:Engine for model 'et_cds_dt' has not been set explicitly, hence returning None.
2025-04-17 18:40:49,179:INFO:Engine for model 'gbr_cds_dt' has not been set explicitly, hence returning None.
2025-04-17 18:40:49,179:INFO:Engine for model 'ada_cds_dt' has not been set explicitly, hence returning None.
2025-04-17 18:40:49,180:INFO:Engine for model 'xgboost_cds_dt' has not been set explicitly, hence returning None.
2025-04-17 18:40:49,180:WARNING:
'xgboost' is a soft dependency and not included in the pycaret installation. Please run: `pip install xgboost` to install.
Alternately, you can install this by running `pip install pycaret[models]`
2025-04-17 18:40:49,180:WARNING:
'xgboost' is a soft dependency and not included in the pycaret installation. Please run: `pip install xgboost` to install.
Alternately, you can install this by running `pip install pycaret[models]`
2025-04-17 18:40:49,180:INFO:Engine for model 'lightgbm_cds_dt' has not been set explicitly, hence returning None.
2025-04-17 18:40:49,180:INFO:Engine for model 'catboost_cds_dt' has not been set explicitly, hence returning None.
2025-04-17 18:40:49,180:WARNING:
'catboost' is a soft dependency and not included in the pycaret installation. Please run: `pip install catboost` to install.
Alternately, you can install this by running `pip install pycaret[models]`
2025-04-17 18:40:49,180:WARNING:
'catboost' is a soft dependency and not included in the pycaret installation. Please run: `pip install catboost` to install.
Alternately, you can install this by running `pip install pycaret[models]`
2025-04-17 18:40:49,180:INFO:Engine successfully changes for model 'par_cds_dt' to 'sklearn'.
2025-04-17 18:40:49,181:WARNING:
'prophet' is a soft dependency and not included in the pycaret installation. Please run: `pip install prophet` to install.
2025-04-17 18:40:49,183:INFO:Engine for model 'omp_cds_dt' has not been set explicitly, hence returning None.
2025-04-17 18:40:49,184:INFO:Engine for model 'knn_cds_dt' has not been set explicitly, hence returning None.
2025-04-17 18:40:49,184:INFO:Engine for model 'dt_cds_dt' has not been set explicitly, hence returning None.
2025-04-17 18:40:49,184:INFO:Engine for model 'rf_cds_dt' has not been set explicitly, hence returning None.
2025-04-17 18:40:49,184:INFO:Engine for model 'et_cds_dt' has not been set explicitly, hence returning None.
2025-04-17 18:40:49,184:INFO:Engine for model 'gbr_cds_dt' has not been set explicitly, hence returning None.
2025-04-17 18:40:49,184:INFO:Engine for model 'ada_cds_dt' has not been set explicitly, hence returning None.
2025-04-17 18:40:49,184:INFO:Engine for model 'xgboost_cds_dt' has not been set explicitly, hence returning None.
2025-04-17 18:40:49,184:WARNING:
'xgboost' is a soft dependency and not included in the pycaret installation. Please run: `pip install xgboost` to install.
Alternately, you can install this by running `pip install pycaret[models]`
2025-04-17 18:40:49,184:WARNING:
'xgboost' is a soft dependency and not included in the pycaret installation. Please run: `pip install xgboost` to install.
Alternately, you can install this by running `pip install pycaret[models]`
2025-04-17 18:40:49,184:INFO:Engine for model 'lightgbm_cds_dt' has not been set explicitly, hence returning None.
2025-04-17 18:40:49,185:INFO:Engine for model 'catboost_cds_dt' has not been set explicitly, hence returning None.
2025-04-17 18:40:49,185:WARNING:
'catboost' is a soft dependency and not included in the pycaret installation. Please run: `pip install catboost` to install.
Alternately, you can install this by running `pip install pycaret[models]`
2025-04-17 18:40:49,185:WARNING:
'catboost' is a soft dependency and not included in the pycaret installation. Please run: `pip install catboost` to install.
Alternately, you can install this by running `pip install pycaret[models]`
2025-04-17 18:40:49,186:WARNING:
'prophet' is a soft dependency and not included in the pycaret installation. Please run: `pip install prophet` to install.
2025-04-17 18:40:49,187:INFO:Engine for model 'omp_cds_dt' has not been set explicitly, hence returning None.
2025-04-17 18:40:49,188:INFO:Engine for model 'knn_cds_dt' has not been set explicitly, hence returning None.
2025-04-17 18:40:49,188:INFO:Engine for model 'dt_cds_dt' has not been set explicitly, hence returning None.
2025-04-17 18:40:49,188:INFO:Engine for model 'rf_cds_dt' has not been set explicitly, hence returning None.
2025-04-17 18:40:49,188:INFO:Engine for model 'et_cds_dt' has not been set explicitly, hence returning None.
2025-04-17 18:40:49,188:INFO:Engine for model 'gbr_cds_dt' has not been set explicitly, hence returning None.
2025-04-17 18:40:49,188:INFO:Engine for model 'ada_cds_dt' has not been set explicitly, hence returning None.
2025-04-17 18:40:49,188:INFO:Engine for model 'xgboost_cds_dt' has not been set explicitly, hence returning None.
2025-04-17 18:40:49,188:WARNING:
'xgboost' is a soft dependency and not included in the pycaret installation. Please run: `pip install xgboost` to install.
Alternately, you can install this by running `pip install pycaret[models]`
2025-04-17 18:40:49,188:WARNING:
'xgboost' is a soft dependency and not included in the pycaret installation. Please run: `pip install xgboost` to install.
Alternately, you can install this by running `pip install pycaret[models]`
2025-04-17 18:40:49,189:INFO:Engine for model 'lightgbm_cds_dt' has not been set explicitly, hence returning None.
2025-04-17 18:40:49,190:INFO:Engine for model 'catboost_cds_dt' has not been set explicitly, hence returning None.
2025-04-17 18:40:49,190:WARNING:
'catboost' is a soft dependency and not included in the pycaret installation. Please run: `pip install catboost` to install.
Alternately, you can install this by running `pip install pycaret[models]`
2025-04-17 18:40:49,190:WARNING:
'catboost' is a soft dependency and not included in the pycaret installation. Please run: `pip install catboost` to install.
Alternately, you can install this by running `pip install pycaret[models]`
2025-04-17 18:40:49,190:INFO:Engine successfully changes for model 'omp_cds_dt' to 'sklearn'.
2025-04-17 18:40:49,192:WARNING:
'prophet' is a soft dependency and not included in the pycaret installation. Please run: `pip install prophet` to install.
2025-04-17 18:40:49,193:INFO:Engine for model 'knn_cds_dt' has not been set explicitly, hence returning None.
2025-04-17 18:40:49,194:INFO:Engine for model 'dt_cds_dt' has not been set explicitly, hence returning None.
2025-04-17 18:40:49,194:INFO:Engine for model 'rf_cds_dt' has not been set explicitly, hence returning None.
2025-04-17 18:40:49,194:INFO:Engine for model 'et_cds_dt' has not been set explicitly, hence returning None.
2025-04-17 18:40:49,194:INFO:Engine for model 'gbr_cds_dt' has not been set explicitly, hence returning None.
2025-04-17 18:40:49,194:INFO:Engine for model 'ada_cds_dt' has not been set explicitly, hence returning None.
2025-04-17 18:40:49,194:INFO:Engine for model 'xgboost_cds_dt' has not been set explicitly, hence returning None.
2025-04-17 18:40:49,194:WARNING:
'xgboost' is a soft dependency and not included in the pycaret installation. Please run: `pip install xgboost` to install.
Alternately, you can install this by running `pip install pycaret[models]`
2025-04-17 18:40:49,194:WARNING:
'xgboost' is a soft dependency and not included in the pycaret installation. Please run: `pip install xgboost` to install.
Alternately, you can install this by running `pip install pycaret[models]`
2025-04-17 18:40:49,194:INFO:Engine for model 'lightgbm_cds_dt' has not been set explicitly, hence returning None.
2025-04-17 18:40:49,195:INFO:Engine for model 'catboost_cds_dt' has not been set explicitly, hence returning None.
2025-04-17 18:40:49,195:WARNING:
'catboost' is a soft dependency and not included in the pycaret installation. Please run: `pip install catboost` to install.
Alternately, you can install this by running `pip install pycaret[models]`
2025-04-17 18:40:49,195:WARNING:
'catboost' is a soft dependency and not included in the pycaret installation. Please run: `pip install catboost` to install.
Alternately, you can install this by running `pip install pycaret[models]`
2025-04-17 18:40:49,196:WARNING:
'prophet' is a soft dependency and not included in the pycaret installation. Please run: `pip install prophet` to install.
2025-04-17 18:40:49,198:INFO:Engine for model 'knn_cds_dt' has not been set explicitly, hence returning None.
2025-04-17 18:40:49,198:INFO:Engine for model 'dt_cds_dt' has not been set explicitly, hence returning None.
2025-04-17 18:40:49,198:INFO:Engine for model 'rf_cds_dt' has not been set explicitly, hence returning None.
2025-04-17 18:40:49,198:INFO:Engine for model 'et_cds_dt' has not been set explicitly, hence returning None.
2025-04-17 18:40:49,198:INFO:Engine for model 'gbr_cds_dt' has not been set explicitly, hence returning None.
2025-04-17 18:40:49,198:INFO:Engine for model 'ada_cds_dt' has not been set explicitly, hence returning None.
2025-04-17 18:40:49,198:INFO:Engine for model 'xgboost_cds_dt' has not been set explicitly, hence returning None.
2025-04-17 18:40:49,198:WARNING:
'xgboost' is a soft dependency and not included in the pycaret installation. Please run: `pip install xgboost` to install.
Alternately, you can install this by running `pip install pycaret[models]`
2025-04-17 18:40:49,198:WARNING:
'xgboost' is a soft dependency and not included in the pycaret installation. Please run: `pip install xgboost` to install.
Alternately, you can install this by running `pip install pycaret[models]`
2025-04-17 18:40:49,198:INFO:Engine for model 'lightgbm_cds_dt' has not been set explicitly, hence returning None.
2025-04-17 18:40:49,199:INFO:Engine for model 'catboost_cds_dt' has not been set explicitly, hence returning None.
2025-04-17 18:40:49,199:WARNING:
'catboost' is a soft dependency and not included in the pycaret installation. Please run: `pip install catboost` to install.
Alternately, you can install this by running `pip install pycaret[models]`
2025-04-17 18:40:49,199:WARNING:
'catboost' is a soft dependency and not included in the pycaret installation. Please run: `pip install catboost` to install.
Alternately, you can install this by running `pip install pycaret[models]`
2025-04-17 18:40:49,199:INFO:Engine successfully changes for model 'knn_cds_dt' to 'sklearn'.
2025-04-17 18:40:49,200:WARNING:
'prophet' is a soft dependency and not included in the pycaret installation. Please run: `pip install prophet` to install.
2025-04-17 18:40:49,206:INFO:Engine for model 'dt_cds_dt' has not been set explicitly, hence returning None.
2025-04-17 18:40:49,207:INFO:Engine for model 'rf_cds_dt' has not been set explicitly, hence returning None.
2025-04-17 18:40:49,207:INFO:Engine for model 'et_cds_dt' has not been set explicitly, hence returning None.
2025-04-17 18:40:49,208:INFO:Engine for model 'gbr_cds_dt' has not been set explicitly, hence returning None.
2025-04-17 18:40:49,208:INFO:Engine for model 'ada_cds_dt' has not been set explicitly, hence returning None.
2025-04-17 18:40:49,208:INFO:Engine for model 'xgboost_cds_dt' has not been set explicitly, hence returning None.
2025-04-17 18:40:49,208:WARNING:
'xgboost' is a soft dependency and not included in the pycaret installation. Please run: `pip install xgboost` to install.
Alternately, you can install this by running `pip install pycaret[models]`
2025-04-17 18:40:49,208:WARNING:
'xgboost' is a soft dependency and not included in the pycaret installation. Please run: `pip install xgboost` to install.
Alternately, you can install this by running `pip install pycaret[models]`
2025-04-17 18:40:49,208:INFO:Engine for model 'lightgbm_cds_dt' has not been set explicitly, hence returning None.
2025-04-17 18:40:49,209:INFO:Engine for model 'catboost_cds_dt' has not been set explicitly, hence returning None.
2025-04-17 18:40:49,209:WARNING:
'catboost' is a soft dependency and not included in the pycaret installation. Please run: `pip install catboost` to install.
Alternately, you can install this by running `pip install pycaret[models]`
2025-04-17 18:40:49,209:WARNING:
'catboost' is a soft dependency and not included in the pycaret installation. Please run: `pip install catboost` to install.
Alternately, you can install this by running `pip install pycaret[models]`
2025-04-17 18:40:49,213:WARNING:
'prophet' is a soft dependency and not included in the pycaret installation. Please run: `pip install prophet` to install.
2025-04-17 18:40:49,218:INFO:Engine for model 'dt_cds_dt' has not been set explicitly, hence returning None.
2025-04-17 18:40:49,219:INFO:Engine for model 'rf_cds_dt' has not been set explicitly, hence returning None.
2025-04-17 18:40:49,219:INFO:Engine for model 'et_cds_dt' has not been set explicitly, hence returning None.
2025-04-17 18:40:49,219:INFO:Engine for model 'gbr_cds_dt' has not been set explicitly, hence returning None.
2025-04-17 18:40:49,220:INFO:Engine for model 'ada_cds_dt' has not been set explicitly, hence returning None.
2025-04-17 18:40:49,220:INFO:Engine for model 'xgboost_cds_dt' has not been set explicitly, hence returning None.
2025-04-17 18:40:49,220:WARNING:
'xgboost' is a soft dependency and not included in the pycaret installation. Please run: `pip install xgboost` to install.
Alternately, you can install this by running `pip install pycaret[models]`
2025-04-17 18:40:49,220:WARNING:
'xgboost' is a soft dependency and not included in the pycaret installation. Please run: `pip install xgboost` to install.
Alternately, you can install this by running `pip install pycaret[models]`
2025-04-17 18:40:49,220:INFO:Engine for model 'lightgbm_cds_dt' has not been set explicitly, hence returning None.
2025-04-17 18:40:49,220:INFO:Engine for model 'catboost_cds_dt' has not been set explicitly, hence returning None.
2025-04-17 18:40:49,221:WARNING:
'catboost' is a soft dependency and not included in the pycaret installation. Please run: `pip install catboost` to install.
Alternately, you can install this by running `pip install pycaret[models]`
2025-04-17 18:40:49,221:WARNING:
'catboost' is a soft dependency and not included in the pycaret installation. Please run: `pip install catboost` to install.
Alternately, you can install this by running `pip install pycaret[models]`
2025-04-17 18:40:49,221:INFO:Engine successfully changes for model 'dt_cds_dt' to 'sklearn'.
2025-04-17 18:40:49,223:WARNING:
'prophet' is a soft dependency and not included in the pycaret installation. Please run: `pip install prophet` to install.
2025-04-17 18:40:49,225:INFO:Engine for model 'rf_cds_dt' has not been set explicitly, hence returning None.
2025-04-17 18:40:49,226:INFO:Engine for model 'et_cds_dt' has not been set explicitly, hence returning None.
2025-04-17 18:40:49,226:INFO:Engine for model 'gbr_cds_dt' has not been set explicitly, hence returning None.
2025-04-17 18:40:49,230:INFO:Engine for model 'ada_cds_dt' has not been set explicitly, hence returning None.
2025-04-17 18:40:49,230:INFO:Engine for model 'xgboost_cds_dt' has not been set explicitly, hence returning None.
2025-04-17 18:40:49,230:WARNING:
'xgboost' is a soft dependency and not included in the pycaret installation. Please run: `pip install xgboost` to install.
Alternately, you can install this by running `pip install pycaret[models]`
2025-04-17 18:40:49,230:WARNING:
'xgboost' is a soft dependency and not included in the pycaret installation. Please run: `pip install xgboost` to install.
Alternately, you can install this by running `pip install pycaret[models]`
2025-04-17 18:40:49,230:INFO:Engine for model 'lightgbm_cds_dt' has not been set explicitly, hence returning None.
2025-04-17 18:40:49,230:INFO:Engine for model 'catboost_cds_dt' has not been set explicitly, hence returning None.
2025-04-17 18:40:49,230:WARNING:
'catboost' is a soft dependency and not included in the pycaret installation. Please run: `pip install catboost` to install.
Alternately, you can install this by running `pip install pycaret[models]`
2025-04-17 18:40:49,230:WARNING:
'catboost' is a soft dependency and not included in the pycaret installation. Please run: `pip install catboost` to install.
Alternately, you can install this by running `pip install pycaret[models]`
2025-04-17 18:40:49,233:WARNING:
'prophet' is a soft dependency and not included in the pycaret installation. Please run: `pip install prophet` to install.
2025-04-17 18:40:49,237:INFO:Engine for model 'rf_cds_dt' has not been set explicitly, hence returning None.
2025-04-17 18:40:49,237:INFO:Engine for model 'et_cds_dt' has not been set explicitly, hence returning None.
2025-04-17 18:40:49,238:INFO:Engine for model 'gbr_cds_dt' has not been set explicitly, hence returning None.
2025-04-17 18:40:49,238:INFO:Engine for model 'ada_cds_dt' has not been set explicitly, hence returning None.
2025-04-17 18:40:49,238:INFO:Engine for model 'xgboost_cds_dt' has not been set explicitly, hence returning None.
2025-04-17 18:40:49,238:WARNING:
'xgboost' is a soft dependency and not included in the pycaret installation. Please run: `pip install xgboost` to install.
Alternately, you can install this by running `pip install pycaret[models]`
2025-04-17 18:40:49,239:WARNING:
'xgboost' is a soft dependency and not included in the pycaret installation. Please run: `pip install xgboost` to install.
Alternately, you can install this by running `pip install pycaret[models]`
2025-04-17 18:40:49,239:INFO:Engine for model 'lightgbm_cds_dt' has not been set explicitly, hence returning None.
2025-04-17 18:40:49,239:INFO:Engine for model 'catboost_cds_dt' has not been set explicitly, hence returning None.
2025-04-17 18:40:49,239:WARNING:
'catboost' is a soft dependency and not included in the pycaret installation. Please run: `pip install catboost` to install.
Alternately, you can install this by running `pip install pycaret[models]`
2025-04-17 18:40:49,239:WARNING:
'catboost' is a soft dependency and not included in the pycaret installation. Please run: `pip install catboost` to install.
Alternately, you can install this by running `pip install pycaret[models]`
2025-04-17 18:40:49,239:INFO:Engine successfully changes for model 'rf_cds_dt' to 'sklearn'.
2025-04-17 18:40:49,242:WARNING:
'prophet' is a soft dependency and not included in the pycaret installation. Please run: `pip install prophet` to install.
2025-04-17 18:40:49,246:INFO:Engine for model 'et_cds_dt' has not been set explicitly, hence returning None.
2025-04-17 18:40:49,246:INFO:Engine for model 'gbr_cds_dt' has not been set explicitly, hence returning None.
2025-04-17 18:40:49,246:INFO:Engine for model 'ada_cds_dt' has not been set explicitly, hence returning None.
2025-04-17 18:40:49,247:INFO:Engine for model 'xgboost_cds_dt' has not been set explicitly, hence returning None.
2025-04-17 18:40:49,247:WARNING:
'xgboost' is a soft dependency and not included in the pycaret installation. Please run: `pip install xgboost` to install.
Alternately, you can install this by running `pip install pycaret[models]`
2025-04-17 18:40:49,247:WARNING:
'xgboost' is a soft dependency and not included in the pycaret installation. Please run: `pip install xgboost` to install.
Alternately, you can install this by running `pip install pycaret[models]`
2025-04-17 18:40:49,247:INFO:Engine for model 'lightgbm_cds_dt' has not been set explicitly, hence returning None.
2025-04-17 18:40:49,247:INFO:Engine for model 'catboost_cds_dt' has not been set explicitly, hence returning None.
2025-04-17 18:40:49,247:WARNING:
'catboost' is a soft dependency and not included in the pycaret installation. Please run: `pip install catboost` to install.
Alternately, you can install this by running `pip install pycaret[models]`
2025-04-17 18:40:49,247:WARNING:
'catboost' is a soft dependency and not included in the pycaret installation. Please run: `pip install catboost` to install.
Alternately, you can install this by running `pip install pycaret[models]`
2025-04-17 18:40:49,248:WARNING:
'prophet' is a soft dependency and not included in the pycaret installation. Please run: `pip install prophet` to install.
2025-04-17 18:40:49,251:INFO:Engine for model 'et_cds_dt' has not been set explicitly, hence returning None.
2025-04-17 18:40:49,251:INFO:Engine for model 'gbr_cds_dt' has not been set explicitly, hence returning None.
2025-04-17 18:40:49,252:INFO:Engine for model 'ada_cds_dt' has not been set explicitly, hence returning None.
2025-04-17 18:40:49,253:INFO:Engine for model 'xgboost_cds_dt' has not been set explicitly, hence returning None.
2025-04-17 18:40:49,253:WARNING:
'xgboost' is a soft dependency and not included in the pycaret installation. Please run: `pip install xgboost` to install.
Alternately, you can install this by running `pip install pycaret[models]`
2025-04-17 18:40:49,253:WARNING:
'xgboost' is a soft dependency and not included in the pycaret installation. Please run: `pip install xgboost` to install.
Alternately, you can install this by running `pip install pycaret[models]`
2025-04-17 18:40:49,253:INFO:Engine for model 'lightgbm_cds_dt' has not been set explicitly, hence returning None.
2025-04-17 18:40:49,253:INFO:Engine for model 'catboost_cds_dt' has not been set explicitly, hence returning None.
2025-04-17 18:40:49,253:WARNING:
'catboost' is a soft dependency and not included in the pycaret installation. Please run: `pip install catboost` to install.
Alternately, you can install this by running `pip install pycaret[models]`
2025-04-17 18:40:49,253:WARNING:
'catboost' is a soft dependency and not included in the pycaret installation. Please run: `pip install catboost` to install.
Alternately, you can install this by running `pip install pycaret[models]`
2025-04-17 18:40:49,254:INFO:Engine successfully changes for model 'et_cds_dt' to 'sklearn'.
2025-04-17 18:40:49,256:WARNING:
'prophet' is a soft dependency and not included in the pycaret installation. Please run: `pip install prophet` to install.
2025-04-17 18:40:49,258:INFO:Engine for model 'gbr_cds_dt' has not been set explicitly, hence returning None.
2025-04-17 18:40:49,258:INFO:Engine for model 'ada_cds_dt' has not been set explicitly, hence returning None.
2025-04-17 18:40:49,258:INFO:Engine for model 'xgboost_cds_dt' has not been set explicitly, hence returning None.
2025-04-17 18:40:49,258:WARNING:
'xgboost' is a soft dependency and not included in the pycaret installation. Please run: `pip install xgboost` to install.
Alternately, you can install this by running `pip install pycaret[models]`
2025-04-17 18:40:49,258:WARNING:
'xgboost' is a soft dependency and not included in the pycaret installation. Please run: `pip install xgboost` to install.
Alternately, you can install this by running `pip install pycaret[models]`
2025-04-17 18:40:49,258:INFO:Engine for model 'lightgbm_cds_dt' has not been set explicitly, hence returning None.
2025-04-17 18:40:49,259:INFO:Engine for model 'catboost_cds_dt' has not been set explicitly, hence returning None.
2025-04-17 18:40:49,259:WARNING:
'catboost' is a soft dependency and not included in the pycaret installation. Please run: `pip install catboost` to install.
Alternately, you can install this by running `pip install pycaret[models]`
2025-04-17 18:40:49,259:WARNING:
'catboost' is a soft dependency and not included in the pycaret installation. Please run: `pip install catboost` to install.
Alternately, you can install this by running `pip install pycaret[models]`
2025-04-17 18:40:49,260:WARNING:
'prophet' is a soft dependency and not included in the pycaret installation. Please run: `pip install prophet` to install.
2025-04-17 18:40:49,264:INFO:Engine for model 'gbr_cds_dt' has not been set explicitly, hence returning None.
2025-04-17 18:40:49,264:INFO:Engine for model 'ada_cds_dt' has not been set explicitly, hence returning None.
2025-04-17 18:40:49,264:INFO:Engine for model 'xgboost_cds_dt' has not been set explicitly, hence returning None.
2025-04-17 18:40:49,264:WARNING:
'xgboost' is a soft dependency and not included in the pycaret installation. Please run: `pip install xgboost` to install.
Alternately, you can install this by running `pip install pycaret[models]`
2025-04-17 18:40:49,264:WARNING:
'xgboost' is a soft dependency and not included in the pycaret installation. Please run: `pip install xgboost` to install.
Alternately, you can install this by running `pip install pycaret[models]`
2025-04-17 18:40:49,264:INFO:Engine for model 'lightgbm_cds_dt' has not been set explicitly, hence returning None.
2025-04-17 18:40:49,265:INFO:Engine for model 'catboost_cds_dt' has not been set explicitly, hence returning None.
2025-04-17 18:40:49,265:WARNING:
'catboost' is a soft dependency and not included in the pycaret installation. Please run: `pip install catboost` to install.
Alternately, you can install this by running `pip install pycaret[models]`
2025-04-17 18:40:49,265:WARNING:
'catboost' is a soft dependency and not included in the pycaret installation. Please run: `pip install catboost` to install.
Alternately, you can install this by running `pip install pycaret[models]`
2025-04-17 18:40:49,265:INFO:Engine successfully changes for model 'gbr_cds_dt' to 'sklearn'.
2025-04-17 18:40:49,267:WARNING:
'prophet' is a soft dependency and not included in the pycaret installation. Please run: `pip install prophet` to install.
2025-04-17 18:40:49,270:INFO:Engine for model 'ada_cds_dt' has not been set explicitly, hence returning None.
2025-04-17 18:40:49,271:INFO:Engine for model 'xgboost_cds_dt' has not been set explicitly, hence returning None.
2025-04-17 18:40:49,271:WARNING:
'xgboost' is a soft dependency and not included in the pycaret installation. Please run: `pip install xgboost` to install.
Alternately, you can install this by running `pip install pycaret[models]`
2025-04-17 18:40:49,271:WARNING:
'xgboost' is a soft dependency and not included in the pycaret installation. Please run: `pip install xgboost` to install.
Alternately, you can install this by running `pip install pycaret[models]`
2025-04-17 18:40:49,271:INFO:Engine for model 'lightgbm_cds_dt' has not been set explicitly, hence returning None.
2025-04-17 18:40:49,271:INFO:Engine for model 'catboost_cds_dt' has not been set explicitly, hence returning None.
2025-04-17 18:40:49,271:WARNING:
'catboost' is a soft dependency and not included in the pycaret installation. Please run: `pip install catboost` to install.
Alternately, you can install this by running `pip install pycaret[models]`
2025-04-17 18:40:49,271:WARNING:
'catboost' is a soft dependency and not included in the pycaret installation. Please run: `pip install catboost` to install.
Alternately, you can install this by running `pip install pycaret[models]`
2025-04-17 18:40:49,272:WARNING:
'prophet' is a soft dependency and not included in the pycaret installation. Please run: `pip install prophet` to install.
2025-04-17 18:40:49,277:INFO:Engine for model 'ada_cds_dt' has not been set explicitly, hence returning None.
2025-04-17 18:40:49,277:INFO:Engine for model 'xgboost_cds_dt' has not been set explicitly, hence returning None.
2025-04-17 18:40:49,277:WARNING:
'xgboost' is a soft dependency and not included in the pycaret installation. Please run: `pip install xgboost` to install.
Alternately, you can install this by running `pip install pycaret[models]`
2025-04-17 18:40:49,277:WARNING:
'xgboost' is a soft dependency and not included in the pycaret installation. Please run: `pip install xgboost` to install.
Alternately, you can install this by running `pip install pycaret[models]`
2025-04-17 18:40:49,278:INFO:Engine for model 'lightgbm_cds_dt' has not been set explicitly, hence returning None.
2025-04-17 18:40:49,278:INFO:Engine for model 'catboost_cds_dt' has not been set explicitly, hence returning None.
2025-04-17 18:40:49,278:WARNING:
'catboost' is a soft dependency and not included in the pycaret installation. Please run: `pip install catboost` to install.
Alternately, you can install this by running `pip install pycaret[models]`
2025-04-17 18:40:49,278:WARNING:
'catboost' is a soft dependency and not included in the pycaret installation. Please run: `pip install catboost` to install.
Alternately, you can install this by running `pip install pycaret[models]`
2025-04-17 18:40:49,278:INFO:Engine successfully changes for model 'ada_cds_dt' to 'sklearn'.
2025-04-17 18:40:49,279:WARNING:
'prophet' is a soft dependency and not included in the pycaret installation. Please run: `pip install prophet` to install.
2025-04-17 18:40:49,288:INFO:Engine for model 'xgboost_cds_dt' has not been set explicitly, hence returning None.
2025-04-17 18:40:49,289:WARNING:
'xgboost' is a soft dependency and not included in the pycaret installation. Please run: `pip install xgboost` to install.
Alternately, you can install this by running `pip install pycaret[models]`
2025-04-17 18:40:49,289:WARNING:
'xgboost' is a soft dependency and not included in the pycaret installation. Please run: `pip install xgboost` to install.
Alternately, you can install this by running `pip install pycaret[models]`
2025-04-17 18:40:49,289:INFO:Engine for model 'lightgbm_cds_dt' has not been set explicitly, hence returning None.
2025-04-17 18:40:49,289:INFO:Engine for model 'catboost_cds_dt' has not been set explicitly, hence returning None.
2025-04-17 18:40:49,289:WARNING:
'catboost' is a soft dependency and not included in the pycaret installation. Please run: `pip install catboost` to install.
Alternately, you can install this by running `pip install pycaret[models]`
2025-04-17 18:40:49,289:WARNING:
'catboost' is a soft dependency and not included in the pycaret installation. Please run: `pip install catboost` to install.
Alternately, you can install this by running `pip install pycaret[models]`
2025-04-17 18:40:49,295:WARNING:
'prophet' is a soft dependency and not included in the pycaret installation. Please run: `pip install prophet` to install.
2025-04-17 18:40:49,299:INFO:Engine for model 'xgboost_cds_dt' has not been set explicitly, hence returning None.
2025-04-17 18:40:49,299:WARNING:
'xgboost' is a soft dependency and not included in the pycaret installation. Please run: `pip install xgboost` to install.
Alternately, you can install this by running `pip install pycaret[models]`
2025-04-17 18:40:49,299:WARNING:
'xgboost' is a soft dependency and not included in the pycaret installation. Please run: `pip install xgboost` to install.
Alternately, you can install this by running `pip install pycaret[models]`
2025-04-17 18:40:49,299:INFO:Engine for model 'lightgbm_cds_dt' has not been set explicitly, hence returning None.
2025-04-17 18:40:49,299:INFO:Engine for model 'catboost_cds_dt' has not been set explicitly, hence returning None.
2025-04-17 18:40:49,299:WARNING:
'catboost' is a soft dependency and not included in the pycaret installation. Please run: `pip install catboost` to install.
Alternately, you can install this by running `pip install pycaret[models]`
2025-04-17 18:40:49,299:WARNING:
'catboost' is a soft dependency and not included in the pycaret installation. Please run: `pip install catboost` to install.
Alternately, you can install this by running `pip install pycaret[models]`
2025-04-17 18:40:49,299:INFO:Engine successfully changes for model 'xgboost_cds_dt' to 'sklearn'.
2025-04-17 18:40:49,300:WARNING:
'prophet' is a soft dependency and not included in the pycaret installation. Please run: `pip install prophet` to install.
2025-04-17 18:40:49,303:WARNING:
'xgboost' is a soft dependency and not included in the pycaret installation. Please run: `pip install xgboost` to install.
Alternately, you can install this by running `pip install pycaret[models]`
2025-04-17 18:40:49,303:WARNING:
'xgboost' is a soft dependency and not included in the pycaret installation. Please run: `pip install xgboost` to install.
Alternately, you can install this by running `pip install pycaret[models]`
2025-04-17 18:40:49,303:INFO:Engine for model 'lightgbm_cds_dt' has not been set explicitly, hence returning None.
2025-04-17 18:40:49,305:INFO:Engine for model 'catboost_cds_dt' has not been set explicitly, hence returning None.
2025-04-17 18:40:49,305:WARNING:
'catboost' is a soft dependency and not included in the pycaret installation. Please run: `pip install catboost` to install.
Alternately, you can install this by running `pip install pycaret[models]`
2025-04-17 18:40:49,305:WARNING:
'catboost' is a soft dependency and not included in the pycaret installation. Please run: `pip install catboost` to install.
Alternately, you can install this by running `pip install pycaret[models]`
2025-04-17 18:40:49,308:WARNING:
'prophet' is a soft dependency and not included in the pycaret installation. Please run: `pip install prophet` to install.
2025-04-17 18:40:49,312:WARNING:
'xgboost' is a soft dependency and not included in the pycaret installation. Please run: `pip install xgboost` to install.
Alternately, you can install this by running `pip install pycaret[models]`
2025-04-17 18:40:49,312:WARNING:
'xgboost' is a soft dependency and not included in the pycaret installation. Please run: `pip install xgboost` to install.
Alternately, you can install this by running `pip install pycaret[models]`
2025-04-17 18:40:49,312:INFO:Engine for model 'lightgbm_cds_dt' has not been set explicitly, hence returning None.
2025-04-17 18:40:49,312:INFO:Engine for model 'catboost_cds_dt' has not been set explicitly, hence returning None.
2025-04-17 18:40:49,312:WARNING:
'catboost' is a soft dependency and not included in the pycaret installation. Please run: `pip install catboost` to install.
Alternately, you can install this by running `pip install pycaret[models]`
2025-04-17 18:40:49,312:WARNING:
'catboost' is a soft dependency and not included in the pycaret installation. Please run: `pip install catboost` to install.
Alternately, you can install this by running `pip install pycaret[models]`
2025-04-17 18:40:49,312:INFO:Engine successfully changes for model 'lightgbm_cds_dt' to 'sklearn'.
2025-04-17 18:40:49,314:WARNING:
'prophet' is a soft dependency and not included in the pycaret installation. Please run: `pip install prophet` to install.
2025-04-17 18:40:49,320:WARNING:
'xgboost' is a soft dependency and not included in the pycaret installation. Please run: `pip install xgboost` to install.
Alternately, you can install this by running `pip install pycaret[models]`
2025-04-17 18:40:49,320:WARNING:
'xgboost' is a soft dependency and not included in the pycaret installation. Please run: `pip install xgboost` to install.
Alternately, you can install this by running `pip install pycaret[models]`
2025-04-17 18:40:49,320:INFO:Engine for model 'catboost_cds_dt' has not been set explicitly, hence returning None.
2025-04-17 18:40:49,320:WARNING:
'catboost' is a soft dependency and not included in the pycaret installation. Please run: `pip install catboost` to install.
Alternately, you can install this by running `pip install pycaret[models]`
2025-04-17 18:40:49,320:WARNING:
'catboost' is a soft dependency and not included in the pycaret installation. Please run: `pip install catboost` to install.
Alternately, you can install this by running `pip install pycaret[models]`
2025-04-17 18:40:49,324:WARNING:
'prophet' is a soft dependency and not included in the pycaret installation. Please run: `pip install prophet` to install.
2025-04-17 18:40:49,328:WARNING:
'xgboost' is a soft dependency and not included in the pycaret installation. Please run: `pip install xgboost` to install.
Alternately, you can install this by running `pip install pycaret[models]`
2025-04-17 18:40:49,328:WARNING:
'xgboost' is a soft dependency and not included in the pycaret installation. Please run: `pip install xgboost` to install.
Alternately, you can install this by running `pip install pycaret[models]`
2025-04-17 18:40:49,328:INFO:Engine for model 'catboost_cds_dt' has not been set explicitly, hence returning None.
2025-04-17 18:40:49,328:WARNING:
'catboost' is a soft dependency and not included in the pycaret installation. Please run: `pip install catboost` to install.
Alternately, you can install this by running `pip install pycaret[models]`
2025-04-17 18:40:49,328:WARNING:
'catboost' is a soft dependency and not included in the pycaret installation. Please run: `pip install catboost` to install.
Alternately, you can install this by running `pip install pycaret[models]`
2025-04-17 18:40:49,328:INFO:Engine successfully changes for model 'catboost_cds_dt' to 'sklearn'.
2025-04-17 18:40:49,330:WARNING:
'prophet' is a soft dependency and not included in the pycaret installation. Please run: `pip install prophet` to install.
2025-04-17 18:40:49,333:WARNING:
'xgboost' is a soft dependency and not included in the pycaret installation. Please run: `pip install xgboost` to install.
Alternately, you can install this by running `pip install pycaret[models]`
2025-04-17 18:40:49,333:WARNING:
'xgboost' is a soft dependency and not included in the pycaret installation. Please run: `pip install xgboost` to install.
Alternately, you can install this by running `pip install pycaret[models]`
2025-04-17 18:40:49,333:WARNING:
'catboost' is a soft dependency and not included in the pycaret installation. Please run: `pip install catboost` to install.
Alternately, you can install this by running `pip install pycaret[models]`
2025-04-17 18:40:49,333:WARNING:
'catboost' is a soft dependency and not included in the pycaret installation. Please run: `pip install catboost` to install.
Alternately, you can install this by running `pip install pycaret[models]`
2025-04-17 18:40:49,336:WARNING:
'prophet' is a soft dependency and not included in the pycaret installation. Please run: `pip install prophet` to install.
2025-04-17 18:40:49,340:WARNING:
'xgboost' is a soft dependency and not included in the pycaret installation. Please run: `pip install xgboost` to install.
Alternately, you can install this by running `pip install pycaret[models]`
2025-04-17 18:40:49,340:WARNING:
'xgboost' is a soft dependency and not included in the pycaret installation. Please run: `pip install xgboost` to install.
Alternately, you can install this by running `pip install pycaret[models]`
2025-04-17 18:40:49,340:WARNING:
'catboost' is a soft dependency and not included in the pycaret installation. Please run: `pip install catboost` to install.
Alternately, you can install this by running `pip install pycaret[models]`
2025-04-17 18:40:49,340:WARNING:
'catboost' is a soft dependency and not included in the pycaret installation. Please run: `pip install catboost` to install.
Alternately, you can install this by running `pip install pycaret[models]`
2025-04-17 18:40:49,344:WARNING:
'prophet' is a soft dependency and not included in the pycaret installation. Please run: `pip install prophet` to install.
2025-04-17 18:40:49,351:WARNING:
'xgboost' is a soft dependency and not included in the pycaret installation. Please run: `pip install xgboost` to install.
Alternately, you can install this by running `pip install pycaret[models]`
2025-04-17 18:40:49,351:WARNING:
'xgboost' is a soft dependency and not included in the pycaret installation. Please run: `pip install xgboost` to install.
Alternately, you can install this by running `pip install pycaret[models]`
2025-04-17 18:40:49,351:WARNING:
'catboost' is a soft dependency and not included in the pycaret installation. Please run: `pip install catboost` to install.
Alternately, you can install this by running `pip install pycaret[models]`
2025-04-17 18:40:49,351:WARNING:
'catboost' is a soft dependency and not included in the pycaret installation. Please run: `pip install catboost` to install.
Alternately, you can install this by running `pip install pycaret[models]`
2025-04-17 18:40:49,352:WARNING:
'prophet' is a soft dependency and not included in the pycaret installation. Please run: `pip install prophet` to install.
2025-04-17 18:40:49,355:WARNING:
'xgboost' is a soft dependency and not included in the pycaret installation. Please run: `pip install xgboost` to install.
Alternately, you can install this by running `pip install pycaret[models]`
2025-04-17 18:40:49,355:WARNING:
'xgboost' is a soft dependency and not included in the pycaret installation. Please run: `pip install xgboost` to install.
Alternately, you can install this by running `pip install pycaret[models]`
2025-04-17 18:40:49,355:WARNING:
'catboost' is a soft dependency and not included in the pycaret installation. Please run: `pip install catboost` to install.
Alternately, you can install this by running `pip install pycaret[models]`
2025-04-17 18:40:49,355:WARNING:
'catboost' is a soft dependency and not included in the pycaret installation. Please run: `pip install catboost` to install.
Alternately, you can install this by running `pip install pycaret[models]`
2025-04-17 18:40:49,355:INFO:setup() successfully completed in 1.23s...............
2025-04-17 18:40:49,356:INFO:Initializing compare_models()
2025-04-17 18:40:49,356:INFO:compare_models(self=<pycaret.time_series.forecasting.oop.TSForecastingExperiment object at 0x3098bd550>, include=['ets', 'exp_smooth'], exclude=None, fold=None, round=4, cross_validation=True, sort=RMSE, n_select=1, budget_time=None, turbo=True, errors=ignore, fit_kwargs=None, groups=None, experiment_custom_tags=None, probability_threshold=None, verbose=False, parallel=None, caller_params={'self': <pycaret.time_series.forecasting.oop.TSForecastingExperiment object at 0x3098bd550>, 'include': ['ets', 'exp_smooth'], 'exclude': None, 'fold': None, 'round': 4, 'cross_validation': True, 'sort': 'RMSE', 'n_select': 1, 'budget_time': None, 'turbo': True, 'errors': 'ignore', 'fit_kwargs': None, 'experiment_custom_tags': None, 'engine': None, 'verbose': False, 'parallel': None, '__class__': <class 'pycaret.time_series.forecasting.oop.TSForecastingExperiment'>})
2025-04-17 18:40:49,356:INFO:Checking exceptions
2025-04-17 18:40:49,357:INFO:Preparing display monitor
2025-04-17 18:40:49,361:INFO:Initializing ETS
2025-04-17 18:40:49,361:INFO:Total runtime is 2.3484230041503905e-06 minutes
2025-04-17 18:40:49,361:INFO:SubProcess create_model() called ==================================
2025-04-17 18:40:49,362:INFO:Initializing create_model()
2025-04-17 18:40:49,362:INFO:create_model(self=<pycaret.time_series.forecasting.oop.TSForecastingExperiment object at 0x3098bd550>, estimator=ets, fold=None, round=4, cross_validation=True, predict=True, fit_kwargs={}, groups=None, refit=False, probability_threshold=None, experiment_custom_tags=None, verbose=False, system=False, add_to_model_list=True, metrics=None, display=<pycaret.internal.display.display.CommonDisplay object at 0x31ae486d0>, model_only=True, return_train_score=False, error_score=0.0, kwargs={})
2025-04-17 18:40:49,362:INFO:Checking exceptions
2025-04-17 18:40:49,362:INFO:Importing libraries
2025-04-17 18:40:49,362:INFO:Copying training dataset
2025-04-17 18:40:49,365:INFO:Defining folds
2025-04-17 18:40:49,365:INFO:Declaring metric variables
2025-04-17 18:40:49,365:INFO:Importing untrained model
2025-04-17 18:40:49,366:INFO:ETS Imported successfully
2025-04-17 18:40:49,369:INFO:Starting cross validation
2025-04-17 18:40:49,370:INFO:Cross validating with ExpandingWindowSplitter(fh=ForecastingHorizon([ 1,  2,  3,  4,  5,  6,  7,  8,  9, 10, 11, 12, 13, 14, 15, 16, 17, 18,
       19, 20, 21, 22, 23, 24, 25, 26, 27, 28, 29, 30],
      dtype='int64', is_relative=True),
                        initial_window=1968, step_length=30), n_jobs=-1
2025-04-17 18:41:01,087:WARNING:/opt/anaconda3/envs/LSTM/lib/python3.11/site-packages/sklearn/metrics/_regression.py:483: FutureWarning: 'squared' is deprecated in version 1.4 and will be removed in 1.6. To calculate the root mean squared error, use the function'root_mean_squared_error'.
  warnings.warn(

2025-04-17 18:41:01,087:WARNING:/opt/anaconda3/envs/LSTM/lib/python3.11/site-packages/sklearn/metrics/_regression.py:483: FutureWarning: 'squared' is deprecated in version 1.4 and will be removed in 1.6. To calculate the root mean squared error, use the function'root_mean_squared_error'.
  warnings.warn(

2025-04-17 18:41:01,456:WARNING:/opt/anaconda3/envs/LSTM/lib/python3.11/site-packages/sklearn/metrics/_regression.py:483: FutureWarning: 'squared' is deprecated in version 1.4 and will be removed in 1.6. To calculate the root mean squared error, use the function'root_mean_squared_error'.
  warnings.warn(

2025-04-17 18:41:01,457:WARNING:/opt/anaconda3/envs/LSTM/lib/python3.11/site-packages/sklearn/metrics/_regression.py:483: FutureWarning: 'squared' is deprecated in version 1.4 and will be removed in 1.6. To calculate the root mean squared error, use the function'root_mean_squared_error'.
  warnings.warn(

2025-04-17 18:41:01,497:WARNING:/opt/anaconda3/envs/LSTM/lib/python3.11/site-packages/sklearn/metrics/_regression.py:483: FutureWarning: 'squared' is deprecated in version 1.4 and will be removed in 1.6. To calculate the root mean squared error, use the function'root_mean_squared_error'.
  warnings.warn(

2025-04-17 18:41:01,506:WARNING:/opt/anaconda3/envs/LSTM/lib/python3.11/site-packages/sklearn/metrics/_regression.py:483: FutureWarning: 'squared' is deprecated in version 1.4 and will be removed in 1.6. To calculate the root mean squared error, use the function'root_mean_squared_error'.
  warnings.warn(

2025-04-17 18:41:01,547:INFO:Calculating mean and std
2025-04-17 18:41:01,549:INFO:Creating metrics dataframe
2025-04-17 18:41:01,586:INFO:Uploading results into container
2025-04-17 18:41:01,586:INFO:Uploading model into container now
2025-04-17 18:41:01,588:INFO:_master_model_container: 1
2025-04-17 18:41:01,588:INFO:_display_container: 2
2025-04-17 18:41:01,590:INFO:AutoETS(seasonal='mul', sp=15, trend='add')
2025-04-17 18:41:01,590:INFO:create_model() successfully completed......................................
2025-04-17 18:41:02,032:INFO:SubProcess create_model() end ==================================
2025-04-17 18:41:02,035:INFO:Creating metrics dataframe
2025-04-17 18:41:02,038:INFO:Initializing Exponential Smoothing
2025-04-17 18:41:02,038:INFO:Total runtime is 0.21128422021865845 minutes
2025-04-17 18:41:02,038:INFO:SubProcess create_model() called ==================================
2025-04-17 18:41:02,038:INFO:Initializing create_model()
2025-04-17 18:41:02,038:INFO:create_model(self=<pycaret.time_series.forecasting.oop.TSForecastingExperiment object at 0x3098bd550>, estimator=exp_smooth, fold=None, round=4, cross_validation=True, predict=True, fit_kwargs={}, groups=None, refit=False, probability_threshold=None, experiment_custom_tags=None, verbose=False, system=False, add_to_model_list=True, metrics=None, display=<pycaret.internal.display.display.CommonDisplay object at 0x31ae486d0>, model_only=True, return_train_score=False, error_score=0.0, kwargs={})
2025-04-17 18:41:02,039:INFO:Checking exceptions
2025-04-17 18:41:02,039:INFO:Importing libraries
2025-04-17 18:41:02,039:INFO:Copying training dataset
2025-04-17 18:41:02,041:INFO:Defining folds
2025-04-17 18:41:02,041:INFO:Declaring metric variables
2025-04-17 18:41:02,042:INFO:Importing untrained model
2025-04-17 18:41:02,042:INFO:Exponential Smoothing Imported successfully
2025-04-17 18:41:02,044:INFO:Starting cross validation
2025-04-17 18:41:02,052:INFO:Cross validating with ExpandingWindowSplitter(fh=ForecastingHorizon([ 1,  2,  3,  4,  5,  6,  7,  8,  9, 10, 11, 12, 13, 14, 15, 16, 17, 18,
       19, 20, 21, 22, 23, 24, 25, 26, 27, 28, 29, 30],
      dtype='int64', is_relative=True),
                        initial_window=1968, step_length=30), n_jobs=-1
2025-04-17 18:41:02,966:WARNING:/opt/anaconda3/envs/LSTM/lib/python3.11/site-packages/sklearn/metrics/_regression.py:483: FutureWarning: 'squared' is deprecated in version 1.4 and will be removed in 1.6. To calculate the root mean squared error, use the function'root_mean_squared_error'.
  warnings.warn(

2025-04-17 18:41:02,966:WARNING:/opt/anaconda3/envs/LSTM/lib/python3.11/site-packages/sklearn/metrics/_regression.py:483: FutureWarning: 'squared' is deprecated in version 1.4 and will be removed in 1.6. To calculate the root mean squared error, use the function'root_mean_squared_error'.
  warnings.warn(

2025-04-17 18:41:06,825:WARNING:/opt/anaconda3/envs/LSTM/lib/python3.11/site-packages/sklearn/metrics/_regression.py:483: FutureWarning: 'squared' is deprecated in version 1.4 and will be removed in 1.6. To calculate the root mean squared error, use the function'root_mean_squared_error'.
  warnings.warn(

2025-04-17 18:41:06,826:WARNING:/opt/anaconda3/envs/LSTM/lib/python3.11/site-packages/sklearn/metrics/_regression.py:483: FutureWarning: 'squared' is deprecated in version 1.4 and will be removed in 1.6. To calculate the root mean squared error, use the function'root_mean_squared_error'.
  warnings.warn(

2025-04-17 18:41:07,111:WARNING:/opt/anaconda3/envs/LSTM/lib/python3.11/site-packages/sklearn/metrics/_regression.py:483: FutureWarning: 'squared' is deprecated in version 1.4 and will be removed in 1.6. To calculate the root mean squared error, use the function'root_mean_squared_error'.
  warnings.warn(

2025-04-17 18:41:07,112:WARNING:/opt/anaconda3/envs/LSTM/lib/python3.11/site-packages/sklearn/metrics/_regression.py:483: FutureWarning: 'squared' is deprecated in version 1.4 and will be removed in 1.6. To calculate the root mean squared error, use the function'root_mean_squared_error'.
  warnings.warn(

2025-04-17 18:41:07,149:INFO:Calculating mean and std
2025-04-17 18:41:07,150:INFO:Creating metrics dataframe
2025-04-17 18:41:07,173:INFO:Uploading results into container
2025-04-17 18:41:07,173:INFO:Uploading model into container now
2025-04-17 18:41:07,174:INFO:_master_model_container: 2
2025-04-17 18:41:07,174:INFO:_display_container: 2
2025-04-17 18:41:07,174:INFO:ExponentialSmoothing(seasonal='mul', sp=15, trend='add')
2025-04-17 18:41:07,174:INFO:create_model() successfully completed......................................
2025-04-17 18:41:07,804:INFO:SubProcess create_model() end ==================================
2025-04-17 18:41:07,804:INFO:Creating metrics dataframe
2025-04-17 18:41:07,820:INFO:Initializing create_model()
2025-04-17 18:41:07,820:INFO:create_model(self=<pycaret.time_series.forecasting.oop.TSForecastingExperiment object at 0x3098bd550>, estimator=ExponentialSmoothing(seasonal='mul', sp=15, trend='add'), fold=None, round=4, cross_validation=False, predict=False, fit_kwargs={}, groups=None, refit=True, probability_threshold=None, experiment_custom_tags=None, verbose=False, system=False, add_to_model_list=True, metrics=None, display=None, model_only=True, return_train_score=False, error_score=0.0, kwargs={})
2025-04-17 18:41:07,820:INFO:Checking exceptions
2025-04-17 18:41:07,823:INFO:Importing libraries
2025-04-17 18:41:07,823:INFO:Copying training dataset
2025-04-17 18:41:07,826:INFO:Defining folds
2025-04-17 18:41:07,826:INFO:Declaring metric variables
2025-04-17 18:41:07,826:INFO:Importing untrained model
2025-04-17 18:41:07,827:INFO:Declaring custom model
2025-04-17 18:41:07,828:INFO:Exponential Smoothing Imported successfully
2025-04-17 18:41:07,828:INFO:Cross validation set to False
2025-04-17 18:41:07,828:INFO:Fitting Model
2025-04-17 18:41:08,420:INFO:ExponentialSmoothing(seasonal='mul', sp=15, trend='add')
2025-04-17 18:41:08,420:INFO:create_model() successfully completed......................................
2025-04-17 18:41:08,823:INFO:_master_model_container: 2
2025-04-17 18:41:08,823:INFO:_display_container: 2
2025-04-17 18:41:08,823:INFO:ExponentialSmoothing(seasonal='mul', sp=15, trend='add')
2025-04-17 18:41:08,824:INFO:compare_models() successfully completed......................................
2025-04-17 18:41:08,826:INFO:Initializing create_model()
2025-04-17 18:41:08,826:INFO:create_model(self=<pycaret.time_series.forecasting.oop.TSForecastingExperiment object at 0x3098bd550>, estimator=ExponentialSmoothing(seasonal='mul', sp=15, trend='add'), fold=None, round=4, cross_validation=True, predict=True, fit_kwargs=None, groups=None, refit=True, probability_threshold=None, experiment_custom_tags=None, verbose=False, system=True, add_to_model_list=True, metrics=None, display=None, model_only=True, return_train_score=False, error_score=0.0, kwargs={})
2025-04-17 18:41:08,826:INFO:Checking exceptions
2025-04-17 18:41:08,840:INFO:Importing libraries
2025-04-17 18:41:08,840:INFO:Copying training dataset
2025-04-17 18:41:08,847:INFO:Defining folds
2025-04-17 18:41:08,847:INFO:Declaring metric variables
2025-04-17 18:41:08,847:INFO:Importing untrained model
2025-04-17 18:41:08,847:INFO:Declaring custom model
2025-04-17 18:41:08,847:INFO:Exponential Smoothing Imported successfully
2025-04-17 18:41:08,854:INFO:Starting cross validation
2025-04-17 18:41:08,859:INFO:Cross validating with ExpandingWindowSplitter(fh=ForecastingHorizon([ 1,  2,  3,  4,  5,  6,  7,  8,  9, 10, 11, 12, 13, 14, 15, 16, 17, 18,
       19, 20, 21, 22, 23, 24, 25, 26, 27, 28, 29, 30],
      dtype='int64', is_relative=True),
                        initial_window=1968, step_length=30), n_jobs=-1
2025-04-17 18:41:09,813:WARNING:/opt/anaconda3/envs/LSTM/lib/python3.11/site-packages/sklearn/metrics/_regression.py:483: FutureWarning: 'squared' is deprecated in version 1.4 and will be removed in 1.6. To calculate the root mean squared error, use the function'root_mean_squared_error'.
  warnings.warn(

2025-04-17 18:41:09,837:WARNING:/opt/anaconda3/envs/LSTM/lib/python3.11/site-packages/sklearn/metrics/_regression.py:483: FutureWarning: 'squared' is deprecated in version 1.4 and will be removed in 1.6. To calculate the root mean squared error, use the function'root_mean_squared_error'.
  warnings.warn(

2025-04-17 18:41:09,933:WARNING:/opt/anaconda3/envs/LSTM/lib/python3.11/site-packages/sklearn/metrics/_regression.py:483: FutureWarning: 'squared' is deprecated in version 1.4 and will be removed in 1.6. To calculate the root mean squared error, use the function'root_mean_squared_error'.
  warnings.warn(

2025-04-17 18:41:09,934:WARNING:/opt/anaconda3/envs/LSTM/lib/python3.11/site-packages/sklearn/metrics/_regression.py:483: FutureWarning: 'squared' is deprecated in version 1.4 and will be removed in 1.6. To calculate the root mean squared error, use the function'root_mean_squared_error'.
  warnings.warn(

2025-04-17 18:41:10,076:WARNING:/opt/anaconda3/envs/LSTM/lib/python3.11/site-packages/sklearn/metrics/_regression.py:483: FutureWarning: 'squared' is deprecated in version 1.4 and will be removed in 1.6. To calculate the root mean squared error, use the function'root_mean_squared_error'.
  warnings.warn(

2025-04-17 18:41:10,076:WARNING:/opt/anaconda3/envs/LSTM/lib/python3.11/site-packages/sklearn/metrics/_regression.py:483: FutureWarning: 'squared' is deprecated in version 1.4 and will be removed in 1.6. To calculate the root mean squared error, use the function'root_mean_squared_error'.
  warnings.warn(

2025-04-17 18:41:10,095:INFO:Calculating mean and std
2025-04-17 18:41:10,096:INFO:Creating metrics dataframe
2025-04-17 18:41:10,099:INFO:Finalizing model
2025-04-17 18:41:10,638:INFO:Uploading results into container
2025-04-17 18:41:10,638:INFO:Uploading model into container now
2025-04-17 18:41:10,641:INFO:_master_model_container: 3
2025-04-17 18:41:10,641:INFO:_display_container: 3
2025-04-17 18:41:10,641:INFO:ExponentialSmoothing(seasonal='mul', sp=15, trend='add')
2025-04-17 18:41:10,641:INFO:create_model() successfully completed......................................
2025-04-17 18:41:11,005:INFO:Initializing get_config()
2025-04-17 18:41:11,005:INFO:get_config(self=<pycaret.time_series.forecasting.oop.TSForecastingExperiment object at 0x3098bd550>, variable=y_train)
2025-04-17 18:41:11,006:INFO:Variable: 'y_train' used to return the transformed values in PyCaret 2.x. From PyCaret 3.x, this will return the raw values. If you need the transformed values, call get_config with 'y_train_transformed' instead.
2025-04-17 18:41:11,008:INFO:Variable:  returned as Date
2017-11-09    0.217488
2017-11-10    0.206483
2017-11-11    0.210430
2017-11-12    0.197339
2017-11-13    0.203442
                ...   
2023-06-24    0.487313
2023-06-25    0.490277
2023-06-26    0.479332
2023-06-27    0.483840
2023-06-28    0.465222
Freq: D, Name: ('Close', 'XRP-USD'), Length: 2058, dtype: float64
2025-04-17 18:41:11,008:INFO:get_config() successfully completed......................................
2025-04-17 21:15:40,249:WARNING:
'prophet' is a soft dependency and not included in the pycaret installation. Please run: `pip install prophet` to install.
2025-04-17 21:15:46,322:INFO:PyCaret TSForecastingExperiment
2025-04-17 21:15:46,322:INFO:Logging name: ts-default-name
2025-04-17 21:15:46,322:INFO:ML Usecase: MLUsecase.TIME_SERIES
2025-04-17 21:15:46,322:INFO:version 3.3.2
2025-04-17 21:15:46,322:INFO:Initializing setup()
2025-04-17 21:15:46,322:INFO:self.USI: 7fde
2025-04-17 21:15:46,322:INFO:self._variable_keys: {'y_test', 'fh', 'y_train_transformed', 'seed', 'logging_param', 'strictly_positive', 'X', 'significant_sps_no_harmonics', 'X_test_transformed', 'y_transformed', 'X_transformed', 'candidate_sps', 'seasonality_present', 'y', 'significant_sps', 'gpu_n_jobs_param', 'fold_param', 'data', 'model_engines', 'X_test', 'html_param', 'pipeline', 'n_jobs_param', 'exp_id', '_available_plots', 'enforce_pi', 'memory', 'USI', 'idx', 'fold_generator', 'exogenous_present', 'X_train_transformed', 'index_type', 'y_test_transformed', 'y_train', '_ml_usecase', 'all_sps_to_use', 'approach_type', 'gpu_param', 'enforce_exogenous', 'log_plots_param', 'exp_name_log', 'primary_sp_to_use', 'X_train'}
2025-04-17 21:15:46,322:INFO:Checking environment
2025-04-17 21:15:46,322:INFO:python_version: 3.11.8
2025-04-17 21:15:46,322:INFO:python_build: ('main', 'Feb 16 2024 20:49:36')
2025-04-17 21:15:46,322:INFO:machine: arm64
2025-04-17 21:15:46,322:INFO:platform: macOS-15.3.1-arm64-arm-64bit
2025-04-17 21:15:46,322:INFO:Memory: svmem(total=17179869184, available=2992046080, percent=82.6, used=5066358784, free=108232704, active=2896920576, inactive=2811887616, wired=2169438208)
2025-04-17 21:15:46,322:INFO:Physical Core: 8
2025-04-17 21:15:46,322:INFO:Logical Core: 8
2025-04-17 21:15:46,322:INFO:Checking libraries
2025-04-17 21:15:46,322:INFO:System:
2025-04-17 21:15:46,322:INFO:    python: 3.11.8 | packaged by conda-forge | (main, Feb 16 2024, 20:49:36) [Clang 16.0.6 ]
2025-04-17 21:15:46,322:INFO:executable: /opt/anaconda3/envs/LSTM/bin/python
2025-04-17 21:15:46,322:INFO:   machine: macOS-15.3.1-arm64-arm-64bit
2025-04-17 21:15:46,322:INFO:PyCaret required dependencies:
2025-04-17 21:15:46,356:INFO:                 pip: 25.0
2025-04-17 21:15:46,357:INFO:          setuptools: 75.8.0
2025-04-17 21:15:46,357:INFO:             pycaret: 3.3.2
2025-04-17 21:15:46,357:INFO:             IPython: 8.32.0
2025-04-17 21:15:46,357:INFO:          ipywidgets: 8.1.5
2025-04-17 21:15:46,357:INFO:                tqdm: 4.67.1
2025-04-17 21:15:46,357:INFO:               numpy: 1.26.4
2025-04-17 21:15:46,357:INFO:              pandas: 2.1.4
2025-04-17 21:15:46,357:INFO:              jinja2: 3.1.5
2025-04-17 21:15:46,357:INFO:               scipy: 1.11.4
2025-04-17 21:15:46,357:INFO:              joblib: 1.3.2
2025-04-17 21:15:46,357:INFO:             sklearn: 1.4.2
2025-04-17 21:15:46,357:INFO:                pyod: 2.0.3
2025-04-17 21:15:46,357:INFO:            imblearn: 0.13.0
2025-04-17 21:15:46,357:INFO:   category_encoders: 2.7.0
2025-04-17 21:15:46,357:INFO:            lightgbm: 4.6.0
2025-04-17 21:15:46,357:INFO:               numba: 0.61.0
2025-04-17 21:15:46,357:INFO:            requests: 2.32.3
2025-04-17 21:15:46,357:INFO:          matplotlib: 3.7.5
2025-04-17 21:15:46,357:INFO:          scikitplot: 0.3.7
2025-04-17 21:15:46,357:INFO:         yellowbrick: 1.5
2025-04-17 21:15:46,357:INFO:              plotly: 5.24.1
2025-04-17 21:15:46,357:INFO:    plotly-resampler: Not installed
2025-04-17 21:15:46,357:INFO:             kaleido: 0.2.1
2025-04-17 21:15:46,357:INFO:           schemdraw: 0.15
2025-04-17 21:15:46,357:INFO:         statsmodels: 0.14.4
2025-04-17 21:15:46,357:INFO:              sktime: 0.26.0
2025-04-17 21:15:46,357:INFO:               tbats: 1.1.3
2025-04-17 21:15:46,357:INFO:            pmdarima: 2.0.4
2025-04-17 21:15:46,357:INFO:              psutil: 5.9.0
2025-04-17 21:15:46,357:INFO:          markupsafe: 3.0.2
2025-04-17 21:15:46,357:INFO:             pickle5: Not installed
2025-04-17 21:15:46,357:INFO:         cloudpickle: 3.1.1
2025-04-17 21:15:46,357:INFO:         deprecation: 2.1.0
2025-04-17 21:15:46,357:INFO:              xxhash: 3.5.0
2025-04-17 21:15:46,357:INFO:           wurlitzer: 3.1.1
2025-04-17 21:15:46,357:INFO:PyCaret optional dependencies:
2025-04-17 21:15:46,374:INFO:                shap: Not installed
2025-04-17 21:15:46,375:INFO:           interpret: Not installed
2025-04-17 21:15:46,375:INFO:                umap: Not installed
2025-04-17 21:15:46,375:INFO:     ydata_profiling: Not installed
2025-04-17 21:15:46,375:INFO:  explainerdashboard: Not installed
2025-04-17 21:15:46,375:INFO:             autoviz: Not installed
2025-04-17 21:15:46,375:INFO:           fairlearn: Not installed
2025-04-17 21:15:46,375:INFO:          deepchecks: Not installed
2025-04-17 21:15:46,375:INFO:             xgboost: Not installed
2025-04-17 21:15:46,375:INFO:            catboost: Not installed
2025-04-17 21:15:46,375:INFO:              kmodes: Not installed
2025-04-17 21:15:46,375:INFO:             mlxtend: Not installed
2025-04-17 21:15:46,375:INFO:       statsforecast: Not installed
2025-04-17 21:15:46,375:INFO:        tune_sklearn: Not installed
2025-04-17 21:15:46,375:INFO:                 ray: Not installed
2025-04-17 21:15:46,375:INFO:            hyperopt: Not installed
2025-04-17 21:15:46,375:INFO:              optuna: Not installed
2025-04-17 21:15:46,375:INFO:               skopt: Not installed
2025-04-17 21:15:46,375:INFO:              mlflow: Not installed
2025-04-17 21:15:46,375:INFO:              gradio: Not installed
2025-04-17 21:15:46,375:INFO:             fastapi: Not installed
2025-04-17 21:15:46,375:INFO:             uvicorn: Not installed
2025-04-17 21:15:46,376:INFO:              m2cgen: Not installed
2025-04-17 21:15:46,376:INFO:           evidently: Not installed
2025-04-17 21:15:46,376:INFO:               fugue: Not installed
2025-04-17 21:15:46,376:INFO:           streamlit: Not installed
2025-04-17 21:15:46,376:INFO:             prophet: Not installed
2025-04-17 21:15:46,376:INFO:None
2025-04-17 21:15:46,380:INFO:Set Forecast Horizon.
2025-04-17 21:15:46,381:INFO:Set up Train-Test Splits.
2025-04-17 21:15:46,386:INFO:Preparing preprocessing pipeline...
2025-04-17 21:15:46,387:INFO:Set up imputation for Target variable(s).
2025-04-17 21:15:46,422:INFO:Finished creating preprocessing pipeline.
2025-04-17 21:15:46,426:INFO:Pipeline: ForecastingPipeline(steps=[('forecaster',
                            TransformedTargetForecaster(steps=[('transformer_target',
                                                                TransformerPipeline(steps=[('numerical_imputer',
                                                                                            Imputer(method='ffill',
                                                                                                    random_state=123))])),
                                                               ('model',
                                                                DummyForecaster())]))])
2025-04-17 21:15:46,426:INFO:Set up Seasonal Period.
2025-04-17 21:15:46,433:INFO:Setting the seasonal component type - 'add' or 'mul'.
2025-04-17 21:15:46,433:INFO:Checking if data is strictly positive.
2025-04-17 21:15:46,483:INFO:Creating final display dataframe.
2025-04-17 21:15:46,496:INFO:Setup Display Container:                                           Description  \
0                                          session_id   
1                                              Target   
2                                            Approach   
3                                 Exogenous Variables   
4                                 Original data shape   
5                              Transformed data shape   
6                         Transformed train set shape   
7                          Transformed test set shape   
8                            Rows with missing values   
9                                      Fold Generator   
10                                        Fold Number   
11                        Enforce Prediction Interval   
12                    Splits used for hyperparameters   
13                    User Defined Seasonal Period(s)   
14                            Ignore Seasonality Test   
15                         Seasonality Detection Algo   
16                             Max Period to Consider   
17                          Seasonal Period(s) Tested   
18                     Significant Seasonal Period(s)   
19   Significant Seasonal Period(s) without Harmonics   
20                                   Remove Harmonics   
21                             Harmonics Order Method   
22                           Num Seasonalities to Use   
23                           All Seasonalities to Use   
24                                Primary Seasonality   
25                                Seasonality Present   
26                                   Seasonality Type   
27                           Target Strictly Positive   
28                                 Target White Noise   
29                                      Recommended d   
30                             Recommended Seasonal D   
31                                         Preprocess   
32                      Numerical Imputation (Target)   
33                            Transformation (Target)   
34                                   Scaling (Target)   
35  Feature Engineering (Target) - Reduced Regression   
36                                           CPU Jobs   
37                                            Use GPU   
38                                     Log Experiment   
39                                    Experiment Name   
40                                                USI   

                            Value  
0                             123  
1            ('Close', 'XRP-USD')  
2                      Univariate  
3                     Not Present  
4                       (2088, 1)  
5                       (2088, 1)  
6                       (2058, 1)  
7                         (30, 1)  
8                            0.0%  
9         ExpandingWindowSplitter  
10                              3  
11                          False  
12                            all  
13                           None  
14                          False  
15                           auto  
16                             60  
17  [15, 17, 8, 6, 22, 21, 24, 7]  
18  [15, 17, 8, 6, 22, 21, 24, 7]  
19           [15, 17, 24, 22, 21]  
20                          False  
21                   harmonic_max  
22                              1  
23                           [15]  
24                             15  
25                           True  
26                            mul  
27                           True  
28                             No  
29                              1  
30                              0  
31                           True  
32                          ffill  
33                           None  
34                           None  
35                          False  
36                             -1  
37                          False  
38                          False  
39                ts-default-name  
40                           7fde  
2025-04-17 21:15:46,496:INFO:Engine successfully changes for model 'auto_arima' to 'pmdarima'.
2025-04-17 21:15:46,515:WARNING:
'prophet' is a soft dependency and not included in the pycaret installation. Please run: `pip install prophet` to install.
2025-04-17 21:15:46,515:INFO:Engine for model 'lr_cds_dt' has not been set explicitly, hence returning None.
2025-04-17 21:15:46,515:INFO:Engine for model 'en_cds_dt' has not been set explicitly, hence returning None.
2025-04-17 21:15:46,515:INFO:Engine for model 'ridge_cds_dt' has not been set explicitly, hence returning None.
2025-04-17 21:15:46,515:INFO:Engine for model 'lasso_cds_dt' has not been set explicitly, hence returning None.
2025-04-17 21:15:46,515:INFO:Engine for model 'llar_cds_dt' has not been set explicitly, hence returning None.
2025-04-17 21:15:46,515:INFO:Engine for model 'br_cds_dt' has not been set explicitly, hence returning None.
2025-04-17 21:15:46,516:INFO:Engine for model 'huber_cds_dt' has not been set explicitly, hence returning None.
2025-04-17 21:15:46,518:INFO:Engine for model 'omp_cds_dt' has not been set explicitly, hence returning None.
2025-04-17 21:15:46,519:INFO:Engine for model 'knn_cds_dt' has not been set explicitly, hence returning None.
2025-04-17 21:15:46,520:INFO:Engine for model 'dt_cds_dt' has not been set explicitly, hence returning None.
2025-04-17 21:15:46,520:INFO:Engine for model 'rf_cds_dt' has not been set explicitly, hence returning None.
2025-04-17 21:15:46,522:INFO:Engine for model 'et_cds_dt' has not been set explicitly, hence returning None.
2025-04-17 21:15:46,522:INFO:Engine for model 'gbr_cds_dt' has not been set explicitly, hence returning None.
2025-04-17 21:15:46,522:INFO:Engine for model 'ada_cds_dt' has not been set explicitly, hence returning None.
2025-04-17 21:15:46,522:INFO:Engine for model 'xgboost_cds_dt' has not been set explicitly, hence returning None.
2025-04-17 21:15:46,522:WARNING:
'xgboost' is a soft dependency and not included in the pycaret installation. Please run: `pip install xgboost` to install.
Alternately, you can install this by running `pip install pycaret[models]`
2025-04-17 21:15:46,522:WARNING:
'xgboost' is a soft dependency and not included in the pycaret installation. Please run: `pip install xgboost` to install.
Alternately, you can install this by running `pip install pycaret[models]`
2025-04-17 21:15:46,522:INFO:Engine for model 'lightgbm_cds_dt' has not been set explicitly, hence returning None.
2025-04-17 21:15:46,522:INFO:Engine for model 'catboost_cds_dt' has not been set explicitly, hence returning None.
2025-04-17 21:15:46,523:WARNING:
'catboost' is a soft dependency and not included in the pycaret installation. Please run: `pip install catboost` to install.
Alternately, you can install this by running `pip install pycaret[models]`
2025-04-17 21:15:46,523:WARNING:
'catboost' is a soft dependency and not included in the pycaret installation. Please run: `pip install catboost` to install.
Alternately, you can install this by running `pip install pycaret[models]`
2025-04-17 21:15:46,526:WARNING:
'prophet' is a soft dependency and not included in the pycaret installation. Please run: `pip install prophet` to install.
2025-04-17 21:15:46,526:INFO:Engine for model 'lr_cds_dt' has not been set explicitly, hence returning None.
2025-04-17 21:15:46,527:INFO:Engine for model 'en_cds_dt' has not been set explicitly, hence returning None.
2025-04-17 21:15:46,527:INFO:Engine for model 'ridge_cds_dt' has not been set explicitly, hence returning None.
2025-04-17 21:15:46,527:INFO:Engine for model 'lasso_cds_dt' has not been set explicitly, hence returning None.
2025-04-17 21:15:46,527:INFO:Engine for model 'llar_cds_dt' has not been set explicitly, hence returning None.
2025-04-17 21:15:46,527:INFO:Engine for model 'br_cds_dt' has not been set explicitly, hence returning None.
2025-04-17 21:15:46,527:INFO:Engine for model 'huber_cds_dt' has not been set explicitly, hence returning None.
2025-04-17 21:15:46,528:INFO:Engine for model 'omp_cds_dt' has not been set explicitly, hence returning None.
2025-04-17 21:15:46,529:INFO:Engine for model 'knn_cds_dt' has not been set explicitly, hence returning None.
2025-04-17 21:15:46,529:INFO:Engine for model 'dt_cds_dt' has not been set explicitly, hence returning None.
2025-04-17 21:15:46,529:INFO:Engine for model 'rf_cds_dt' has not been set explicitly, hence returning None.
2025-04-17 21:15:46,529:INFO:Engine for model 'et_cds_dt' has not been set explicitly, hence returning None.
2025-04-17 21:15:46,529:INFO:Engine for model 'gbr_cds_dt' has not been set explicitly, hence returning None.
2025-04-17 21:15:46,529:INFO:Engine for model 'ada_cds_dt' has not been set explicitly, hence returning None.
2025-04-17 21:15:46,529:INFO:Engine for model 'xgboost_cds_dt' has not been set explicitly, hence returning None.
2025-04-17 21:15:46,529:WARNING:
'xgboost' is a soft dependency and not included in the pycaret installation. Please run: `pip install xgboost` to install.
Alternately, you can install this by running `pip install pycaret[models]`
2025-04-17 21:15:46,529:WARNING:
'xgboost' is a soft dependency and not included in the pycaret installation. Please run: `pip install xgboost` to install.
Alternately, you can install this by running `pip install pycaret[models]`
2025-04-17 21:15:46,529:INFO:Engine for model 'lightgbm_cds_dt' has not been set explicitly, hence returning None.
2025-04-17 21:15:46,529:INFO:Engine for model 'catboost_cds_dt' has not been set explicitly, hence returning None.
2025-04-17 21:15:46,529:WARNING:
'catboost' is a soft dependency and not included in the pycaret installation. Please run: `pip install catboost` to install.
Alternately, you can install this by running `pip install pycaret[models]`
2025-04-17 21:15:46,529:WARNING:
'catboost' is a soft dependency and not included in the pycaret installation. Please run: `pip install catboost` to install.
Alternately, you can install this by running `pip install pycaret[models]`
2025-04-17 21:15:46,530:INFO:Engine successfully changes for model 'lr_cds_dt' to 'sklearn'.
2025-04-17 21:15:46,531:WARNING:
'prophet' is a soft dependency and not included in the pycaret installation. Please run: `pip install prophet` to install.
2025-04-17 21:15:46,531:INFO:Engine for model 'en_cds_dt' has not been set explicitly, hence returning None.
2025-04-17 21:15:46,531:INFO:Engine for model 'ridge_cds_dt' has not been set explicitly, hence returning None.
2025-04-17 21:15:46,531:INFO:Engine for model 'lasso_cds_dt' has not been set explicitly, hence returning None.
2025-04-17 21:15:46,531:INFO:Engine for model 'llar_cds_dt' has not been set explicitly, hence returning None.
2025-04-17 21:15:46,531:INFO:Engine for model 'br_cds_dt' has not been set explicitly, hence returning None.
2025-04-17 21:15:46,531:INFO:Engine for model 'huber_cds_dt' has not been set explicitly, hence returning None.
2025-04-17 21:15:46,534:INFO:Engine for model 'omp_cds_dt' has not been set explicitly, hence returning None.
2025-04-17 21:15:46,536:INFO:Engine for model 'knn_cds_dt' has not been set explicitly, hence returning None.
2025-04-17 21:15:46,536:INFO:Engine for model 'dt_cds_dt' has not been set explicitly, hence returning None.
2025-04-17 21:15:46,536:INFO:Engine for model 'rf_cds_dt' has not been set explicitly, hence returning None.
2025-04-17 21:15:46,537:INFO:Engine for model 'et_cds_dt' has not been set explicitly, hence returning None.
2025-04-17 21:15:46,537:INFO:Engine for model 'gbr_cds_dt' has not been set explicitly, hence returning None.
2025-04-17 21:15:46,537:INFO:Engine for model 'ada_cds_dt' has not been set explicitly, hence returning None.
2025-04-17 21:15:46,538:INFO:Engine for model 'xgboost_cds_dt' has not been set explicitly, hence returning None.
2025-04-17 21:15:46,538:WARNING:
'xgboost' is a soft dependency and not included in the pycaret installation. Please run: `pip install xgboost` to install.
Alternately, you can install this by running `pip install pycaret[models]`
2025-04-17 21:15:46,538:WARNING:
'xgboost' is a soft dependency and not included in the pycaret installation. Please run: `pip install xgboost` to install.
Alternately, you can install this by running `pip install pycaret[models]`
2025-04-17 21:15:46,538:INFO:Engine for model 'lightgbm_cds_dt' has not been set explicitly, hence returning None.
2025-04-17 21:15:46,538:INFO:Engine for model 'catboost_cds_dt' has not been set explicitly, hence returning None.
2025-04-17 21:15:46,539:WARNING:
'catboost' is a soft dependency and not included in the pycaret installation. Please run: `pip install catboost` to install.
Alternately, you can install this by running `pip install pycaret[models]`
2025-04-17 21:15:46,539:WARNING:
'catboost' is a soft dependency and not included in the pycaret installation. Please run: `pip install catboost` to install.
Alternately, you can install this by running `pip install pycaret[models]`
2025-04-17 21:15:46,543:WARNING:
'prophet' is a soft dependency and not included in the pycaret installation. Please run: `pip install prophet` to install.
2025-04-17 21:15:46,544:INFO:Engine for model 'en_cds_dt' has not been set explicitly, hence returning None.
2025-04-17 21:15:46,544:INFO:Engine for model 'ridge_cds_dt' has not been set explicitly, hence returning None.
2025-04-17 21:15:46,544:INFO:Engine for model 'lasso_cds_dt' has not been set explicitly, hence returning None.
2025-04-17 21:15:46,547:INFO:Engine for model 'llar_cds_dt' has not been set explicitly, hence returning None.
2025-04-17 21:15:46,547:INFO:Engine for model 'br_cds_dt' has not been set explicitly, hence returning None.
2025-04-17 21:15:46,557:INFO:Engine for model 'huber_cds_dt' has not been set explicitly, hence returning None.
2025-04-17 21:15:46,558:INFO:Engine for model 'omp_cds_dt' has not been set explicitly, hence returning None.
2025-04-17 21:15:46,559:INFO:Engine for model 'knn_cds_dt' has not been set explicitly, hence returning None.
2025-04-17 21:15:46,559:INFO:Engine for model 'dt_cds_dt' has not been set explicitly, hence returning None.
2025-04-17 21:15:46,559:INFO:Engine for model 'rf_cds_dt' has not been set explicitly, hence returning None.
2025-04-17 21:15:46,559:INFO:Engine for model 'et_cds_dt' has not been set explicitly, hence returning None.
2025-04-17 21:15:46,559:INFO:Engine for model 'gbr_cds_dt' has not been set explicitly, hence returning None.
2025-04-17 21:15:46,560:INFO:Engine for model 'ada_cds_dt' has not been set explicitly, hence returning None.
2025-04-17 21:15:46,560:INFO:Engine for model 'xgboost_cds_dt' has not been set explicitly, hence returning None.
2025-04-17 21:15:46,560:WARNING:
'xgboost' is a soft dependency and not included in the pycaret installation. Please run: `pip install xgboost` to install.
Alternately, you can install this by running `pip install pycaret[models]`
2025-04-17 21:15:46,560:WARNING:
'xgboost' is a soft dependency and not included in the pycaret installation. Please run: `pip install xgboost` to install.
Alternately, you can install this by running `pip install pycaret[models]`
2025-04-17 21:15:46,560:INFO:Engine for model 'lightgbm_cds_dt' has not been set explicitly, hence returning None.
2025-04-17 21:15:46,560:INFO:Engine for model 'catboost_cds_dt' has not been set explicitly, hence returning None.
2025-04-17 21:15:46,560:WARNING:
'catboost' is a soft dependency and not included in the pycaret installation. Please run: `pip install catboost` to install.
Alternately, you can install this by running `pip install pycaret[models]`
2025-04-17 21:15:46,560:WARNING:
'catboost' is a soft dependency and not included in the pycaret installation. Please run: `pip install catboost` to install.
Alternately, you can install this by running `pip install pycaret[models]`
2025-04-17 21:15:46,560:INFO:Engine successfully changes for model 'en_cds_dt' to 'sklearn'.
2025-04-17 21:15:46,561:WARNING:
'prophet' is a soft dependency and not included in the pycaret installation. Please run: `pip install prophet` to install.
2025-04-17 21:15:46,562:INFO:Engine for model 'ridge_cds_dt' has not been set explicitly, hence returning None.
2025-04-17 21:15:46,562:INFO:Engine for model 'lasso_cds_dt' has not been set explicitly, hence returning None.
2025-04-17 21:15:46,562:INFO:Engine for model 'llar_cds_dt' has not been set explicitly, hence returning None.
2025-04-17 21:15:46,562:INFO:Engine for model 'br_cds_dt' has not been set explicitly, hence returning None.
2025-04-17 21:15:46,562:INFO:Engine for model 'huber_cds_dt' has not been set explicitly, hence returning None.
2025-04-17 21:15:46,563:INFO:Engine for model 'omp_cds_dt' has not been set explicitly, hence returning None.
2025-04-17 21:15:46,563:INFO:Engine for model 'knn_cds_dt' has not been set explicitly, hence returning None.
2025-04-17 21:15:46,563:INFO:Engine for model 'dt_cds_dt' has not been set explicitly, hence returning None.
2025-04-17 21:15:46,563:INFO:Engine for model 'rf_cds_dt' has not been set explicitly, hence returning None.
2025-04-17 21:15:46,563:INFO:Engine for model 'et_cds_dt' has not been set explicitly, hence returning None.
2025-04-17 21:15:46,564:INFO:Engine for model 'gbr_cds_dt' has not been set explicitly, hence returning None.
2025-04-17 21:15:46,564:INFO:Engine for model 'ada_cds_dt' has not been set explicitly, hence returning None.
2025-04-17 21:15:46,564:INFO:Engine for model 'xgboost_cds_dt' has not been set explicitly, hence returning None.
2025-04-17 21:15:46,564:WARNING:
'xgboost' is a soft dependency and not included in the pycaret installation. Please run: `pip install xgboost` to install.
Alternately, you can install this by running `pip install pycaret[models]`
2025-04-17 21:15:46,564:WARNING:
'xgboost' is a soft dependency and not included in the pycaret installation. Please run: `pip install xgboost` to install.
Alternately, you can install this by running `pip install pycaret[models]`
2025-04-17 21:15:46,564:INFO:Engine for model 'lightgbm_cds_dt' has not been set explicitly, hence returning None.
2025-04-17 21:15:46,564:INFO:Engine for model 'catboost_cds_dt' has not been set explicitly, hence returning None.
2025-04-17 21:15:46,564:WARNING:
'catboost' is a soft dependency and not included in the pycaret installation. Please run: `pip install catboost` to install.
Alternately, you can install this by running `pip install pycaret[models]`
2025-04-17 21:15:46,564:WARNING:
'catboost' is a soft dependency and not included in the pycaret installation. Please run: `pip install catboost` to install.
Alternately, you can install this by running `pip install pycaret[models]`
2025-04-17 21:15:46,565:WARNING:
'prophet' is a soft dependency and not included in the pycaret installation. Please run: `pip install prophet` to install.
2025-04-17 21:15:46,565:INFO:Engine for model 'ridge_cds_dt' has not been set explicitly, hence returning None.
2025-04-17 21:15:46,565:INFO:Engine for model 'lasso_cds_dt' has not been set explicitly, hence returning None.
2025-04-17 21:15:46,566:INFO:Engine for model 'llar_cds_dt' has not been set explicitly, hence returning None.
2025-04-17 21:15:46,566:INFO:Engine for model 'br_cds_dt' has not been set explicitly, hence returning None.
2025-04-17 21:15:46,566:INFO:Engine for model 'huber_cds_dt' has not been set explicitly, hence returning None.
2025-04-17 21:15:46,566:INFO:Engine for model 'omp_cds_dt' has not been set explicitly, hence returning None.
2025-04-17 21:15:46,569:INFO:Engine for model 'knn_cds_dt' has not been set explicitly, hence returning None.
2025-04-17 21:15:46,570:INFO:Engine for model 'dt_cds_dt' has not been set explicitly, hence returning None.
2025-04-17 21:15:46,570:INFO:Engine for model 'rf_cds_dt' has not been set explicitly, hence returning None.
2025-04-17 21:15:46,570:INFO:Engine for model 'et_cds_dt' has not been set explicitly, hence returning None.
2025-04-17 21:15:46,570:INFO:Engine for model 'gbr_cds_dt' has not been set explicitly, hence returning None.
2025-04-17 21:15:46,571:INFO:Engine for model 'ada_cds_dt' has not been set explicitly, hence returning None.
2025-04-17 21:15:46,571:INFO:Engine for model 'xgboost_cds_dt' has not been set explicitly, hence returning None.
2025-04-17 21:15:46,571:WARNING:
'xgboost' is a soft dependency and not included in the pycaret installation. Please run: `pip install xgboost` to install.
Alternately, you can install this by running `pip install pycaret[models]`
2025-04-17 21:15:46,571:WARNING:
'xgboost' is a soft dependency and not included in the pycaret installation. Please run: `pip install xgboost` to install.
Alternately, you can install this by running `pip install pycaret[models]`
2025-04-17 21:15:46,571:INFO:Engine for model 'lightgbm_cds_dt' has not been set explicitly, hence returning None.
2025-04-17 21:15:46,571:INFO:Engine for model 'catboost_cds_dt' has not been set explicitly, hence returning None.
2025-04-17 21:15:46,571:WARNING:
'catboost' is a soft dependency and not included in the pycaret installation. Please run: `pip install catboost` to install.
Alternately, you can install this by running `pip install pycaret[models]`
2025-04-17 21:15:46,571:WARNING:
'catboost' is a soft dependency and not included in the pycaret installation. Please run: `pip install catboost` to install.
Alternately, you can install this by running `pip install pycaret[models]`
2025-04-17 21:15:46,571:INFO:Engine successfully changes for model 'ridge_cds_dt' to 'sklearn'.
2025-04-17 21:15:46,572:WARNING:
'prophet' is a soft dependency and not included in the pycaret installation. Please run: `pip install prophet` to install.
2025-04-17 21:15:46,573:INFO:Engine for model 'lasso_cds_dt' has not been set explicitly, hence returning None.
2025-04-17 21:15:46,573:INFO:Engine for model 'llar_cds_dt' has not been set explicitly, hence returning None.
2025-04-17 21:15:46,573:INFO:Engine for model 'br_cds_dt' has not been set explicitly, hence returning None.
2025-04-17 21:15:46,573:INFO:Engine for model 'huber_cds_dt' has not been set explicitly, hence returning None.
2025-04-17 21:15:46,574:INFO:Engine for model 'omp_cds_dt' has not been set explicitly, hence returning None.
2025-04-17 21:15:46,574:INFO:Engine for model 'knn_cds_dt' has not been set explicitly, hence returning None.
2025-04-17 21:15:46,574:INFO:Engine for model 'dt_cds_dt' has not been set explicitly, hence returning None.
2025-04-17 21:15:46,574:INFO:Engine for model 'rf_cds_dt' has not been set explicitly, hence returning None.
2025-04-17 21:15:46,574:INFO:Engine for model 'et_cds_dt' has not been set explicitly, hence returning None.
2025-04-17 21:15:46,575:INFO:Engine for model 'gbr_cds_dt' has not been set explicitly, hence returning None.
2025-04-17 21:15:46,575:INFO:Engine for model 'ada_cds_dt' has not been set explicitly, hence returning None.
2025-04-17 21:15:46,575:INFO:Engine for model 'xgboost_cds_dt' has not been set explicitly, hence returning None.
2025-04-17 21:15:46,575:WARNING:
'xgboost' is a soft dependency and not included in the pycaret installation. Please run: `pip install xgboost` to install.
Alternately, you can install this by running `pip install pycaret[models]`
2025-04-17 21:15:46,575:WARNING:
'xgboost' is a soft dependency and not included in the pycaret installation. Please run: `pip install xgboost` to install.
Alternately, you can install this by running `pip install pycaret[models]`
2025-04-17 21:15:46,575:INFO:Engine for model 'lightgbm_cds_dt' has not been set explicitly, hence returning None.
2025-04-17 21:15:46,575:INFO:Engine for model 'catboost_cds_dt' has not been set explicitly, hence returning None.
2025-04-17 21:15:46,575:WARNING:
'catboost' is a soft dependency and not included in the pycaret installation. Please run: `pip install catboost` to install.
Alternately, you can install this by running `pip install pycaret[models]`
2025-04-17 21:15:46,575:WARNING:
'catboost' is a soft dependency and not included in the pycaret installation. Please run: `pip install catboost` to install.
Alternately, you can install this by running `pip install pycaret[models]`
2025-04-17 21:15:46,576:WARNING:
'prophet' is a soft dependency and not included in the pycaret installation. Please run: `pip install prophet` to install.
2025-04-17 21:15:46,576:INFO:Engine for model 'lasso_cds_dt' has not been set explicitly, hence returning None.
2025-04-17 21:15:46,577:INFO:Engine for model 'llar_cds_dt' has not been set explicitly, hence returning None.
2025-04-17 21:15:46,577:INFO:Engine for model 'br_cds_dt' has not been set explicitly, hence returning None.
2025-04-17 21:15:46,577:INFO:Engine for model 'huber_cds_dt' has not been set explicitly, hence returning None.
2025-04-17 21:15:46,577:INFO:Engine for model 'omp_cds_dt' has not been set explicitly, hence returning None.
2025-04-17 21:15:46,578:INFO:Engine for model 'knn_cds_dt' has not been set explicitly, hence returning None.
2025-04-17 21:15:46,578:INFO:Engine for model 'dt_cds_dt' has not been set explicitly, hence returning None.
2025-04-17 21:15:46,578:INFO:Engine for model 'rf_cds_dt' has not been set explicitly, hence returning None.
2025-04-17 21:15:46,578:INFO:Engine for model 'et_cds_dt' has not been set explicitly, hence returning None.
2025-04-17 21:15:46,578:INFO:Engine for model 'gbr_cds_dt' has not been set explicitly, hence returning None.
2025-04-17 21:15:46,578:INFO:Engine for model 'ada_cds_dt' has not been set explicitly, hence returning None.
2025-04-17 21:15:46,578:INFO:Engine for model 'xgboost_cds_dt' has not been set explicitly, hence returning None.
2025-04-17 21:15:46,578:WARNING:
'xgboost' is a soft dependency and not included in the pycaret installation. Please run: `pip install xgboost` to install.
Alternately, you can install this by running `pip install pycaret[models]`
2025-04-17 21:15:46,578:WARNING:
'xgboost' is a soft dependency and not included in the pycaret installation. Please run: `pip install xgboost` to install.
Alternately, you can install this by running `pip install pycaret[models]`
2025-04-17 21:15:46,578:INFO:Engine for model 'lightgbm_cds_dt' has not been set explicitly, hence returning None.
2025-04-17 21:15:46,579:INFO:Engine for model 'catboost_cds_dt' has not been set explicitly, hence returning None.
2025-04-17 21:15:46,579:WARNING:
'catboost' is a soft dependency and not included in the pycaret installation. Please run: `pip install catboost` to install.
Alternately, you can install this by running `pip install pycaret[models]`
2025-04-17 21:15:46,579:WARNING:
'catboost' is a soft dependency and not included in the pycaret installation. Please run: `pip install catboost` to install.
Alternately, you can install this by running `pip install pycaret[models]`
2025-04-17 21:15:46,579:INFO:Engine successfully changes for model 'lasso_cds_dt' to 'sklearn'.
2025-04-17 21:15:46,583:WARNING:
'prophet' is a soft dependency and not included in the pycaret installation. Please run: `pip install prophet` to install.
2025-04-17 21:15:46,583:INFO:Engine for model 'llar_cds_dt' has not been set explicitly, hence returning None.
2025-04-17 21:15:46,583:INFO:Engine for model 'br_cds_dt' has not been set explicitly, hence returning None.
2025-04-17 21:15:46,583:INFO:Engine for model 'huber_cds_dt' has not been set explicitly, hence returning None.
2025-04-17 21:15:46,585:INFO:Engine for model 'omp_cds_dt' has not been set explicitly, hence returning None.
2025-04-17 21:15:46,586:INFO:Engine for model 'knn_cds_dt' has not been set explicitly, hence returning None.
2025-04-17 21:15:46,586:INFO:Engine for model 'dt_cds_dt' has not been set explicitly, hence returning None.
2025-04-17 21:15:46,586:INFO:Engine for model 'rf_cds_dt' has not been set explicitly, hence returning None.
2025-04-17 21:15:46,586:INFO:Engine for model 'et_cds_dt' has not been set explicitly, hence returning None.
2025-04-17 21:15:46,586:INFO:Engine for model 'gbr_cds_dt' has not been set explicitly, hence returning None.
2025-04-17 21:15:46,587:INFO:Engine for model 'ada_cds_dt' has not been set explicitly, hence returning None.
2025-04-17 21:15:46,587:INFO:Engine for model 'xgboost_cds_dt' has not been set explicitly, hence returning None.
2025-04-17 21:15:46,587:WARNING:
'xgboost' is a soft dependency and not included in the pycaret installation. Please run: `pip install xgboost` to install.
Alternately, you can install this by running `pip install pycaret[models]`
2025-04-17 21:15:46,587:WARNING:
'xgboost' is a soft dependency and not included in the pycaret installation. Please run: `pip install xgboost` to install.
Alternately, you can install this by running `pip install pycaret[models]`
2025-04-17 21:15:46,587:INFO:Engine for model 'lightgbm_cds_dt' has not been set explicitly, hence returning None.
2025-04-17 21:15:46,587:INFO:Engine for model 'catboost_cds_dt' has not been set explicitly, hence returning None.
2025-04-17 21:15:46,587:WARNING:
'catboost' is a soft dependency and not included in the pycaret installation. Please run: `pip install catboost` to install.
Alternately, you can install this by running `pip install pycaret[models]`
2025-04-17 21:15:46,587:WARNING:
'catboost' is a soft dependency and not included in the pycaret installation. Please run: `pip install catboost` to install.
Alternately, you can install this by running `pip install pycaret[models]`
2025-04-17 21:15:46,588:WARNING:
'prophet' is a soft dependency and not included in the pycaret installation. Please run: `pip install prophet` to install.
2025-04-17 21:15:46,589:INFO:Engine for model 'llar_cds_dt' has not been set explicitly, hence returning None.
2025-04-17 21:15:46,589:INFO:Engine for model 'br_cds_dt' has not been set explicitly, hence returning None.
2025-04-17 21:15:46,589:INFO:Engine for model 'huber_cds_dt' has not been set explicitly, hence returning None.
2025-04-17 21:15:46,590:INFO:Engine for model 'omp_cds_dt' has not been set explicitly, hence returning None.
2025-04-17 21:15:46,590:INFO:Engine for model 'knn_cds_dt' has not been set explicitly, hence returning None.
2025-04-17 21:15:46,590:INFO:Engine for model 'dt_cds_dt' has not been set explicitly, hence returning None.
2025-04-17 21:15:46,590:INFO:Engine for model 'rf_cds_dt' has not been set explicitly, hence returning None.
2025-04-17 21:15:46,590:INFO:Engine for model 'et_cds_dt' has not been set explicitly, hence returning None.
2025-04-17 21:15:46,591:INFO:Engine for model 'gbr_cds_dt' has not been set explicitly, hence returning None.
2025-04-17 21:15:46,591:INFO:Engine for model 'ada_cds_dt' has not been set explicitly, hence returning None.
2025-04-17 21:15:46,591:INFO:Engine for model 'xgboost_cds_dt' has not been set explicitly, hence returning None.
2025-04-17 21:15:46,591:WARNING:
'xgboost' is a soft dependency and not included in the pycaret installation. Please run: `pip install xgboost` to install.
Alternately, you can install this by running `pip install pycaret[models]`
2025-04-17 21:15:46,591:WARNING:
'xgboost' is a soft dependency and not included in the pycaret installation. Please run: `pip install xgboost` to install.
Alternately, you can install this by running `pip install pycaret[models]`
2025-04-17 21:15:46,591:INFO:Engine for model 'lightgbm_cds_dt' has not been set explicitly, hence returning None.
2025-04-17 21:15:46,591:INFO:Engine for model 'catboost_cds_dt' has not been set explicitly, hence returning None.
2025-04-17 21:15:46,591:WARNING:
'catboost' is a soft dependency and not included in the pycaret installation. Please run: `pip install catboost` to install.
Alternately, you can install this by running `pip install pycaret[models]`
2025-04-17 21:15:46,591:WARNING:
'catboost' is a soft dependency and not included in the pycaret installation. Please run: `pip install catboost` to install.
Alternately, you can install this by running `pip install pycaret[models]`
2025-04-17 21:15:46,591:INFO:Engine successfully changes for model 'lar_cds_dt' to 'sklearn'.
2025-04-17 21:15:46,592:WARNING:
'prophet' is a soft dependency and not included in the pycaret installation. Please run: `pip install prophet` to install.
2025-04-17 21:15:46,593:INFO:Engine for model 'llar_cds_dt' has not been set explicitly, hence returning None.
2025-04-17 21:15:46,593:INFO:Engine for model 'br_cds_dt' has not been set explicitly, hence returning None.
2025-04-17 21:15:46,593:INFO:Engine for model 'huber_cds_dt' has not been set explicitly, hence returning None.
2025-04-17 21:15:46,593:INFO:Engine for model 'omp_cds_dt' has not been set explicitly, hence returning None.
2025-04-17 21:15:46,594:INFO:Engine for model 'knn_cds_dt' has not been set explicitly, hence returning None.
2025-04-17 21:15:46,594:INFO:Engine for model 'dt_cds_dt' has not been set explicitly, hence returning None.
2025-04-17 21:15:46,594:INFO:Engine for model 'rf_cds_dt' has not been set explicitly, hence returning None.
2025-04-17 21:15:46,594:INFO:Engine for model 'et_cds_dt' has not been set explicitly, hence returning None.
2025-04-17 21:15:46,606:INFO:Engine for model 'gbr_cds_dt' has not been set explicitly, hence returning None.
2025-04-17 21:15:46,619:INFO:Engine for model 'ada_cds_dt' has not been set explicitly, hence returning None.
2025-04-17 21:15:46,620:INFO:Engine for model 'xgboost_cds_dt' has not been set explicitly, hence returning None.
2025-04-17 21:15:46,620:WARNING:
'xgboost' is a soft dependency and not included in the pycaret installation. Please run: `pip install xgboost` to install.
Alternately, you can install this by running `pip install pycaret[models]`
2025-04-17 21:15:46,620:WARNING:
'xgboost' is a soft dependency and not included in the pycaret installation. Please run: `pip install xgboost` to install.
Alternately, you can install this by running `pip install pycaret[models]`
2025-04-17 21:15:46,620:INFO:Engine for model 'lightgbm_cds_dt' has not been set explicitly, hence returning None.
2025-04-17 21:15:46,620:INFO:Engine for model 'catboost_cds_dt' has not been set explicitly, hence returning None.
2025-04-17 21:15:46,620:WARNING:
'catboost' is a soft dependency and not included in the pycaret installation. Please run: `pip install catboost` to install.
Alternately, you can install this by running `pip install pycaret[models]`
2025-04-17 21:15:46,620:WARNING:
'catboost' is a soft dependency and not included in the pycaret installation. Please run: `pip install catboost` to install.
Alternately, you can install this by running `pip install pycaret[models]`
2025-04-17 21:15:46,627:WARNING:
'prophet' is a soft dependency and not included in the pycaret installation. Please run: `pip install prophet` to install.
2025-04-17 21:15:46,628:INFO:Engine for model 'llar_cds_dt' has not been set explicitly, hence returning None.
2025-04-17 21:15:46,630:INFO:Engine for model 'br_cds_dt' has not been set explicitly, hence returning None.
2025-04-17 21:15:46,630:INFO:Engine for model 'huber_cds_dt' has not been set explicitly, hence returning None.
2025-04-17 21:15:46,632:INFO:Engine for model 'omp_cds_dt' has not been set explicitly, hence returning None.
2025-04-17 21:15:46,634:INFO:Engine for model 'knn_cds_dt' has not been set explicitly, hence returning None.
2025-04-17 21:15:46,634:INFO:Engine for model 'dt_cds_dt' has not been set explicitly, hence returning None.
2025-04-17 21:15:46,634:INFO:Engine for model 'rf_cds_dt' has not been set explicitly, hence returning None.
2025-04-17 21:15:46,634:INFO:Engine for model 'et_cds_dt' has not been set explicitly, hence returning None.
2025-04-17 21:15:46,634:INFO:Engine for model 'gbr_cds_dt' has not been set explicitly, hence returning None.
2025-04-17 21:15:46,634:INFO:Engine for model 'ada_cds_dt' has not been set explicitly, hence returning None.
2025-04-17 21:15:46,634:INFO:Engine for model 'xgboost_cds_dt' has not been set explicitly, hence returning None.
2025-04-17 21:15:46,634:WARNING:
'xgboost' is a soft dependency and not included in the pycaret installation. Please run: `pip install xgboost` to install.
Alternately, you can install this by running `pip install pycaret[models]`
2025-04-17 21:15:46,634:WARNING:
'xgboost' is a soft dependency and not included in the pycaret installation. Please run: `pip install xgboost` to install.
Alternately, you can install this by running `pip install pycaret[models]`
2025-04-17 21:15:46,634:INFO:Engine for model 'lightgbm_cds_dt' has not been set explicitly, hence returning None.
2025-04-17 21:15:46,635:INFO:Engine for model 'catboost_cds_dt' has not been set explicitly, hence returning None.
2025-04-17 21:15:46,635:WARNING:
'catboost' is a soft dependency and not included in the pycaret installation. Please run: `pip install catboost` to install.
Alternately, you can install this by running `pip install pycaret[models]`
2025-04-17 21:15:46,635:WARNING:
'catboost' is a soft dependency and not included in the pycaret installation. Please run: `pip install catboost` to install.
Alternately, you can install this by running `pip install pycaret[models]`
2025-04-17 21:15:46,635:INFO:Engine successfully changes for model 'llar_cds_dt' to 'sklearn'.
2025-04-17 21:15:46,636:WARNING:
'prophet' is a soft dependency and not included in the pycaret installation. Please run: `pip install prophet` to install.
2025-04-17 21:15:46,637:INFO:Engine for model 'br_cds_dt' has not been set explicitly, hence returning None.
2025-04-17 21:15:46,637:INFO:Engine for model 'huber_cds_dt' has not been set explicitly, hence returning None.
2025-04-17 21:15:46,637:INFO:Engine for model 'omp_cds_dt' has not been set explicitly, hence returning None.
2025-04-17 21:15:46,638:INFO:Engine for model 'knn_cds_dt' has not been set explicitly, hence returning None.
2025-04-17 21:15:46,638:INFO:Engine for model 'dt_cds_dt' has not been set explicitly, hence returning None.
2025-04-17 21:15:46,638:INFO:Engine for model 'rf_cds_dt' has not been set explicitly, hence returning None.
2025-04-17 21:15:46,638:INFO:Engine for model 'et_cds_dt' has not been set explicitly, hence returning None.
2025-04-17 21:15:46,638:INFO:Engine for model 'gbr_cds_dt' has not been set explicitly, hence returning None.
2025-04-17 21:15:46,638:INFO:Engine for model 'ada_cds_dt' has not been set explicitly, hence returning None.
2025-04-17 21:15:46,638:INFO:Engine for model 'xgboost_cds_dt' has not been set explicitly, hence returning None.
2025-04-17 21:15:46,639:WARNING:
'xgboost' is a soft dependency and not included in the pycaret installation. Please run: `pip install xgboost` to install.
Alternately, you can install this by running `pip install pycaret[models]`
2025-04-17 21:15:46,639:WARNING:
'xgboost' is a soft dependency and not included in the pycaret installation. Please run: `pip install xgboost` to install.
Alternately, you can install this by running `pip install pycaret[models]`
2025-04-17 21:15:46,639:INFO:Engine for model 'lightgbm_cds_dt' has not been set explicitly, hence returning None.
2025-04-17 21:15:46,639:INFO:Engine for model 'catboost_cds_dt' has not been set explicitly, hence returning None.
2025-04-17 21:15:46,639:WARNING:
'catboost' is a soft dependency and not included in the pycaret installation. Please run: `pip install catboost` to install.
Alternately, you can install this by running `pip install pycaret[models]`
2025-04-17 21:15:46,639:WARNING:
'catboost' is a soft dependency and not included in the pycaret installation. Please run: `pip install catboost` to install.
Alternately, you can install this by running `pip install pycaret[models]`
2025-04-17 21:15:46,645:WARNING:
'prophet' is a soft dependency and not included in the pycaret installation. Please run: `pip install prophet` to install.
2025-04-17 21:15:46,646:INFO:Engine for model 'br_cds_dt' has not been set explicitly, hence returning None.
2025-04-17 21:15:46,646:INFO:Engine for model 'huber_cds_dt' has not been set explicitly, hence returning None.
2025-04-17 21:15:46,647:INFO:Engine for model 'omp_cds_dt' has not been set explicitly, hence returning None.
2025-04-17 21:15:46,647:INFO:Engine for model 'knn_cds_dt' has not been set explicitly, hence returning None.
2025-04-17 21:15:46,647:INFO:Engine for model 'dt_cds_dt' has not been set explicitly, hence returning None.
2025-04-17 21:15:46,647:INFO:Engine for model 'rf_cds_dt' has not been set explicitly, hence returning None.
2025-04-17 21:15:46,648:INFO:Engine for model 'et_cds_dt' has not been set explicitly, hence returning None.
2025-04-17 21:15:46,648:INFO:Engine for model 'gbr_cds_dt' has not been set explicitly, hence returning None.
2025-04-17 21:15:46,648:INFO:Engine for model 'ada_cds_dt' has not been set explicitly, hence returning None.
2025-04-17 21:15:46,648:INFO:Engine for model 'xgboost_cds_dt' has not been set explicitly, hence returning None.
2025-04-17 21:15:46,648:WARNING:
'xgboost' is a soft dependency and not included in the pycaret installation. Please run: `pip install xgboost` to install.
Alternately, you can install this by running `pip install pycaret[models]`
2025-04-17 21:15:46,648:WARNING:
'xgboost' is a soft dependency and not included in the pycaret installation. Please run: `pip install xgboost` to install.
Alternately, you can install this by running `pip install pycaret[models]`
2025-04-17 21:15:46,648:INFO:Engine for model 'lightgbm_cds_dt' has not been set explicitly, hence returning None.
2025-04-17 21:15:46,648:INFO:Engine for model 'catboost_cds_dt' has not been set explicitly, hence returning None.
2025-04-17 21:15:46,648:WARNING:
'catboost' is a soft dependency and not included in the pycaret installation. Please run: `pip install catboost` to install.
Alternately, you can install this by running `pip install pycaret[models]`
2025-04-17 21:15:46,648:WARNING:
'catboost' is a soft dependency and not included in the pycaret installation. Please run: `pip install catboost` to install.
Alternately, you can install this by running `pip install pycaret[models]`
2025-04-17 21:15:46,648:INFO:Engine successfully changes for model 'br_cds_dt' to 'sklearn'.
2025-04-17 21:15:46,650:WARNING:
'prophet' is a soft dependency and not included in the pycaret installation. Please run: `pip install prophet` to install.
2025-04-17 21:15:46,652:INFO:Engine for model 'huber_cds_dt' has not been set explicitly, hence returning None.
2025-04-17 21:15:46,653:INFO:Engine for model 'omp_cds_dt' has not been set explicitly, hence returning None.
2025-04-17 21:15:46,653:INFO:Engine for model 'knn_cds_dt' has not been set explicitly, hence returning None.
2025-04-17 21:15:46,653:INFO:Engine for model 'dt_cds_dt' has not been set explicitly, hence returning None.
2025-04-17 21:15:46,654:INFO:Engine for model 'rf_cds_dt' has not been set explicitly, hence returning None.
2025-04-17 21:15:46,654:INFO:Engine for model 'et_cds_dt' has not been set explicitly, hence returning None.
2025-04-17 21:15:46,654:INFO:Engine for model 'gbr_cds_dt' has not been set explicitly, hence returning None.
2025-04-17 21:15:46,654:INFO:Engine for model 'ada_cds_dt' has not been set explicitly, hence returning None.
2025-04-17 21:15:46,654:INFO:Engine for model 'xgboost_cds_dt' has not been set explicitly, hence returning None.
2025-04-17 21:15:46,654:WARNING:
'xgboost' is a soft dependency and not included in the pycaret installation. Please run: `pip install xgboost` to install.
Alternately, you can install this by running `pip install pycaret[models]`
2025-04-17 21:15:46,654:WARNING:
'xgboost' is a soft dependency and not included in the pycaret installation. Please run: `pip install xgboost` to install.
Alternately, you can install this by running `pip install pycaret[models]`
2025-04-17 21:15:46,654:INFO:Engine for model 'lightgbm_cds_dt' has not been set explicitly, hence returning None.
2025-04-17 21:15:46,654:INFO:Engine for model 'catboost_cds_dt' has not been set explicitly, hence returning None.
2025-04-17 21:15:46,654:WARNING:
'catboost' is a soft dependency and not included in the pycaret installation. Please run: `pip install catboost` to install.
Alternately, you can install this by running `pip install pycaret[models]`
2025-04-17 21:15:46,654:WARNING:
'catboost' is a soft dependency and not included in the pycaret installation. Please run: `pip install catboost` to install.
Alternately, you can install this by running `pip install pycaret[models]`
2025-04-17 21:15:46,656:WARNING:
'prophet' is a soft dependency and not included in the pycaret installation. Please run: `pip install prophet` to install.
2025-04-17 21:15:46,656:INFO:Engine for model 'huber_cds_dt' has not been set explicitly, hence returning None.
2025-04-17 21:15:46,657:INFO:Engine for model 'omp_cds_dt' has not been set explicitly, hence returning None.
2025-04-17 21:15:46,659:INFO:Engine for model 'knn_cds_dt' has not been set explicitly, hence returning None.
2025-04-17 21:15:46,659:INFO:Engine for model 'dt_cds_dt' has not been set explicitly, hence returning None.
2025-04-17 21:15:46,659:INFO:Engine for model 'rf_cds_dt' has not been set explicitly, hence returning None.
2025-04-17 21:15:46,659:INFO:Engine for model 'et_cds_dt' has not been set explicitly, hence returning None.
2025-04-17 21:15:46,660:INFO:Engine for model 'gbr_cds_dt' has not been set explicitly, hence returning None.
2025-04-17 21:15:46,660:INFO:Engine for model 'ada_cds_dt' has not been set explicitly, hence returning None.
2025-04-17 21:15:46,660:INFO:Engine for model 'xgboost_cds_dt' has not been set explicitly, hence returning None.
2025-04-17 21:15:46,660:WARNING:
'xgboost' is a soft dependency and not included in the pycaret installation. Please run: `pip install xgboost` to install.
Alternately, you can install this by running `pip install pycaret[models]`
2025-04-17 21:15:46,660:WARNING:
'xgboost' is a soft dependency and not included in the pycaret installation. Please run: `pip install xgboost` to install.
Alternately, you can install this by running `pip install pycaret[models]`
2025-04-17 21:15:46,660:INFO:Engine for model 'lightgbm_cds_dt' has not been set explicitly, hence returning None.
2025-04-17 21:15:46,660:INFO:Engine for model 'catboost_cds_dt' has not been set explicitly, hence returning None.
2025-04-17 21:15:46,660:WARNING:
'catboost' is a soft dependency and not included in the pycaret installation. Please run: `pip install catboost` to install.
Alternately, you can install this by running `pip install pycaret[models]`
2025-04-17 21:15:46,660:WARNING:
'catboost' is a soft dependency and not included in the pycaret installation. Please run: `pip install catboost` to install.
Alternately, you can install this by running `pip install pycaret[models]`
2025-04-17 21:15:46,660:INFO:Engine successfully changes for model 'huber_cds_dt' to 'sklearn'.
2025-04-17 21:15:46,661:WARNING:
'prophet' is a soft dependency and not included in the pycaret installation. Please run: `pip install prophet` to install.
2025-04-17 21:15:46,662:INFO:Engine for model 'omp_cds_dt' has not been set explicitly, hence returning None.
2025-04-17 21:15:46,663:INFO:Engine for model 'knn_cds_dt' has not been set explicitly, hence returning None.
2025-04-17 21:15:46,663:INFO:Engine for model 'dt_cds_dt' has not been set explicitly, hence returning None.
2025-04-17 21:15:46,663:INFO:Engine for model 'rf_cds_dt' has not been set explicitly, hence returning None.
2025-04-17 21:15:46,663:INFO:Engine for model 'et_cds_dt' has not been set explicitly, hence returning None.
2025-04-17 21:15:46,663:INFO:Engine for model 'gbr_cds_dt' has not been set explicitly, hence returning None.
2025-04-17 21:15:46,663:INFO:Engine for model 'ada_cds_dt' has not been set explicitly, hence returning None.
2025-04-17 21:15:46,664:INFO:Engine for model 'xgboost_cds_dt' has not been set explicitly, hence returning None.
2025-04-17 21:15:46,664:WARNING:
'xgboost' is a soft dependency and not included in the pycaret installation. Please run: `pip install xgboost` to install.
Alternately, you can install this by running `pip install pycaret[models]`
2025-04-17 21:15:46,664:WARNING:
'xgboost' is a soft dependency and not included in the pycaret installation. Please run: `pip install xgboost` to install.
Alternately, you can install this by running `pip install pycaret[models]`
2025-04-17 21:15:46,664:INFO:Engine for model 'lightgbm_cds_dt' has not been set explicitly, hence returning None.
2025-04-17 21:15:46,664:INFO:Engine for model 'catboost_cds_dt' has not been set explicitly, hence returning None.
2025-04-17 21:15:46,664:WARNING:
'catboost' is a soft dependency and not included in the pycaret installation. Please run: `pip install catboost` to install.
Alternately, you can install this by running `pip install pycaret[models]`
2025-04-17 21:15:46,664:WARNING:
'catboost' is a soft dependency and not included in the pycaret installation. Please run: `pip install catboost` to install.
Alternately, you can install this by running `pip install pycaret[models]`
2025-04-17 21:15:46,666:WARNING:
'prophet' is a soft dependency and not included in the pycaret installation. Please run: `pip install prophet` to install.
2025-04-17 21:15:46,668:INFO:Engine for model 'omp_cds_dt' has not been set explicitly, hence returning None.
2025-04-17 21:15:46,669:INFO:Engine for model 'knn_cds_dt' has not been set explicitly, hence returning None.
2025-04-17 21:15:46,669:INFO:Engine for model 'dt_cds_dt' has not been set explicitly, hence returning None.
2025-04-17 21:15:46,669:INFO:Engine for model 'rf_cds_dt' has not been set explicitly, hence returning None.
2025-04-17 21:15:46,670:INFO:Engine for model 'et_cds_dt' has not been set explicitly, hence returning None.
2025-04-17 21:15:46,670:INFO:Engine for model 'gbr_cds_dt' has not been set explicitly, hence returning None.
2025-04-17 21:15:46,670:INFO:Engine for model 'ada_cds_dt' has not been set explicitly, hence returning None.
2025-04-17 21:15:46,670:INFO:Engine for model 'xgboost_cds_dt' has not been set explicitly, hence returning None.
2025-04-17 21:15:46,670:WARNING:
'xgboost' is a soft dependency and not included in the pycaret installation. Please run: `pip install xgboost` to install.
Alternately, you can install this by running `pip install pycaret[models]`
2025-04-17 21:15:46,670:WARNING:
'xgboost' is a soft dependency and not included in the pycaret installation. Please run: `pip install xgboost` to install.
Alternately, you can install this by running `pip install pycaret[models]`
2025-04-17 21:15:46,670:INFO:Engine for model 'lightgbm_cds_dt' has not been set explicitly, hence returning None.
2025-04-17 21:15:46,671:INFO:Engine for model 'catboost_cds_dt' has not been set explicitly, hence returning None.
2025-04-17 21:15:46,671:WARNING:
'catboost' is a soft dependency and not included in the pycaret installation. Please run: `pip install catboost` to install.
Alternately, you can install this by running `pip install pycaret[models]`
2025-04-17 21:15:46,671:WARNING:
'catboost' is a soft dependency and not included in the pycaret installation. Please run: `pip install catboost` to install.
Alternately, you can install this by running `pip install pycaret[models]`
2025-04-17 21:15:46,671:INFO:Engine successfully changes for model 'par_cds_dt' to 'sklearn'.
2025-04-17 21:15:46,676:WARNING:
'prophet' is a soft dependency and not included in the pycaret installation. Please run: `pip install prophet` to install.
2025-04-17 21:15:46,677:INFO:Engine for model 'omp_cds_dt' has not been set explicitly, hence returning None.
2025-04-17 21:15:46,678:INFO:Engine for model 'knn_cds_dt' has not been set explicitly, hence returning None.
2025-04-17 21:15:46,678:INFO:Engine for model 'dt_cds_dt' has not been set explicitly, hence returning None.
2025-04-17 21:15:46,678:INFO:Engine for model 'rf_cds_dt' has not been set explicitly, hence returning None.
2025-04-17 21:15:46,707:INFO:Engine for model 'et_cds_dt' has not been set explicitly, hence returning None.
2025-04-17 21:15:46,716:INFO:Engine for model 'gbr_cds_dt' has not been set explicitly, hence returning None.
2025-04-17 21:15:46,716:INFO:Engine for model 'ada_cds_dt' has not been set explicitly, hence returning None.
2025-04-17 21:15:46,716:INFO:Engine for model 'xgboost_cds_dt' has not been set explicitly, hence returning None.
2025-04-17 21:15:46,716:WARNING:
'xgboost' is a soft dependency and not included in the pycaret installation. Please run: `pip install xgboost` to install.
Alternately, you can install this by running `pip install pycaret[models]`
2025-04-17 21:15:46,716:WARNING:
'xgboost' is a soft dependency and not included in the pycaret installation. Please run: `pip install xgboost` to install.
Alternately, you can install this by running `pip install pycaret[models]`
2025-04-17 21:15:46,716:INFO:Engine for model 'lightgbm_cds_dt' has not been set explicitly, hence returning None.
2025-04-17 21:15:46,716:INFO:Engine for model 'catboost_cds_dt' has not been set explicitly, hence returning None.
2025-04-17 21:15:46,716:WARNING:
'catboost' is a soft dependency and not included in the pycaret installation. Please run: `pip install catboost` to install.
Alternately, you can install this by running `pip install pycaret[models]`
2025-04-17 21:15:46,716:WARNING:
'catboost' is a soft dependency and not included in the pycaret installation. Please run: `pip install catboost` to install.
Alternately, you can install this by running `pip install pycaret[models]`
2025-04-17 21:15:46,718:WARNING:
'prophet' is a soft dependency and not included in the pycaret installation. Please run: `pip install prophet` to install.
2025-04-17 21:15:46,720:INFO:Engine for model 'omp_cds_dt' has not been set explicitly, hence returning None.
2025-04-17 21:15:46,720:INFO:Engine for model 'knn_cds_dt' has not been set explicitly, hence returning None.
2025-04-17 21:15:46,720:INFO:Engine for model 'dt_cds_dt' has not been set explicitly, hence returning None.
2025-04-17 21:15:46,720:INFO:Engine for model 'rf_cds_dt' has not been set explicitly, hence returning None.
2025-04-17 21:15:46,720:INFO:Engine for model 'et_cds_dt' has not been set explicitly, hence returning None.
2025-04-17 21:15:46,721:INFO:Engine for model 'gbr_cds_dt' has not been set explicitly, hence returning None.
2025-04-17 21:15:46,721:INFO:Engine for model 'ada_cds_dt' has not been set explicitly, hence returning None.
2025-04-17 21:15:46,721:INFO:Engine for model 'xgboost_cds_dt' has not been set explicitly, hence returning None.
2025-04-17 21:15:46,721:WARNING:
'xgboost' is a soft dependency and not included in the pycaret installation. Please run: `pip install xgboost` to install.
Alternately, you can install this by running `pip install pycaret[models]`
2025-04-17 21:15:46,721:WARNING:
'xgboost' is a soft dependency and not included in the pycaret installation. Please run: `pip install xgboost` to install.
Alternately, you can install this by running `pip install pycaret[models]`
2025-04-17 21:15:46,721:INFO:Engine for model 'lightgbm_cds_dt' has not been set explicitly, hence returning None.
2025-04-17 21:15:46,721:INFO:Engine for model 'catboost_cds_dt' has not been set explicitly, hence returning None.
2025-04-17 21:15:46,721:WARNING:
'catboost' is a soft dependency and not included in the pycaret installation. Please run: `pip install catboost` to install.
Alternately, you can install this by running `pip install pycaret[models]`
2025-04-17 21:15:46,721:WARNING:
'catboost' is a soft dependency and not included in the pycaret installation. Please run: `pip install catboost` to install.
Alternately, you can install this by running `pip install pycaret[models]`
2025-04-17 21:15:46,721:INFO:Engine successfully changes for model 'omp_cds_dt' to 'sklearn'.
2025-04-17 21:15:46,722:WARNING:
'prophet' is a soft dependency and not included in the pycaret installation. Please run: `pip install prophet` to install.
2025-04-17 21:15:46,724:INFO:Engine for model 'knn_cds_dt' has not been set explicitly, hence returning None.
2025-04-17 21:15:46,724:INFO:Engine for model 'dt_cds_dt' has not been set explicitly, hence returning None.
2025-04-17 21:15:46,724:INFO:Engine for model 'rf_cds_dt' has not been set explicitly, hence returning None.
2025-04-17 21:15:46,724:INFO:Engine for model 'et_cds_dt' has not been set explicitly, hence returning None.
2025-04-17 21:15:46,724:INFO:Engine for model 'gbr_cds_dt' has not been set explicitly, hence returning None.
2025-04-17 21:15:46,724:INFO:Engine for model 'ada_cds_dt' has not been set explicitly, hence returning None.
2025-04-17 21:15:46,725:INFO:Engine for model 'xgboost_cds_dt' has not been set explicitly, hence returning None.
2025-04-17 21:15:46,725:WARNING:
'xgboost' is a soft dependency and not included in the pycaret installation. Please run: `pip install xgboost` to install.
Alternately, you can install this by running `pip install pycaret[models]`
2025-04-17 21:15:46,725:WARNING:
'xgboost' is a soft dependency and not included in the pycaret installation. Please run: `pip install xgboost` to install.
Alternately, you can install this by running `pip install pycaret[models]`
2025-04-17 21:15:46,725:INFO:Engine for model 'lightgbm_cds_dt' has not been set explicitly, hence returning None.
2025-04-17 21:15:46,725:INFO:Engine for model 'catboost_cds_dt' has not been set explicitly, hence returning None.
2025-04-17 21:15:46,725:WARNING:
'catboost' is a soft dependency and not included in the pycaret installation. Please run: `pip install catboost` to install.
Alternately, you can install this by running `pip install pycaret[models]`
2025-04-17 21:15:46,725:WARNING:
'catboost' is a soft dependency and not included in the pycaret installation. Please run: `pip install catboost` to install.
Alternately, you can install this by running `pip install pycaret[models]`
2025-04-17 21:15:46,726:WARNING:
'prophet' is a soft dependency and not included in the pycaret installation. Please run: `pip install prophet` to install.
2025-04-17 21:15:46,740:INFO:Engine for model 'knn_cds_dt' has not been set explicitly, hence returning None.
2025-04-17 21:15:46,740:INFO:Engine for model 'dt_cds_dt' has not been set explicitly, hence returning None.
2025-04-17 21:15:46,740:INFO:Engine for model 'rf_cds_dt' has not been set explicitly, hence returning None.
2025-04-17 21:15:46,741:INFO:Engine for model 'et_cds_dt' has not been set explicitly, hence returning None.
2025-04-17 21:15:46,741:INFO:Engine for model 'gbr_cds_dt' has not been set explicitly, hence returning None.
2025-04-17 21:15:46,741:INFO:Engine for model 'ada_cds_dt' has not been set explicitly, hence returning None.
2025-04-17 21:15:46,741:INFO:Engine for model 'xgboost_cds_dt' has not been set explicitly, hence returning None.
2025-04-17 21:15:46,741:WARNING:
'xgboost' is a soft dependency and not included in the pycaret installation. Please run: `pip install xgboost` to install.
Alternately, you can install this by running `pip install pycaret[models]`
2025-04-17 21:15:46,741:WARNING:
'xgboost' is a soft dependency and not included in the pycaret installation. Please run: `pip install xgboost` to install.
Alternately, you can install this by running `pip install pycaret[models]`
2025-04-17 21:15:46,741:INFO:Engine for model 'lightgbm_cds_dt' has not been set explicitly, hence returning None.
2025-04-17 21:15:46,742:INFO:Engine for model 'catboost_cds_dt' has not been set explicitly, hence returning None.
2025-04-17 21:15:46,742:WARNING:
'catboost' is a soft dependency and not included in the pycaret installation. Please run: `pip install catboost` to install.
Alternately, you can install this by running `pip install pycaret[models]`
2025-04-17 21:15:46,742:WARNING:
'catboost' is a soft dependency and not included in the pycaret installation. Please run: `pip install catboost` to install.
Alternately, you can install this by running `pip install pycaret[models]`
2025-04-17 21:15:46,742:INFO:Engine successfully changes for model 'knn_cds_dt' to 'sklearn'.
2025-04-17 21:15:46,743:WARNING:
'prophet' is a soft dependency and not included in the pycaret installation. Please run: `pip install prophet` to install.
2025-04-17 21:15:46,745:INFO:Engine for model 'dt_cds_dt' has not been set explicitly, hence returning None.
2025-04-17 21:15:46,745:INFO:Engine for model 'rf_cds_dt' has not been set explicitly, hence returning None.
2025-04-17 21:15:46,745:INFO:Engine for model 'et_cds_dt' has not been set explicitly, hence returning None.
2025-04-17 21:15:46,745:INFO:Engine for model 'gbr_cds_dt' has not been set explicitly, hence returning None.
2025-04-17 21:15:46,745:INFO:Engine for model 'ada_cds_dt' has not been set explicitly, hence returning None.
2025-04-17 21:15:46,746:INFO:Engine for model 'xgboost_cds_dt' has not been set explicitly, hence returning None.
2025-04-17 21:15:46,746:WARNING:
'xgboost' is a soft dependency and not included in the pycaret installation. Please run: `pip install xgboost` to install.
Alternately, you can install this by running `pip install pycaret[models]`
2025-04-17 21:15:46,746:WARNING:
'xgboost' is a soft dependency and not included in the pycaret installation. Please run: `pip install xgboost` to install.
Alternately, you can install this by running `pip install pycaret[models]`
2025-04-17 21:15:46,746:INFO:Engine for model 'lightgbm_cds_dt' has not been set explicitly, hence returning None.
2025-04-17 21:15:46,746:INFO:Engine for model 'catboost_cds_dt' has not been set explicitly, hence returning None.
2025-04-17 21:15:46,746:WARNING:
'catboost' is a soft dependency and not included in the pycaret installation. Please run: `pip install catboost` to install.
Alternately, you can install this by running `pip install pycaret[models]`
2025-04-17 21:15:46,746:WARNING:
'catboost' is a soft dependency and not included in the pycaret installation. Please run: `pip install catboost` to install.
Alternately, you can install this by running `pip install pycaret[models]`
2025-04-17 21:15:46,747:WARNING:
'prophet' is a soft dependency and not included in the pycaret installation. Please run: `pip install prophet` to install.
2025-04-17 21:15:46,748:INFO:Engine for model 'dt_cds_dt' has not been set explicitly, hence returning None.
2025-04-17 21:15:46,749:INFO:Engine for model 'rf_cds_dt' has not been set explicitly, hence returning None.
2025-04-17 21:15:46,749:INFO:Engine for model 'et_cds_dt' has not been set explicitly, hence returning None.
2025-04-17 21:15:46,749:INFO:Engine for model 'gbr_cds_dt' has not been set explicitly, hence returning None.
2025-04-17 21:15:46,749:INFO:Engine for model 'ada_cds_dt' has not been set explicitly, hence returning None.
2025-04-17 21:15:46,749:INFO:Engine for model 'xgboost_cds_dt' has not been set explicitly, hence returning None.
2025-04-17 21:15:46,749:WARNING:
'xgboost' is a soft dependency and not included in the pycaret installation. Please run: `pip install xgboost` to install.
Alternately, you can install this by running `pip install pycaret[models]`
2025-04-17 21:15:46,749:WARNING:
'xgboost' is a soft dependency and not included in the pycaret installation. Please run: `pip install xgboost` to install.
Alternately, you can install this by running `pip install pycaret[models]`
2025-04-17 21:15:46,750:INFO:Engine for model 'lightgbm_cds_dt' has not been set explicitly, hence returning None.
2025-04-17 21:15:46,750:INFO:Engine for model 'catboost_cds_dt' has not been set explicitly, hence returning None.
2025-04-17 21:15:46,750:WARNING:
'catboost' is a soft dependency and not included in the pycaret installation. Please run: `pip install catboost` to install.
Alternately, you can install this by running `pip install pycaret[models]`
2025-04-17 21:15:46,750:WARNING:
'catboost' is a soft dependency and not included in the pycaret installation. Please run: `pip install catboost` to install.
Alternately, you can install this by running `pip install pycaret[models]`
2025-04-17 21:15:46,750:INFO:Engine successfully changes for model 'dt_cds_dt' to 'sklearn'.
2025-04-17 21:15:46,751:WARNING:
'prophet' is a soft dependency and not included in the pycaret installation. Please run: `pip install prophet` to install.
2025-04-17 21:15:46,753:INFO:Engine for model 'rf_cds_dt' has not been set explicitly, hence returning None.
2025-04-17 21:15:46,753:INFO:Engine for model 'et_cds_dt' has not been set explicitly, hence returning None.
2025-04-17 21:15:46,754:INFO:Engine for model 'gbr_cds_dt' has not been set explicitly, hence returning None.
2025-04-17 21:15:46,754:INFO:Engine for model 'ada_cds_dt' has not been set explicitly, hence returning None.
2025-04-17 21:15:46,754:INFO:Engine for model 'xgboost_cds_dt' has not been set explicitly, hence returning None.
2025-04-17 21:15:46,754:WARNING:
'xgboost' is a soft dependency and not included in the pycaret installation. Please run: `pip install xgboost` to install.
Alternately, you can install this by running `pip install pycaret[models]`
2025-04-17 21:15:46,754:WARNING:
'xgboost' is a soft dependency and not included in the pycaret installation. Please run: `pip install xgboost` to install.
Alternately, you can install this by running `pip install pycaret[models]`
2025-04-17 21:15:46,754:INFO:Engine for model 'lightgbm_cds_dt' has not been set explicitly, hence returning None.
2025-04-17 21:15:46,754:INFO:Engine for model 'catboost_cds_dt' has not been set explicitly, hence returning None.
2025-04-17 21:15:46,754:WARNING:
'catboost' is a soft dependency and not included in the pycaret installation. Please run: `pip install catboost` to install.
Alternately, you can install this by running `pip install pycaret[models]`
2025-04-17 21:15:46,754:WARNING:
'catboost' is a soft dependency and not included in the pycaret installation. Please run: `pip install catboost` to install.
Alternately, you can install this by running `pip install pycaret[models]`
2025-04-17 21:15:46,755:WARNING:
'prophet' is a soft dependency and not included in the pycaret installation. Please run: `pip install prophet` to install.
2025-04-17 21:15:46,757:INFO:Engine for model 'rf_cds_dt' has not been set explicitly, hence returning None.
2025-04-17 21:15:46,757:INFO:Engine for model 'et_cds_dt' has not been set explicitly, hence returning None.
2025-04-17 21:15:46,757:INFO:Engine for model 'gbr_cds_dt' has not been set explicitly, hence returning None.
2025-04-17 21:15:46,757:INFO:Engine for model 'ada_cds_dt' has not been set explicitly, hence returning None.
2025-04-17 21:15:46,757:INFO:Engine for model 'xgboost_cds_dt' has not been set explicitly, hence returning None.
2025-04-17 21:15:46,757:WARNING:
'xgboost' is a soft dependency and not included in the pycaret installation. Please run: `pip install xgboost` to install.
Alternately, you can install this by running `pip install pycaret[models]`
2025-04-17 21:15:46,757:WARNING:
'xgboost' is a soft dependency and not included in the pycaret installation. Please run: `pip install xgboost` to install.
Alternately, you can install this by running `pip install pycaret[models]`
2025-04-17 21:15:46,757:INFO:Engine for model 'lightgbm_cds_dt' has not been set explicitly, hence returning None.
2025-04-17 21:15:46,757:INFO:Engine for model 'catboost_cds_dt' has not been set explicitly, hence returning None.
2025-04-17 21:15:46,757:WARNING:
'catboost' is a soft dependency and not included in the pycaret installation. Please run: `pip install catboost` to install.
Alternately, you can install this by running `pip install pycaret[models]`
2025-04-17 21:15:46,757:WARNING:
'catboost' is a soft dependency and not included in the pycaret installation. Please run: `pip install catboost` to install.
Alternately, you can install this by running `pip install pycaret[models]`
2025-04-17 21:15:46,758:INFO:Engine successfully changes for model 'rf_cds_dt' to 'sklearn'.
2025-04-17 21:15:46,759:WARNING:
'prophet' is a soft dependency and not included in the pycaret installation. Please run: `pip install prophet` to install.
2025-04-17 21:15:46,761:INFO:Engine for model 'et_cds_dt' has not been set explicitly, hence returning None.
2025-04-17 21:15:46,761:INFO:Engine for model 'gbr_cds_dt' has not been set explicitly, hence returning None.
2025-04-17 21:15:46,762:INFO:Engine for model 'ada_cds_dt' has not been set explicitly, hence returning None.
2025-04-17 21:15:46,762:INFO:Engine for model 'xgboost_cds_dt' has not been set explicitly, hence returning None.
2025-04-17 21:15:46,762:WARNING:
'xgboost' is a soft dependency and not included in the pycaret installation. Please run: `pip install xgboost` to install.
Alternately, you can install this by running `pip install pycaret[models]`
2025-04-17 21:15:46,762:WARNING:
'xgboost' is a soft dependency and not included in the pycaret installation. Please run: `pip install xgboost` to install.
Alternately, you can install this by running `pip install pycaret[models]`
2025-04-17 21:15:46,762:INFO:Engine for model 'lightgbm_cds_dt' has not been set explicitly, hence returning None.
2025-04-17 21:15:46,762:INFO:Engine for model 'catboost_cds_dt' has not been set explicitly, hence returning None.
2025-04-17 21:15:46,762:WARNING:
'catboost' is a soft dependency and not included in the pycaret installation. Please run: `pip install catboost` to install.
Alternately, you can install this by running `pip install pycaret[models]`
2025-04-17 21:15:46,762:WARNING:
'catboost' is a soft dependency and not included in the pycaret installation. Please run: `pip install catboost` to install.
Alternately, you can install this by running `pip install pycaret[models]`
2025-04-17 21:15:46,764:WARNING:
'prophet' is a soft dependency and not included in the pycaret installation. Please run: `pip install prophet` to install.
2025-04-17 21:15:46,766:INFO:Engine for model 'et_cds_dt' has not been set explicitly, hence returning None.
2025-04-17 21:15:46,767:INFO:Engine for model 'gbr_cds_dt' has not been set explicitly, hence returning None.
2025-04-17 21:15:46,768:INFO:Engine for model 'ada_cds_dt' has not been set explicitly, hence returning None.
2025-04-17 21:15:46,768:INFO:Engine for model 'xgboost_cds_dt' has not been set explicitly, hence returning None.
2025-04-17 21:15:46,768:WARNING:
'xgboost' is a soft dependency and not included in the pycaret installation. Please run: `pip install xgboost` to install.
Alternately, you can install this by running `pip install pycaret[models]`
2025-04-17 21:15:46,768:WARNING:
'xgboost' is a soft dependency and not included in the pycaret installation. Please run: `pip install xgboost` to install.
Alternately, you can install this by running `pip install pycaret[models]`
2025-04-17 21:15:46,768:INFO:Engine for model 'lightgbm_cds_dt' has not been set explicitly, hence returning None.
2025-04-17 21:15:46,768:INFO:Engine for model 'catboost_cds_dt' has not been set explicitly, hence returning None.
2025-04-17 21:15:46,768:WARNING:
'catboost' is a soft dependency and not included in the pycaret installation. Please run: `pip install catboost` to install.
Alternately, you can install this by running `pip install pycaret[models]`
2025-04-17 21:15:46,768:WARNING:
'catboost' is a soft dependency and not included in the pycaret installation. Please run: `pip install catboost` to install.
Alternately, you can install this by running `pip install pycaret[models]`
2025-04-17 21:15:46,768:INFO:Engine successfully changes for model 'et_cds_dt' to 'sklearn'.
2025-04-17 21:15:46,770:WARNING:
'prophet' is a soft dependency and not included in the pycaret installation. Please run: `pip install prophet` to install.
2025-04-17 21:15:46,772:INFO:Engine for model 'gbr_cds_dt' has not been set explicitly, hence returning None.
2025-04-17 21:15:46,773:INFO:Engine for model 'ada_cds_dt' has not been set explicitly, hence returning None.
2025-04-17 21:15:46,773:INFO:Engine for model 'xgboost_cds_dt' has not been set explicitly, hence returning None.
2025-04-17 21:15:46,773:WARNING:
'xgboost' is a soft dependency and not included in the pycaret installation. Please run: `pip install xgboost` to install.
Alternately, you can install this by running `pip install pycaret[models]`
2025-04-17 21:15:46,773:WARNING:
'xgboost' is a soft dependency and not included in the pycaret installation. Please run: `pip install xgboost` to install.
Alternately, you can install this by running `pip install pycaret[models]`
2025-04-17 21:15:46,773:INFO:Engine for model 'lightgbm_cds_dt' has not been set explicitly, hence returning None.
2025-04-17 21:15:46,773:INFO:Engine for model 'catboost_cds_dt' has not been set explicitly, hence returning None.
2025-04-17 21:15:46,773:WARNING:
'catboost' is a soft dependency and not included in the pycaret installation. Please run: `pip install catboost` to install.
Alternately, you can install this by running `pip install pycaret[models]`
2025-04-17 21:15:46,773:WARNING:
'catboost' is a soft dependency and not included in the pycaret installation. Please run: `pip install catboost` to install.
Alternately, you can install this by running `pip install pycaret[models]`
2025-04-17 21:15:46,774:WARNING:
'prophet' is a soft dependency and not included in the pycaret installation. Please run: `pip install prophet` to install.
2025-04-17 21:15:46,776:INFO:Engine for model 'gbr_cds_dt' has not been set explicitly, hence returning None.
2025-04-17 21:15:46,776:INFO:Engine for model 'ada_cds_dt' has not been set explicitly, hence returning None.
2025-04-17 21:15:46,776:INFO:Engine for model 'xgboost_cds_dt' has not been set explicitly, hence returning None.
2025-04-17 21:15:46,776:WARNING:
'xgboost' is a soft dependency and not included in the pycaret installation. Please run: `pip install xgboost` to install.
Alternately, you can install this by running `pip install pycaret[models]`
2025-04-17 21:15:46,776:WARNING:
'xgboost' is a soft dependency and not included in the pycaret installation. Please run: `pip install xgboost` to install.
Alternately, you can install this by running `pip install pycaret[models]`
2025-04-17 21:15:46,776:INFO:Engine for model 'lightgbm_cds_dt' has not been set explicitly, hence returning None.
2025-04-17 21:15:46,777:INFO:Engine for model 'catboost_cds_dt' has not been set explicitly, hence returning None.
2025-04-17 21:15:46,777:WARNING:
'catboost' is a soft dependency and not included in the pycaret installation. Please run: `pip install catboost` to install.
Alternately, you can install this by running `pip install pycaret[models]`
2025-04-17 21:15:46,777:WARNING:
'catboost' is a soft dependency and not included in the pycaret installation. Please run: `pip install catboost` to install.
Alternately, you can install this by running `pip install pycaret[models]`
2025-04-17 21:15:46,777:INFO:Engine successfully changes for model 'gbr_cds_dt' to 'sklearn'.
2025-04-17 21:15:46,778:WARNING:
'prophet' is a soft dependency and not included in the pycaret installation. Please run: `pip install prophet` to install.
2025-04-17 21:15:46,780:INFO:Engine for model 'ada_cds_dt' has not been set explicitly, hence returning None.
2025-04-17 21:15:46,780:INFO:Engine for model 'xgboost_cds_dt' has not been set explicitly, hence returning None.
2025-04-17 21:15:46,780:WARNING:
'xgboost' is a soft dependency and not included in the pycaret installation. Please run: `pip install xgboost` to install.
Alternately, you can install this by running `pip install pycaret[models]`
2025-04-17 21:15:46,780:WARNING:
'xgboost' is a soft dependency and not included in the pycaret installation. Please run: `pip install xgboost` to install.
Alternately, you can install this by running `pip install pycaret[models]`
2025-04-17 21:15:46,780:INFO:Engine for model 'lightgbm_cds_dt' has not been set explicitly, hence returning None.
2025-04-17 21:15:46,780:INFO:Engine for model 'catboost_cds_dt' has not been set explicitly, hence returning None.
2025-04-17 21:15:46,780:WARNING:
'catboost' is a soft dependency and not included in the pycaret installation. Please run: `pip install catboost` to install.
Alternately, you can install this by running `pip install pycaret[models]`
2025-04-17 21:15:46,780:WARNING:
'catboost' is a soft dependency and not included in the pycaret installation. Please run: `pip install catboost` to install.
Alternately, you can install this by running `pip install pycaret[models]`
2025-04-17 21:15:46,781:WARNING:
'prophet' is a soft dependency and not included in the pycaret installation. Please run: `pip install prophet` to install.
2025-04-17 21:15:46,784:INFO:Engine for model 'ada_cds_dt' has not been set explicitly, hence returning None.
2025-04-17 21:15:46,784:INFO:Engine for model 'xgboost_cds_dt' has not been set explicitly, hence returning None.
2025-04-17 21:15:46,784:WARNING:
'xgboost' is a soft dependency and not included in the pycaret installation. Please run: `pip install xgboost` to install.
Alternately, you can install this by running `pip install pycaret[models]`
2025-04-17 21:15:46,784:WARNING:
'xgboost' is a soft dependency and not included in the pycaret installation. Please run: `pip install xgboost` to install.
Alternately, you can install this by running `pip install pycaret[models]`
2025-04-17 21:15:46,784:INFO:Engine for model 'lightgbm_cds_dt' has not been set explicitly, hence returning None.
2025-04-17 21:15:46,784:INFO:Engine for model 'catboost_cds_dt' has not been set explicitly, hence returning None.
2025-04-17 21:15:46,784:WARNING:
'catboost' is a soft dependency and not included in the pycaret installation. Please run: `pip install catboost` to install.
Alternately, you can install this by running `pip install pycaret[models]`
2025-04-17 21:15:46,784:WARNING:
'catboost' is a soft dependency and not included in the pycaret installation. Please run: `pip install catboost` to install.
Alternately, you can install this by running `pip install pycaret[models]`
2025-04-17 21:15:46,784:INFO:Engine successfully changes for model 'ada_cds_dt' to 'sklearn'.
2025-04-17 21:15:46,785:WARNING:
'prophet' is a soft dependency and not included in the pycaret installation. Please run: `pip install prophet` to install.
2025-04-17 21:15:46,788:INFO:Engine for model 'xgboost_cds_dt' has not been set explicitly, hence returning None.
2025-04-17 21:15:46,788:WARNING:
'xgboost' is a soft dependency and not included in the pycaret installation. Please run: `pip install xgboost` to install.
Alternately, you can install this by running `pip install pycaret[models]`
2025-04-17 21:15:46,788:WARNING:
'xgboost' is a soft dependency and not included in the pycaret installation. Please run: `pip install xgboost` to install.
Alternately, you can install this by running `pip install pycaret[models]`
2025-04-17 21:15:46,788:INFO:Engine for model 'lightgbm_cds_dt' has not been set explicitly, hence returning None.
2025-04-17 21:15:46,788:INFO:Engine for model 'catboost_cds_dt' has not been set explicitly, hence returning None.
2025-04-17 21:15:46,788:WARNING:
'catboost' is a soft dependency and not included in the pycaret installation. Please run: `pip install catboost` to install.
Alternately, you can install this by running `pip install pycaret[models]`
2025-04-17 21:15:46,788:WARNING:
'catboost' is a soft dependency and not included in the pycaret installation. Please run: `pip install catboost` to install.
Alternately, you can install this by running `pip install pycaret[models]`
2025-04-17 21:15:46,789:WARNING:
'prophet' is a soft dependency and not included in the pycaret installation. Please run: `pip install prophet` to install.
2025-04-17 21:15:46,792:INFO:Engine for model 'xgboost_cds_dt' has not been set explicitly, hence returning None.
2025-04-17 21:15:46,792:WARNING:
'xgboost' is a soft dependency and not included in the pycaret installation. Please run: `pip install xgboost` to install.
Alternately, you can install this by running `pip install pycaret[models]`
2025-04-17 21:15:46,792:WARNING:
'xgboost' is a soft dependency and not included in the pycaret installation. Please run: `pip install xgboost` to install.
Alternately, you can install this by running `pip install pycaret[models]`
2025-04-17 21:15:46,792:INFO:Engine for model 'lightgbm_cds_dt' has not been set explicitly, hence returning None.
2025-04-17 21:15:46,792:INFO:Engine for model 'catboost_cds_dt' has not been set explicitly, hence returning None.
2025-04-17 21:15:46,792:WARNING:
'catboost' is a soft dependency and not included in the pycaret installation. Please run: `pip install catboost` to install.
Alternately, you can install this by running `pip install pycaret[models]`
2025-04-17 21:15:46,792:WARNING:
'catboost' is a soft dependency and not included in the pycaret installation. Please run: `pip install catboost` to install.
Alternately, you can install this by running `pip install pycaret[models]`
2025-04-17 21:15:46,792:INFO:Engine successfully changes for model 'xgboost_cds_dt' to 'sklearn'.
2025-04-17 21:15:46,794:WARNING:
'prophet' is a soft dependency and not included in the pycaret installation. Please run: `pip install prophet` to install.
2025-04-17 21:15:46,796:WARNING:
'xgboost' is a soft dependency and not included in the pycaret installation. Please run: `pip install xgboost` to install.
Alternately, you can install this by running `pip install pycaret[models]`
2025-04-17 21:15:46,796:WARNING:
'xgboost' is a soft dependency and not included in the pycaret installation. Please run: `pip install xgboost` to install.
Alternately, you can install this by running `pip install pycaret[models]`
2025-04-17 21:15:46,796:INFO:Engine for model 'lightgbm_cds_dt' has not been set explicitly, hence returning None.
2025-04-17 21:15:46,796:INFO:Engine for model 'catboost_cds_dt' has not been set explicitly, hence returning None.
2025-04-17 21:15:46,796:WARNING:
'catboost' is a soft dependency and not included in the pycaret installation. Please run: `pip install catboost` to install.
Alternately, you can install this by running `pip install pycaret[models]`
2025-04-17 21:15:46,796:WARNING:
'catboost' is a soft dependency and not included in the pycaret installation. Please run: `pip install catboost` to install.
Alternately, you can install this by running `pip install pycaret[models]`
2025-04-17 21:15:46,797:WARNING:
'prophet' is a soft dependency and not included in the pycaret installation. Please run: `pip install prophet` to install.
2025-04-17 21:15:46,799:WARNING:
'xgboost' is a soft dependency and not included in the pycaret installation. Please run: `pip install xgboost` to install.
Alternately, you can install this by running `pip install pycaret[models]`
2025-04-17 21:15:46,799:WARNING:
'xgboost' is a soft dependency and not included in the pycaret installation. Please run: `pip install xgboost` to install.
Alternately, you can install this by running `pip install pycaret[models]`
2025-04-17 21:15:46,800:INFO:Engine for model 'lightgbm_cds_dt' has not been set explicitly, hence returning None.
2025-04-17 21:15:46,800:INFO:Engine for model 'catboost_cds_dt' has not been set explicitly, hence returning None.
2025-04-17 21:15:46,800:WARNING:
'catboost' is a soft dependency and not included in the pycaret installation. Please run: `pip install catboost` to install.
Alternately, you can install this by running `pip install pycaret[models]`
2025-04-17 21:15:46,800:WARNING:
'catboost' is a soft dependency and not included in the pycaret installation. Please run: `pip install catboost` to install.
Alternately, you can install this by running `pip install pycaret[models]`
2025-04-17 21:15:46,800:INFO:Engine successfully changes for model 'lightgbm_cds_dt' to 'sklearn'.
2025-04-17 21:15:46,802:WARNING:
'prophet' is a soft dependency and not included in the pycaret installation. Please run: `pip install prophet` to install.
2025-04-17 21:15:46,805:WARNING:
'xgboost' is a soft dependency and not included in the pycaret installation. Please run: `pip install xgboost` to install.
Alternately, you can install this by running `pip install pycaret[models]`
2025-04-17 21:15:46,805:WARNING:
'xgboost' is a soft dependency and not included in the pycaret installation. Please run: `pip install xgboost` to install.
Alternately, you can install this by running `pip install pycaret[models]`
2025-04-17 21:15:46,805:INFO:Engine for model 'catboost_cds_dt' has not been set explicitly, hence returning None.
2025-04-17 21:15:46,805:WARNING:
'catboost' is a soft dependency and not included in the pycaret installation. Please run: `pip install catboost` to install.
Alternately, you can install this by running `pip install pycaret[models]`
2025-04-17 21:15:46,805:WARNING:
'catboost' is a soft dependency and not included in the pycaret installation. Please run: `pip install catboost` to install.
Alternately, you can install this by running `pip install pycaret[models]`
2025-04-17 21:15:46,807:WARNING:
'prophet' is a soft dependency and not included in the pycaret installation. Please run: `pip install prophet` to install.
2025-04-17 21:15:46,809:WARNING:
'xgboost' is a soft dependency and not included in the pycaret installation. Please run: `pip install xgboost` to install.
Alternately, you can install this by running `pip install pycaret[models]`
2025-04-17 21:15:46,809:WARNING:
'xgboost' is a soft dependency and not included in the pycaret installation. Please run: `pip install xgboost` to install.
Alternately, you can install this by running `pip install pycaret[models]`
2025-04-17 21:15:46,810:INFO:Engine for model 'catboost_cds_dt' has not been set explicitly, hence returning None.
2025-04-17 21:15:46,810:WARNING:
'catboost' is a soft dependency and not included in the pycaret installation. Please run: `pip install catboost` to install.
Alternately, you can install this by running `pip install pycaret[models]`
2025-04-17 21:15:46,810:WARNING:
'catboost' is a soft dependency and not included in the pycaret installation. Please run: `pip install catboost` to install.
Alternately, you can install this by running `pip install pycaret[models]`
2025-04-17 21:15:46,810:INFO:Engine successfully changes for model 'catboost_cds_dt' to 'sklearn'.
2025-04-17 21:15:46,811:WARNING:
'prophet' is a soft dependency and not included in the pycaret installation. Please run: `pip install prophet` to install.
2025-04-17 21:15:46,813:WARNING:
'xgboost' is a soft dependency and not included in the pycaret installation. Please run: `pip install xgboost` to install.
Alternately, you can install this by running `pip install pycaret[models]`
2025-04-17 21:15:46,813:WARNING:
'xgboost' is a soft dependency and not included in the pycaret installation. Please run: `pip install xgboost` to install.
Alternately, you can install this by running `pip install pycaret[models]`
2025-04-17 21:15:46,814:WARNING:
'catboost' is a soft dependency and not included in the pycaret installation. Please run: `pip install catboost` to install.
Alternately, you can install this by running `pip install pycaret[models]`
2025-04-17 21:15:46,814:WARNING:
'catboost' is a soft dependency and not included in the pycaret installation. Please run: `pip install catboost` to install.
Alternately, you can install this by running `pip install pycaret[models]`
2025-04-17 21:15:46,815:WARNING:
'prophet' is a soft dependency and not included in the pycaret installation. Please run: `pip install prophet` to install.
2025-04-17 21:15:46,818:WARNING:
'xgboost' is a soft dependency and not included in the pycaret installation. Please run: `pip install xgboost` to install.
Alternately, you can install this by running `pip install pycaret[models]`
2025-04-17 21:15:46,818:WARNING:
'xgboost' is a soft dependency and not included in the pycaret installation. Please run: `pip install xgboost` to install.
Alternately, you can install this by running `pip install pycaret[models]`
2025-04-17 21:15:46,818:WARNING:
'catboost' is a soft dependency and not included in the pycaret installation. Please run: `pip install catboost` to install.
Alternately, you can install this by running `pip install pycaret[models]`
2025-04-17 21:15:46,818:WARNING:
'catboost' is a soft dependency and not included in the pycaret installation. Please run: `pip install catboost` to install.
Alternately, you can install this by running `pip install pycaret[models]`
2025-04-17 21:15:46,820:WARNING:
'prophet' is a soft dependency and not included in the pycaret installation. Please run: `pip install prophet` to install.
2025-04-17 21:15:46,824:WARNING:
'xgboost' is a soft dependency and not included in the pycaret installation. Please run: `pip install xgboost` to install.
Alternately, you can install this by running `pip install pycaret[models]`
2025-04-17 21:15:46,824:WARNING:
'xgboost' is a soft dependency and not included in the pycaret installation. Please run: `pip install xgboost` to install.
Alternately, you can install this by running `pip install pycaret[models]`
2025-04-17 21:15:46,824:WARNING:
'catboost' is a soft dependency and not included in the pycaret installation. Please run: `pip install catboost` to install.
Alternately, you can install this by running `pip install pycaret[models]`
2025-04-17 21:15:46,824:WARNING:
'catboost' is a soft dependency and not included in the pycaret installation. Please run: `pip install catboost` to install.
Alternately, you can install this by running `pip install pycaret[models]`
2025-04-17 21:15:46,826:WARNING:
'prophet' is a soft dependency and not included in the pycaret installation. Please run: `pip install prophet` to install.
2025-04-17 21:15:46,829:WARNING:
'xgboost' is a soft dependency and not included in the pycaret installation. Please run: `pip install xgboost` to install.
Alternately, you can install this by running `pip install pycaret[models]`
2025-04-17 21:15:46,829:WARNING:
'xgboost' is a soft dependency and not included in the pycaret installation. Please run: `pip install xgboost` to install.
Alternately, you can install this by running `pip install pycaret[models]`
2025-04-17 21:15:46,829:WARNING:
'catboost' is a soft dependency and not included in the pycaret installation. Please run: `pip install catboost` to install.
Alternately, you can install this by running `pip install pycaret[models]`
2025-04-17 21:15:46,829:WARNING:
'catboost' is a soft dependency and not included in the pycaret installation. Please run: `pip install catboost` to install.
Alternately, you can install this by running `pip install pycaret[models]`
2025-04-17 21:15:46,830:INFO:setup() successfully completed in 0.51s...............
2025-04-17 21:15:46,830:INFO:Initializing compare_models()
2025-04-17 21:15:46,830:INFO:compare_models(self=<pycaret.time_series.forecasting.oop.TSForecastingExperiment object at 0x3110b8a10>, include=['ets', 'exp_smooth'], exclude=None, fold=None, round=4, cross_validation=True, sort=RMSE, n_select=1, budget_time=None, turbo=True, errors=ignore, fit_kwargs=None, groups=None, experiment_custom_tags=None, probability_threshold=None, verbose=False, parallel=None, caller_params={'self': <pycaret.time_series.forecasting.oop.TSForecastingExperiment object at 0x3110b8a10>, 'include': ['ets', 'exp_smooth'], 'exclude': None, 'fold': None, 'round': 4, 'cross_validation': True, 'sort': 'RMSE', 'n_select': 1, 'budget_time': None, 'turbo': True, 'errors': 'ignore', 'fit_kwargs': None, 'experiment_custom_tags': None, 'engine': None, 'verbose': False, 'parallel': None, '__class__': <class 'pycaret.time_series.forecasting.oop.TSForecastingExperiment'>})
2025-04-17 21:15:46,830:INFO:Checking exceptions
2025-04-17 21:15:46,831:INFO:Preparing display monitor
2025-04-17 21:15:46,832:INFO:Initializing ETS
2025-04-17 21:15:46,832:INFO:Total runtime is 4.168351491292318e-06 minutes
2025-04-17 21:15:46,832:INFO:SubProcess create_model() called ==================================
2025-04-17 21:15:46,832:INFO:Initializing create_model()
2025-04-17 21:15:46,832:INFO:create_model(self=<pycaret.time_series.forecasting.oop.TSForecastingExperiment object at 0x3110b8a10>, estimator=ets, fold=None, round=4, cross_validation=True, predict=True, fit_kwargs={}, groups=None, refit=False, probability_threshold=None, experiment_custom_tags=None, verbose=False, system=False, add_to_model_list=True, metrics=None, display=<pycaret.internal.display.display.CommonDisplay object at 0x319ff03d0>, model_only=True, return_train_score=False, error_score=0.0, kwargs={})
2025-04-17 21:15:46,832:INFO:Checking exceptions
2025-04-17 21:15:46,832:INFO:Importing libraries
2025-04-17 21:15:46,832:INFO:Copying training dataset
2025-04-17 21:15:46,835:INFO:Defining folds
2025-04-17 21:15:46,835:INFO:Declaring metric variables
2025-04-17 21:15:46,835:INFO:Importing untrained model
2025-04-17 21:15:46,836:INFO:ETS Imported successfully
2025-04-17 21:15:46,837:INFO:Starting cross validation
2025-04-17 21:15:46,838:INFO:Cross validating with ExpandingWindowSplitter(fh=ForecastingHorizon([ 1,  2,  3,  4,  5,  6,  7,  8,  9, 10, 11, 12, 13, 14, 15, 16, 17, 18,
       19, 20, 21, 22, 23, 24, 25, 26, 27, 28, 29, 30],
      dtype='int64', is_relative=True),
                        initial_window=1968, step_length=30), n_jobs=-1
2025-04-17 21:15:52,139:WARNING:/opt/anaconda3/envs/LSTM/lib/python3.11/site-packages/sklearn/metrics/_regression.py:483: FutureWarning: 'squared' is deprecated in version 1.4 and will be removed in 1.6. To calculate the root mean squared error, use the function'root_mean_squared_error'.
  warnings.warn(

2025-04-17 21:15:52,139:WARNING:/opt/anaconda3/envs/LSTM/lib/python3.11/site-packages/sklearn/metrics/_regression.py:483: FutureWarning: 'squared' is deprecated in version 1.4 and will be removed in 1.6. To calculate the root mean squared error, use the function'root_mean_squared_error'.
  warnings.warn(

2025-04-17 21:15:52,163:WARNING:/opt/anaconda3/envs/LSTM/lib/python3.11/site-packages/sklearn/metrics/_regression.py:483: FutureWarning: 'squared' is deprecated in version 1.4 and will be removed in 1.6. To calculate the root mean squared error, use the function'root_mean_squared_error'.
  warnings.warn(

2025-04-17 21:15:52,164:WARNING:/opt/anaconda3/envs/LSTM/lib/python3.11/site-packages/sklearn/metrics/_regression.py:483: FutureWarning: 'squared' is deprecated in version 1.4 and will be removed in 1.6. To calculate the root mean squared error, use the function'root_mean_squared_error'.
  warnings.warn(

2025-04-17 21:15:52,174:WARNING:/opt/anaconda3/envs/LSTM/lib/python3.11/site-packages/sklearn/metrics/_regression.py:483: FutureWarning: 'squared' is deprecated in version 1.4 and will be removed in 1.6. To calculate the root mean squared error, use the function'root_mean_squared_error'.
  warnings.warn(

2025-04-17 21:15:52,174:WARNING:/opt/anaconda3/envs/LSTM/lib/python3.11/site-packages/sklearn/metrics/_regression.py:483: FutureWarning: 'squared' is deprecated in version 1.4 and will be removed in 1.6. To calculate the root mean squared error, use the function'root_mean_squared_error'.
  warnings.warn(

2025-04-17 21:15:52,205:INFO:Calculating mean and std
2025-04-17 21:15:52,206:INFO:Creating metrics dataframe
2025-04-17 21:15:52,239:INFO:Uploading results into container
2025-04-17 21:15:52,239:INFO:Uploading model into container now
2025-04-17 21:15:52,240:INFO:_master_model_container: 1
2025-04-17 21:15:52,240:INFO:_display_container: 2
2025-04-17 21:15:52,241:INFO:AutoETS(seasonal='mul', sp=15, trend='add')
2025-04-17 21:15:52,241:INFO:create_model() successfully completed......................................
2025-04-17 21:15:52,490:INFO:SubProcess create_model() end ==================================
2025-04-17 21:15:52,490:INFO:Creating metrics dataframe
2025-04-17 21:15:52,492:INFO:Initializing Exponential Smoothing
2025-04-17 21:15:52,492:INFO:Total runtime is 0.09432830413182576 minutes
2025-04-17 21:15:52,492:INFO:SubProcess create_model() called ==================================
2025-04-17 21:15:52,492:INFO:Initializing create_model()
2025-04-17 21:15:52,492:INFO:create_model(self=<pycaret.time_series.forecasting.oop.TSForecastingExperiment object at 0x3110b8a10>, estimator=exp_smooth, fold=None, round=4, cross_validation=True, predict=True, fit_kwargs={}, groups=None, refit=False, probability_threshold=None, experiment_custom_tags=None, verbose=False, system=False, add_to_model_list=True, metrics=None, display=<pycaret.internal.display.display.CommonDisplay object at 0x319ff03d0>, model_only=True, return_train_score=False, error_score=0.0, kwargs={})
2025-04-17 21:15:52,492:INFO:Checking exceptions
2025-04-17 21:15:52,492:INFO:Importing libraries
2025-04-17 21:15:52,492:INFO:Copying training dataset
2025-04-17 21:15:52,493:INFO:Defining folds
2025-04-17 21:15:52,493:INFO:Declaring metric variables
2025-04-17 21:15:52,493:INFO:Importing untrained model
2025-04-17 21:15:52,493:INFO:Exponential Smoothing Imported successfully
2025-04-17 21:15:52,494:INFO:Starting cross validation
2025-04-17 21:15:52,495:INFO:Cross validating with ExpandingWindowSplitter(fh=ForecastingHorizon([ 1,  2,  3,  4,  5,  6,  7,  8,  9, 10, 11, 12, 13, 14, 15, 16, 17, 18,
       19, 20, 21, 22, 23, 24, 25, 26, 27, 28, 29, 30],
      dtype='int64', is_relative=True),
                        initial_window=1968, step_length=30), n_jobs=-1
2025-04-17 21:15:52,819:WARNING:/opt/anaconda3/envs/LSTM/lib/python3.11/site-packages/sklearn/metrics/_regression.py:483: FutureWarning: 'squared' is deprecated in version 1.4 and will be removed in 1.6. To calculate the root mean squared error, use the function'root_mean_squared_error'.
  warnings.warn(

2025-04-17 21:15:52,819:WARNING:/opt/anaconda3/envs/LSTM/lib/python3.11/site-packages/sklearn/metrics/_regression.py:483: FutureWarning: 'squared' is deprecated in version 1.4 and will be removed in 1.6. To calculate the root mean squared error, use the function'root_mean_squared_error'.
  warnings.warn(

2025-04-17 21:15:52,830:WARNING:/opt/anaconda3/envs/LSTM/lib/python3.11/site-packages/sklearn/metrics/_regression.py:483: FutureWarning: 'squared' is deprecated in version 1.4 and will be removed in 1.6. To calculate the root mean squared error, use the function'root_mean_squared_error'.
  warnings.warn(

2025-04-17 21:15:52,830:WARNING:/opt/anaconda3/envs/LSTM/lib/python3.11/site-packages/sklearn/metrics/_regression.py:483: FutureWarning: 'squared' is deprecated in version 1.4 and will be removed in 1.6. To calculate the root mean squared error, use the function'root_mean_squared_error'.
  warnings.warn(

2025-04-17 21:15:54,128:WARNING:/opt/anaconda3/envs/LSTM/lib/python3.11/site-packages/sklearn/metrics/_regression.py:483: FutureWarning: 'squared' is deprecated in version 1.4 and will be removed in 1.6. To calculate the root mean squared error, use the function'root_mean_squared_error'.
  warnings.warn(

2025-04-17 21:15:54,129:WARNING:/opt/anaconda3/envs/LSTM/lib/python3.11/site-packages/sklearn/metrics/_regression.py:483: FutureWarning: 'squared' is deprecated in version 1.4 and will be removed in 1.6. To calculate the root mean squared error, use the function'root_mean_squared_error'.
  warnings.warn(

2025-04-17 21:15:54,142:INFO:Calculating mean and std
2025-04-17 21:15:54,142:INFO:Creating metrics dataframe
2025-04-17 21:15:54,145:INFO:Uploading results into container
2025-04-17 21:15:54,145:INFO:Uploading model into container now
2025-04-17 21:15:54,145:INFO:_master_model_container: 2
2025-04-17 21:15:54,145:INFO:_display_container: 2
2025-04-17 21:15:54,145:INFO:ExponentialSmoothing(seasonal='mul', sp=15, trend='add')
2025-04-17 21:15:54,145:INFO:create_model() successfully completed......................................
2025-04-17 21:15:54,289:INFO:SubProcess create_model() end ==================================
2025-04-17 21:15:54,289:INFO:Creating metrics dataframe
2025-04-17 21:15:54,291:INFO:Initializing create_model()
2025-04-17 21:15:54,291:INFO:create_model(self=<pycaret.time_series.forecasting.oop.TSForecastingExperiment object at 0x3110b8a10>, estimator=ExponentialSmoothing(seasonal='mul', sp=15, trend='add'), fold=None, round=4, cross_validation=False, predict=False, fit_kwargs={}, groups=None, refit=True, probability_threshold=None, experiment_custom_tags=None, verbose=False, system=False, add_to_model_list=True, metrics=None, display=None, model_only=True, return_train_score=False, error_score=0.0, kwargs={})
2025-04-17 21:15:54,291:INFO:Checking exceptions
2025-04-17 21:15:54,292:INFO:Importing libraries
2025-04-17 21:15:54,292:INFO:Copying training dataset
2025-04-17 21:15:54,293:INFO:Defining folds
2025-04-17 21:15:54,294:INFO:Declaring metric variables
2025-04-17 21:15:54,294:INFO:Importing untrained model
2025-04-17 21:15:54,294:INFO:Declaring custom model
2025-04-17 21:15:54,294:INFO:Exponential Smoothing Imported successfully
2025-04-17 21:15:54,294:INFO:Cross validation set to False
2025-04-17 21:15:54,294:INFO:Fitting Model
2025-04-17 21:15:54,622:INFO:ExponentialSmoothing(seasonal='mul', sp=15, trend='add')
2025-04-17 21:15:54,622:INFO:create_model() successfully completed......................................
2025-04-17 21:15:54,763:INFO:_master_model_container: 2
2025-04-17 21:15:54,764:INFO:_display_container: 2
2025-04-17 21:15:54,764:INFO:ExponentialSmoothing(seasonal='mul', sp=15, trend='add')
2025-04-17 21:15:54,764:INFO:compare_models() successfully completed......................................
2025-04-17 21:15:54,765:INFO:Initializing create_model()
2025-04-17 21:15:54,766:INFO:create_model(self=<pycaret.time_series.forecasting.oop.TSForecastingExperiment object at 0x3110b8a10>, estimator=ExponentialSmoothing(seasonal='mul', sp=15, trend='add'), fold=None, round=4, cross_validation=True, predict=True, fit_kwargs=None, groups=None, refit=True, probability_threshold=None, experiment_custom_tags=None, verbose=False, system=True, add_to_model_list=True, metrics=None, display=None, model_only=True, return_train_score=False, error_score=0.0, kwargs={})
2025-04-17 21:15:54,766:INFO:Checking exceptions
2025-04-17 21:15:54,767:INFO:Importing libraries
2025-04-17 21:15:54,768:INFO:Copying training dataset
2025-04-17 21:15:54,769:INFO:Defining folds
2025-04-17 21:15:54,769:INFO:Declaring metric variables
2025-04-17 21:15:54,770:INFO:Importing untrained model
2025-04-17 21:15:54,770:INFO:Declaring custom model
2025-04-17 21:15:54,771:INFO:Exponential Smoothing Imported successfully
2025-04-17 21:15:54,772:INFO:Starting cross validation
2025-04-17 21:15:54,773:INFO:Cross validating with ExpandingWindowSplitter(fh=ForecastingHorizon([ 1,  2,  3,  4,  5,  6,  7,  8,  9, 10, 11, 12, 13, 14, 15, 16, 17, 18,
       19, 20, 21, 22, 23, 24, 25, 26, 27, 28, 29, 30],
      dtype='int64', is_relative=True),
                        initial_window=1968, step_length=30), n_jobs=-1
2025-04-17 21:15:56,992:WARNING:/opt/anaconda3/envs/LSTM/lib/python3.11/site-packages/sklearn/metrics/_regression.py:483: FutureWarning: 'squared' is deprecated in version 1.4 and will be removed in 1.6. To calculate the root mean squared error, use the function'root_mean_squared_error'.
  warnings.warn(

2025-04-17 21:15:56,992:WARNING:/opt/anaconda3/envs/LSTM/lib/python3.11/site-packages/sklearn/metrics/_regression.py:483: FutureWarning: 'squared' is deprecated in version 1.4 and will be removed in 1.6. To calculate the root mean squared error, use the function'root_mean_squared_error'.
  warnings.warn(

2025-04-17 21:15:57,055:WARNING:/opt/anaconda3/envs/LSTM/lib/python3.11/site-packages/sklearn/metrics/_regression.py:483: FutureWarning: 'squared' is deprecated in version 1.4 and will be removed in 1.6. To calculate the root mean squared error, use the function'root_mean_squared_error'.
  warnings.warn(

2025-04-17 21:15:57,056:WARNING:/opt/anaconda3/envs/LSTM/lib/python3.11/site-packages/sklearn/metrics/_regression.py:483: FutureWarning: 'squared' is deprecated in version 1.4 and will be removed in 1.6. To calculate the root mean squared error, use the function'root_mean_squared_error'.
  warnings.warn(

2025-04-17 21:15:57,062:WARNING:/opt/anaconda3/envs/LSTM/lib/python3.11/site-packages/sklearn/metrics/_regression.py:483: FutureWarning: 'squared' is deprecated in version 1.4 and will be removed in 1.6. To calculate the root mean squared error, use the function'root_mean_squared_error'.
  warnings.warn(

2025-04-17 21:15:57,063:WARNING:/opt/anaconda3/envs/LSTM/lib/python3.11/site-packages/sklearn/metrics/_regression.py:483: FutureWarning: 'squared' is deprecated in version 1.4 and will be removed in 1.6. To calculate the root mean squared error, use the function'root_mean_squared_error'.
  warnings.warn(

2025-04-17 21:15:57,074:INFO:Calculating mean and std
2025-04-17 21:15:57,075:INFO:Creating metrics dataframe
2025-04-17 21:15:57,082:INFO:Finalizing model
2025-04-17 21:15:57,369:INFO:Uploading results into container
2025-04-17 21:15:57,369:INFO:Uploading model into container now
2025-04-17 21:15:57,371:INFO:_master_model_container: 3
2025-04-17 21:15:57,371:INFO:_display_container: 3
2025-04-17 21:15:57,372:INFO:ExponentialSmoothing(seasonal='mul', sp=15, trend='add')
2025-04-17 21:15:57,372:INFO:create_model() successfully completed......................................
2025-04-17 21:15:57,605:INFO:Initializing get_config()
2025-04-17 21:15:57,605:INFO:get_config(self=<pycaret.time_series.forecasting.oop.TSForecastingExperiment object at 0x3110b8a10>, variable=y_train)
2025-04-17 21:15:57,606:INFO:Variable: 'y_train' used to return the transformed values in PyCaret 2.x. From PyCaret 3.x, this will return the raw values. If you need the transformed values, call get_config with 'y_train_transformed' instead.
2025-04-17 21:15:57,607:INFO:Variable:  returned as Date
2017-11-09    0.217488
2017-11-10    0.206483
2017-11-11    0.210430
2017-11-12    0.197339
2017-11-13    0.203442
                ...   
2023-06-24    0.487313
2023-06-25    0.490277
2023-06-26    0.479332
2023-06-27    0.483840
2023-06-28    0.465222
Freq: D, Name: ('Close', 'XRP-USD'), Length: 2058, dtype: float64
2025-04-17 21:15:57,607:INFO:get_config() successfully completed......................................
