2025-04-17 17:45:20,732:WARNING:
'prophet' is a soft dependency and not included in the pycaret installation. Please run: `pip install prophet` to install.
2025-04-17 17:45:26,727:INFO:PyCaret TSForecastingExperiment
2025-04-17 17:45:26,727:INFO:Logging name: ts-default-name
2025-04-17 17:45:26,727:INFO:ML Usecase: MLUsecase.TIME_SERIES
2025-04-17 17:45:26,727:INFO:version 3.3.2
2025-04-17 17:45:26,727:INFO:Initializing setup()
2025-04-17 17:45:26,727:INFO:self.USI: aa76
2025-04-17 17:45:26,727:INFO:self._variable_keys: {'n_jobs_param', 'model_engines', 'strictly_positive', 'pipeline', 'X_test', 'y_test_transformed', 'enforce_pi', 'approach_type', 'primary_sp_to_use', 'X', '_available_plots', 'seed', 'X_train_transformed', 'memory', 'y_train', 'candidate_sps', 'y_transformed', 'exp_id', 'X_train', 'y_train_transformed', 'fold_param', 'significant_sps', 'X_test_transformed', 'fold_generator', 'significant_sps_no_harmonics', 'data', 'USI', 'gpu_n_jobs_param', 'enforce_exogenous', '_ml_usecase', 'seasonality_present', 'html_param', 'exogenous_present', 'gpu_param', 'y', 'X_transformed', 'logging_param', 'index_type', 'idx', 'all_sps_to_use', 'fh', 'log_plots_param', 'y_test', 'exp_name_log'}
2025-04-17 17:45:26,727:INFO:Checking environment
2025-04-17 17:45:26,727:INFO:python_version: 3.11.8
2025-04-17 17:45:26,727:INFO:python_build: ('main', 'Feb 16 2024 20:49:36')
2025-04-17 17:45:26,727:INFO:machine: arm64
2025-04-17 17:45:26,727:INFO:platform: macOS-15.3.1-arm64-arm-64bit
2025-04-17 17:45:26,727:INFO:Memory: svmem(total=17179869184, available=3082420224, percent=82.1, used=5048893440, free=69894144, active=3095052288, inactive=2884714496, wired=1953841152)
2025-04-17 17:45:26,727:INFO:Physical Core: 8
2025-04-17 17:45:26,727:INFO:Logical Core: 8
2025-04-17 17:45:26,727:INFO:Checking libraries
2025-04-17 17:45:26,727:INFO:System:
2025-04-17 17:45:26,727:INFO:    python: 3.11.8 | packaged by conda-forge | (main, Feb 16 2024, 20:49:36) [Clang 16.0.6 ]
2025-04-17 17:45:26,727:INFO:executable: /opt/anaconda3/envs/LSTM/bin/python
2025-04-17 17:45:26,727:INFO:   machine: macOS-15.3.1-arm64-arm-64bit
2025-04-17 17:45:26,727:INFO:PyCaret required dependencies:
2025-04-17 17:45:27,243:INFO:                 pip: 25.0
2025-04-17 17:45:27,243:INFO:          setuptools: 75.8.0
2025-04-17 17:45:27,243:INFO:             pycaret: 3.3.2
2025-04-17 17:45:27,243:INFO:             IPython: 8.32.0
2025-04-17 17:45:27,243:INFO:          ipywidgets: 8.1.5
2025-04-17 17:45:27,243:INFO:                tqdm: 4.67.1
2025-04-17 17:45:27,243:INFO:               numpy: 1.26.4
2025-04-17 17:45:27,243:INFO:              pandas: 2.1.4
2025-04-17 17:45:27,243:INFO:              jinja2: 3.1.5
2025-04-17 17:45:27,243:INFO:               scipy: 1.11.4
2025-04-17 17:45:27,243:INFO:              joblib: 1.3.2
2025-04-17 17:45:27,243:INFO:             sklearn: 1.4.2
2025-04-17 17:45:27,243:INFO:                pyod: 2.0.3
2025-04-17 17:45:27,243:INFO:            imblearn: 0.13.0
2025-04-17 17:45:27,243:INFO:   category_encoders: 2.7.0
2025-04-17 17:45:27,243:INFO:            lightgbm: 4.6.0
2025-04-17 17:45:27,243:INFO:               numba: 0.61.0
2025-04-17 17:45:27,244:INFO:            requests: 2.32.3
2025-04-17 17:45:27,244:INFO:          matplotlib: 3.7.5
2025-04-17 17:45:27,244:INFO:          scikitplot: 0.3.7
2025-04-17 17:45:27,244:INFO:         yellowbrick: 1.5
2025-04-17 17:45:27,244:INFO:              plotly: 5.24.1
2025-04-17 17:45:27,244:INFO:    plotly-resampler: Not installed
2025-04-17 17:45:27,244:INFO:             kaleido: 0.2.1
2025-04-17 17:45:27,244:INFO:           schemdraw: 0.15
2025-04-17 17:45:27,244:INFO:         statsmodels: 0.14.4
2025-04-17 17:45:27,244:INFO:              sktime: 0.26.0
2025-04-17 17:45:27,244:INFO:               tbats: 1.1.3
2025-04-17 17:45:27,244:INFO:            pmdarima: 2.0.4
2025-04-17 17:45:27,244:INFO:              psutil: 5.9.0
2025-04-17 17:45:27,244:INFO:          markupsafe: 3.0.2
2025-04-17 17:45:27,244:INFO:             pickle5: Not installed
2025-04-17 17:45:27,244:INFO:         cloudpickle: 3.1.1
2025-04-17 17:45:27,244:INFO:         deprecation: 2.1.0
2025-04-17 17:45:27,244:INFO:              xxhash: 3.5.0
2025-04-17 17:45:27,244:INFO:           wurlitzer: 3.1.1
2025-04-17 17:45:27,244:INFO:PyCaret optional dependencies:
2025-04-17 17:45:27,253:INFO:                shap: Not installed
2025-04-17 17:45:27,253:INFO:           interpret: Not installed
2025-04-17 17:45:27,253:INFO:                umap: Not installed
2025-04-17 17:45:27,253:INFO:     ydata_profiling: Not installed
2025-04-17 17:45:27,253:INFO:  explainerdashboard: Not installed
2025-04-17 17:45:27,253:INFO:             autoviz: Not installed
2025-04-17 17:45:27,253:INFO:           fairlearn: Not installed
2025-04-17 17:45:27,253:INFO:          deepchecks: Not installed
2025-04-17 17:45:27,253:INFO:             xgboost: Not installed
2025-04-17 17:45:27,253:INFO:            catboost: Not installed
2025-04-17 17:45:27,253:INFO:              kmodes: Not installed
2025-04-17 17:45:27,253:INFO:             mlxtend: Not installed
2025-04-17 17:45:27,253:INFO:       statsforecast: Not installed
2025-04-17 17:45:27,253:INFO:        tune_sklearn: Not installed
2025-04-17 17:45:27,253:INFO:                 ray: Not installed
2025-04-17 17:45:27,253:INFO:            hyperopt: Not installed
2025-04-17 17:45:27,253:INFO:              optuna: Not installed
2025-04-17 17:45:27,253:INFO:               skopt: Not installed
2025-04-17 17:45:27,253:INFO:              mlflow: Not installed
2025-04-17 17:45:27,253:INFO:              gradio: Not installed
2025-04-17 17:45:27,253:INFO:             fastapi: Not installed
2025-04-17 17:45:27,253:INFO:             uvicorn: Not installed
2025-04-17 17:45:27,253:INFO:              m2cgen: Not installed
2025-04-17 17:45:27,253:INFO:           evidently: Not installed
2025-04-17 17:45:27,254:INFO:               fugue: Not installed
2025-04-17 17:45:27,254:INFO:           streamlit: Not installed
2025-04-17 17:45:27,254:INFO:             prophet: Not installed
2025-04-17 17:45:27,254:INFO:None
2025-04-17 17:45:27,264:INFO:Set Forecast Horizon.
2025-04-17 17:45:27,265:INFO:Set up Train-Test Splits.
2025-04-17 17:45:27,293:INFO:Preparing preprocessing pipeline...
2025-04-17 17:45:27,294:INFO:Set up imputation for Target variable(s).
2025-04-17 17:45:27,332:INFO:Finished creating preprocessing pipeline.
2025-04-17 17:45:27,336:INFO:Pipeline: ForecastingPipeline(steps=[('forecaster',
                            TransformedTargetForecaster(steps=[('transformer_target',
                                                                TransformerPipeline(steps=[('numerical_imputer',
                                                                                            Imputer(method='ffill',
                                                                                                    random_state=123))])),
                                                               ('model',
                                                                DummyForecaster())]))])
2025-04-17 17:45:27,336:INFO:Set up Seasonal Period.
2025-04-17 17:45:27,344:INFO:Setting the seasonal component type - 'add' or 'mul'.
2025-04-17 17:45:27,344:INFO:Checking if data is strictly positive.
2025-04-17 17:45:27,382:INFO:Creating final display dataframe.
2025-04-17 17:45:27,395:INFO:Setup Display Container:                                           Description                    Value
0                                          session_id                      123
1                                              Target     ('Close', 'ETH-USD')
2                                            Approach               Univariate
3                                 Exogenous Variables              Not Present
4                                 Original data shape                (2088, 1)
5                              Transformed data shape                (2088, 1)
6                         Transformed train set shape                (2058, 1)
7                          Transformed test set shape                  (30, 1)
8                            Rows with missing values                     0.0%
9                                      Fold Generator  ExpandingWindowSplitter
10                                        Fold Number                        3
11                        Enforce Prediction Interval                    False
12                    Splits used for hyperparameters                      all
13                    User Defined Seasonal Period(s)                     None
14                            Ignore Seasonality Test                    False
15                         Seasonality Detection Algo                     auto
16                             Max Period to Consider                       60
17                          Seasonal Period(s) Tested  [6, 33, 17, 28, 27, 58]
18                     Significant Seasonal Period(s)  [6, 33, 17, 28, 27, 58]
19   Significant Seasonal Period(s) without Harmonics  [6, 33, 17, 28, 27, 58]
20                                   Remove Harmonics                    False
21                             Harmonics Order Method             harmonic_max
22                           Num Seasonalities to Use                        1
23                           All Seasonalities to Use                      [6]
24                                Primary Seasonality                        6
25                                Seasonality Present                     True
26                                   Seasonality Type                      mul
27                           Target Strictly Positive                     True
28                                 Target White Noise                       No
29                                      Recommended d                        1
30                             Recommended Seasonal D                        0
31                                         Preprocess                     True
32                      Numerical Imputation (Target)                    ffill
33                            Transformation (Target)                     None
34                                   Scaling (Target)                     None
35  Feature Engineering (Target) - Reduced Regression                    False
36                                           CPU Jobs                       -1
37                                            Use GPU                    False
38                                     Log Experiment                    False
39                                    Experiment Name          ts-default-name
40                                                USI                     aa76
2025-04-17 17:45:27,395:INFO:Engine successfully changes for model 'auto_arima' to 'pmdarima'.
2025-04-17 17:45:27,422:WARNING:
'prophet' is a soft dependency and not included in the pycaret installation. Please run: `pip install prophet` to install.
2025-04-17 17:45:27,422:INFO:Engine for model 'lr_cds_dt' has not been set explicitly, hence returning None.
2025-04-17 17:45:27,422:INFO:Engine for model 'en_cds_dt' has not been set explicitly, hence returning None.
2025-04-17 17:45:27,422:INFO:Engine for model 'ridge_cds_dt' has not been set explicitly, hence returning None.
2025-04-17 17:45:27,423:INFO:Engine for model 'lasso_cds_dt' has not been set explicitly, hence returning None.
2025-04-17 17:45:27,423:INFO:Engine for model 'llar_cds_dt' has not been set explicitly, hence returning None.
2025-04-17 17:45:27,423:INFO:Engine for model 'br_cds_dt' has not been set explicitly, hence returning None.
2025-04-17 17:45:27,423:INFO:Engine for model 'huber_cds_dt' has not been set explicitly, hence returning None.
2025-04-17 17:45:27,438:INFO:Engine for model 'omp_cds_dt' has not been set explicitly, hence returning None.
2025-04-17 17:45:27,439:INFO:Engine for model 'knn_cds_dt' has not been set explicitly, hence returning None.
2025-04-17 17:45:27,440:INFO:Engine for model 'dt_cds_dt' has not been set explicitly, hence returning None.
2025-04-17 17:45:27,440:INFO:Engine for model 'rf_cds_dt' has not been set explicitly, hence returning None.
2025-04-17 17:45:27,440:INFO:Engine for model 'et_cds_dt' has not been set explicitly, hence returning None.
2025-04-17 17:45:27,441:INFO:Engine for model 'gbr_cds_dt' has not been set explicitly, hence returning None.
2025-04-17 17:45:27,441:INFO:Engine for model 'ada_cds_dt' has not been set explicitly, hence returning None.
2025-04-17 17:45:27,441:INFO:Engine for model 'xgboost_cds_dt' has not been set explicitly, hence returning None.
2025-04-17 17:45:27,442:WARNING:
'xgboost' is a soft dependency and not included in the pycaret installation. Please run: `pip install xgboost` to install.
Alternately, you can install this by running `pip install pycaret[models]`
2025-04-17 17:45:27,442:WARNING:
'xgboost' is a soft dependency and not included in the pycaret installation. Please run: `pip install xgboost` to install.
Alternately, you can install this by running `pip install pycaret[models]`
2025-04-17 17:45:27,442:INFO:Engine for model 'lightgbm_cds_dt' has not been set explicitly, hence returning None.
2025-04-17 17:45:27,442:INFO:Engine for model 'catboost_cds_dt' has not been set explicitly, hence returning None.
2025-04-17 17:45:27,442:WARNING:
'catboost' is a soft dependency and not included in the pycaret installation. Please run: `pip install catboost` to install.
Alternately, you can install this by running `pip install pycaret[models]`
2025-04-17 17:45:27,442:WARNING:
'catboost' is a soft dependency and not included in the pycaret installation. Please run: `pip install catboost` to install.
Alternately, you can install this by running `pip install pycaret[models]`
2025-04-17 17:45:27,446:WARNING:
'prophet' is a soft dependency and not included in the pycaret installation. Please run: `pip install prophet` to install.
2025-04-17 17:45:27,446:INFO:Engine for model 'lr_cds_dt' has not been set explicitly, hence returning None.
2025-04-17 17:45:27,446:INFO:Engine for model 'en_cds_dt' has not been set explicitly, hence returning None.
2025-04-17 17:45:27,446:INFO:Engine for model 'ridge_cds_dt' has not been set explicitly, hence returning None.
2025-04-17 17:45:27,446:INFO:Engine for model 'lasso_cds_dt' has not been set explicitly, hence returning None.
2025-04-17 17:45:27,446:INFO:Engine for model 'llar_cds_dt' has not been set explicitly, hence returning None.
2025-04-17 17:45:27,446:INFO:Engine for model 'br_cds_dt' has not been set explicitly, hence returning None.
2025-04-17 17:45:27,446:INFO:Engine for model 'huber_cds_dt' has not been set explicitly, hence returning None.
2025-04-17 17:45:27,454:INFO:Engine for model 'omp_cds_dt' has not been set explicitly, hence returning None.
2025-04-17 17:45:27,455:INFO:Engine for model 'knn_cds_dt' has not been set explicitly, hence returning None.
2025-04-17 17:45:27,455:INFO:Engine for model 'dt_cds_dt' has not been set explicitly, hence returning None.
2025-04-17 17:45:27,455:INFO:Engine for model 'rf_cds_dt' has not been set explicitly, hence returning None.
2025-04-17 17:45:27,455:INFO:Engine for model 'et_cds_dt' has not been set explicitly, hence returning None.
2025-04-17 17:45:27,455:INFO:Engine for model 'gbr_cds_dt' has not been set explicitly, hence returning None.
2025-04-17 17:45:27,455:INFO:Engine for model 'ada_cds_dt' has not been set explicitly, hence returning None.
2025-04-17 17:45:27,455:INFO:Engine for model 'xgboost_cds_dt' has not been set explicitly, hence returning None.
2025-04-17 17:45:27,455:WARNING:
'xgboost' is a soft dependency and not included in the pycaret installation. Please run: `pip install xgboost` to install.
Alternately, you can install this by running `pip install pycaret[models]`
2025-04-17 17:45:27,455:WARNING:
'xgboost' is a soft dependency and not included in the pycaret installation. Please run: `pip install xgboost` to install.
Alternately, you can install this by running `pip install pycaret[models]`
2025-04-17 17:45:27,455:INFO:Engine for model 'lightgbm_cds_dt' has not been set explicitly, hence returning None.
2025-04-17 17:45:27,456:INFO:Engine for model 'catboost_cds_dt' has not been set explicitly, hence returning None.
2025-04-17 17:45:27,456:WARNING:
'catboost' is a soft dependency and not included in the pycaret installation. Please run: `pip install catboost` to install.
Alternately, you can install this by running `pip install pycaret[models]`
2025-04-17 17:45:27,456:WARNING:
'catboost' is a soft dependency and not included in the pycaret installation. Please run: `pip install catboost` to install.
Alternately, you can install this by running `pip install pycaret[models]`
2025-04-17 17:45:27,456:INFO:Engine successfully changes for model 'lr_cds_dt' to 'sklearn'.
2025-04-17 17:45:27,469:WARNING:
'prophet' is a soft dependency and not included in the pycaret installation. Please run: `pip install prophet` to install.
2025-04-17 17:45:27,469:INFO:Engine for model 'en_cds_dt' has not been set explicitly, hence returning None.
2025-04-17 17:45:27,469:INFO:Engine for model 'ridge_cds_dt' has not been set explicitly, hence returning None.
2025-04-17 17:45:27,469:INFO:Engine for model 'lasso_cds_dt' has not been set explicitly, hence returning None.
2025-04-17 17:45:27,470:INFO:Engine for model 'llar_cds_dt' has not been set explicitly, hence returning None.
2025-04-17 17:45:27,470:INFO:Engine for model 'br_cds_dt' has not been set explicitly, hence returning None.
2025-04-17 17:45:27,470:INFO:Engine for model 'huber_cds_dt' has not been set explicitly, hence returning None.
2025-04-17 17:45:27,470:INFO:Engine for model 'omp_cds_dt' has not been set explicitly, hence returning None.
2025-04-17 17:45:27,471:INFO:Engine for model 'knn_cds_dt' has not been set explicitly, hence returning None.
2025-04-17 17:45:27,471:INFO:Engine for model 'dt_cds_dt' has not been set explicitly, hence returning None.
2025-04-17 17:45:27,471:INFO:Engine for model 'rf_cds_dt' has not been set explicitly, hence returning None.
2025-04-17 17:45:27,471:INFO:Engine for model 'et_cds_dt' has not been set explicitly, hence returning None.
2025-04-17 17:45:27,472:INFO:Engine for model 'gbr_cds_dt' has not been set explicitly, hence returning None.
2025-04-17 17:45:27,472:INFO:Engine for model 'ada_cds_dt' has not been set explicitly, hence returning None.
2025-04-17 17:45:27,472:INFO:Engine for model 'xgboost_cds_dt' has not been set explicitly, hence returning None.
2025-04-17 17:45:27,472:WARNING:
'xgboost' is a soft dependency and not included in the pycaret installation. Please run: `pip install xgboost` to install.
Alternately, you can install this by running `pip install pycaret[models]`
2025-04-17 17:45:27,473:WARNING:
'xgboost' is a soft dependency and not included in the pycaret installation. Please run: `pip install xgboost` to install.
Alternately, you can install this by running `pip install pycaret[models]`
2025-04-17 17:45:27,473:INFO:Engine for model 'lightgbm_cds_dt' has not been set explicitly, hence returning None.
2025-04-17 17:45:27,473:INFO:Engine for model 'catboost_cds_dt' has not been set explicitly, hence returning None.
2025-04-17 17:45:27,473:WARNING:
'catboost' is a soft dependency and not included in the pycaret installation. Please run: `pip install catboost` to install.
Alternately, you can install this by running `pip install pycaret[models]`
2025-04-17 17:45:27,473:WARNING:
'catboost' is a soft dependency and not included in the pycaret installation. Please run: `pip install catboost` to install.
Alternately, you can install this by running `pip install pycaret[models]`
2025-04-17 17:45:27,482:WARNING:
'prophet' is a soft dependency and not included in the pycaret installation. Please run: `pip install prophet` to install.
2025-04-17 17:45:27,482:INFO:Engine for model 'en_cds_dt' has not been set explicitly, hence returning None.
2025-04-17 17:45:27,482:INFO:Engine for model 'ridge_cds_dt' has not been set explicitly, hence returning None.
2025-04-17 17:45:27,483:INFO:Engine for model 'lasso_cds_dt' has not been set explicitly, hence returning None.
2025-04-17 17:45:27,483:INFO:Engine for model 'llar_cds_dt' has not been set explicitly, hence returning None.
2025-04-17 17:45:27,483:INFO:Engine for model 'br_cds_dt' has not been set explicitly, hence returning None.
2025-04-17 17:45:27,483:INFO:Engine for model 'huber_cds_dt' has not been set explicitly, hence returning None.
2025-04-17 17:45:27,484:INFO:Engine for model 'omp_cds_dt' has not been set explicitly, hence returning None.
2025-04-17 17:45:27,484:INFO:Engine for model 'knn_cds_dt' has not been set explicitly, hence returning None.
2025-04-17 17:45:27,484:INFO:Engine for model 'dt_cds_dt' has not been set explicitly, hence returning None.
2025-04-17 17:45:27,484:INFO:Engine for model 'rf_cds_dt' has not been set explicitly, hence returning None.
2025-04-17 17:45:27,484:INFO:Engine for model 'et_cds_dt' has not been set explicitly, hence returning None.
2025-04-17 17:45:27,485:INFO:Engine for model 'gbr_cds_dt' has not been set explicitly, hence returning None.
2025-04-17 17:45:27,485:INFO:Engine for model 'ada_cds_dt' has not been set explicitly, hence returning None.
2025-04-17 17:45:27,485:INFO:Engine for model 'xgboost_cds_dt' has not been set explicitly, hence returning None.
2025-04-17 17:45:27,485:WARNING:
'xgboost' is a soft dependency and not included in the pycaret installation. Please run: `pip install xgboost` to install.
Alternately, you can install this by running `pip install pycaret[models]`
2025-04-17 17:45:27,485:WARNING:
'xgboost' is a soft dependency and not included in the pycaret installation. Please run: `pip install xgboost` to install.
Alternately, you can install this by running `pip install pycaret[models]`
2025-04-17 17:45:27,485:INFO:Engine for model 'lightgbm_cds_dt' has not been set explicitly, hence returning None.
2025-04-17 17:45:27,485:INFO:Engine for model 'catboost_cds_dt' has not been set explicitly, hence returning None.
2025-04-17 17:45:27,485:WARNING:
'catboost' is a soft dependency and not included in the pycaret installation. Please run: `pip install catboost` to install.
Alternately, you can install this by running `pip install pycaret[models]`
2025-04-17 17:45:27,485:WARNING:
'catboost' is a soft dependency and not included in the pycaret installation. Please run: `pip install catboost` to install.
Alternately, you can install this by running `pip install pycaret[models]`
2025-04-17 17:45:27,485:INFO:Engine successfully changes for model 'en_cds_dt' to 'sklearn'.
2025-04-17 17:45:27,486:WARNING:
'prophet' is a soft dependency and not included in the pycaret installation. Please run: `pip install prophet` to install.
2025-04-17 17:45:27,487:INFO:Engine for model 'ridge_cds_dt' has not been set explicitly, hence returning None.
2025-04-17 17:45:27,487:INFO:Engine for model 'lasso_cds_dt' has not been set explicitly, hence returning None.
2025-04-17 17:45:27,487:INFO:Engine for model 'llar_cds_dt' has not been set explicitly, hence returning None.
2025-04-17 17:45:27,487:INFO:Engine for model 'br_cds_dt' has not been set explicitly, hence returning None.
2025-04-17 17:45:27,487:INFO:Engine for model 'huber_cds_dt' has not been set explicitly, hence returning None.
2025-04-17 17:45:27,487:INFO:Engine for model 'omp_cds_dt' has not been set explicitly, hence returning None.
2025-04-17 17:45:27,488:INFO:Engine for model 'knn_cds_dt' has not been set explicitly, hence returning None.
2025-04-17 17:45:27,488:INFO:Engine for model 'dt_cds_dt' has not been set explicitly, hence returning None.
2025-04-17 17:45:27,488:INFO:Engine for model 'rf_cds_dt' has not been set explicitly, hence returning None.
2025-04-17 17:45:27,488:INFO:Engine for model 'et_cds_dt' has not been set explicitly, hence returning None.
2025-04-17 17:45:27,488:INFO:Engine for model 'gbr_cds_dt' has not been set explicitly, hence returning None.
2025-04-17 17:45:27,488:INFO:Engine for model 'ada_cds_dt' has not been set explicitly, hence returning None.
2025-04-17 17:45:27,489:INFO:Engine for model 'xgboost_cds_dt' has not been set explicitly, hence returning None.
2025-04-17 17:45:27,489:WARNING:
'xgboost' is a soft dependency and not included in the pycaret installation. Please run: `pip install xgboost` to install.
Alternately, you can install this by running `pip install pycaret[models]`
2025-04-17 17:45:27,489:WARNING:
'xgboost' is a soft dependency and not included in the pycaret installation. Please run: `pip install xgboost` to install.
Alternately, you can install this by running `pip install pycaret[models]`
2025-04-17 17:45:27,489:INFO:Engine for model 'lightgbm_cds_dt' has not been set explicitly, hence returning None.
2025-04-17 17:45:27,489:INFO:Engine for model 'catboost_cds_dt' has not been set explicitly, hence returning None.
2025-04-17 17:45:27,489:WARNING:
'catboost' is a soft dependency and not included in the pycaret installation. Please run: `pip install catboost` to install.
Alternately, you can install this by running `pip install pycaret[models]`
2025-04-17 17:45:27,489:WARNING:
'catboost' is a soft dependency and not included in the pycaret installation. Please run: `pip install catboost` to install.
Alternately, you can install this by running `pip install pycaret[models]`
2025-04-17 17:45:27,493:WARNING:
'prophet' is a soft dependency and not included in the pycaret installation. Please run: `pip install prophet` to install.
2025-04-17 17:45:27,493:INFO:Engine for model 'ridge_cds_dt' has not been set explicitly, hence returning None.
2025-04-17 17:45:27,493:INFO:Engine for model 'lasso_cds_dt' has not been set explicitly, hence returning None.
2025-04-17 17:45:27,494:INFO:Engine for model 'llar_cds_dt' has not been set explicitly, hence returning None.
2025-04-17 17:45:27,495:INFO:Engine for model 'br_cds_dt' has not been set explicitly, hence returning None.
2025-04-17 17:45:27,495:INFO:Engine for model 'huber_cds_dt' has not been set explicitly, hence returning None.
2025-04-17 17:45:27,498:INFO:Engine for model 'omp_cds_dt' has not been set explicitly, hence returning None.
2025-04-17 17:45:27,499:INFO:Engine for model 'knn_cds_dt' has not been set explicitly, hence returning None.
2025-04-17 17:45:27,499:INFO:Engine for model 'dt_cds_dt' has not been set explicitly, hence returning None.
2025-04-17 17:45:27,499:INFO:Engine for model 'rf_cds_dt' has not been set explicitly, hence returning None.
2025-04-17 17:45:27,500:INFO:Engine for model 'et_cds_dt' has not been set explicitly, hence returning None.
2025-04-17 17:45:27,500:INFO:Engine for model 'gbr_cds_dt' has not been set explicitly, hence returning None.
2025-04-17 17:45:27,500:INFO:Engine for model 'ada_cds_dt' has not been set explicitly, hence returning None.
2025-04-17 17:45:27,501:INFO:Engine for model 'xgboost_cds_dt' has not been set explicitly, hence returning None.
2025-04-17 17:45:27,501:WARNING:
'xgboost' is a soft dependency and not included in the pycaret installation. Please run: `pip install xgboost` to install.
Alternately, you can install this by running `pip install pycaret[models]`
2025-04-17 17:45:27,501:WARNING:
'xgboost' is a soft dependency and not included in the pycaret installation. Please run: `pip install xgboost` to install.
Alternately, you can install this by running `pip install pycaret[models]`
2025-04-17 17:45:27,501:INFO:Engine for model 'lightgbm_cds_dt' has not been set explicitly, hence returning None.
2025-04-17 17:45:27,501:INFO:Engine for model 'catboost_cds_dt' has not been set explicitly, hence returning None.
2025-04-17 17:45:27,501:WARNING:
'catboost' is a soft dependency and not included in the pycaret installation. Please run: `pip install catboost` to install.
Alternately, you can install this by running `pip install pycaret[models]`
2025-04-17 17:45:27,501:WARNING:
'catboost' is a soft dependency and not included in the pycaret installation. Please run: `pip install catboost` to install.
Alternately, you can install this by running `pip install pycaret[models]`
2025-04-17 17:45:27,502:INFO:Engine successfully changes for model 'ridge_cds_dt' to 'sklearn'.
2025-04-17 17:45:27,515:WARNING:
'prophet' is a soft dependency and not included in the pycaret installation. Please run: `pip install prophet` to install.
2025-04-17 17:45:27,516:INFO:Engine for model 'lasso_cds_dt' has not been set explicitly, hence returning None.
2025-04-17 17:45:27,516:INFO:Engine for model 'llar_cds_dt' has not been set explicitly, hence returning None.
2025-04-17 17:45:27,516:INFO:Engine for model 'br_cds_dt' has not been set explicitly, hence returning None.
2025-04-17 17:45:27,517:INFO:Engine for model 'huber_cds_dt' has not been set explicitly, hence returning None.
2025-04-17 17:45:27,519:INFO:Engine for model 'omp_cds_dt' has not been set explicitly, hence returning None.
2025-04-17 17:45:27,521:INFO:Engine for model 'knn_cds_dt' has not been set explicitly, hence returning None.
2025-04-17 17:45:27,522:INFO:Engine for model 'dt_cds_dt' has not been set explicitly, hence returning None.
2025-04-17 17:45:27,522:INFO:Engine for model 'rf_cds_dt' has not been set explicitly, hence returning None.
2025-04-17 17:45:27,523:INFO:Engine for model 'et_cds_dt' has not been set explicitly, hence returning None.
2025-04-17 17:45:27,523:INFO:Engine for model 'gbr_cds_dt' has not been set explicitly, hence returning None.
2025-04-17 17:45:27,523:INFO:Engine for model 'ada_cds_dt' has not been set explicitly, hence returning None.
2025-04-17 17:45:27,523:INFO:Engine for model 'xgboost_cds_dt' has not been set explicitly, hence returning None.
2025-04-17 17:45:27,523:WARNING:
'xgboost' is a soft dependency and not included in the pycaret installation. Please run: `pip install xgboost` to install.
Alternately, you can install this by running `pip install pycaret[models]`
2025-04-17 17:45:27,523:WARNING:
'xgboost' is a soft dependency and not included in the pycaret installation. Please run: `pip install xgboost` to install.
Alternately, you can install this by running `pip install pycaret[models]`
2025-04-17 17:45:27,523:INFO:Engine for model 'lightgbm_cds_dt' has not been set explicitly, hence returning None.
2025-04-17 17:45:27,524:INFO:Engine for model 'catboost_cds_dt' has not been set explicitly, hence returning None.
2025-04-17 17:45:27,524:WARNING:
'catboost' is a soft dependency and not included in the pycaret installation. Please run: `pip install catboost` to install.
Alternately, you can install this by running `pip install pycaret[models]`
2025-04-17 17:45:27,524:WARNING:
'catboost' is a soft dependency and not included in the pycaret installation. Please run: `pip install catboost` to install.
Alternately, you can install this by running `pip install pycaret[models]`
2025-04-17 17:45:27,525:WARNING:
'prophet' is a soft dependency and not included in the pycaret installation. Please run: `pip install prophet` to install.
2025-04-17 17:45:27,532:INFO:Engine for model 'lasso_cds_dt' has not been set explicitly, hence returning None.
2025-04-17 17:45:27,533:INFO:Engine for model 'llar_cds_dt' has not been set explicitly, hence returning None.
2025-04-17 17:45:27,533:INFO:Engine for model 'br_cds_dt' has not been set explicitly, hence returning None.
2025-04-17 17:45:27,533:INFO:Engine for model 'huber_cds_dt' has not been set explicitly, hence returning None.
2025-04-17 17:45:27,534:INFO:Engine for model 'omp_cds_dt' has not been set explicitly, hence returning None.
2025-04-17 17:45:27,534:INFO:Engine for model 'knn_cds_dt' has not been set explicitly, hence returning None.
2025-04-17 17:45:27,534:INFO:Engine for model 'dt_cds_dt' has not been set explicitly, hence returning None.
2025-04-17 17:45:27,534:INFO:Engine for model 'rf_cds_dt' has not been set explicitly, hence returning None.
2025-04-17 17:45:27,534:INFO:Engine for model 'et_cds_dt' has not been set explicitly, hence returning None.
2025-04-17 17:45:27,535:INFO:Engine for model 'gbr_cds_dt' has not been set explicitly, hence returning None.
2025-04-17 17:45:27,535:INFO:Engine for model 'ada_cds_dt' has not been set explicitly, hence returning None.
2025-04-17 17:45:27,535:INFO:Engine for model 'xgboost_cds_dt' has not been set explicitly, hence returning None.
2025-04-17 17:45:27,535:WARNING:
'xgboost' is a soft dependency and not included in the pycaret installation. Please run: `pip install xgboost` to install.
Alternately, you can install this by running `pip install pycaret[models]`
2025-04-17 17:45:27,535:WARNING:
'xgboost' is a soft dependency and not included in the pycaret installation. Please run: `pip install xgboost` to install.
Alternately, you can install this by running `pip install pycaret[models]`
2025-04-17 17:45:27,535:INFO:Engine for model 'lightgbm_cds_dt' has not been set explicitly, hence returning None.
2025-04-17 17:45:27,536:INFO:Engine for model 'catboost_cds_dt' has not been set explicitly, hence returning None.
2025-04-17 17:45:27,536:WARNING:
'catboost' is a soft dependency and not included in the pycaret installation. Please run: `pip install catboost` to install.
Alternately, you can install this by running `pip install pycaret[models]`
2025-04-17 17:45:27,536:WARNING:
'catboost' is a soft dependency and not included in the pycaret installation. Please run: `pip install catboost` to install.
Alternately, you can install this by running `pip install pycaret[models]`
2025-04-17 17:45:27,537:INFO:Engine successfully changes for model 'lasso_cds_dt' to 'sklearn'.
2025-04-17 17:45:27,540:WARNING:
'prophet' is a soft dependency and not included in the pycaret installation. Please run: `pip install prophet` to install.
2025-04-17 17:45:27,542:INFO:Engine for model 'llar_cds_dt' has not been set explicitly, hence returning None.
2025-04-17 17:45:27,542:INFO:Engine for model 'br_cds_dt' has not been set explicitly, hence returning None.
2025-04-17 17:45:27,542:INFO:Engine for model 'huber_cds_dt' has not been set explicitly, hence returning None.
2025-04-17 17:45:27,544:INFO:Engine for model 'omp_cds_dt' has not been set explicitly, hence returning None.
2025-04-17 17:45:27,544:INFO:Engine for model 'knn_cds_dt' has not been set explicitly, hence returning None.
2025-04-17 17:45:27,544:INFO:Engine for model 'dt_cds_dt' has not been set explicitly, hence returning None.
2025-04-17 17:45:27,545:INFO:Engine for model 'rf_cds_dt' has not been set explicitly, hence returning None.
2025-04-17 17:45:27,545:INFO:Engine for model 'et_cds_dt' has not been set explicitly, hence returning None.
2025-04-17 17:45:27,545:INFO:Engine for model 'gbr_cds_dt' has not been set explicitly, hence returning None.
2025-04-17 17:45:27,545:INFO:Engine for model 'ada_cds_dt' has not been set explicitly, hence returning None.
2025-04-17 17:45:27,545:INFO:Engine for model 'xgboost_cds_dt' has not been set explicitly, hence returning None.
2025-04-17 17:45:27,545:WARNING:
'xgboost' is a soft dependency and not included in the pycaret installation. Please run: `pip install xgboost` to install.
Alternately, you can install this by running `pip install pycaret[models]`
2025-04-17 17:45:27,545:WARNING:
'xgboost' is a soft dependency and not included in the pycaret installation. Please run: `pip install xgboost` to install.
Alternately, you can install this by running `pip install pycaret[models]`
2025-04-17 17:45:27,545:INFO:Engine for model 'lightgbm_cds_dt' has not been set explicitly, hence returning None.
2025-04-17 17:45:27,545:INFO:Engine for model 'catboost_cds_dt' has not been set explicitly, hence returning None.
2025-04-17 17:45:27,545:WARNING:
'catboost' is a soft dependency and not included in the pycaret installation. Please run: `pip install catboost` to install.
Alternately, you can install this by running `pip install pycaret[models]`
2025-04-17 17:45:27,545:WARNING:
'catboost' is a soft dependency and not included in the pycaret installation. Please run: `pip install catboost` to install.
Alternately, you can install this by running `pip install pycaret[models]`
2025-04-17 17:45:27,546:WARNING:
'prophet' is a soft dependency and not included in the pycaret installation. Please run: `pip install prophet` to install.
2025-04-17 17:45:27,547:INFO:Engine for model 'llar_cds_dt' has not been set explicitly, hence returning None.
2025-04-17 17:45:27,547:INFO:Engine for model 'br_cds_dt' has not been set explicitly, hence returning None.
2025-04-17 17:45:27,547:INFO:Engine for model 'huber_cds_dt' has not been set explicitly, hence returning None.
2025-04-17 17:45:27,548:INFO:Engine for model 'omp_cds_dt' has not been set explicitly, hence returning None.
2025-04-17 17:45:27,548:INFO:Engine for model 'knn_cds_dt' has not been set explicitly, hence returning None.
2025-04-17 17:45:27,548:INFO:Engine for model 'dt_cds_dt' has not been set explicitly, hence returning None.
2025-04-17 17:45:27,548:INFO:Engine for model 'rf_cds_dt' has not been set explicitly, hence returning None.
2025-04-17 17:45:27,548:INFO:Engine for model 'et_cds_dt' has not been set explicitly, hence returning None.
2025-04-17 17:45:27,548:INFO:Engine for model 'gbr_cds_dt' has not been set explicitly, hence returning None.
2025-04-17 17:45:27,549:INFO:Engine for model 'ada_cds_dt' has not been set explicitly, hence returning None.
2025-04-17 17:45:27,549:INFO:Engine for model 'xgboost_cds_dt' has not been set explicitly, hence returning None.
2025-04-17 17:45:27,549:WARNING:
'xgboost' is a soft dependency and not included in the pycaret installation. Please run: `pip install xgboost` to install.
Alternately, you can install this by running `pip install pycaret[models]`
2025-04-17 17:45:27,549:WARNING:
'xgboost' is a soft dependency and not included in the pycaret installation. Please run: `pip install xgboost` to install.
Alternately, you can install this by running `pip install pycaret[models]`
2025-04-17 17:45:27,549:INFO:Engine for model 'lightgbm_cds_dt' has not been set explicitly, hence returning None.
2025-04-17 17:45:27,549:INFO:Engine for model 'catboost_cds_dt' has not been set explicitly, hence returning None.
2025-04-17 17:45:27,549:WARNING:
'catboost' is a soft dependency and not included in the pycaret installation. Please run: `pip install catboost` to install.
Alternately, you can install this by running `pip install pycaret[models]`
2025-04-17 17:45:27,549:WARNING:
'catboost' is a soft dependency and not included in the pycaret installation. Please run: `pip install catboost` to install.
Alternately, you can install this by running `pip install pycaret[models]`
2025-04-17 17:45:27,549:INFO:Engine successfully changes for model 'lar_cds_dt' to 'sklearn'.
2025-04-17 17:45:27,550:WARNING:
'prophet' is a soft dependency and not included in the pycaret installation. Please run: `pip install prophet` to install.
2025-04-17 17:45:27,550:INFO:Engine for model 'llar_cds_dt' has not been set explicitly, hence returning None.
2025-04-17 17:45:27,550:INFO:Engine for model 'br_cds_dt' has not been set explicitly, hence returning None.
2025-04-17 17:45:27,551:INFO:Engine for model 'huber_cds_dt' has not been set explicitly, hence returning None.
2025-04-17 17:45:27,551:INFO:Engine for model 'omp_cds_dt' has not been set explicitly, hence returning None.
2025-04-17 17:45:27,551:INFO:Engine for model 'knn_cds_dt' has not been set explicitly, hence returning None.
2025-04-17 17:45:27,552:INFO:Engine for model 'dt_cds_dt' has not been set explicitly, hence returning None.
2025-04-17 17:45:27,552:INFO:Engine for model 'rf_cds_dt' has not been set explicitly, hence returning None.
2025-04-17 17:45:27,552:INFO:Engine for model 'et_cds_dt' has not been set explicitly, hence returning None.
2025-04-17 17:45:27,552:INFO:Engine for model 'gbr_cds_dt' has not been set explicitly, hence returning None.
2025-04-17 17:45:27,552:INFO:Engine for model 'ada_cds_dt' has not been set explicitly, hence returning None.
2025-04-17 17:45:27,552:INFO:Engine for model 'xgboost_cds_dt' has not been set explicitly, hence returning None.
2025-04-17 17:45:27,552:WARNING:
'xgboost' is a soft dependency and not included in the pycaret installation. Please run: `pip install xgboost` to install.
Alternately, you can install this by running `pip install pycaret[models]`
2025-04-17 17:45:27,552:WARNING:
'xgboost' is a soft dependency and not included in the pycaret installation. Please run: `pip install xgboost` to install.
Alternately, you can install this by running `pip install pycaret[models]`
2025-04-17 17:45:27,552:INFO:Engine for model 'lightgbm_cds_dt' has not been set explicitly, hence returning None.
2025-04-17 17:45:27,552:INFO:Engine for model 'catboost_cds_dt' has not been set explicitly, hence returning None.
2025-04-17 17:45:27,552:WARNING:
'catboost' is a soft dependency and not included in the pycaret installation. Please run: `pip install catboost` to install.
Alternately, you can install this by running `pip install pycaret[models]`
2025-04-17 17:45:27,552:WARNING:
'catboost' is a soft dependency and not included in the pycaret installation. Please run: `pip install catboost` to install.
Alternately, you can install this by running `pip install pycaret[models]`
2025-04-17 17:45:27,557:WARNING:
'prophet' is a soft dependency and not included in the pycaret installation. Please run: `pip install prophet` to install.
2025-04-17 17:45:27,564:INFO:Engine for model 'llar_cds_dt' has not been set explicitly, hence returning None.
2025-04-17 17:45:27,564:INFO:Engine for model 'br_cds_dt' has not been set explicitly, hence returning None.
2025-04-17 17:45:27,564:INFO:Engine for model 'huber_cds_dt' has not been set explicitly, hence returning None.
2025-04-17 17:45:27,565:INFO:Engine for model 'omp_cds_dt' has not been set explicitly, hence returning None.
2025-04-17 17:45:27,565:INFO:Engine for model 'knn_cds_dt' has not been set explicitly, hence returning None.
2025-04-17 17:45:27,565:INFO:Engine for model 'dt_cds_dt' has not been set explicitly, hence returning None.
2025-04-17 17:45:27,566:INFO:Engine for model 'rf_cds_dt' has not been set explicitly, hence returning None.
2025-04-17 17:45:27,582:INFO:Engine for model 'et_cds_dt' has not been set explicitly, hence returning None.
2025-04-17 17:45:27,582:INFO:Engine for model 'gbr_cds_dt' has not been set explicitly, hence returning None.
2025-04-17 17:45:27,582:INFO:Engine for model 'ada_cds_dt' has not been set explicitly, hence returning None.
2025-04-17 17:45:27,582:INFO:Engine for model 'xgboost_cds_dt' has not been set explicitly, hence returning None.
2025-04-17 17:45:27,582:WARNING:
'xgboost' is a soft dependency and not included in the pycaret installation. Please run: `pip install xgboost` to install.
Alternately, you can install this by running `pip install pycaret[models]`
2025-04-17 17:45:27,582:WARNING:
'xgboost' is a soft dependency and not included in the pycaret installation. Please run: `pip install xgboost` to install.
Alternately, you can install this by running `pip install pycaret[models]`
2025-04-17 17:45:27,583:INFO:Engine for model 'lightgbm_cds_dt' has not been set explicitly, hence returning None.
2025-04-17 17:45:27,583:INFO:Engine for model 'catboost_cds_dt' has not been set explicitly, hence returning None.
2025-04-17 17:45:27,583:WARNING:
'catboost' is a soft dependency and not included in the pycaret installation. Please run: `pip install catboost` to install.
Alternately, you can install this by running `pip install pycaret[models]`
2025-04-17 17:45:27,583:WARNING:
'catboost' is a soft dependency and not included in the pycaret installation. Please run: `pip install catboost` to install.
Alternately, you can install this by running `pip install pycaret[models]`
2025-04-17 17:45:27,583:INFO:Engine successfully changes for model 'llar_cds_dt' to 'sklearn'.
2025-04-17 17:45:27,586:WARNING:
'prophet' is a soft dependency and not included in the pycaret installation. Please run: `pip install prophet` to install.
2025-04-17 17:45:27,587:INFO:Engine for model 'br_cds_dt' has not been set explicitly, hence returning None.
2025-04-17 17:45:27,587:INFO:Engine for model 'huber_cds_dt' has not been set explicitly, hence returning None.
2025-04-17 17:45:27,589:INFO:Engine for model 'omp_cds_dt' has not been set explicitly, hence returning None.
2025-04-17 17:45:27,590:INFO:Engine for model 'knn_cds_dt' has not been set explicitly, hence returning None.
2025-04-17 17:45:27,590:INFO:Engine for model 'dt_cds_dt' has not been set explicitly, hence returning None.
2025-04-17 17:45:27,598:INFO:Engine for model 'rf_cds_dt' has not been set explicitly, hence returning None.
2025-04-17 17:45:27,598:INFO:Engine for model 'et_cds_dt' has not been set explicitly, hence returning None.
2025-04-17 17:45:27,599:INFO:Engine for model 'gbr_cds_dt' has not been set explicitly, hence returning None.
2025-04-17 17:45:27,599:INFO:Engine for model 'ada_cds_dt' has not been set explicitly, hence returning None.
2025-04-17 17:45:27,599:INFO:Engine for model 'xgboost_cds_dt' has not been set explicitly, hence returning None.
2025-04-17 17:45:27,599:WARNING:
'xgboost' is a soft dependency and not included in the pycaret installation. Please run: `pip install xgboost` to install.
Alternately, you can install this by running `pip install pycaret[models]`
2025-04-17 17:45:27,599:WARNING:
'xgboost' is a soft dependency and not included in the pycaret installation. Please run: `pip install xgboost` to install.
Alternately, you can install this by running `pip install pycaret[models]`
2025-04-17 17:45:27,599:INFO:Engine for model 'lightgbm_cds_dt' has not been set explicitly, hence returning None.
2025-04-17 17:45:27,599:INFO:Engine for model 'catboost_cds_dt' has not been set explicitly, hence returning None.
2025-04-17 17:45:27,599:WARNING:
'catboost' is a soft dependency and not included in the pycaret installation. Please run: `pip install catboost` to install.
Alternately, you can install this by running `pip install pycaret[models]`
2025-04-17 17:45:27,599:WARNING:
'catboost' is a soft dependency and not included in the pycaret installation. Please run: `pip install catboost` to install.
Alternately, you can install this by running `pip install pycaret[models]`
2025-04-17 17:45:27,600:WARNING:
'prophet' is a soft dependency and not included in the pycaret installation. Please run: `pip install prophet` to install.
2025-04-17 17:45:27,601:INFO:Engine for model 'br_cds_dt' has not been set explicitly, hence returning None.
2025-04-17 17:45:27,601:INFO:Engine for model 'huber_cds_dt' has not been set explicitly, hence returning None.
2025-04-17 17:45:27,602:INFO:Engine for model 'omp_cds_dt' has not been set explicitly, hence returning None.
2025-04-17 17:45:27,602:INFO:Engine for model 'knn_cds_dt' has not been set explicitly, hence returning None.
2025-04-17 17:45:27,602:INFO:Engine for model 'dt_cds_dt' has not been set explicitly, hence returning None.
2025-04-17 17:45:27,606:INFO:Engine for model 'rf_cds_dt' has not been set explicitly, hence returning None.
2025-04-17 17:45:27,608:INFO:Engine for model 'et_cds_dt' has not been set explicitly, hence returning None.
2025-04-17 17:45:27,609:INFO:Engine for model 'gbr_cds_dt' has not been set explicitly, hence returning None.
2025-04-17 17:45:27,609:INFO:Engine for model 'ada_cds_dt' has not been set explicitly, hence returning None.
2025-04-17 17:45:27,610:INFO:Engine for model 'xgboost_cds_dt' has not been set explicitly, hence returning None.
2025-04-17 17:45:27,610:WARNING:
'xgboost' is a soft dependency and not included in the pycaret installation. Please run: `pip install xgboost` to install.
Alternately, you can install this by running `pip install pycaret[models]`
2025-04-17 17:45:27,610:WARNING:
'xgboost' is a soft dependency and not included in the pycaret installation. Please run: `pip install xgboost` to install.
Alternately, you can install this by running `pip install pycaret[models]`
2025-04-17 17:45:27,610:INFO:Engine for model 'lightgbm_cds_dt' has not been set explicitly, hence returning None.
2025-04-17 17:45:27,610:INFO:Engine for model 'catboost_cds_dt' has not been set explicitly, hence returning None.
2025-04-17 17:45:27,610:WARNING:
'catboost' is a soft dependency and not included in the pycaret installation. Please run: `pip install catboost` to install.
Alternately, you can install this by running `pip install pycaret[models]`
2025-04-17 17:45:27,610:WARNING:
'catboost' is a soft dependency and not included in the pycaret installation. Please run: `pip install catboost` to install.
Alternately, you can install this by running `pip install pycaret[models]`
2025-04-17 17:45:27,610:INFO:Engine successfully changes for model 'br_cds_dt' to 'sklearn'.
2025-04-17 17:45:27,614:WARNING:
'prophet' is a soft dependency and not included in the pycaret installation. Please run: `pip install prophet` to install.
2025-04-17 17:45:27,617:INFO:Engine for model 'huber_cds_dt' has not been set explicitly, hence returning None.
2025-04-17 17:45:27,618:INFO:Engine for model 'omp_cds_dt' has not been set explicitly, hence returning None.
2025-04-17 17:45:27,620:INFO:Engine for model 'knn_cds_dt' has not been set explicitly, hence returning None.
2025-04-17 17:45:27,620:INFO:Engine for model 'dt_cds_dt' has not been set explicitly, hence returning None.
2025-04-17 17:45:27,620:INFO:Engine for model 'rf_cds_dt' has not been set explicitly, hence returning None.
2025-04-17 17:45:27,620:INFO:Engine for model 'et_cds_dt' has not been set explicitly, hence returning None.
2025-04-17 17:45:27,620:INFO:Engine for model 'gbr_cds_dt' has not been set explicitly, hence returning None.
2025-04-17 17:45:27,620:INFO:Engine for model 'ada_cds_dt' has not been set explicitly, hence returning None.
2025-04-17 17:45:27,620:INFO:Engine for model 'xgboost_cds_dt' has not been set explicitly, hence returning None.
2025-04-17 17:45:27,620:WARNING:
'xgboost' is a soft dependency and not included in the pycaret installation. Please run: `pip install xgboost` to install.
Alternately, you can install this by running `pip install pycaret[models]`
2025-04-17 17:45:27,620:WARNING:
'xgboost' is a soft dependency and not included in the pycaret installation. Please run: `pip install xgboost` to install.
Alternately, you can install this by running `pip install pycaret[models]`
2025-04-17 17:45:27,620:INFO:Engine for model 'lightgbm_cds_dt' has not been set explicitly, hence returning None.
2025-04-17 17:45:27,621:INFO:Engine for model 'catboost_cds_dt' has not been set explicitly, hence returning None.
2025-04-17 17:45:27,621:WARNING:
'catboost' is a soft dependency and not included in the pycaret installation. Please run: `pip install catboost` to install.
Alternately, you can install this by running `pip install pycaret[models]`
2025-04-17 17:45:27,621:WARNING:
'catboost' is a soft dependency and not included in the pycaret installation. Please run: `pip install catboost` to install.
Alternately, you can install this by running `pip install pycaret[models]`
2025-04-17 17:45:27,622:WARNING:
'prophet' is a soft dependency and not included in the pycaret installation. Please run: `pip install prophet` to install.
2025-04-17 17:45:27,623:INFO:Engine for model 'huber_cds_dt' has not been set explicitly, hence returning None.
2025-04-17 17:45:27,625:INFO:Engine for model 'omp_cds_dt' has not been set explicitly, hence returning None.
2025-04-17 17:45:27,627:INFO:Engine for model 'knn_cds_dt' has not been set explicitly, hence returning None.
2025-04-17 17:45:27,627:INFO:Engine for model 'dt_cds_dt' has not been set explicitly, hence returning None.
2025-04-17 17:45:27,627:INFO:Engine for model 'rf_cds_dt' has not been set explicitly, hence returning None.
2025-04-17 17:45:27,628:INFO:Engine for model 'et_cds_dt' has not been set explicitly, hence returning None.
2025-04-17 17:45:27,628:INFO:Engine for model 'gbr_cds_dt' has not been set explicitly, hence returning None.
2025-04-17 17:45:27,628:INFO:Engine for model 'ada_cds_dt' has not been set explicitly, hence returning None.
2025-04-17 17:45:27,629:INFO:Engine for model 'xgboost_cds_dt' has not been set explicitly, hence returning None.
2025-04-17 17:45:27,629:WARNING:
'xgboost' is a soft dependency and not included in the pycaret installation. Please run: `pip install xgboost` to install.
Alternately, you can install this by running `pip install pycaret[models]`
2025-04-17 17:45:27,629:WARNING:
'xgboost' is a soft dependency and not included in the pycaret installation. Please run: `pip install xgboost` to install.
Alternately, you can install this by running `pip install pycaret[models]`
2025-04-17 17:45:27,629:INFO:Engine for model 'lightgbm_cds_dt' has not been set explicitly, hence returning None.
2025-04-17 17:45:27,629:INFO:Engine for model 'catboost_cds_dt' has not been set explicitly, hence returning None.
2025-04-17 17:45:27,629:WARNING:
'catboost' is a soft dependency and not included in the pycaret installation. Please run: `pip install catboost` to install.
Alternately, you can install this by running `pip install pycaret[models]`
2025-04-17 17:45:27,629:WARNING:
'catboost' is a soft dependency and not included in the pycaret installation. Please run: `pip install catboost` to install.
Alternately, you can install this by running `pip install pycaret[models]`
2025-04-17 17:45:27,629:INFO:Engine successfully changes for model 'huber_cds_dt' to 'sklearn'.
2025-04-17 17:45:27,631:WARNING:
'prophet' is a soft dependency and not included in the pycaret installation. Please run: `pip install prophet` to install.
2025-04-17 17:45:27,632:INFO:Engine for model 'omp_cds_dt' has not been set explicitly, hence returning None.
2025-04-17 17:45:27,632:INFO:Engine for model 'knn_cds_dt' has not been set explicitly, hence returning None.
2025-04-17 17:45:27,632:INFO:Engine for model 'dt_cds_dt' has not been set explicitly, hence returning None.
2025-04-17 17:45:27,632:INFO:Engine for model 'rf_cds_dt' has not been set explicitly, hence returning None.
2025-04-17 17:45:27,633:INFO:Engine for model 'et_cds_dt' has not been set explicitly, hence returning None.
2025-04-17 17:45:27,633:INFO:Engine for model 'gbr_cds_dt' has not been set explicitly, hence returning None.
2025-04-17 17:45:27,633:INFO:Engine for model 'ada_cds_dt' has not been set explicitly, hence returning None.
2025-04-17 17:45:27,633:INFO:Engine for model 'xgboost_cds_dt' has not been set explicitly, hence returning None.
2025-04-17 17:45:27,633:WARNING:
'xgboost' is a soft dependency and not included in the pycaret installation. Please run: `pip install xgboost` to install.
Alternately, you can install this by running `pip install pycaret[models]`
2025-04-17 17:45:27,633:WARNING:
'xgboost' is a soft dependency and not included in the pycaret installation. Please run: `pip install xgboost` to install.
Alternately, you can install this by running `pip install pycaret[models]`
2025-04-17 17:45:27,633:INFO:Engine for model 'lightgbm_cds_dt' has not been set explicitly, hence returning None.
2025-04-17 17:45:27,633:INFO:Engine for model 'catboost_cds_dt' has not been set explicitly, hence returning None.
2025-04-17 17:45:27,633:WARNING:
'catboost' is a soft dependency and not included in the pycaret installation. Please run: `pip install catboost` to install.
Alternately, you can install this by running `pip install pycaret[models]`
2025-04-17 17:45:27,633:WARNING:
'catboost' is a soft dependency and not included in the pycaret installation. Please run: `pip install catboost` to install.
Alternately, you can install this by running `pip install pycaret[models]`
2025-04-17 17:45:27,634:WARNING:
'prophet' is a soft dependency and not included in the pycaret installation. Please run: `pip install prophet` to install.
2025-04-17 17:45:27,635:INFO:Engine for model 'omp_cds_dt' has not been set explicitly, hence returning None.
2025-04-17 17:45:27,636:INFO:Engine for model 'knn_cds_dt' has not been set explicitly, hence returning None.
2025-04-17 17:45:27,636:INFO:Engine for model 'dt_cds_dt' has not been set explicitly, hence returning None.
2025-04-17 17:45:27,636:INFO:Engine for model 'rf_cds_dt' has not been set explicitly, hence returning None.
2025-04-17 17:45:27,636:INFO:Engine for model 'et_cds_dt' has not been set explicitly, hence returning None.
2025-04-17 17:45:27,636:INFO:Engine for model 'gbr_cds_dt' has not been set explicitly, hence returning None.
2025-04-17 17:45:27,636:INFO:Engine for model 'ada_cds_dt' has not been set explicitly, hence returning None.
2025-04-17 17:45:27,641:INFO:Engine for model 'xgboost_cds_dt' has not been set explicitly, hence returning None.
2025-04-17 17:45:27,641:WARNING:
'xgboost' is a soft dependency and not included in the pycaret installation. Please run: `pip install xgboost` to install.
Alternately, you can install this by running `pip install pycaret[models]`
2025-04-17 17:45:27,641:WARNING:
'xgboost' is a soft dependency and not included in the pycaret installation. Please run: `pip install xgboost` to install.
Alternately, you can install this by running `pip install pycaret[models]`
2025-04-17 17:45:27,641:INFO:Engine for model 'lightgbm_cds_dt' has not been set explicitly, hence returning None.
2025-04-17 17:45:27,641:INFO:Engine for model 'catboost_cds_dt' has not been set explicitly, hence returning None.
2025-04-17 17:45:27,642:WARNING:
'catboost' is a soft dependency and not included in the pycaret installation. Please run: `pip install catboost` to install.
Alternately, you can install this by running `pip install pycaret[models]`
2025-04-17 17:45:27,642:WARNING:
'catboost' is a soft dependency and not included in the pycaret installation. Please run: `pip install catboost` to install.
Alternately, you can install this by running `pip install pycaret[models]`
2025-04-17 17:45:27,642:INFO:Engine successfully changes for model 'par_cds_dt' to 'sklearn'.
2025-04-17 17:45:27,645:WARNING:
'prophet' is a soft dependency and not included in the pycaret installation. Please run: `pip install prophet` to install.
2025-04-17 17:45:27,648:INFO:Engine for model 'omp_cds_dt' has not been set explicitly, hence returning None.
2025-04-17 17:45:27,649:INFO:Engine for model 'knn_cds_dt' has not been set explicitly, hence returning None.
2025-04-17 17:45:27,649:INFO:Engine for model 'dt_cds_dt' has not been set explicitly, hence returning None.
2025-04-17 17:45:27,649:INFO:Engine for model 'rf_cds_dt' has not been set explicitly, hence returning None.
2025-04-17 17:45:27,650:INFO:Engine for model 'et_cds_dt' has not been set explicitly, hence returning None.
2025-04-17 17:45:27,650:INFO:Engine for model 'gbr_cds_dt' has not been set explicitly, hence returning None.
2025-04-17 17:45:27,650:INFO:Engine for model 'ada_cds_dt' has not been set explicitly, hence returning None.
2025-04-17 17:45:27,655:INFO:Engine for model 'xgboost_cds_dt' has not been set explicitly, hence returning None.
2025-04-17 17:45:27,655:WARNING:
'xgboost' is a soft dependency and not included in the pycaret installation. Please run: `pip install xgboost` to install.
Alternately, you can install this by running `pip install pycaret[models]`
2025-04-17 17:45:27,655:WARNING:
'xgboost' is a soft dependency and not included in the pycaret installation. Please run: `pip install xgboost` to install.
Alternately, you can install this by running `pip install pycaret[models]`
2025-04-17 17:45:27,655:INFO:Engine for model 'lightgbm_cds_dt' has not been set explicitly, hence returning None.
2025-04-17 17:45:27,655:INFO:Engine for model 'catboost_cds_dt' has not been set explicitly, hence returning None.
2025-04-17 17:45:27,655:WARNING:
'catboost' is a soft dependency and not included in the pycaret installation. Please run: `pip install catboost` to install.
Alternately, you can install this by running `pip install pycaret[models]`
2025-04-17 17:45:27,655:WARNING:
'catboost' is a soft dependency and not included in the pycaret installation. Please run: `pip install catboost` to install.
Alternately, you can install this by running `pip install pycaret[models]`
2025-04-17 17:45:27,657:WARNING:
'prophet' is a soft dependency and not included in the pycaret installation. Please run: `pip install prophet` to install.
2025-04-17 17:45:27,660:INFO:Engine for model 'omp_cds_dt' has not been set explicitly, hence returning None.
2025-04-17 17:45:27,661:INFO:Engine for model 'knn_cds_dt' has not been set explicitly, hence returning None.
2025-04-17 17:45:27,661:INFO:Engine for model 'dt_cds_dt' has not been set explicitly, hence returning None.
2025-04-17 17:45:27,662:INFO:Engine for model 'rf_cds_dt' has not been set explicitly, hence returning None.
2025-04-17 17:45:27,662:INFO:Engine for model 'et_cds_dt' has not been set explicitly, hence returning None.
2025-04-17 17:45:27,662:INFO:Engine for model 'gbr_cds_dt' has not been set explicitly, hence returning None.
2025-04-17 17:45:27,663:INFO:Engine for model 'ada_cds_dt' has not been set explicitly, hence returning None.
2025-04-17 17:45:27,663:INFO:Engine for model 'xgboost_cds_dt' has not been set explicitly, hence returning None.
2025-04-17 17:45:27,663:WARNING:
'xgboost' is a soft dependency and not included in the pycaret installation. Please run: `pip install xgboost` to install.
Alternately, you can install this by running `pip install pycaret[models]`
2025-04-17 17:45:27,663:WARNING:
'xgboost' is a soft dependency and not included in the pycaret installation. Please run: `pip install xgboost` to install.
Alternately, you can install this by running `pip install pycaret[models]`
2025-04-17 17:45:27,663:INFO:Engine for model 'lightgbm_cds_dt' has not been set explicitly, hence returning None.
2025-04-17 17:45:27,663:INFO:Engine for model 'catboost_cds_dt' has not been set explicitly, hence returning None.
2025-04-17 17:45:27,663:WARNING:
'catboost' is a soft dependency and not included in the pycaret installation. Please run: `pip install catboost` to install.
Alternately, you can install this by running `pip install pycaret[models]`
2025-04-17 17:45:27,664:WARNING:
'catboost' is a soft dependency and not included in the pycaret installation. Please run: `pip install catboost` to install.
Alternately, you can install this by running `pip install pycaret[models]`
2025-04-17 17:45:27,664:INFO:Engine successfully changes for model 'omp_cds_dt' to 'sklearn'.
2025-04-17 17:45:27,667:WARNING:
'prophet' is a soft dependency and not included in the pycaret installation. Please run: `pip install prophet` to install.
2025-04-17 17:45:27,669:INFO:Engine for model 'knn_cds_dt' has not been set explicitly, hence returning None.
2025-04-17 17:45:27,669:INFO:Engine for model 'dt_cds_dt' has not been set explicitly, hence returning None.
2025-04-17 17:45:27,669:INFO:Engine for model 'rf_cds_dt' has not been set explicitly, hence returning None.
2025-04-17 17:45:27,670:INFO:Engine for model 'et_cds_dt' has not been set explicitly, hence returning None.
2025-04-17 17:45:27,670:INFO:Engine for model 'gbr_cds_dt' has not been set explicitly, hence returning None.
2025-04-17 17:45:27,670:INFO:Engine for model 'ada_cds_dt' has not been set explicitly, hence returning None.
2025-04-17 17:45:27,670:INFO:Engine for model 'xgboost_cds_dt' has not been set explicitly, hence returning None.
2025-04-17 17:45:27,670:WARNING:
'xgboost' is a soft dependency and not included in the pycaret installation. Please run: `pip install xgboost` to install.
Alternately, you can install this by running `pip install pycaret[models]`
2025-04-17 17:45:27,670:WARNING:
'xgboost' is a soft dependency and not included in the pycaret installation. Please run: `pip install xgboost` to install.
Alternately, you can install this by running `pip install pycaret[models]`
2025-04-17 17:45:27,670:INFO:Engine for model 'lightgbm_cds_dt' has not been set explicitly, hence returning None.
2025-04-17 17:45:27,670:INFO:Engine for model 'catboost_cds_dt' has not been set explicitly, hence returning None.
2025-04-17 17:45:27,670:WARNING:
'catboost' is a soft dependency and not included in the pycaret installation. Please run: `pip install catboost` to install.
Alternately, you can install this by running `pip install pycaret[models]`
2025-04-17 17:45:27,670:WARNING:
'catboost' is a soft dependency and not included in the pycaret installation. Please run: `pip install catboost` to install.
Alternately, you can install this by running `pip install pycaret[models]`
2025-04-17 17:45:27,671:WARNING:
'prophet' is a soft dependency and not included in the pycaret installation. Please run: `pip install prophet` to install.
2025-04-17 17:45:27,673:INFO:Engine for model 'knn_cds_dt' has not been set explicitly, hence returning None.
2025-04-17 17:45:27,673:INFO:Engine for model 'dt_cds_dt' has not been set explicitly, hence returning None.
2025-04-17 17:45:27,674:INFO:Engine for model 'rf_cds_dt' has not been set explicitly, hence returning None.
2025-04-17 17:45:27,674:INFO:Engine for model 'et_cds_dt' has not been set explicitly, hence returning None.
2025-04-17 17:45:27,674:INFO:Engine for model 'gbr_cds_dt' has not been set explicitly, hence returning None.
2025-04-17 17:45:27,675:INFO:Engine for model 'ada_cds_dt' has not been set explicitly, hence returning None.
2025-04-17 17:45:27,675:INFO:Engine for model 'xgboost_cds_dt' has not been set explicitly, hence returning None.
2025-04-17 17:45:27,675:WARNING:
'xgboost' is a soft dependency and not included in the pycaret installation. Please run: `pip install xgboost` to install.
Alternately, you can install this by running `pip install pycaret[models]`
2025-04-17 17:45:27,675:WARNING:
'xgboost' is a soft dependency and not included in the pycaret installation. Please run: `pip install xgboost` to install.
Alternately, you can install this by running `pip install pycaret[models]`
2025-04-17 17:45:27,675:INFO:Engine for model 'lightgbm_cds_dt' has not been set explicitly, hence returning None.
2025-04-17 17:45:27,676:INFO:Engine for model 'catboost_cds_dt' has not been set explicitly, hence returning None.
2025-04-17 17:45:27,676:WARNING:
'catboost' is a soft dependency and not included in the pycaret installation. Please run: `pip install catboost` to install.
Alternately, you can install this by running `pip install pycaret[models]`
2025-04-17 17:45:27,676:WARNING:
'catboost' is a soft dependency and not included in the pycaret installation. Please run: `pip install catboost` to install.
Alternately, you can install this by running `pip install pycaret[models]`
2025-04-17 17:45:27,676:INFO:Engine successfully changes for model 'knn_cds_dt' to 'sklearn'.
2025-04-17 17:45:27,679:WARNING:
'prophet' is a soft dependency and not included in the pycaret installation. Please run: `pip install prophet` to install.
2025-04-17 17:45:27,680:INFO:Engine for model 'dt_cds_dt' has not been set explicitly, hence returning None.
2025-04-17 17:45:27,681:INFO:Engine for model 'rf_cds_dt' has not been set explicitly, hence returning None.
2025-04-17 17:45:27,681:INFO:Engine for model 'et_cds_dt' has not been set explicitly, hence returning None.
2025-04-17 17:45:27,681:INFO:Engine for model 'gbr_cds_dt' has not been set explicitly, hence returning None.
2025-04-17 17:45:27,681:INFO:Engine for model 'ada_cds_dt' has not been set explicitly, hence returning None.
2025-04-17 17:45:27,681:INFO:Engine for model 'xgboost_cds_dt' has not been set explicitly, hence returning None.
2025-04-17 17:45:27,681:WARNING:
'xgboost' is a soft dependency and not included in the pycaret installation. Please run: `pip install xgboost` to install.
Alternately, you can install this by running `pip install pycaret[models]`
2025-04-17 17:45:27,681:WARNING:
'xgboost' is a soft dependency and not included in the pycaret installation. Please run: `pip install xgboost` to install.
Alternately, you can install this by running `pip install pycaret[models]`
2025-04-17 17:45:27,681:INFO:Engine for model 'lightgbm_cds_dt' has not been set explicitly, hence returning None.
2025-04-17 17:45:27,681:INFO:Engine for model 'catboost_cds_dt' has not been set explicitly, hence returning None.
2025-04-17 17:45:27,681:WARNING:
'catboost' is a soft dependency and not included in the pycaret installation. Please run: `pip install catboost` to install.
Alternately, you can install this by running `pip install pycaret[models]`
2025-04-17 17:45:27,681:WARNING:
'catboost' is a soft dependency and not included in the pycaret installation. Please run: `pip install catboost` to install.
Alternately, you can install this by running `pip install pycaret[models]`
2025-04-17 17:45:27,683:WARNING:
'prophet' is a soft dependency and not included in the pycaret installation. Please run: `pip install prophet` to install.
2025-04-17 17:45:27,684:INFO:Engine for model 'dt_cds_dt' has not been set explicitly, hence returning None.
2025-04-17 17:45:27,684:INFO:Engine for model 'rf_cds_dt' has not been set explicitly, hence returning None.
2025-04-17 17:45:27,684:INFO:Engine for model 'et_cds_dt' has not been set explicitly, hence returning None.
2025-04-17 17:45:27,685:INFO:Engine for model 'gbr_cds_dt' has not been set explicitly, hence returning None.
2025-04-17 17:45:27,685:INFO:Engine for model 'ada_cds_dt' has not been set explicitly, hence returning None.
2025-04-17 17:45:27,685:INFO:Engine for model 'xgboost_cds_dt' has not been set explicitly, hence returning None.
2025-04-17 17:45:27,685:WARNING:
'xgboost' is a soft dependency and not included in the pycaret installation. Please run: `pip install xgboost` to install.
Alternately, you can install this by running `pip install pycaret[models]`
2025-04-17 17:45:27,685:WARNING:
'xgboost' is a soft dependency and not included in the pycaret installation. Please run: `pip install xgboost` to install.
Alternately, you can install this by running `pip install pycaret[models]`
2025-04-17 17:45:27,685:INFO:Engine for model 'lightgbm_cds_dt' has not been set explicitly, hence returning None.
2025-04-17 17:45:27,685:INFO:Engine for model 'catboost_cds_dt' has not been set explicitly, hence returning None.
2025-04-17 17:45:27,685:WARNING:
'catboost' is a soft dependency and not included in the pycaret installation. Please run: `pip install catboost` to install.
Alternately, you can install this by running `pip install pycaret[models]`
2025-04-17 17:45:27,685:WARNING:
'catboost' is a soft dependency and not included in the pycaret installation. Please run: `pip install catboost` to install.
Alternately, you can install this by running `pip install pycaret[models]`
2025-04-17 17:45:27,685:INFO:Engine successfully changes for model 'dt_cds_dt' to 'sklearn'.
2025-04-17 17:45:27,686:WARNING:
'prophet' is a soft dependency and not included in the pycaret installation. Please run: `pip install prophet` to install.
2025-04-17 17:45:27,689:INFO:Engine for model 'rf_cds_dt' has not been set explicitly, hence returning None.
2025-04-17 17:45:27,690:INFO:Engine for model 'et_cds_dt' has not been set explicitly, hence returning None.
2025-04-17 17:45:27,690:INFO:Engine for model 'gbr_cds_dt' has not been set explicitly, hence returning None.
2025-04-17 17:45:27,691:INFO:Engine for model 'ada_cds_dt' has not been set explicitly, hence returning None.
2025-04-17 17:45:27,691:INFO:Engine for model 'xgboost_cds_dt' has not been set explicitly, hence returning None.
2025-04-17 17:45:27,691:WARNING:
'xgboost' is a soft dependency and not included in the pycaret installation. Please run: `pip install xgboost` to install.
Alternately, you can install this by running `pip install pycaret[models]`
2025-04-17 17:45:27,691:WARNING:
'xgboost' is a soft dependency and not included in the pycaret installation. Please run: `pip install xgboost` to install.
Alternately, you can install this by running `pip install pycaret[models]`
2025-04-17 17:45:27,691:INFO:Engine for model 'lightgbm_cds_dt' has not been set explicitly, hence returning None.
2025-04-17 17:45:27,692:INFO:Engine for model 'catboost_cds_dt' has not been set explicitly, hence returning None.
2025-04-17 17:45:27,692:WARNING:
'catboost' is a soft dependency and not included in the pycaret installation. Please run: `pip install catboost` to install.
Alternately, you can install this by running `pip install pycaret[models]`
2025-04-17 17:45:27,692:WARNING:
'catboost' is a soft dependency and not included in the pycaret installation. Please run: `pip install catboost` to install.
Alternately, you can install this by running `pip install pycaret[models]`
2025-04-17 17:45:27,695:WARNING:
'prophet' is a soft dependency and not included in the pycaret installation. Please run: `pip install prophet` to install.
2025-04-17 17:45:27,700:INFO:Engine for model 'rf_cds_dt' has not been set explicitly, hence returning None.
2025-04-17 17:45:27,700:INFO:Engine for model 'et_cds_dt' has not been set explicitly, hence returning None.
2025-04-17 17:45:27,700:INFO:Engine for model 'gbr_cds_dt' has not been set explicitly, hence returning None.
2025-04-17 17:45:27,701:INFO:Engine for model 'ada_cds_dt' has not been set explicitly, hence returning None.
2025-04-17 17:45:27,701:INFO:Engine for model 'xgboost_cds_dt' has not been set explicitly, hence returning None.
2025-04-17 17:45:27,701:WARNING:
'xgboost' is a soft dependency and not included in the pycaret installation. Please run: `pip install xgboost` to install.
Alternately, you can install this by running `pip install pycaret[models]`
2025-04-17 17:45:27,701:WARNING:
'xgboost' is a soft dependency and not included in the pycaret installation. Please run: `pip install xgboost` to install.
Alternately, you can install this by running `pip install pycaret[models]`
2025-04-17 17:45:27,701:INFO:Engine for model 'lightgbm_cds_dt' has not been set explicitly, hence returning None.
2025-04-17 17:45:27,701:INFO:Engine for model 'catboost_cds_dt' has not been set explicitly, hence returning None.
2025-04-17 17:45:27,701:WARNING:
'catboost' is a soft dependency and not included in the pycaret installation. Please run: `pip install catboost` to install.
Alternately, you can install this by running `pip install pycaret[models]`
2025-04-17 17:45:27,701:WARNING:
'catboost' is a soft dependency and not included in the pycaret installation. Please run: `pip install catboost` to install.
Alternately, you can install this by running `pip install pycaret[models]`
2025-04-17 17:45:27,701:INFO:Engine successfully changes for model 'rf_cds_dt' to 'sklearn'.
2025-04-17 17:45:27,702:WARNING:
'prophet' is a soft dependency and not included in the pycaret installation. Please run: `pip install prophet` to install.
2025-04-17 17:45:27,704:INFO:Engine for model 'et_cds_dt' has not been set explicitly, hence returning None.
2025-04-17 17:45:27,704:INFO:Engine for model 'gbr_cds_dt' has not been set explicitly, hence returning None.
2025-04-17 17:45:27,704:INFO:Engine for model 'ada_cds_dt' has not been set explicitly, hence returning None.
2025-04-17 17:45:27,704:INFO:Engine for model 'xgboost_cds_dt' has not been set explicitly, hence returning None.
2025-04-17 17:45:27,704:WARNING:
'xgboost' is a soft dependency and not included in the pycaret installation. Please run: `pip install xgboost` to install.
Alternately, you can install this by running `pip install pycaret[models]`
2025-04-17 17:45:27,704:WARNING:
'xgboost' is a soft dependency and not included in the pycaret installation. Please run: `pip install xgboost` to install.
Alternately, you can install this by running `pip install pycaret[models]`
2025-04-17 17:45:27,704:INFO:Engine for model 'lightgbm_cds_dt' has not been set explicitly, hence returning None.
2025-04-17 17:45:27,705:INFO:Engine for model 'catboost_cds_dt' has not been set explicitly, hence returning None.
2025-04-17 17:45:27,705:WARNING:
'catboost' is a soft dependency and not included in the pycaret installation. Please run: `pip install catboost` to install.
Alternately, you can install this by running `pip install pycaret[models]`
2025-04-17 17:45:27,705:WARNING:
'catboost' is a soft dependency and not included in the pycaret installation. Please run: `pip install catboost` to install.
Alternately, you can install this by running `pip install pycaret[models]`
2025-04-17 17:45:27,707:WARNING:
'prophet' is a soft dependency and not included in the pycaret installation. Please run: `pip install prophet` to install.
2025-04-17 17:45:27,710:INFO:Engine for model 'et_cds_dt' has not been set explicitly, hence returning None.
2025-04-17 17:45:27,710:INFO:Engine for model 'gbr_cds_dt' has not been set explicitly, hence returning None.
2025-04-17 17:45:27,710:INFO:Engine for model 'ada_cds_dt' has not been set explicitly, hence returning None.
2025-04-17 17:45:27,711:INFO:Engine for model 'xgboost_cds_dt' has not been set explicitly, hence returning None.
2025-04-17 17:45:27,711:WARNING:
'xgboost' is a soft dependency and not included in the pycaret installation. Please run: `pip install xgboost` to install.
Alternately, you can install this by running `pip install pycaret[models]`
2025-04-17 17:45:27,711:WARNING:
'xgboost' is a soft dependency and not included in the pycaret installation. Please run: `pip install xgboost` to install.
Alternately, you can install this by running `pip install pycaret[models]`
2025-04-17 17:45:27,711:INFO:Engine for model 'lightgbm_cds_dt' has not been set explicitly, hence returning None.
2025-04-17 17:45:27,711:INFO:Engine for model 'catboost_cds_dt' has not been set explicitly, hence returning None.
2025-04-17 17:45:27,711:WARNING:
'catboost' is a soft dependency and not included in the pycaret installation. Please run: `pip install catboost` to install.
Alternately, you can install this by running `pip install pycaret[models]`
2025-04-17 17:45:27,711:WARNING:
'catboost' is a soft dependency and not included in the pycaret installation. Please run: `pip install catboost` to install.
Alternately, you can install this by running `pip install pycaret[models]`
2025-04-17 17:45:27,711:INFO:Engine successfully changes for model 'et_cds_dt' to 'sklearn'.
2025-04-17 17:45:27,713:WARNING:
'prophet' is a soft dependency and not included in the pycaret installation. Please run: `pip install prophet` to install.
2025-04-17 17:45:27,715:INFO:Engine for model 'gbr_cds_dt' has not been set explicitly, hence returning None.
2025-04-17 17:45:27,715:INFO:Engine for model 'ada_cds_dt' has not been set explicitly, hence returning None.
2025-04-17 17:45:27,715:INFO:Engine for model 'xgboost_cds_dt' has not been set explicitly, hence returning None.
2025-04-17 17:45:27,715:WARNING:
'xgboost' is a soft dependency and not included in the pycaret installation. Please run: `pip install xgboost` to install.
Alternately, you can install this by running `pip install pycaret[models]`
2025-04-17 17:45:27,715:WARNING:
'xgboost' is a soft dependency and not included in the pycaret installation. Please run: `pip install xgboost` to install.
Alternately, you can install this by running `pip install pycaret[models]`
2025-04-17 17:45:27,715:INFO:Engine for model 'lightgbm_cds_dt' has not been set explicitly, hence returning None.
2025-04-17 17:45:27,715:INFO:Engine for model 'catboost_cds_dt' has not been set explicitly, hence returning None.
2025-04-17 17:45:27,715:WARNING:
'catboost' is a soft dependency and not included in the pycaret installation. Please run: `pip install catboost` to install.
Alternately, you can install this by running `pip install pycaret[models]`
2025-04-17 17:45:27,715:WARNING:
'catboost' is a soft dependency and not included in the pycaret installation. Please run: `pip install catboost` to install.
Alternately, you can install this by running `pip install pycaret[models]`
2025-04-17 17:45:27,716:WARNING:
'prophet' is a soft dependency and not included in the pycaret installation. Please run: `pip install prophet` to install.
2025-04-17 17:45:27,718:INFO:Engine for model 'gbr_cds_dt' has not been set explicitly, hence returning None.
2025-04-17 17:45:27,718:INFO:Engine for model 'ada_cds_dt' has not been set explicitly, hence returning None.
2025-04-17 17:45:27,719:INFO:Engine for model 'xgboost_cds_dt' has not been set explicitly, hence returning None.
2025-04-17 17:45:27,719:WARNING:
'xgboost' is a soft dependency and not included in the pycaret installation. Please run: `pip install xgboost` to install.
Alternately, you can install this by running `pip install pycaret[models]`
2025-04-17 17:45:27,719:WARNING:
'xgboost' is a soft dependency and not included in the pycaret installation. Please run: `pip install xgboost` to install.
Alternately, you can install this by running `pip install pycaret[models]`
2025-04-17 17:45:27,719:INFO:Engine for model 'lightgbm_cds_dt' has not been set explicitly, hence returning None.
2025-04-17 17:45:27,719:INFO:Engine for model 'catboost_cds_dt' has not been set explicitly, hence returning None.
2025-04-17 17:45:27,719:WARNING:
'catboost' is a soft dependency and not included in the pycaret installation. Please run: `pip install catboost` to install.
Alternately, you can install this by running `pip install pycaret[models]`
2025-04-17 17:45:27,719:WARNING:
'catboost' is a soft dependency and not included in the pycaret installation. Please run: `pip install catboost` to install.
Alternately, you can install this by running `pip install pycaret[models]`
2025-04-17 17:45:27,719:INFO:Engine successfully changes for model 'gbr_cds_dt' to 'sklearn'.
2025-04-17 17:45:27,720:WARNING:
'prophet' is a soft dependency and not included in the pycaret installation. Please run: `pip install prophet` to install.
2025-04-17 17:45:27,725:INFO:Engine for model 'ada_cds_dt' has not been set explicitly, hence returning None.
2025-04-17 17:45:27,725:INFO:Engine for model 'xgboost_cds_dt' has not been set explicitly, hence returning None.
2025-04-17 17:45:27,725:WARNING:
'xgboost' is a soft dependency and not included in the pycaret installation. Please run: `pip install xgboost` to install.
Alternately, you can install this by running `pip install pycaret[models]`
2025-04-17 17:45:27,725:WARNING:
'xgboost' is a soft dependency and not included in the pycaret installation. Please run: `pip install xgboost` to install.
Alternately, you can install this by running `pip install pycaret[models]`
2025-04-17 17:45:27,725:INFO:Engine for model 'lightgbm_cds_dt' has not been set explicitly, hence returning None.
2025-04-17 17:45:27,725:INFO:Engine for model 'catboost_cds_dt' has not been set explicitly, hence returning None.
2025-04-17 17:45:27,726:WARNING:
'catboost' is a soft dependency and not included in the pycaret installation. Please run: `pip install catboost` to install.
Alternately, you can install this by running `pip install pycaret[models]`
2025-04-17 17:45:27,726:WARNING:
'catboost' is a soft dependency and not included in the pycaret installation. Please run: `pip install catboost` to install.
Alternately, you can install this by running `pip install pycaret[models]`
2025-04-17 17:45:27,729:WARNING:
'prophet' is a soft dependency and not included in the pycaret installation. Please run: `pip install prophet` to install.
2025-04-17 17:45:27,733:INFO:Engine for model 'ada_cds_dt' has not been set explicitly, hence returning None.
2025-04-17 17:45:27,733:INFO:Engine for model 'xgboost_cds_dt' has not been set explicitly, hence returning None.
2025-04-17 17:45:27,733:WARNING:
'xgboost' is a soft dependency and not included in the pycaret installation. Please run: `pip install xgboost` to install.
Alternately, you can install this by running `pip install pycaret[models]`
2025-04-17 17:45:27,733:WARNING:
'xgboost' is a soft dependency and not included in the pycaret installation. Please run: `pip install xgboost` to install.
Alternately, you can install this by running `pip install pycaret[models]`
2025-04-17 17:45:27,733:INFO:Engine for model 'lightgbm_cds_dt' has not been set explicitly, hence returning None.
2025-04-17 17:45:27,733:INFO:Engine for model 'catboost_cds_dt' has not been set explicitly, hence returning None.
2025-04-17 17:45:27,733:WARNING:
'catboost' is a soft dependency and not included in the pycaret installation. Please run: `pip install catboost` to install.
Alternately, you can install this by running `pip install pycaret[models]`
2025-04-17 17:45:27,733:WARNING:
'catboost' is a soft dependency and not included in the pycaret installation. Please run: `pip install catboost` to install.
Alternately, you can install this by running `pip install pycaret[models]`
2025-04-17 17:45:27,733:INFO:Engine successfully changes for model 'ada_cds_dt' to 'sklearn'.
2025-04-17 17:45:27,734:WARNING:
'prophet' is a soft dependency and not included in the pycaret installation. Please run: `pip install prophet` to install.
2025-04-17 17:45:27,740:INFO:Engine for model 'xgboost_cds_dt' has not been set explicitly, hence returning None.
2025-04-17 17:45:27,740:WARNING:
'xgboost' is a soft dependency and not included in the pycaret installation. Please run: `pip install xgboost` to install.
Alternately, you can install this by running `pip install pycaret[models]`
2025-04-17 17:45:27,740:WARNING:
'xgboost' is a soft dependency and not included in the pycaret installation. Please run: `pip install xgboost` to install.
Alternately, you can install this by running `pip install pycaret[models]`
2025-04-17 17:45:27,740:INFO:Engine for model 'lightgbm_cds_dt' has not been set explicitly, hence returning None.
2025-04-17 17:45:27,740:INFO:Engine for model 'catboost_cds_dt' has not been set explicitly, hence returning None.
2025-04-17 17:45:27,740:WARNING:
'catboost' is a soft dependency and not included in the pycaret installation. Please run: `pip install catboost` to install.
Alternately, you can install this by running `pip install pycaret[models]`
2025-04-17 17:45:27,740:WARNING:
'catboost' is a soft dependency and not included in the pycaret installation. Please run: `pip install catboost` to install.
Alternately, you can install this by running `pip install pycaret[models]`
2025-04-17 17:45:27,744:WARNING:
'prophet' is a soft dependency and not included in the pycaret installation. Please run: `pip install prophet` to install.
2025-04-17 17:45:27,746:INFO:Engine for model 'xgboost_cds_dt' has not been set explicitly, hence returning None.
2025-04-17 17:45:27,746:WARNING:
'xgboost' is a soft dependency and not included in the pycaret installation. Please run: `pip install xgboost` to install.
Alternately, you can install this by running `pip install pycaret[models]`
2025-04-17 17:45:27,746:WARNING:
'xgboost' is a soft dependency and not included in the pycaret installation. Please run: `pip install xgboost` to install.
Alternately, you can install this by running `pip install pycaret[models]`
2025-04-17 17:45:27,746:INFO:Engine for model 'lightgbm_cds_dt' has not been set explicitly, hence returning None.
2025-04-17 17:45:27,746:INFO:Engine for model 'catboost_cds_dt' has not been set explicitly, hence returning None.
2025-04-17 17:45:27,746:WARNING:
'catboost' is a soft dependency and not included in the pycaret installation. Please run: `pip install catboost` to install.
Alternately, you can install this by running `pip install pycaret[models]`
2025-04-17 17:45:27,746:WARNING:
'catboost' is a soft dependency and not included in the pycaret installation. Please run: `pip install catboost` to install.
Alternately, you can install this by running `pip install pycaret[models]`
2025-04-17 17:45:27,746:INFO:Engine successfully changes for model 'xgboost_cds_dt' to 'sklearn'.
2025-04-17 17:45:27,747:WARNING:
'prophet' is a soft dependency and not included in the pycaret installation. Please run: `pip install prophet` to install.
2025-04-17 17:45:27,750:WARNING:
'xgboost' is a soft dependency and not included in the pycaret installation. Please run: `pip install xgboost` to install.
Alternately, you can install this by running `pip install pycaret[models]`
2025-04-17 17:45:27,750:WARNING:
'xgboost' is a soft dependency and not included in the pycaret installation. Please run: `pip install xgboost` to install.
Alternately, you can install this by running `pip install pycaret[models]`
2025-04-17 17:45:27,750:INFO:Engine for model 'lightgbm_cds_dt' has not been set explicitly, hence returning None.
2025-04-17 17:45:27,750:INFO:Engine for model 'catboost_cds_dt' has not been set explicitly, hence returning None.
2025-04-17 17:45:27,750:WARNING:
'catboost' is a soft dependency and not included in the pycaret installation. Please run: `pip install catboost` to install.
Alternately, you can install this by running `pip install pycaret[models]`
2025-04-17 17:45:27,750:WARNING:
'catboost' is a soft dependency and not included in the pycaret installation. Please run: `pip install catboost` to install.
Alternately, you can install this by running `pip install pycaret[models]`
2025-04-17 17:45:27,751:WARNING:
'prophet' is a soft dependency and not included in the pycaret installation. Please run: `pip install prophet` to install.
2025-04-17 17:45:27,754:WARNING:
'xgboost' is a soft dependency and not included in the pycaret installation. Please run: `pip install xgboost` to install.
Alternately, you can install this by running `pip install pycaret[models]`
2025-04-17 17:45:27,755:WARNING:
'xgboost' is a soft dependency and not included in the pycaret installation. Please run: `pip install xgboost` to install.
Alternately, you can install this by running `pip install pycaret[models]`
2025-04-17 17:45:27,755:INFO:Engine for model 'lightgbm_cds_dt' has not been set explicitly, hence returning None.
2025-04-17 17:45:27,755:INFO:Engine for model 'catboost_cds_dt' has not been set explicitly, hence returning None.
2025-04-17 17:45:27,755:WARNING:
'catboost' is a soft dependency and not included in the pycaret installation. Please run: `pip install catboost` to install.
Alternately, you can install this by running `pip install pycaret[models]`
2025-04-17 17:45:27,755:WARNING:
'catboost' is a soft dependency and not included in the pycaret installation. Please run: `pip install catboost` to install.
Alternately, you can install this by running `pip install pycaret[models]`
2025-04-17 17:45:27,755:INFO:Engine successfully changes for model 'lightgbm_cds_dt' to 'sklearn'.
2025-04-17 17:45:27,758:WARNING:
'prophet' is a soft dependency and not included in the pycaret installation. Please run: `pip install prophet` to install.
2025-04-17 17:45:27,765:WARNING:
'xgboost' is a soft dependency and not included in the pycaret installation. Please run: `pip install xgboost` to install.
Alternately, you can install this by running `pip install pycaret[models]`
2025-04-17 17:45:27,765:WARNING:
'xgboost' is a soft dependency and not included in the pycaret installation. Please run: `pip install xgboost` to install.
Alternately, you can install this by running `pip install pycaret[models]`
2025-04-17 17:45:27,765:INFO:Engine for model 'catboost_cds_dt' has not been set explicitly, hence returning None.
2025-04-17 17:45:27,765:WARNING:
'catboost' is a soft dependency and not included in the pycaret installation. Please run: `pip install catboost` to install.
Alternately, you can install this by running `pip install pycaret[models]`
2025-04-17 17:45:27,765:WARNING:
'catboost' is a soft dependency and not included in the pycaret installation. Please run: `pip install catboost` to install.
Alternately, you can install this by running `pip install pycaret[models]`
2025-04-17 17:45:27,766:WARNING:
'prophet' is a soft dependency and not included in the pycaret installation. Please run: `pip install prophet` to install.
2025-04-17 17:45:27,769:WARNING:
'xgboost' is a soft dependency and not included in the pycaret installation. Please run: `pip install xgboost` to install.
Alternately, you can install this by running `pip install pycaret[models]`
2025-04-17 17:45:27,769:WARNING:
'xgboost' is a soft dependency and not included in the pycaret installation. Please run: `pip install xgboost` to install.
Alternately, you can install this by running `pip install pycaret[models]`
2025-04-17 17:45:27,769:INFO:Engine for model 'catboost_cds_dt' has not been set explicitly, hence returning None.
2025-04-17 17:45:27,769:WARNING:
'catboost' is a soft dependency and not included in the pycaret installation. Please run: `pip install catboost` to install.
Alternately, you can install this by running `pip install pycaret[models]`
2025-04-17 17:45:27,769:WARNING:
'catboost' is a soft dependency and not included in the pycaret installation. Please run: `pip install catboost` to install.
Alternately, you can install this by running `pip install pycaret[models]`
2025-04-17 17:45:27,769:INFO:Engine successfully changes for model 'catboost_cds_dt' to 'sklearn'.
2025-04-17 17:45:27,770:WARNING:
'prophet' is a soft dependency and not included in the pycaret installation. Please run: `pip install prophet` to install.
2025-04-17 17:45:27,776:WARNING:
'xgboost' is a soft dependency and not included in the pycaret installation. Please run: `pip install xgboost` to install.
Alternately, you can install this by running `pip install pycaret[models]`
2025-04-17 17:45:27,776:WARNING:
'xgboost' is a soft dependency and not included in the pycaret installation. Please run: `pip install xgboost` to install.
Alternately, you can install this by running `pip install pycaret[models]`
2025-04-17 17:45:27,776:WARNING:
'catboost' is a soft dependency and not included in the pycaret installation. Please run: `pip install catboost` to install.
Alternately, you can install this by running `pip install pycaret[models]`
2025-04-17 17:45:27,776:WARNING:
'catboost' is a soft dependency and not included in the pycaret installation. Please run: `pip install catboost` to install.
Alternately, you can install this by running `pip install pycaret[models]`
2025-04-17 17:45:27,777:WARNING:
'prophet' is a soft dependency and not included in the pycaret installation. Please run: `pip install prophet` to install.
2025-04-17 17:45:27,779:WARNING:
'xgboost' is a soft dependency and not included in the pycaret installation. Please run: `pip install xgboost` to install.
Alternately, you can install this by running `pip install pycaret[models]`
2025-04-17 17:45:27,779:WARNING:
'xgboost' is a soft dependency and not included in the pycaret installation. Please run: `pip install xgboost` to install.
Alternately, you can install this by running `pip install pycaret[models]`
2025-04-17 17:45:27,780:WARNING:
'catboost' is a soft dependency and not included in the pycaret installation. Please run: `pip install catboost` to install.
Alternately, you can install this by running `pip install pycaret[models]`
2025-04-17 17:45:27,780:WARNING:
'catboost' is a soft dependency and not included in the pycaret installation. Please run: `pip install catboost` to install.
Alternately, you can install this by running `pip install pycaret[models]`
2025-04-17 17:45:27,781:WARNING:
'prophet' is a soft dependency and not included in the pycaret installation. Please run: `pip install prophet` to install.
2025-04-17 17:45:27,783:WARNING:
'xgboost' is a soft dependency and not included in the pycaret installation. Please run: `pip install xgboost` to install.
Alternately, you can install this by running `pip install pycaret[models]`
2025-04-17 17:45:27,783:WARNING:
'xgboost' is a soft dependency and not included in the pycaret installation. Please run: `pip install xgboost` to install.
Alternately, you can install this by running `pip install pycaret[models]`
2025-04-17 17:45:27,783:WARNING:
'catboost' is a soft dependency and not included in the pycaret installation. Please run: `pip install catboost` to install.
Alternately, you can install this by running `pip install pycaret[models]`
2025-04-17 17:45:27,783:WARNING:
'catboost' is a soft dependency and not included in the pycaret installation. Please run: `pip install catboost` to install.
Alternately, you can install this by running `pip install pycaret[models]`
2025-04-17 17:45:27,784:WARNING:
'prophet' is a soft dependency and not included in the pycaret installation. Please run: `pip install prophet` to install.
2025-04-17 17:45:27,789:WARNING:
'xgboost' is a soft dependency and not included in the pycaret installation. Please run: `pip install xgboost` to install.
Alternately, you can install this by running `pip install pycaret[models]`
2025-04-17 17:45:27,789:WARNING:
'xgboost' is a soft dependency and not included in the pycaret installation. Please run: `pip install xgboost` to install.
Alternately, you can install this by running `pip install pycaret[models]`
2025-04-17 17:45:27,789:WARNING:
'catboost' is a soft dependency and not included in the pycaret installation. Please run: `pip install catboost` to install.
Alternately, you can install this by running `pip install pycaret[models]`
2025-04-17 17:45:27,789:WARNING:
'catboost' is a soft dependency and not included in the pycaret installation. Please run: `pip install catboost` to install.
Alternately, you can install this by running `pip install pycaret[models]`
2025-04-17 17:45:27,790:INFO:setup() successfully completed in 1.06s...............
2025-04-17 17:45:27,792:INFO:Initializing compare_models()
2025-04-17 17:45:27,792:INFO:compare_models(self=<pycaret.time_series.forecasting.oop.TSForecastingExperiment object at 0x31447de10>, include=['ets', 'exp_smooth'], exclude=None, fold=None, round=4, cross_validation=True, sort=RMSE, n_select=1, budget_time=None, turbo=True, errors=ignore, fit_kwargs=None, groups=None, experiment_custom_tags=None, probability_threshold=None, verbose=False, parallel=None, caller_params={'self': <pycaret.time_series.forecasting.oop.TSForecastingExperiment object at 0x31447de10>, 'include': ['ets', 'exp_smooth'], 'exclude': None, 'fold': None, 'round': 4, 'cross_validation': True, 'sort': 'RMSE', 'n_select': 1, 'budget_time': None, 'turbo': True, 'errors': 'ignore', 'fit_kwargs': None, 'experiment_custom_tags': None, 'engine': None, 'verbose': False, 'parallel': None, '__class__': <class 'pycaret.time_series.forecasting.oop.TSForecastingExperiment'>})
2025-04-17 17:45:27,792:INFO:Checking exceptions
2025-04-17 17:45:27,793:INFO:Preparing display monitor
2025-04-17 17:45:27,795:INFO:Initializing ETS
2025-04-17 17:45:27,795:INFO:Total runtime is 6.516774495442708e-07 minutes
2025-04-17 17:45:27,795:INFO:SubProcess create_model() called ==================================
2025-04-17 17:45:27,795:INFO:Initializing create_model()
2025-04-17 17:45:27,795:INFO:create_model(self=<pycaret.time_series.forecasting.oop.TSForecastingExperiment object at 0x31447de10>, estimator=ets, fold=None, round=4, cross_validation=True, predict=True, fit_kwargs={}, groups=None, refit=False, probability_threshold=None, experiment_custom_tags=None, verbose=False, system=False, add_to_model_list=True, metrics=None, display=<pycaret.internal.display.display.CommonDisplay object at 0x318f29310>, model_only=True, return_train_score=False, error_score=0.0, kwargs={})
2025-04-17 17:45:27,795:INFO:Checking exceptions
2025-04-17 17:45:27,795:INFO:Importing libraries
2025-04-17 17:45:27,795:INFO:Copying training dataset
2025-04-17 17:45:27,797:INFO:Defining folds
2025-04-17 17:45:27,797:INFO:Declaring metric variables
2025-04-17 17:45:27,797:INFO:Importing untrained model
2025-04-17 17:45:27,798:INFO:ETS Imported successfully
2025-04-17 17:45:27,800:INFO:Starting cross validation
2025-04-17 17:45:27,802:INFO:Cross validating with ExpandingWindowSplitter(fh=ForecastingHorizon([ 1,  2,  3,  4,  5,  6,  7,  8,  9, 10, 11, 12, 13, 14, 15, 16, 17, 18,
       19, 20, 21, 22, 23, 24, 25, 26, 27, 28, 29, 30],
      dtype='int64', is_relative=True),
                        initial_window=1968, step_length=30), n_jobs=-1
2025-04-17 17:45:36,052:WARNING:/opt/anaconda3/envs/LSTM/lib/python3.11/site-packages/sklearn/metrics/_regression.py:483: FutureWarning: 'squared' is deprecated in version 1.4 and will be removed in 1.6. To calculate the root mean squared error, use the function'root_mean_squared_error'.
  warnings.warn(

2025-04-17 17:45:36,052:WARNING:/opt/anaconda3/envs/LSTM/lib/python3.11/site-packages/sklearn/metrics/_regression.py:483: FutureWarning: 'squared' is deprecated in version 1.4 and will be removed in 1.6. To calculate the root mean squared error, use the function'root_mean_squared_error'.
  warnings.warn(

2025-04-17 17:45:36,305:WARNING:/opt/anaconda3/envs/LSTM/lib/python3.11/site-packages/sklearn/metrics/_regression.py:483: FutureWarning: 'squared' is deprecated in version 1.4 and will be removed in 1.6. To calculate the root mean squared error, use the function'root_mean_squared_error'.
  warnings.warn(

2025-04-17 17:45:36,307:WARNING:/opt/anaconda3/envs/LSTM/lib/python3.11/site-packages/sklearn/metrics/_regression.py:483: FutureWarning: 'squared' is deprecated in version 1.4 and will be removed in 1.6. To calculate the root mean squared error, use the function'root_mean_squared_error'.
  warnings.warn(

2025-04-17 17:45:36,494:WARNING:/opt/anaconda3/envs/LSTM/lib/python3.11/site-packages/sklearn/metrics/_regression.py:483: FutureWarning: 'squared' is deprecated in version 1.4 and will be removed in 1.6. To calculate the root mean squared error, use the function'root_mean_squared_error'.
  warnings.warn(

2025-04-17 17:45:36,494:WARNING:/opt/anaconda3/envs/LSTM/lib/python3.11/site-packages/sklearn/metrics/_regression.py:483: FutureWarning: 'squared' is deprecated in version 1.4 and will be removed in 1.6. To calculate the root mean squared error, use the function'root_mean_squared_error'.
  warnings.warn(

2025-04-17 17:45:36,522:INFO:Calculating mean and std
2025-04-17 17:45:36,537:INFO:Creating metrics dataframe
2025-04-17 17:45:36,567:INFO:Uploading results into container
2025-04-17 17:45:36,568:INFO:Uploading model into container now
2025-04-17 17:45:36,569:INFO:_master_model_container: 1
2025-04-17 17:45:36,569:INFO:_display_container: 2
2025-04-17 17:45:36,570:INFO:AutoETS(seasonal='mul', sp=6, trend='add')
2025-04-17 17:45:36,570:INFO:create_model() successfully completed......................................
2025-04-17 17:45:36,945:INFO:SubProcess create_model() end ==================================
2025-04-17 17:45:36,945:INFO:Creating metrics dataframe
2025-04-17 17:45:36,950:INFO:Initializing Exponential Smoothing
2025-04-17 17:45:36,950:INFO:Total runtime is 0.15258651574452717 minutes
2025-04-17 17:45:36,950:INFO:SubProcess create_model() called ==================================
2025-04-17 17:45:36,950:INFO:Initializing create_model()
2025-04-17 17:45:36,950:INFO:create_model(self=<pycaret.time_series.forecasting.oop.TSForecastingExperiment object at 0x31447de10>, estimator=exp_smooth, fold=None, round=4, cross_validation=True, predict=True, fit_kwargs={}, groups=None, refit=False, probability_threshold=None, experiment_custom_tags=None, verbose=False, system=False, add_to_model_list=True, metrics=None, display=<pycaret.internal.display.display.CommonDisplay object at 0x318f29310>, model_only=True, return_train_score=False, error_score=0.0, kwargs={})
2025-04-17 17:45:36,950:INFO:Checking exceptions
2025-04-17 17:45:36,950:INFO:Importing libraries
2025-04-17 17:45:36,950:INFO:Copying training dataset
2025-04-17 17:45:36,955:INFO:Defining folds
2025-04-17 17:45:36,955:INFO:Declaring metric variables
2025-04-17 17:45:36,955:INFO:Importing untrained model
2025-04-17 17:45:36,956:INFO:Exponential Smoothing Imported successfully
2025-04-17 17:45:36,958:INFO:Starting cross validation
2025-04-17 17:45:36,960:INFO:Cross validating with ExpandingWindowSplitter(fh=ForecastingHorizon([ 1,  2,  3,  4,  5,  6,  7,  8,  9, 10, 11, 12, 13, 14, 15, 16, 17, 18,
       19, 20, 21, 22, 23, 24, 25, 26, 27, 28, 29, 30],
      dtype='int64', is_relative=True),
                        initial_window=1968, step_length=30), n_jobs=-1
2025-04-17 17:45:40,699:WARNING:/opt/anaconda3/envs/LSTM/lib/python3.11/site-packages/statsmodels/tsa/holtwinters/model.py:918: ConvergenceWarning: Optimization failed to converge. Check mle_retvals.
  warnings.warn(

2025-04-17 17:45:40,732:WARNING:/opt/anaconda3/envs/LSTM/lib/python3.11/site-packages/sklearn/metrics/_regression.py:483: FutureWarning: 'squared' is deprecated in version 1.4 and will be removed in 1.6. To calculate the root mean squared error, use the function'root_mean_squared_error'.
  warnings.warn(

2025-04-17 17:45:40,733:WARNING:/opt/anaconda3/envs/LSTM/lib/python3.11/site-packages/sklearn/metrics/_regression.py:483: FutureWarning: 'squared' is deprecated in version 1.4 and will be removed in 1.6. To calculate the root mean squared error, use the function'root_mean_squared_error'.
  warnings.warn(

2025-04-17 17:45:40,843:WARNING:/opt/anaconda3/envs/LSTM/lib/python3.11/site-packages/statsmodels/tsa/holtwinters/model.py:918: ConvergenceWarning: Optimization failed to converge. Check mle_retvals.
  warnings.warn(

2025-04-17 17:45:40,893:WARNING:/opt/anaconda3/envs/LSTM/lib/python3.11/site-packages/sklearn/metrics/_regression.py:483: FutureWarning: 'squared' is deprecated in version 1.4 and will be removed in 1.6. To calculate the root mean squared error, use the function'root_mean_squared_error'.
  warnings.warn(

2025-04-17 17:45:40,893:WARNING:/opt/anaconda3/envs/LSTM/lib/python3.11/site-packages/sklearn/metrics/_regression.py:483: FutureWarning: 'squared' is deprecated in version 1.4 and will be removed in 1.6. To calculate the root mean squared error, use the function'root_mean_squared_error'.
  warnings.warn(

2025-04-17 17:45:40,913:WARNING:/opt/anaconda3/envs/LSTM/lib/python3.11/site-packages/statsmodels/tsa/holtwinters/model.py:918: ConvergenceWarning: Optimization failed to converge. Check mle_retvals.
  warnings.warn(

2025-04-17 17:45:40,960:WARNING:/opt/anaconda3/envs/LSTM/lib/python3.11/site-packages/sklearn/metrics/_regression.py:483: FutureWarning: 'squared' is deprecated in version 1.4 and will be removed in 1.6. To calculate the root mean squared error, use the function'root_mean_squared_error'.
  warnings.warn(

2025-04-17 17:45:40,960:WARNING:/opt/anaconda3/envs/LSTM/lib/python3.11/site-packages/sklearn/metrics/_regression.py:483: FutureWarning: 'squared' is deprecated in version 1.4 and will be removed in 1.6. To calculate the root mean squared error, use the function'root_mean_squared_error'.
  warnings.warn(

2025-04-17 17:45:40,983:INFO:Calculating mean and std
2025-04-17 17:45:40,983:INFO:Creating metrics dataframe
2025-04-17 17:45:41,016:INFO:Uploading results into container
2025-04-17 17:45:41,017:INFO:Uploading model into container now
2025-04-17 17:45:41,019:INFO:_master_model_container: 2
2025-04-17 17:45:41,020:INFO:_display_container: 2
2025-04-17 17:45:41,021:INFO:ExponentialSmoothing(seasonal='mul', sp=6, trend='add')
2025-04-17 17:45:41,021:INFO:create_model() successfully completed......................................
2025-04-17 17:45:41,280:INFO:SubProcess create_model() end ==================================
2025-04-17 17:45:41,280:INFO:Creating metrics dataframe
2025-04-17 17:45:41,286:INFO:Initializing create_model()
2025-04-17 17:45:41,286:INFO:create_model(self=<pycaret.time_series.forecasting.oop.TSForecastingExperiment object at 0x31447de10>, estimator=AutoETS(seasonal='mul', sp=6, trend='add'), fold=None, round=4, cross_validation=False, predict=False, fit_kwargs={}, groups=None, refit=True, probability_threshold=None, experiment_custom_tags=None, verbose=False, system=False, add_to_model_list=True, metrics=None, display=None, model_only=True, return_train_score=False, error_score=0.0, kwargs={})
2025-04-17 17:45:41,286:INFO:Checking exceptions
2025-04-17 17:45:41,288:INFO:Importing libraries
2025-04-17 17:45:41,288:INFO:Copying training dataset
2025-04-17 17:45:41,291:INFO:Defining folds
2025-04-17 17:45:41,291:INFO:Declaring metric variables
2025-04-17 17:45:41,292:INFO:Importing untrained model
2025-04-17 17:45:41,292:INFO:Declaring custom model
2025-04-17 17:45:41,293:INFO:ETS Imported successfully
2025-04-17 17:45:41,294:INFO:Cross validation set to False
2025-04-17 17:45:41,294:INFO:Fitting Model
2025-04-17 17:45:41,498:INFO:AutoETS(seasonal='mul', sp=6, trend='add')
2025-04-17 17:45:41,498:INFO:create_model() successfully completed......................................
2025-04-17 17:45:41,671:INFO:_master_model_container: 2
2025-04-17 17:45:41,671:INFO:_display_container: 2
2025-04-17 17:45:41,671:INFO:AutoETS(seasonal='mul', sp=6, trend='add')
2025-04-17 17:45:41,671:INFO:compare_models() successfully completed......................................
2025-04-17 17:45:41,672:INFO:Initializing create_model()
2025-04-17 17:45:41,673:INFO:create_model(self=<pycaret.time_series.forecasting.oop.TSForecastingExperiment object at 0x31447de10>, estimator=AutoETS(seasonal='mul', sp=6, trend='add'), fold=None, round=4, cross_validation=True, predict=True, fit_kwargs=None, groups=None, refit=True, probability_threshold=None, experiment_custom_tags=None, verbose=False, system=True, add_to_model_list=True, metrics=None, display=None, model_only=True, return_train_score=False, error_score=0.0, kwargs={})
2025-04-17 17:45:41,673:INFO:Checking exceptions
2025-04-17 17:45:41,675:INFO:Importing libraries
2025-04-17 17:45:41,675:INFO:Copying training dataset
2025-04-17 17:45:41,682:INFO:Defining folds
2025-04-17 17:45:41,682:INFO:Declaring metric variables
2025-04-17 17:45:41,682:INFO:Importing untrained model
2025-04-17 17:45:41,683:INFO:Declaring custom model
2025-04-17 17:45:41,684:INFO:ETS Imported successfully
2025-04-17 17:45:41,686:INFO:Starting cross validation
2025-04-17 17:45:41,688:INFO:Cross validating with ExpandingWindowSplitter(fh=ForecastingHorizon([ 1,  2,  3,  4,  5,  6,  7,  8,  9, 10, 11, 12, 13, 14, 15, 16, 17, 18,
       19, 20, 21, 22, 23, 24, 25, 26, 27, 28, 29, 30],
      dtype='int64', is_relative=True),
                        initial_window=1968, step_length=30), n_jobs=-1
2025-04-17 17:45:41,995:WARNING:/opt/anaconda3/envs/LSTM/lib/python3.11/site-packages/sklearn/metrics/_regression.py:483: FutureWarning: 'squared' is deprecated in version 1.4 and will be removed in 1.6. To calculate the root mean squared error, use the function'root_mean_squared_error'.
  warnings.warn(

2025-04-17 17:45:41,995:WARNING:/opt/anaconda3/envs/LSTM/lib/python3.11/site-packages/sklearn/metrics/_regression.py:483: FutureWarning: 'squared' is deprecated in version 1.4 and will be removed in 1.6. To calculate the root mean squared error, use the function'root_mean_squared_error'.
  warnings.warn(

2025-04-17 17:45:42,003:WARNING:/opt/anaconda3/envs/LSTM/lib/python3.11/site-packages/sklearn/metrics/_regression.py:483: FutureWarning: 'squared' is deprecated in version 1.4 and will be removed in 1.6. To calculate the root mean squared error, use the function'root_mean_squared_error'.
  warnings.warn(

2025-04-17 17:45:42,003:WARNING:/opt/anaconda3/envs/LSTM/lib/python3.11/site-packages/sklearn/metrics/_regression.py:483: FutureWarning: 'squared' is deprecated in version 1.4 and will be removed in 1.6. To calculate the root mean squared error, use the function'root_mean_squared_error'.
  warnings.warn(

2025-04-17 17:45:44,118:WARNING:/opt/anaconda3/envs/LSTM/lib/python3.11/site-packages/sklearn/metrics/_regression.py:483: FutureWarning: 'squared' is deprecated in version 1.4 and will be removed in 1.6. To calculate the root mean squared error, use the function'root_mean_squared_error'.
  warnings.warn(

2025-04-17 17:45:44,119:WARNING:/opt/anaconda3/envs/LSTM/lib/python3.11/site-packages/sklearn/metrics/_regression.py:483: FutureWarning: 'squared' is deprecated in version 1.4 and will be removed in 1.6. To calculate the root mean squared error, use the function'root_mean_squared_error'.
  warnings.warn(

2025-04-17 17:45:44,129:INFO:Calculating mean and std
2025-04-17 17:45:44,129:INFO:Creating metrics dataframe
2025-04-17 17:45:44,132:INFO:Finalizing model
2025-04-17 17:45:44,309:INFO:Uploading results into container
2025-04-17 17:45:44,309:INFO:Uploading model into container now
2025-04-17 17:45:44,309:INFO:_master_model_container: 3
2025-04-17 17:45:44,309:INFO:_display_container: 3
2025-04-17 17:45:44,310:INFO:AutoETS(seasonal='mul', sp=6, trend='add')
2025-04-17 17:45:44,310:INFO:create_model() successfully completed......................................
2025-04-17 17:45:44,452:INFO:Initializing get_config()
2025-04-17 17:45:44,452:INFO:get_config(self=<pycaret.time_series.forecasting.oop.TSForecastingExperiment object at 0x31447de10>, variable=y_train)
2025-04-17 17:45:44,452:INFO:Variable: 'y_train' used to return the transformed values in PyCaret 2.x. From PyCaret 3.x, this will return the raw values. If you need the transformed values, call get_config with 'y_train_transformed' instead.
2025-04-17 17:45:44,457:INFO:Variable:  returned as Date
2017-11-09     320.884003
2017-11-10     299.252991
2017-11-11     314.681000
2017-11-12     307.907990
2017-11-13     316.716003
                 ...     
2023-06-24    1876.059692
2023-06-25    1900.506104
2023-06-26    1859.432861
2023-06-27    1889.703369
2023-06-28    1827.971191
Freq: D, Name: ('Close', 'ETH-USD'), Length: 2058, dtype: float64
2025-04-17 17:45:44,457:INFO:get_config() successfully completed......................................
2025-04-17 18:01:21,058:WARNING:
'prophet' is a soft dependency and not included in the pycaret installation. Please run: `pip install prophet` to install.
2025-04-17 18:01:25,693:INFO:PyCaret TSForecastingExperiment
2025-04-17 18:01:25,693:INFO:Logging name: ts-default-name
2025-04-17 18:01:25,693:INFO:ML Usecase: MLUsecase.TIME_SERIES
2025-04-17 18:01:25,693:INFO:version 3.3.2
2025-04-17 18:01:25,693:INFO:Initializing setup()
2025-04-17 18:01:25,693:INFO:self.USI: 83be
2025-04-17 18:01:25,693:INFO:self._variable_keys: {'y_train_transformed', 'pipeline', 'X_test_transformed', 'X', 'model_engines', 'exp_name_log', 'memory', '_ml_usecase', 'y_test_transformed', 'approach_type', 'significant_sps', 'fh', 'seed', 'y_transformed', 'enforce_exogenous', 'strictly_positive', 'X_train_transformed', 'exp_id', '_available_plots', 'USI', 'logging_param', 'fold_param', 'X_test', 'idx', 'gpu_param', 'y', 'log_plots_param', 'primary_sp_to_use', 'y_test', 'data', 'index_type', 'candidate_sps', 'n_jobs_param', 'html_param', 'y_train', 'fold_generator', 'gpu_n_jobs_param', 'enforce_pi', 'seasonality_present', 'exogenous_present', 'significant_sps_no_harmonics', 'all_sps_to_use', 'X_transformed', 'X_train'}
2025-04-17 18:01:25,693:INFO:Checking environment
2025-04-17 18:01:25,693:INFO:python_version: 3.11.8
2025-04-17 18:01:25,693:INFO:python_build: ('main', 'Feb 16 2024 20:49:36')
2025-04-17 18:01:25,693:INFO:machine: arm64
2025-04-17 18:01:25,693:INFO:platform: macOS-15.3.1-arm64-arm-64bit
2025-04-17 18:01:25,693:INFO:Memory: svmem(total=17179869184, available=3609985024, percent=79.0, used=5627363328, free=79183872, active=3545939968, inactive=3378757632, wired=2081423360)
2025-04-17 18:01:25,693:INFO:Physical Core: 8
2025-04-17 18:01:25,693:INFO:Logical Core: 8
2025-04-17 18:01:25,693:INFO:Checking libraries
2025-04-17 18:01:25,693:INFO:System:
2025-04-17 18:01:25,693:INFO:    python: 3.11.8 | packaged by conda-forge | (main, Feb 16 2024, 20:49:36) [Clang 16.0.6 ]
2025-04-17 18:01:25,693:INFO:executable: /opt/anaconda3/envs/LSTM/bin/python
2025-04-17 18:01:25,693:INFO:   machine: macOS-15.3.1-arm64-arm-64bit
2025-04-17 18:01:25,694:INFO:PyCaret required dependencies:
2025-04-17 18:01:25,725:INFO:                 pip: 25.0
2025-04-17 18:01:25,725:INFO:          setuptools: 75.8.0
2025-04-17 18:01:25,725:INFO:             pycaret: 3.3.2
2025-04-17 18:01:25,725:INFO:             IPython: 8.32.0
2025-04-17 18:01:25,725:INFO:          ipywidgets: 8.1.5
2025-04-17 18:01:25,725:INFO:                tqdm: 4.67.1
2025-04-17 18:01:25,725:INFO:               numpy: 1.26.4
2025-04-17 18:01:25,725:INFO:              pandas: 2.1.4
2025-04-17 18:01:25,725:INFO:              jinja2: 3.1.5
2025-04-17 18:01:25,725:INFO:               scipy: 1.11.4
2025-04-17 18:01:25,725:INFO:              joblib: 1.3.2
2025-04-17 18:01:25,725:INFO:             sklearn: 1.4.2
2025-04-17 18:01:25,725:INFO:                pyod: 2.0.3
2025-04-17 18:01:25,725:INFO:            imblearn: 0.13.0
2025-04-17 18:01:25,725:INFO:   category_encoders: 2.7.0
2025-04-17 18:01:25,725:INFO:            lightgbm: 4.6.0
2025-04-17 18:01:25,725:INFO:               numba: 0.61.0
2025-04-17 18:01:25,725:INFO:            requests: 2.32.3
2025-04-17 18:01:25,725:INFO:          matplotlib: 3.7.5
2025-04-17 18:01:25,726:INFO:          scikitplot: 0.3.7
2025-04-17 18:01:25,726:INFO:         yellowbrick: 1.5
2025-04-17 18:01:25,726:INFO:              plotly: 5.24.1
2025-04-17 18:01:25,726:INFO:    plotly-resampler: Not installed
2025-04-17 18:01:25,726:INFO:             kaleido: 0.2.1
2025-04-17 18:01:25,726:INFO:           schemdraw: 0.15
2025-04-17 18:01:25,726:INFO:         statsmodels: 0.14.4
2025-04-17 18:01:25,726:INFO:              sktime: 0.26.0
2025-04-17 18:01:25,726:INFO:               tbats: 1.1.3
2025-04-17 18:01:25,726:INFO:            pmdarima: 2.0.4
2025-04-17 18:01:25,726:INFO:              psutil: 5.9.0
2025-04-17 18:01:25,726:INFO:          markupsafe: 3.0.2
2025-04-17 18:01:25,726:INFO:             pickle5: Not installed
2025-04-17 18:01:25,726:INFO:         cloudpickle: 3.1.1
2025-04-17 18:01:25,726:INFO:         deprecation: 2.1.0
2025-04-17 18:01:25,726:INFO:              xxhash: 3.5.0
2025-04-17 18:01:25,726:INFO:           wurlitzer: 3.1.1
2025-04-17 18:01:25,726:INFO:PyCaret optional dependencies:
2025-04-17 18:01:25,750:INFO:                shap: Not installed
2025-04-17 18:01:25,750:INFO:           interpret: Not installed
2025-04-17 18:01:25,750:INFO:                umap: Not installed
2025-04-17 18:01:25,750:INFO:     ydata_profiling: Not installed
2025-04-17 18:01:25,750:INFO:  explainerdashboard: Not installed
2025-04-17 18:01:25,750:INFO:             autoviz: Not installed
2025-04-17 18:01:25,750:INFO:           fairlearn: Not installed
2025-04-17 18:01:25,750:INFO:          deepchecks: Not installed
2025-04-17 18:01:25,750:INFO:             xgboost: Not installed
2025-04-17 18:01:25,750:INFO:            catboost: Not installed
2025-04-17 18:01:25,750:INFO:              kmodes: Not installed
2025-04-17 18:01:25,750:INFO:             mlxtend: Not installed
2025-04-17 18:01:25,750:INFO:       statsforecast: Not installed
2025-04-17 18:01:25,750:INFO:        tune_sklearn: Not installed
2025-04-17 18:01:25,750:INFO:                 ray: Not installed
2025-04-17 18:01:25,750:INFO:            hyperopt: Not installed
2025-04-17 18:01:25,750:INFO:              optuna: Not installed
2025-04-17 18:01:25,750:INFO:               skopt: Not installed
2025-04-17 18:01:25,751:INFO:              mlflow: Not installed
2025-04-17 18:01:25,751:INFO:              gradio: Not installed
2025-04-17 18:01:25,751:INFO:             fastapi: Not installed
2025-04-17 18:01:25,751:INFO:             uvicorn: Not installed
2025-04-17 18:01:25,751:INFO:              m2cgen: Not installed
2025-04-17 18:01:25,751:INFO:           evidently: Not installed
2025-04-17 18:01:25,751:INFO:               fugue: Not installed
2025-04-17 18:01:25,751:INFO:           streamlit: Not installed
2025-04-17 18:01:25,751:INFO:             prophet: Not installed
2025-04-17 18:01:25,751:INFO:None
2025-04-17 18:01:25,758:INFO:Set Forecast Horizon.
2025-04-17 18:01:25,758:INFO:Set up Train-Test Splits.
2025-04-17 18:01:25,764:INFO:Preparing preprocessing pipeline...
2025-04-17 18:01:25,764:INFO:Set up imputation for Target variable(s).
2025-04-17 18:01:25,796:INFO:Finished creating preprocessing pipeline.
2025-04-17 18:01:25,800:INFO:Pipeline: ForecastingPipeline(steps=[('forecaster',
                            TransformedTargetForecaster(steps=[('transformer_target',
                                                                TransformerPipeline(steps=[('numerical_imputer',
                                                                                            Imputer(method='ffill',
                                                                                                    random_state=123))])),
                                                               ('model',
                                                                DummyForecaster())]))])
2025-04-17 18:01:25,800:INFO:Set up Seasonal Period.
2025-04-17 18:01:25,808:INFO:Setting the seasonal component type - 'add' or 'mul'.
2025-04-17 18:01:25,808:INFO:Checking if data is strictly positive.
2025-04-17 18:01:25,836:INFO:Creating final display dataframe.
2025-04-17 18:01:25,868:INFO:Setup Display Container:                                           Description                    Value
0                                          session_id                      123
1                                              Target     ('Close', 'ETH-USD')
2                                            Approach               Univariate
3                                 Exogenous Variables              Not Present
4                                 Original data shape                (2088, 1)
5                              Transformed data shape                (2088, 1)
6                         Transformed train set shape                (2058, 1)
7                          Transformed test set shape                  (30, 1)
8                            Rows with missing values                     0.0%
9                                      Fold Generator  ExpandingWindowSplitter
10                                        Fold Number                        3
11                        Enforce Prediction Interval                    False
12                    Splits used for hyperparameters                      all
13                    User Defined Seasonal Period(s)                     None
14                            Ignore Seasonality Test                    False
15                         Seasonality Detection Algo                     auto
16                             Max Period to Consider                       60
17                          Seasonal Period(s) Tested  [6, 33, 17, 28, 27, 58]
18                     Significant Seasonal Period(s)  [6, 33, 17, 28, 27, 58]
19   Significant Seasonal Period(s) without Harmonics  [6, 33, 17, 28, 27, 58]
20                                   Remove Harmonics                    False
21                             Harmonics Order Method             harmonic_max
22                           Num Seasonalities to Use                        1
23                           All Seasonalities to Use                      [6]
24                                Primary Seasonality                        6
25                                Seasonality Present                     True
26                                   Seasonality Type                      mul
27                           Target Strictly Positive                     True
28                                 Target White Noise                       No
29                                      Recommended d                        1
30                             Recommended Seasonal D                        0
31                                         Preprocess                     True
32                      Numerical Imputation (Target)                    ffill
33                            Transformation (Target)                     None
34                                   Scaling (Target)                     None
35  Feature Engineering (Target) - Reduced Regression                    False
36                                           CPU Jobs                       -1
37                                            Use GPU                    False
38                                     Log Experiment                    False
39                                    Experiment Name          ts-default-name
40                                                USI                     83be
2025-04-17 18:01:25,868:INFO:Engine successfully changes for model 'auto_arima' to 'pmdarima'.
2025-04-17 18:01:25,915:WARNING:
'prophet' is a soft dependency and not included in the pycaret installation. Please run: `pip install prophet` to install.
2025-04-17 18:01:25,915:INFO:Engine for model 'lr_cds_dt' has not been set explicitly, hence returning None.
2025-04-17 18:01:25,915:INFO:Engine for model 'en_cds_dt' has not been set explicitly, hence returning None.
2025-04-17 18:01:25,915:INFO:Engine for model 'ridge_cds_dt' has not been set explicitly, hence returning None.
2025-04-17 18:01:25,916:INFO:Engine for model 'lasso_cds_dt' has not been set explicitly, hence returning None.
2025-04-17 18:01:25,916:INFO:Engine for model 'llar_cds_dt' has not been set explicitly, hence returning None.
2025-04-17 18:01:25,916:INFO:Engine for model 'br_cds_dt' has not been set explicitly, hence returning None.
2025-04-17 18:01:25,916:INFO:Engine for model 'huber_cds_dt' has not been set explicitly, hence returning None.
2025-04-17 18:01:25,917:INFO:Engine for model 'omp_cds_dt' has not been set explicitly, hence returning None.
2025-04-17 18:01:25,917:INFO:Engine for model 'knn_cds_dt' has not been set explicitly, hence returning None.
2025-04-17 18:01:25,917:INFO:Engine for model 'dt_cds_dt' has not been set explicitly, hence returning None.
2025-04-17 18:01:25,917:INFO:Engine for model 'rf_cds_dt' has not been set explicitly, hence returning None.
2025-04-17 18:01:25,917:INFO:Engine for model 'et_cds_dt' has not been set explicitly, hence returning None.
2025-04-17 18:01:25,917:INFO:Engine for model 'gbr_cds_dt' has not been set explicitly, hence returning None.
2025-04-17 18:01:25,918:INFO:Engine for model 'ada_cds_dt' has not been set explicitly, hence returning None.
2025-04-17 18:01:25,918:INFO:Engine for model 'xgboost_cds_dt' has not been set explicitly, hence returning None.
2025-04-17 18:01:25,918:WARNING:
'xgboost' is a soft dependency and not included in the pycaret installation. Please run: `pip install xgboost` to install.
Alternately, you can install this by running `pip install pycaret[models]`
2025-04-17 18:01:25,918:WARNING:
'xgboost' is a soft dependency and not included in the pycaret installation. Please run: `pip install xgboost` to install.
Alternately, you can install this by running `pip install pycaret[models]`
2025-04-17 18:01:25,918:INFO:Engine for model 'lightgbm_cds_dt' has not been set explicitly, hence returning None.
2025-04-17 18:01:25,918:INFO:Engine for model 'catboost_cds_dt' has not been set explicitly, hence returning None.
2025-04-17 18:01:25,918:WARNING:
'catboost' is a soft dependency and not included in the pycaret installation. Please run: `pip install catboost` to install.
Alternately, you can install this by running `pip install pycaret[models]`
2025-04-17 18:01:25,918:WARNING:
'catboost' is a soft dependency and not included in the pycaret installation. Please run: `pip install catboost` to install.
Alternately, you can install this by running `pip install pycaret[models]`
2025-04-17 18:01:25,921:WARNING:
'prophet' is a soft dependency and not included in the pycaret installation. Please run: `pip install prophet` to install.
2025-04-17 18:01:25,921:INFO:Engine for model 'lr_cds_dt' has not been set explicitly, hence returning None.
2025-04-17 18:01:25,922:INFO:Engine for model 'en_cds_dt' has not been set explicitly, hence returning None.
2025-04-17 18:01:25,922:INFO:Engine for model 'ridge_cds_dt' has not been set explicitly, hence returning None.
2025-04-17 18:01:25,922:INFO:Engine for model 'lasso_cds_dt' has not been set explicitly, hence returning None.
2025-04-17 18:01:25,922:INFO:Engine for model 'llar_cds_dt' has not been set explicitly, hence returning None.
2025-04-17 18:01:25,922:INFO:Engine for model 'br_cds_dt' has not been set explicitly, hence returning None.
2025-04-17 18:01:25,922:INFO:Engine for model 'huber_cds_dt' has not been set explicitly, hence returning None.
2025-04-17 18:01:25,923:INFO:Engine for model 'omp_cds_dt' has not been set explicitly, hence returning None.
2025-04-17 18:01:25,923:INFO:Engine for model 'knn_cds_dt' has not been set explicitly, hence returning None.
2025-04-17 18:01:25,923:INFO:Engine for model 'dt_cds_dt' has not been set explicitly, hence returning None.
2025-04-17 18:01:25,924:INFO:Engine for model 'rf_cds_dt' has not been set explicitly, hence returning None.
2025-04-17 18:01:25,924:INFO:Engine for model 'et_cds_dt' has not been set explicitly, hence returning None.
2025-04-17 18:01:25,924:INFO:Engine for model 'gbr_cds_dt' has not been set explicitly, hence returning None.
2025-04-17 18:01:25,924:INFO:Engine for model 'ada_cds_dt' has not been set explicitly, hence returning None.
2025-04-17 18:01:25,924:INFO:Engine for model 'xgboost_cds_dt' has not been set explicitly, hence returning None.
2025-04-17 18:01:25,924:WARNING:
'xgboost' is a soft dependency and not included in the pycaret installation. Please run: `pip install xgboost` to install.
Alternately, you can install this by running `pip install pycaret[models]`
2025-04-17 18:01:25,924:WARNING:
'xgboost' is a soft dependency and not included in the pycaret installation. Please run: `pip install xgboost` to install.
Alternately, you can install this by running `pip install pycaret[models]`
2025-04-17 18:01:25,924:INFO:Engine for model 'lightgbm_cds_dt' has not been set explicitly, hence returning None.
2025-04-17 18:01:25,924:INFO:Engine for model 'catboost_cds_dt' has not been set explicitly, hence returning None.
2025-04-17 18:01:25,924:WARNING:
'catboost' is a soft dependency and not included in the pycaret installation. Please run: `pip install catboost` to install.
Alternately, you can install this by running `pip install pycaret[models]`
2025-04-17 18:01:25,924:WARNING:
'catboost' is a soft dependency and not included in the pycaret installation. Please run: `pip install catboost` to install.
Alternately, you can install this by running `pip install pycaret[models]`
2025-04-17 18:01:25,924:INFO:Engine successfully changes for model 'lr_cds_dt' to 'sklearn'.
2025-04-17 18:01:25,926:WARNING:
'prophet' is a soft dependency and not included in the pycaret installation. Please run: `pip install prophet` to install.
2025-04-17 18:01:25,926:INFO:Engine for model 'en_cds_dt' has not been set explicitly, hence returning None.
2025-04-17 18:01:25,926:INFO:Engine for model 'ridge_cds_dt' has not been set explicitly, hence returning None.
2025-04-17 18:01:25,927:INFO:Engine for model 'lasso_cds_dt' has not been set explicitly, hence returning None.
2025-04-17 18:01:25,927:INFO:Engine for model 'llar_cds_dt' has not been set explicitly, hence returning None.
2025-04-17 18:01:25,928:INFO:Engine for model 'br_cds_dt' has not been set explicitly, hence returning None.
2025-04-17 18:01:25,928:INFO:Engine for model 'huber_cds_dt' has not been set explicitly, hence returning None.
2025-04-17 18:01:25,931:INFO:Engine for model 'omp_cds_dt' has not been set explicitly, hence returning None.
2025-04-17 18:01:25,935:INFO:Engine for model 'knn_cds_dt' has not been set explicitly, hence returning None.
2025-04-17 18:01:25,936:INFO:Engine for model 'dt_cds_dt' has not been set explicitly, hence returning None.
2025-04-17 18:01:25,940:INFO:Engine for model 'rf_cds_dt' has not been set explicitly, hence returning None.
2025-04-17 18:01:25,941:INFO:Engine for model 'et_cds_dt' has not been set explicitly, hence returning None.
2025-04-17 18:01:25,941:INFO:Engine for model 'gbr_cds_dt' has not been set explicitly, hence returning None.
2025-04-17 18:01:25,941:INFO:Engine for model 'ada_cds_dt' has not been set explicitly, hence returning None.
2025-04-17 18:01:25,942:INFO:Engine for model 'xgboost_cds_dt' has not been set explicitly, hence returning None.
2025-04-17 18:01:25,942:WARNING:
'xgboost' is a soft dependency and not included in the pycaret installation. Please run: `pip install xgboost` to install.
Alternately, you can install this by running `pip install pycaret[models]`
2025-04-17 18:01:25,942:WARNING:
'xgboost' is a soft dependency and not included in the pycaret installation. Please run: `pip install xgboost` to install.
Alternately, you can install this by running `pip install pycaret[models]`
2025-04-17 18:01:25,942:INFO:Engine for model 'lightgbm_cds_dt' has not been set explicitly, hence returning None.
2025-04-17 18:01:25,942:INFO:Engine for model 'catboost_cds_dt' has not been set explicitly, hence returning None.
2025-04-17 18:01:25,942:WARNING:
'catboost' is a soft dependency and not included in the pycaret installation. Please run: `pip install catboost` to install.
Alternately, you can install this by running `pip install pycaret[models]`
2025-04-17 18:01:25,942:WARNING:
'catboost' is a soft dependency and not included in the pycaret installation. Please run: `pip install catboost` to install.
Alternately, you can install this by running `pip install pycaret[models]`
2025-04-17 18:01:25,945:WARNING:
'prophet' is a soft dependency and not included in the pycaret installation. Please run: `pip install prophet` to install.
2025-04-17 18:01:25,945:INFO:Engine for model 'en_cds_dt' has not been set explicitly, hence returning None.
2025-04-17 18:01:25,945:INFO:Engine for model 'ridge_cds_dt' has not been set explicitly, hence returning None.
2025-04-17 18:01:25,945:INFO:Engine for model 'lasso_cds_dt' has not been set explicitly, hence returning None.
2025-04-17 18:01:25,945:INFO:Engine for model 'llar_cds_dt' has not been set explicitly, hence returning None.
2025-04-17 18:01:25,946:INFO:Engine for model 'br_cds_dt' has not been set explicitly, hence returning None.
2025-04-17 18:01:25,946:INFO:Engine for model 'huber_cds_dt' has not been set explicitly, hence returning None.
2025-04-17 18:01:25,946:INFO:Engine for model 'omp_cds_dt' has not been set explicitly, hence returning None.
2025-04-17 18:01:25,948:INFO:Engine for model 'knn_cds_dt' has not been set explicitly, hence returning None.
2025-04-17 18:01:25,949:INFO:Engine for model 'dt_cds_dt' has not been set explicitly, hence returning None.
2025-04-17 18:01:25,949:INFO:Engine for model 'rf_cds_dt' has not been set explicitly, hence returning None.
2025-04-17 18:01:25,949:INFO:Engine for model 'et_cds_dt' has not been set explicitly, hence returning None.
2025-04-17 18:01:25,950:INFO:Engine for model 'gbr_cds_dt' has not been set explicitly, hence returning None.
2025-04-17 18:01:25,950:INFO:Engine for model 'ada_cds_dt' has not been set explicitly, hence returning None.
2025-04-17 18:01:25,950:INFO:Engine for model 'xgboost_cds_dt' has not been set explicitly, hence returning None.
2025-04-17 18:01:25,950:WARNING:
'xgboost' is a soft dependency and not included in the pycaret installation. Please run: `pip install xgboost` to install.
Alternately, you can install this by running `pip install pycaret[models]`
2025-04-17 18:01:25,950:WARNING:
'xgboost' is a soft dependency and not included in the pycaret installation. Please run: `pip install xgboost` to install.
Alternately, you can install this by running `pip install pycaret[models]`
2025-04-17 18:01:25,950:INFO:Engine for model 'lightgbm_cds_dt' has not been set explicitly, hence returning None.
2025-04-17 18:01:25,950:INFO:Engine for model 'catboost_cds_dt' has not been set explicitly, hence returning None.
2025-04-17 18:01:25,950:WARNING:
'catboost' is a soft dependency and not included in the pycaret installation. Please run: `pip install catboost` to install.
Alternately, you can install this by running `pip install pycaret[models]`
2025-04-17 18:01:25,950:WARNING:
'catboost' is a soft dependency and not included in the pycaret installation. Please run: `pip install catboost` to install.
Alternately, you can install this by running `pip install pycaret[models]`
2025-04-17 18:01:25,951:INFO:Engine successfully changes for model 'en_cds_dt' to 'sklearn'.
2025-04-17 18:01:25,961:WARNING:
'prophet' is a soft dependency and not included in the pycaret installation. Please run: `pip install prophet` to install.
2025-04-17 18:01:25,962:INFO:Engine for model 'ridge_cds_dt' has not been set explicitly, hence returning None.
2025-04-17 18:01:25,962:INFO:Engine for model 'lasso_cds_dt' has not been set explicitly, hence returning None.
2025-04-17 18:01:25,964:INFO:Engine for model 'llar_cds_dt' has not been set explicitly, hence returning None.
2025-04-17 18:01:25,965:INFO:Engine for model 'br_cds_dt' has not been set explicitly, hence returning None.
2025-04-17 18:01:25,965:INFO:Engine for model 'huber_cds_dt' has not been set explicitly, hence returning None.
2025-04-17 18:01:25,965:INFO:Engine for model 'omp_cds_dt' has not been set explicitly, hence returning None.
2025-04-17 18:01:25,967:INFO:Engine for model 'knn_cds_dt' has not been set explicitly, hence returning None.
2025-04-17 18:01:25,967:INFO:Engine for model 'dt_cds_dt' has not been set explicitly, hence returning None.
2025-04-17 18:01:25,968:INFO:Engine for model 'rf_cds_dt' has not been set explicitly, hence returning None.
2025-04-17 18:01:25,968:INFO:Engine for model 'et_cds_dt' has not been set explicitly, hence returning None.
2025-04-17 18:01:25,968:INFO:Engine for model 'gbr_cds_dt' has not been set explicitly, hence returning None.
2025-04-17 18:01:25,969:INFO:Engine for model 'ada_cds_dt' has not been set explicitly, hence returning None.
2025-04-17 18:01:25,969:INFO:Engine for model 'xgboost_cds_dt' has not been set explicitly, hence returning None.
2025-04-17 18:01:25,969:WARNING:
'xgboost' is a soft dependency and not included in the pycaret installation. Please run: `pip install xgboost` to install.
Alternately, you can install this by running `pip install pycaret[models]`
2025-04-17 18:01:25,969:WARNING:
'xgboost' is a soft dependency and not included in the pycaret installation. Please run: `pip install xgboost` to install.
Alternately, you can install this by running `pip install pycaret[models]`
2025-04-17 18:01:25,969:INFO:Engine for model 'lightgbm_cds_dt' has not been set explicitly, hence returning None.
2025-04-17 18:01:25,970:INFO:Engine for model 'catboost_cds_dt' has not been set explicitly, hence returning None.
2025-04-17 18:01:25,970:WARNING:
'catboost' is a soft dependency and not included in the pycaret installation. Please run: `pip install catboost` to install.
Alternately, you can install this by running `pip install pycaret[models]`
2025-04-17 18:01:25,970:WARNING:
'catboost' is a soft dependency and not included in the pycaret installation. Please run: `pip install catboost` to install.
Alternately, you can install this by running `pip install pycaret[models]`
2025-04-17 18:01:25,990:WARNING:
'prophet' is a soft dependency and not included in the pycaret installation. Please run: `pip install prophet` to install.
2025-04-17 18:01:25,991:INFO:Engine for model 'ridge_cds_dt' has not been set explicitly, hence returning None.
2025-04-17 18:01:25,991:INFO:Engine for model 'lasso_cds_dt' has not been set explicitly, hence returning None.
2025-04-17 18:01:25,992:INFO:Engine for model 'llar_cds_dt' has not been set explicitly, hence returning None.
2025-04-17 18:01:25,992:INFO:Engine for model 'br_cds_dt' has not been set explicitly, hence returning None.
2025-04-17 18:01:25,992:INFO:Engine for model 'huber_cds_dt' has not been set explicitly, hence returning None.
2025-04-17 18:01:25,994:INFO:Engine for model 'omp_cds_dt' has not been set explicitly, hence returning None.
2025-04-17 18:01:25,995:INFO:Engine for model 'knn_cds_dt' has not been set explicitly, hence returning None.
2025-04-17 18:01:25,995:INFO:Engine for model 'dt_cds_dt' has not been set explicitly, hence returning None.
2025-04-17 18:01:25,996:INFO:Engine for model 'rf_cds_dt' has not been set explicitly, hence returning None.
2025-04-17 18:01:25,997:INFO:Engine for model 'et_cds_dt' has not been set explicitly, hence returning None.
2025-04-17 18:01:25,997:INFO:Engine for model 'gbr_cds_dt' has not been set explicitly, hence returning None.
2025-04-17 18:01:25,998:INFO:Engine for model 'ada_cds_dt' has not been set explicitly, hence returning None.
2025-04-17 18:01:25,998:INFO:Engine for model 'xgboost_cds_dt' has not been set explicitly, hence returning None.
2025-04-17 18:01:25,998:WARNING:
'xgboost' is a soft dependency and not included in the pycaret installation. Please run: `pip install xgboost` to install.
Alternately, you can install this by running `pip install pycaret[models]`
2025-04-17 18:01:25,998:WARNING:
'xgboost' is a soft dependency and not included in the pycaret installation. Please run: `pip install xgboost` to install.
Alternately, you can install this by running `pip install pycaret[models]`
2025-04-17 18:01:25,998:INFO:Engine for model 'lightgbm_cds_dt' has not been set explicitly, hence returning None.
2025-04-17 18:01:25,998:INFO:Engine for model 'catboost_cds_dt' has not been set explicitly, hence returning None.
2025-04-17 18:01:25,998:WARNING:
'catboost' is a soft dependency and not included in the pycaret installation. Please run: `pip install catboost` to install.
Alternately, you can install this by running `pip install pycaret[models]`
2025-04-17 18:01:25,998:WARNING:
'catboost' is a soft dependency and not included in the pycaret installation. Please run: `pip install catboost` to install.
Alternately, you can install this by running `pip install pycaret[models]`
2025-04-17 18:01:25,998:INFO:Engine successfully changes for model 'ridge_cds_dt' to 'sklearn'.
2025-04-17 18:01:25,999:WARNING:
'prophet' is a soft dependency and not included in the pycaret installation. Please run: `pip install prophet` to install.
2025-04-17 18:01:26,000:INFO:Engine for model 'lasso_cds_dt' has not been set explicitly, hence returning None.
2025-04-17 18:01:26,000:INFO:Engine for model 'llar_cds_dt' has not been set explicitly, hence returning None.
2025-04-17 18:01:26,000:INFO:Engine for model 'br_cds_dt' has not been set explicitly, hence returning None.
2025-04-17 18:01:26,000:INFO:Engine for model 'huber_cds_dt' has not been set explicitly, hence returning None.
2025-04-17 18:01:26,001:INFO:Engine for model 'omp_cds_dt' has not been set explicitly, hence returning None.
2025-04-17 18:01:26,001:INFO:Engine for model 'knn_cds_dt' has not been set explicitly, hence returning None.
2025-04-17 18:01:26,001:INFO:Engine for model 'dt_cds_dt' has not been set explicitly, hence returning None.
2025-04-17 18:01:26,001:INFO:Engine for model 'rf_cds_dt' has not been set explicitly, hence returning None.
2025-04-17 18:01:26,001:INFO:Engine for model 'et_cds_dt' has not been set explicitly, hence returning None.
2025-04-17 18:01:26,002:INFO:Engine for model 'gbr_cds_dt' has not been set explicitly, hence returning None.
2025-04-17 18:01:26,002:INFO:Engine for model 'ada_cds_dt' has not been set explicitly, hence returning None.
2025-04-17 18:01:26,002:INFO:Engine for model 'xgboost_cds_dt' has not been set explicitly, hence returning None.
2025-04-17 18:01:26,002:WARNING:
'xgboost' is a soft dependency and not included in the pycaret installation. Please run: `pip install xgboost` to install.
Alternately, you can install this by running `pip install pycaret[models]`
2025-04-17 18:01:26,002:WARNING:
'xgboost' is a soft dependency and not included in the pycaret installation. Please run: `pip install xgboost` to install.
Alternately, you can install this by running `pip install pycaret[models]`
2025-04-17 18:01:26,002:INFO:Engine for model 'lightgbm_cds_dt' has not been set explicitly, hence returning None.
2025-04-17 18:01:26,002:INFO:Engine for model 'catboost_cds_dt' has not been set explicitly, hence returning None.
2025-04-17 18:01:26,002:WARNING:
'catboost' is a soft dependency and not included in the pycaret installation. Please run: `pip install catboost` to install.
Alternately, you can install this by running `pip install pycaret[models]`
2025-04-17 18:01:26,002:WARNING:
'catboost' is a soft dependency and not included in the pycaret installation. Please run: `pip install catboost` to install.
Alternately, you can install this by running `pip install pycaret[models]`
2025-04-17 18:01:26,017:WARNING:
'prophet' is a soft dependency and not included in the pycaret installation. Please run: `pip install prophet` to install.
2025-04-17 18:01:26,018:INFO:Engine for model 'lasso_cds_dt' has not been set explicitly, hence returning None.
2025-04-17 18:01:26,018:INFO:Engine for model 'llar_cds_dt' has not been set explicitly, hence returning None.
2025-04-17 18:01:26,027:INFO:Engine for model 'br_cds_dt' has not been set explicitly, hence returning None.
2025-04-17 18:01:26,041:INFO:Engine for model 'huber_cds_dt' has not been set explicitly, hence returning None.
2025-04-17 18:01:26,051:INFO:Engine for model 'omp_cds_dt' has not been set explicitly, hence returning None.
2025-04-17 18:01:26,052:INFO:Engine for model 'knn_cds_dt' has not been set explicitly, hence returning None.
2025-04-17 18:01:26,052:INFO:Engine for model 'dt_cds_dt' has not been set explicitly, hence returning None.
2025-04-17 18:01:26,052:INFO:Engine for model 'rf_cds_dt' has not been set explicitly, hence returning None.
2025-04-17 18:01:26,052:INFO:Engine for model 'et_cds_dt' has not been set explicitly, hence returning None.
2025-04-17 18:01:26,052:INFO:Engine for model 'gbr_cds_dt' has not been set explicitly, hence returning None.
2025-04-17 18:01:26,053:INFO:Engine for model 'ada_cds_dt' has not been set explicitly, hence returning None.
2025-04-17 18:01:26,053:INFO:Engine for model 'xgboost_cds_dt' has not been set explicitly, hence returning None.
2025-04-17 18:01:26,053:WARNING:
'xgboost' is a soft dependency and not included in the pycaret installation. Please run: `pip install xgboost` to install.
Alternately, you can install this by running `pip install pycaret[models]`
2025-04-17 18:01:26,053:WARNING:
'xgboost' is a soft dependency and not included in the pycaret installation. Please run: `pip install xgboost` to install.
Alternately, you can install this by running `pip install pycaret[models]`
2025-04-17 18:01:26,053:INFO:Engine for model 'lightgbm_cds_dt' has not been set explicitly, hence returning None.
2025-04-17 18:01:26,053:INFO:Engine for model 'catboost_cds_dt' has not been set explicitly, hence returning None.
2025-04-17 18:01:26,053:WARNING:
'catboost' is a soft dependency and not included in the pycaret installation. Please run: `pip install catboost` to install.
Alternately, you can install this by running `pip install pycaret[models]`
2025-04-17 18:01:26,053:WARNING:
'catboost' is a soft dependency and not included in the pycaret installation. Please run: `pip install catboost` to install.
Alternately, you can install this by running `pip install pycaret[models]`
2025-04-17 18:01:26,053:INFO:Engine successfully changes for model 'lasso_cds_dt' to 'sklearn'.
2025-04-17 18:01:26,056:WARNING:
'prophet' is a soft dependency and not included in the pycaret installation. Please run: `pip install prophet` to install.
2025-04-17 18:01:26,057:INFO:Engine for model 'llar_cds_dt' has not been set explicitly, hence returning None.
2025-04-17 18:01:26,057:INFO:Engine for model 'br_cds_dt' has not been set explicitly, hence returning None.
2025-04-17 18:01:26,058:INFO:Engine for model 'huber_cds_dt' has not been set explicitly, hence returning None.
2025-04-17 18:01:26,059:INFO:Engine for model 'omp_cds_dt' has not been set explicitly, hence returning None.
2025-04-17 18:01:26,060:INFO:Engine for model 'knn_cds_dt' has not been set explicitly, hence returning None.
2025-04-17 18:01:26,060:INFO:Engine for model 'dt_cds_dt' has not been set explicitly, hence returning None.
2025-04-17 18:01:26,060:INFO:Engine for model 'rf_cds_dt' has not been set explicitly, hence returning None.
2025-04-17 18:01:26,060:INFO:Engine for model 'et_cds_dt' has not been set explicitly, hence returning None.
2025-04-17 18:01:26,061:INFO:Engine for model 'gbr_cds_dt' has not been set explicitly, hence returning None.
2025-04-17 18:01:26,061:INFO:Engine for model 'ada_cds_dt' has not been set explicitly, hence returning None.
2025-04-17 18:01:26,061:INFO:Engine for model 'xgboost_cds_dt' has not been set explicitly, hence returning None.
2025-04-17 18:01:26,061:WARNING:
'xgboost' is a soft dependency and not included in the pycaret installation. Please run: `pip install xgboost` to install.
Alternately, you can install this by running `pip install pycaret[models]`
2025-04-17 18:01:26,061:WARNING:
'xgboost' is a soft dependency and not included in the pycaret installation. Please run: `pip install xgboost` to install.
Alternately, you can install this by running `pip install pycaret[models]`
2025-04-17 18:01:26,061:INFO:Engine for model 'lightgbm_cds_dt' has not been set explicitly, hence returning None.
2025-04-17 18:01:26,061:INFO:Engine for model 'catboost_cds_dt' has not been set explicitly, hence returning None.
2025-04-17 18:01:26,061:WARNING:
'catboost' is a soft dependency and not included in the pycaret installation. Please run: `pip install catboost` to install.
Alternately, you can install this by running `pip install pycaret[models]`
2025-04-17 18:01:26,061:WARNING:
'catboost' is a soft dependency and not included in the pycaret installation. Please run: `pip install catboost` to install.
Alternately, you can install this by running `pip install pycaret[models]`
2025-04-17 18:01:26,063:WARNING:
'prophet' is a soft dependency and not included in the pycaret installation. Please run: `pip install prophet` to install.
2025-04-17 18:01:26,064:INFO:Engine for model 'llar_cds_dt' has not been set explicitly, hence returning None.
2025-04-17 18:01:26,065:INFO:Engine for model 'br_cds_dt' has not been set explicitly, hence returning None.
2025-04-17 18:01:26,065:INFO:Engine for model 'huber_cds_dt' has not been set explicitly, hence returning None.
2025-04-17 18:01:26,067:INFO:Engine for model 'omp_cds_dt' has not been set explicitly, hence returning None.
2025-04-17 18:01:26,068:INFO:Engine for model 'knn_cds_dt' has not been set explicitly, hence returning None.
2025-04-17 18:01:26,068:INFO:Engine for model 'dt_cds_dt' has not been set explicitly, hence returning None.
2025-04-17 18:01:26,068:INFO:Engine for model 'rf_cds_dt' has not been set explicitly, hence returning None.
2025-04-17 18:01:26,069:INFO:Engine for model 'et_cds_dt' has not been set explicitly, hence returning None.
2025-04-17 18:01:26,069:INFO:Engine for model 'gbr_cds_dt' has not been set explicitly, hence returning None.
2025-04-17 18:01:26,070:INFO:Engine for model 'ada_cds_dt' has not been set explicitly, hence returning None.
2025-04-17 18:01:26,070:INFO:Engine for model 'xgboost_cds_dt' has not been set explicitly, hence returning None.
2025-04-17 18:01:26,070:WARNING:
'xgboost' is a soft dependency and not included in the pycaret installation. Please run: `pip install xgboost` to install.
Alternately, you can install this by running `pip install pycaret[models]`
2025-04-17 18:01:26,070:WARNING:
'xgboost' is a soft dependency and not included in the pycaret installation. Please run: `pip install xgboost` to install.
Alternately, you can install this by running `pip install pycaret[models]`
2025-04-17 18:01:26,070:INFO:Engine for model 'lightgbm_cds_dt' has not been set explicitly, hence returning None.
2025-04-17 18:01:26,071:INFO:Engine for model 'catboost_cds_dt' has not been set explicitly, hence returning None.
2025-04-17 18:01:26,071:WARNING:
'catboost' is a soft dependency and not included in the pycaret installation. Please run: `pip install catboost` to install.
Alternately, you can install this by running `pip install pycaret[models]`
2025-04-17 18:01:26,071:WARNING:
'catboost' is a soft dependency and not included in the pycaret installation. Please run: `pip install catboost` to install.
Alternately, you can install this by running `pip install pycaret[models]`
2025-04-17 18:01:26,071:INFO:Engine successfully changes for model 'lar_cds_dt' to 'sklearn'.
2025-04-17 18:01:26,073:WARNING:
'prophet' is a soft dependency and not included in the pycaret installation. Please run: `pip install prophet` to install.
2025-04-17 18:01:26,073:INFO:Engine for model 'llar_cds_dt' has not been set explicitly, hence returning None.
2025-04-17 18:01:26,073:INFO:Engine for model 'br_cds_dt' has not been set explicitly, hence returning None.
2025-04-17 18:01:26,073:INFO:Engine for model 'huber_cds_dt' has not been set explicitly, hence returning None.
2025-04-17 18:01:26,074:INFO:Engine for model 'omp_cds_dt' has not been set explicitly, hence returning None.
2025-04-17 18:01:26,074:INFO:Engine for model 'knn_cds_dt' has not been set explicitly, hence returning None.
2025-04-17 18:01:26,075:INFO:Engine for model 'dt_cds_dt' has not been set explicitly, hence returning None.
2025-04-17 18:01:26,075:INFO:Engine for model 'rf_cds_dt' has not been set explicitly, hence returning None.
2025-04-17 18:01:26,075:INFO:Engine for model 'et_cds_dt' has not been set explicitly, hence returning None.
2025-04-17 18:01:26,075:INFO:Engine for model 'gbr_cds_dt' has not been set explicitly, hence returning None.
2025-04-17 18:01:26,075:INFO:Engine for model 'ada_cds_dt' has not been set explicitly, hence returning None.
2025-04-17 18:01:26,075:INFO:Engine for model 'xgboost_cds_dt' has not been set explicitly, hence returning None.
2025-04-17 18:01:26,075:WARNING:
'xgboost' is a soft dependency and not included in the pycaret installation. Please run: `pip install xgboost` to install.
Alternately, you can install this by running `pip install pycaret[models]`
2025-04-17 18:01:26,075:WARNING:
'xgboost' is a soft dependency and not included in the pycaret installation. Please run: `pip install xgboost` to install.
Alternately, you can install this by running `pip install pycaret[models]`
2025-04-17 18:01:26,075:INFO:Engine for model 'lightgbm_cds_dt' has not been set explicitly, hence returning None.
2025-04-17 18:01:26,075:INFO:Engine for model 'catboost_cds_dt' has not been set explicitly, hence returning None.
2025-04-17 18:01:26,075:WARNING:
'catboost' is a soft dependency and not included in the pycaret installation. Please run: `pip install catboost` to install.
Alternately, you can install this by running `pip install pycaret[models]`
2025-04-17 18:01:26,075:WARNING:
'catboost' is a soft dependency and not included in the pycaret installation. Please run: `pip install catboost` to install.
Alternately, you can install this by running `pip install pycaret[models]`
2025-04-17 18:01:26,093:WARNING:
'prophet' is a soft dependency and not included in the pycaret installation. Please run: `pip install prophet` to install.
2025-04-17 18:01:26,095:INFO:Engine for model 'llar_cds_dt' has not been set explicitly, hence returning None.
2025-04-17 18:01:26,095:INFO:Engine for model 'br_cds_dt' has not been set explicitly, hence returning None.
2025-04-17 18:01:26,095:INFO:Engine for model 'huber_cds_dt' has not been set explicitly, hence returning None.
2025-04-17 18:01:26,097:INFO:Engine for model 'omp_cds_dt' has not been set explicitly, hence returning None.
2025-04-17 18:01:26,099:INFO:Engine for model 'knn_cds_dt' has not been set explicitly, hence returning None.
2025-04-17 18:01:26,100:INFO:Engine for model 'dt_cds_dt' has not been set explicitly, hence returning None.
2025-04-17 18:01:26,100:INFO:Engine for model 'rf_cds_dt' has not been set explicitly, hence returning None.
2025-04-17 18:01:26,100:INFO:Engine for model 'et_cds_dt' has not been set explicitly, hence returning None.
2025-04-17 18:01:26,101:INFO:Engine for model 'gbr_cds_dt' has not been set explicitly, hence returning None.
2025-04-17 18:01:26,101:INFO:Engine for model 'ada_cds_dt' has not been set explicitly, hence returning None.
2025-04-17 18:01:26,101:INFO:Engine for model 'xgboost_cds_dt' has not been set explicitly, hence returning None.
2025-04-17 18:01:26,101:WARNING:
'xgboost' is a soft dependency and not included in the pycaret installation. Please run: `pip install xgboost` to install.
Alternately, you can install this by running `pip install pycaret[models]`
2025-04-17 18:01:26,102:WARNING:
'xgboost' is a soft dependency and not included in the pycaret installation. Please run: `pip install xgboost` to install.
Alternately, you can install this by running `pip install pycaret[models]`
2025-04-17 18:01:26,103:INFO:Engine for model 'lightgbm_cds_dt' has not been set explicitly, hence returning None.
2025-04-17 18:01:26,104:INFO:Engine for model 'catboost_cds_dt' has not been set explicitly, hence returning None.
2025-04-17 18:01:26,104:WARNING:
'catboost' is a soft dependency and not included in the pycaret installation. Please run: `pip install catboost` to install.
Alternately, you can install this by running `pip install pycaret[models]`
2025-04-17 18:01:26,104:WARNING:
'catboost' is a soft dependency and not included in the pycaret installation. Please run: `pip install catboost` to install.
Alternately, you can install this by running `pip install pycaret[models]`
2025-04-17 18:01:26,104:INFO:Engine successfully changes for model 'llar_cds_dt' to 'sklearn'.
2025-04-17 18:01:26,108:WARNING:
'prophet' is a soft dependency and not included in the pycaret installation. Please run: `pip install prophet` to install.
2025-04-17 18:01:26,109:INFO:Engine for model 'br_cds_dt' has not been set explicitly, hence returning None.
2025-04-17 18:01:26,109:INFO:Engine for model 'huber_cds_dt' has not been set explicitly, hence returning None.
2025-04-17 18:01:26,111:INFO:Engine for model 'omp_cds_dt' has not been set explicitly, hence returning None.
2025-04-17 18:01:26,112:INFO:Engine for model 'knn_cds_dt' has not been set explicitly, hence returning None.
2025-04-17 18:01:26,115:INFO:Engine for model 'dt_cds_dt' has not been set explicitly, hence returning None.
2025-04-17 18:01:26,115:INFO:Engine for model 'rf_cds_dt' has not been set explicitly, hence returning None.
2025-04-17 18:01:26,116:INFO:Engine for model 'et_cds_dt' has not been set explicitly, hence returning None.
2025-04-17 18:01:26,116:INFO:Engine for model 'gbr_cds_dt' has not been set explicitly, hence returning None.
2025-04-17 18:01:26,116:INFO:Engine for model 'ada_cds_dt' has not been set explicitly, hence returning None.
2025-04-17 18:01:26,116:INFO:Engine for model 'xgboost_cds_dt' has not been set explicitly, hence returning None.
2025-04-17 18:01:26,116:WARNING:
'xgboost' is a soft dependency and not included in the pycaret installation. Please run: `pip install xgboost` to install.
Alternately, you can install this by running `pip install pycaret[models]`
2025-04-17 18:01:26,116:WARNING:
'xgboost' is a soft dependency and not included in the pycaret installation. Please run: `pip install xgboost` to install.
Alternately, you can install this by running `pip install pycaret[models]`
2025-04-17 18:01:26,116:INFO:Engine for model 'lightgbm_cds_dt' has not been set explicitly, hence returning None.
2025-04-17 18:01:26,118:INFO:Engine for model 'catboost_cds_dt' has not been set explicitly, hence returning None.
2025-04-17 18:01:26,118:WARNING:
'catboost' is a soft dependency and not included in the pycaret installation. Please run: `pip install catboost` to install.
Alternately, you can install this by running `pip install pycaret[models]`
2025-04-17 18:01:26,118:WARNING:
'catboost' is a soft dependency and not included in the pycaret installation. Please run: `pip install catboost` to install.
Alternately, you can install this by running `pip install pycaret[models]`
2025-04-17 18:01:26,122:WARNING:
'prophet' is a soft dependency and not included in the pycaret installation. Please run: `pip install prophet` to install.
2025-04-17 18:01:26,123:INFO:Engine for model 'br_cds_dt' has not been set explicitly, hence returning None.
2025-04-17 18:01:26,124:INFO:Engine for model 'huber_cds_dt' has not been set explicitly, hence returning None.
2025-04-17 18:01:26,126:INFO:Engine for model 'omp_cds_dt' has not been set explicitly, hence returning None.
2025-04-17 18:01:26,127:INFO:Engine for model 'knn_cds_dt' has not been set explicitly, hence returning None.
2025-04-17 18:01:26,128:INFO:Engine for model 'dt_cds_dt' has not been set explicitly, hence returning None.
2025-04-17 18:01:26,129:INFO:Engine for model 'rf_cds_dt' has not been set explicitly, hence returning None.
2025-04-17 18:01:26,129:INFO:Engine for model 'et_cds_dt' has not been set explicitly, hence returning None.
2025-04-17 18:01:26,130:INFO:Engine for model 'gbr_cds_dt' has not been set explicitly, hence returning None.
2025-04-17 18:01:26,130:INFO:Engine for model 'ada_cds_dt' has not been set explicitly, hence returning None.
2025-04-17 18:01:26,130:INFO:Engine for model 'xgboost_cds_dt' has not been set explicitly, hence returning None.
2025-04-17 18:01:26,130:WARNING:
'xgboost' is a soft dependency and not included in the pycaret installation. Please run: `pip install xgboost` to install.
Alternately, you can install this by running `pip install pycaret[models]`
2025-04-17 18:01:26,130:WARNING:
'xgboost' is a soft dependency and not included in the pycaret installation. Please run: `pip install xgboost` to install.
Alternately, you can install this by running `pip install pycaret[models]`
2025-04-17 18:01:26,131:INFO:Engine for model 'lightgbm_cds_dt' has not been set explicitly, hence returning None.
2025-04-17 18:01:26,131:INFO:Engine for model 'catboost_cds_dt' has not been set explicitly, hence returning None.
2025-04-17 18:01:26,131:WARNING:
'catboost' is a soft dependency and not included in the pycaret installation. Please run: `pip install catboost` to install.
Alternately, you can install this by running `pip install pycaret[models]`
2025-04-17 18:01:26,131:WARNING:
'catboost' is a soft dependency and not included in the pycaret installation. Please run: `pip install catboost` to install.
Alternately, you can install this by running `pip install pycaret[models]`
2025-04-17 18:01:26,131:INFO:Engine successfully changes for model 'br_cds_dt' to 'sklearn'.
2025-04-17 18:01:26,135:WARNING:
'prophet' is a soft dependency and not included in the pycaret installation. Please run: `pip install prophet` to install.
2025-04-17 18:01:26,136:INFO:Engine for model 'huber_cds_dt' has not been set explicitly, hence returning None.
2025-04-17 18:01:26,138:INFO:Engine for model 'omp_cds_dt' has not been set explicitly, hence returning None.
2025-04-17 18:01:26,140:INFO:Engine for model 'knn_cds_dt' has not been set explicitly, hence returning None.
2025-04-17 18:01:26,141:INFO:Engine for model 'dt_cds_dt' has not been set explicitly, hence returning None.
2025-04-17 18:01:26,141:INFO:Engine for model 'rf_cds_dt' has not been set explicitly, hence returning None.
2025-04-17 18:01:26,141:INFO:Engine for model 'et_cds_dt' has not been set explicitly, hence returning None.
2025-04-17 18:01:26,141:INFO:Engine for model 'gbr_cds_dt' has not been set explicitly, hence returning None.
2025-04-17 18:01:26,141:INFO:Engine for model 'ada_cds_dt' has not been set explicitly, hence returning None.
2025-04-17 18:01:26,141:INFO:Engine for model 'xgboost_cds_dt' has not been set explicitly, hence returning None.
2025-04-17 18:01:26,141:WARNING:
'xgboost' is a soft dependency and not included in the pycaret installation. Please run: `pip install xgboost` to install.
Alternately, you can install this by running `pip install pycaret[models]`
2025-04-17 18:01:26,141:WARNING:
'xgboost' is a soft dependency and not included in the pycaret installation. Please run: `pip install xgboost` to install.
Alternately, you can install this by running `pip install pycaret[models]`
2025-04-17 18:01:26,141:INFO:Engine for model 'lightgbm_cds_dt' has not been set explicitly, hence returning None.
2025-04-17 18:01:26,142:INFO:Engine for model 'catboost_cds_dt' has not been set explicitly, hence returning None.
2025-04-17 18:01:26,142:WARNING:
'catboost' is a soft dependency and not included in the pycaret installation. Please run: `pip install catboost` to install.
Alternately, you can install this by running `pip install pycaret[models]`
2025-04-17 18:01:26,142:WARNING:
'catboost' is a soft dependency and not included in the pycaret installation. Please run: `pip install catboost` to install.
Alternately, you can install this by running `pip install pycaret[models]`
2025-04-17 18:01:26,143:WARNING:
'prophet' is a soft dependency and not included in the pycaret installation. Please run: `pip install prophet` to install.
2025-04-17 18:01:26,143:INFO:Engine for model 'huber_cds_dt' has not been set explicitly, hence returning None.
2025-04-17 18:01:26,144:INFO:Engine for model 'omp_cds_dt' has not been set explicitly, hence returning None.
2025-04-17 18:01:26,144:INFO:Engine for model 'knn_cds_dt' has not been set explicitly, hence returning None.
2025-04-17 18:01:26,144:INFO:Engine for model 'dt_cds_dt' has not been set explicitly, hence returning None.
2025-04-17 18:01:26,145:INFO:Engine for model 'rf_cds_dt' has not been set explicitly, hence returning None.
2025-04-17 18:01:26,145:INFO:Engine for model 'et_cds_dt' has not been set explicitly, hence returning None.
2025-04-17 18:01:26,145:INFO:Engine for model 'gbr_cds_dt' has not been set explicitly, hence returning None.
2025-04-17 18:01:26,145:INFO:Engine for model 'ada_cds_dt' has not been set explicitly, hence returning None.
2025-04-17 18:01:26,145:INFO:Engine for model 'xgboost_cds_dt' has not been set explicitly, hence returning None.
2025-04-17 18:01:26,145:WARNING:
'xgboost' is a soft dependency and not included in the pycaret installation. Please run: `pip install xgboost` to install.
Alternately, you can install this by running `pip install pycaret[models]`
2025-04-17 18:01:26,145:WARNING:
'xgboost' is a soft dependency and not included in the pycaret installation. Please run: `pip install xgboost` to install.
Alternately, you can install this by running `pip install pycaret[models]`
2025-04-17 18:01:26,145:INFO:Engine for model 'lightgbm_cds_dt' has not been set explicitly, hence returning None.
2025-04-17 18:01:26,145:INFO:Engine for model 'catboost_cds_dt' has not been set explicitly, hence returning None.
2025-04-17 18:01:26,145:WARNING:
'catboost' is a soft dependency and not included in the pycaret installation. Please run: `pip install catboost` to install.
Alternately, you can install this by running `pip install pycaret[models]`
2025-04-17 18:01:26,145:WARNING:
'catboost' is a soft dependency and not included in the pycaret installation. Please run: `pip install catboost` to install.
Alternately, you can install this by running `pip install pycaret[models]`
2025-04-17 18:01:26,145:INFO:Engine successfully changes for model 'huber_cds_dt' to 'sklearn'.
2025-04-17 18:01:26,146:WARNING:
'prophet' is a soft dependency and not included in the pycaret installation. Please run: `pip install prophet` to install.
2025-04-17 18:01:26,147:INFO:Engine for model 'omp_cds_dt' has not been set explicitly, hence returning None.
2025-04-17 18:01:26,148:INFO:Engine for model 'knn_cds_dt' has not been set explicitly, hence returning None.
2025-04-17 18:01:26,148:INFO:Engine for model 'dt_cds_dt' has not been set explicitly, hence returning None.
2025-04-17 18:01:26,148:INFO:Engine for model 'rf_cds_dt' has not been set explicitly, hence returning None.
2025-04-17 18:01:26,148:INFO:Engine for model 'et_cds_dt' has not been set explicitly, hence returning None.
2025-04-17 18:01:26,148:INFO:Engine for model 'gbr_cds_dt' has not been set explicitly, hence returning None.
2025-04-17 18:01:26,148:INFO:Engine for model 'ada_cds_dt' has not been set explicitly, hence returning None.
2025-04-17 18:01:26,149:INFO:Engine for model 'xgboost_cds_dt' has not been set explicitly, hence returning None.
2025-04-17 18:01:26,149:WARNING:
'xgboost' is a soft dependency and not included in the pycaret installation. Please run: `pip install xgboost` to install.
Alternately, you can install this by running `pip install pycaret[models]`
2025-04-17 18:01:26,149:WARNING:
'xgboost' is a soft dependency and not included in the pycaret installation. Please run: `pip install xgboost` to install.
Alternately, you can install this by running `pip install pycaret[models]`
2025-04-17 18:01:26,149:INFO:Engine for model 'lightgbm_cds_dt' has not been set explicitly, hence returning None.
2025-04-17 18:01:26,149:INFO:Engine for model 'catboost_cds_dt' has not been set explicitly, hence returning None.
2025-04-17 18:01:26,149:WARNING:
'catboost' is a soft dependency and not included in the pycaret installation. Please run: `pip install catboost` to install.
Alternately, you can install this by running `pip install pycaret[models]`
2025-04-17 18:01:26,149:WARNING:
'catboost' is a soft dependency and not included in the pycaret installation. Please run: `pip install catboost` to install.
Alternately, you can install this by running `pip install pycaret[models]`
2025-04-17 18:01:26,150:WARNING:
'prophet' is a soft dependency and not included in the pycaret installation. Please run: `pip install prophet` to install.
2025-04-17 18:01:26,152:INFO:Engine for model 'omp_cds_dt' has not been set explicitly, hence returning None.
2025-04-17 18:01:26,152:INFO:Engine for model 'knn_cds_dt' has not been set explicitly, hence returning None.
2025-04-17 18:01:26,153:INFO:Engine for model 'dt_cds_dt' has not been set explicitly, hence returning None.
2025-04-17 18:01:26,153:INFO:Engine for model 'rf_cds_dt' has not been set explicitly, hence returning None.
2025-04-17 18:01:26,153:INFO:Engine for model 'et_cds_dt' has not been set explicitly, hence returning None.
2025-04-17 18:01:26,153:INFO:Engine for model 'gbr_cds_dt' has not been set explicitly, hence returning None.
2025-04-17 18:01:26,153:INFO:Engine for model 'ada_cds_dt' has not been set explicitly, hence returning None.
2025-04-17 18:01:26,153:INFO:Engine for model 'xgboost_cds_dt' has not been set explicitly, hence returning None.
2025-04-17 18:01:26,153:WARNING:
'xgboost' is a soft dependency and not included in the pycaret installation. Please run: `pip install xgboost` to install.
Alternately, you can install this by running `pip install pycaret[models]`
2025-04-17 18:01:26,153:WARNING:
'xgboost' is a soft dependency and not included in the pycaret installation. Please run: `pip install xgboost` to install.
Alternately, you can install this by running `pip install pycaret[models]`
2025-04-17 18:01:26,153:INFO:Engine for model 'lightgbm_cds_dt' has not been set explicitly, hence returning None.
2025-04-17 18:01:26,154:INFO:Engine for model 'catboost_cds_dt' has not been set explicitly, hence returning None.
2025-04-17 18:01:26,154:WARNING:
'catboost' is a soft dependency and not included in the pycaret installation. Please run: `pip install catboost` to install.
Alternately, you can install this by running `pip install pycaret[models]`
2025-04-17 18:01:26,154:WARNING:
'catboost' is a soft dependency and not included in the pycaret installation. Please run: `pip install catboost` to install.
Alternately, you can install this by running `pip install pycaret[models]`
2025-04-17 18:01:26,154:INFO:Engine successfully changes for model 'par_cds_dt' to 'sklearn'.
2025-04-17 18:01:26,157:WARNING:
'prophet' is a soft dependency and not included in the pycaret installation. Please run: `pip install prophet` to install.
2025-04-17 18:01:26,160:INFO:Engine for model 'omp_cds_dt' has not been set explicitly, hence returning None.
2025-04-17 18:01:26,161:INFO:Engine for model 'knn_cds_dt' has not been set explicitly, hence returning None.
2025-04-17 18:01:26,162:INFO:Engine for model 'dt_cds_dt' has not been set explicitly, hence returning None.
2025-04-17 18:01:26,162:INFO:Engine for model 'rf_cds_dt' has not been set explicitly, hence returning None.
2025-04-17 18:01:26,162:INFO:Engine for model 'et_cds_dt' has not been set explicitly, hence returning None.
2025-04-17 18:01:26,162:INFO:Engine for model 'gbr_cds_dt' has not been set explicitly, hence returning None.
2025-04-17 18:01:26,162:INFO:Engine for model 'ada_cds_dt' has not been set explicitly, hence returning None.
2025-04-17 18:01:26,162:INFO:Engine for model 'xgboost_cds_dt' has not been set explicitly, hence returning None.
2025-04-17 18:01:26,162:WARNING:
'xgboost' is a soft dependency and not included in the pycaret installation. Please run: `pip install xgboost` to install.
Alternately, you can install this by running `pip install pycaret[models]`
2025-04-17 18:01:26,162:WARNING:
'xgboost' is a soft dependency and not included in the pycaret installation. Please run: `pip install xgboost` to install.
Alternately, you can install this by running `pip install pycaret[models]`
2025-04-17 18:01:26,162:INFO:Engine for model 'lightgbm_cds_dt' has not been set explicitly, hence returning None.
2025-04-17 18:01:26,162:INFO:Engine for model 'catboost_cds_dt' has not been set explicitly, hence returning None.
2025-04-17 18:01:26,162:WARNING:
'catboost' is a soft dependency and not included in the pycaret installation. Please run: `pip install catboost` to install.
Alternately, you can install this by running `pip install pycaret[models]`
2025-04-17 18:01:26,163:WARNING:
'catboost' is a soft dependency and not included in the pycaret installation. Please run: `pip install catboost` to install.
Alternately, you can install this by running `pip install pycaret[models]`
2025-04-17 18:01:26,164:WARNING:
'prophet' is a soft dependency and not included in the pycaret installation. Please run: `pip install prophet` to install.
2025-04-17 18:01:26,165:INFO:Engine for model 'omp_cds_dt' has not been set explicitly, hence returning None.
2025-04-17 18:01:26,165:INFO:Engine for model 'knn_cds_dt' has not been set explicitly, hence returning None.
2025-04-17 18:01:26,165:INFO:Engine for model 'dt_cds_dt' has not been set explicitly, hence returning None.
2025-04-17 18:01:26,165:INFO:Engine for model 'rf_cds_dt' has not been set explicitly, hence returning None.
2025-04-17 18:01:26,166:INFO:Engine for model 'et_cds_dt' has not been set explicitly, hence returning None.
2025-04-17 18:01:26,166:INFO:Engine for model 'gbr_cds_dt' has not been set explicitly, hence returning None.
2025-04-17 18:01:26,166:INFO:Engine for model 'ada_cds_dt' has not been set explicitly, hence returning None.
2025-04-17 18:01:26,166:INFO:Engine for model 'xgboost_cds_dt' has not been set explicitly, hence returning None.
2025-04-17 18:01:26,166:WARNING:
'xgboost' is a soft dependency and not included in the pycaret installation. Please run: `pip install xgboost` to install.
Alternately, you can install this by running `pip install pycaret[models]`
2025-04-17 18:01:26,166:WARNING:
'xgboost' is a soft dependency and not included in the pycaret installation. Please run: `pip install xgboost` to install.
Alternately, you can install this by running `pip install pycaret[models]`
2025-04-17 18:01:26,166:INFO:Engine for model 'lightgbm_cds_dt' has not been set explicitly, hence returning None.
2025-04-17 18:01:26,166:INFO:Engine for model 'catboost_cds_dt' has not been set explicitly, hence returning None.
2025-04-17 18:01:26,166:WARNING:
'catboost' is a soft dependency and not included in the pycaret installation. Please run: `pip install catboost` to install.
Alternately, you can install this by running `pip install pycaret[models]`
2025-04-17 18:01:26,166:WARNING:
'catboost' is a soft dependency and not included in the pycaret installation. Please run: `pip install catboost` to install.
Alternately, you can install this by running `pip install pycaret[models]`
2025-04-17 18:01:26,166:INFO:Engine successfully changes for model 'omp_cds_dt' to 'sklearn'.
2025-04-17 18:01:26,167:WARNING:
'prophet' is a soft dependency and not included in the pycaret installation. Please run: `pip install prophet` to install.
2025-04-17 18:01:26,169:INFO:Engine for model 'knn_cds_dt' has not been set explicitly, hence returning None.
2025-04-17 18:01:26,169:INFO:Engine for model 'dt_cds_dt' has not been set explicitly, hence returning None.
2025-04-17 18:01:26,169:INFO:Engine for model 'rf_cds_dt' has not been set explicitly, hence returning None.
2025-04-17 18:01:26,169:INFO:Engine for model 'et_cds_dt' has not been set explicitly, hence returning None.
2025-04-17 18:01:26,169:INFO:Engine for model 'gbr_cds_dt' has not been set explicitly, hence returning None.
2025-04-17 18:01:26,169:INFO:Engine for model 'ada_cds_dt' has not been set explicitly, hence returning None.
2025-04-17 18:01:26,169:INFO:Engine for model 'xgboost_cds_dt' has not been set explicitly, hence returning None.
2025-04-17 18:01:26,169:WARNING:
'xgboost' is a soft dependency and not included in the pycaret installation. Please run: `pip install xgboost` to install.
Alternately, you can install this by running `pip install pycaret[models]`
2025-04-17 18:01:26,169:WARNING:
'xgboost' is a soft dependency and not included in the pycaret installation. Please run: `pip install xgboost` to install.
Alternately, you can install this by running `pip install pycaret[models]`
2025-04-17 18:01:26,169:INFO:Engine for model 'lightgbm_cds_dt' has not been set explicitly, hence returning None.
2025-04-17 18:01:26,170:INFO:Engine for model 'catboost_cds_dt' has not been set explicitly, hence returning None.
2025-04-17 18:01:26,170:WARNING:
'catboost' is a soft dependency and not included in the pycaret installation. Please run: `pip install catboost` to install.
Alternately, you can install this by running `pip install pycaret[models]`
2025-04-17 18:01:26,170:WARNING:
'catboost' is a soft dependency and not included in the pycaret installation. Please run: `pip install catboost` to install.
Alternately, you can install this by running `pip install pycaret[models]`
2025-04-17 18:01:26,172:WARNING:
'prophet' is a soft dependency and not included in the pycaret installation. Please run: `pip install prophet` to install.
2025-04-17 18:01:26,173:INFO:Engine for model 'knn_cds_dt' has not been set explicitly, hence returning None.
2025-04-17 18:01:26,173:INFO:Engine for model 'dt_cds_dt' has not been set explicitly, hence returning None.
2025-04-17 18:01:26,173:INFO:Engine for model 'rf_cds_dt' has not been set explicitly, hence returning None.
2025-04-17 18:01:26,174:INFO:Engine for model 'et_cds_dt' has not been set explicitly, hence returning None.
2025-04-17 18:01:26,174:INFO:Engine for model 'gbr_cds_dt' has not been set explicitly, hence returning None.
2025-04-17 18:01:26,174:INFO:Engine for model 'ada_cds_dt' has not been set explicitly, hence returning None.
2025-04-17 18:01:26,174:INFO:Engine for model 'xgboost_cds_dt' has not been set explicitly, hence returning None.
2025-04-17 18:01:26,174:WARNING:
'xgboost' is a soft dependency and not included in the pycaret installation. Please run: `pip install xgboost` to install.
Alternately, you can install this by running `pip install pycaret[models]`
2025-04-17 18:01:26,174:WARNING:
'xgboost' is a soft dependency and not included in the pycaret installation. Please run: `pip install xgboost` to install.
Alternately, you can install this by running `pip install pycaret[models]`
2025-04-17 18:01:26,174:INFO:Engine for model 'lightgbm_cds_dt' has not been set explicitly, hence returning None.
2025-04-17 18:01:26,174:INFO:Engine for model 'catboost_cds_dt' has not been set explicitly, hence returning None.
2025-04-17 18:01:26,174:WARNING:
'catboost' is a soft dependency and not included in the pycaret installation. Please run: `pip install catboost` to install.
Alternately, you can install this by running `pip install pycaret[models]`
2025-04-17 18:01:26,174:WARNING:
'catboost' is a soft dependency and not included in the pycaret installation. Please run: `pip install catboost` to install.
Alternately, you can install this by running `pip install pycaret[models]`
2025-04-17 18:01:26,174:INFO:Engine successfully changes for model 'knn_cds_dt' to 'sklearn'.
2025-04-17 18:01:26,175:WARNING:
'prophet' is a soft dependency and not included in the pycaret installation. Please run: `pip install prophet` to install.
2025-04-17 18:01:26,177:INFO:Engine for model 'dt_cds_dt' has not been set explicitly, hence returning None.
2025-04-17 18:01:26,177:INFO:Engine for model 'rf_cds_dt' has not been set explicitly, hence returning None.
2025-04-17 18:01:26,177:INFO:Engine for model 'et_cds_dt' has not been set explicitly, hence returning None.
2025-04-17 18:01:26,177:INFO:Engine for model 'gbr_cds_dt' has not been set explicitly, hence returning None.
2025-04-17 18:01:26,178:INFO:Engine for model 'ada_cds_dt' has not been set explicitly, hence returning None.
2025-04-17 18:01:26,178:INFO:Engine for model 'xgboost_cds_dt' has not been set explicitly, hence returning None.
2025-04-17 18:01:26,178:WARNING:
'xgboost' is a soft dependency and not included in the pycaret installation. Please run: `pip install xgboost` to install.
Alternately, you can install this by running `pip install pycaret[models]`
2025-04-17 18:01:26,178:WARNING:
'xgboost' is a soft dependency and not included in the pycaret installation. Please run: `pip install xgboost` to install.
Alternately, you can install this by running `pip install pycaret[models]`
2025-04-17 18:01:26,178:INFO:Engine for model 'lightgbm_cds_dt' has not been set explicitly, hence returning None.
2025-04-17 18:01:26,178:INFO:Engine for model 'catboost_cds_dt' has not been set explicitly, hence returning None.
2025-04-17 18:01:26,178:WARNING:
'catboost' is a soft dependency and not included in the pycaret installation. Please run: `pip install catboost` to install.
Alternately, you can install this by running `pip install pycaret[models]`
2025-04-17 18:01:26,178:WARNING:
'catboost' is a soft dependency and not included in the pycaret installation. Please run: `pip install catboost` to install.
Alternately, you can install this by running `pip install pycaret[models]`
2025-04-17 18:01:26,179:WARNING:
'prophet' is a soft dependency and not included in the pycaret installation. Please run: `pip install prophet` to install.
2025-04-17 18:01:26,183:INFO:Engine for model 'dt_cds_dt' has not been set explicitly, hence returning None.
2025-04-17 18:01:26,183:INFO:Engine for model 'rf_cds_dt' has not been set explicitly, hence returning None.
2025-04-17 18:01:26,183:INFO:Engine for model 'et_cds_dt' has not been set explicitly, hence returning None.
2025-04-17 18:01:26,183:INFO:Engine for model 'gbr_cds_dt' has not been set explicitly, hence returning None.
2025-04-17 18:01:26,183:INFO:Engine for model 'ada_cds_dt' has not been set explicitly, hence returning None.
2025-04-17 18:01:26,184:INFO:Engine for model 'xgboost_cds_dt' has not been set explicitly, hence returning None.
2025-04-17 18:01:26,184:WARNING:
'xgboost' is a soft dependency and not included in the pycaret installation. Please run: `pip install xgboost` to install.
Alternately, you can install this by running `pip install pycaret[models]`
2025-04-17 18:01:26,184:WARNING:
'xgboost' is a soft dependency and not included in the pycaret installation. Please run: `pip install xgboost` to install.
Alternately, you can install this by running `pip install pycaret[models]`
2025-04-17 18:01:26,184:INFO:Engine for model 'lightgbm_cds_dt' has not been set explicitly, hence returning None.
2025-04-17 18:01:26,184:INFO:Engine for model 'catboost_cds_dt' has not been set explicitly, hence returning None.
2025-04-17 18:01:26,184:WARNING:
'catboost' is a soft dependency and not included in the pycaret installation. Please run: `pip install catboost` to install.
Alternately, you can install this by running `pip install pycaret[models]`
2025-04-17 18:01:26,184:WARNING:
'catboost' is a soft dependency and not included in the pycaret installation. Please run: `pip install catboost` to install.
Alternately, you can install this by running `pip install pycaret[models]`
2025-04-17 18:01:26,184:INFO:Engine successfully changes for model 'dt_cds_dt' to 'sklearn'.
2025-04-17 18:01:26,185:WARNING:
'prophet' is a soft dependency and not included in the pycaret installation. Please run: `pip install prophet` to install.
2025-04-17 18:01:26,188:INFO:Engine for model 'rf_cds_dt' has not been set explicitly, hence returning None.
2025-04-17 18:01:26,188:INFO:Engine for model 'et_cds_dt' has not been set explicitly, hence returning None.
2025-04-17 18:01:26,189:INFO:Engine for model 'gbr_cds_dt' has not been set explicitly, hence returning None.
2025-04-17 18:01:26,189:INFO:Engine for model 'ada_cds_dt' has not been set explicitly, hence returning None.
2025-04-17 18:01:26,189:INFO:Engine for model 'xgboost_cds_dt' has not been set explicitly, hence returning None.
2025-04-17 18:01:26,189:WARNING:
'xgboost' is a soft dependency and not included in the pycaret installation. Please run: `pip install xgboost` to install.
Alternately, you can install this by running `pip install pycaret[models]`
2025-04-17 18:01:26,189:WARNING:
'xgboost' is a soft dependency and not included in the pycaret installation. Please run: `pip install xgboost` to install.
Alternately, you can install this by running `pip install pycaret[models]`
2025-04-17 18:01:26,189:INFO:Engine for model 'lightgbm_cds_dt' has not been set explicitly, hence returning None.
2025-04-17 18:01:26,190:INFO:Engine for model 'catboost_cds_dt' has not been set explicitly, hence returning None.
2025-04-17 18:01:26,190:WARNING:
'catboost' is a soft dependency and not included in the pycaret installation. Please run: `pip install catboost` to install.
Alternately, you can install this by running `pip install pycaret[models]`
2025-04-17 18:01:26,190:WARNING:
'catboost' is a soft dependency and not included in the pycaret installation. Please run: `pip install catboost` to install.
Alternately, you can install this by running `pip install pycaret[models]`
2025-04-17 18:01:26,193:WARNING:
'prophet' is a soft dependency and not included in the pycaret installation. Please run: `pip install prophet` to install.
2025-04-17 18:01:26,195:INFO:Engine for model 'rf_cds_dt' has not been set explicitly, hence returning None.
2025-04-17 18:01:26,195:INFO:Engine for model 'et_cds_dt' has not been set explicitly, hence returning None.
2025-04-17 18:01:26,195:INFO:Engine for model 'gbr_cds_dt' has not been set explicitly, hence returning None.
2025-04-17 18:01:26,195:INFO:Engine for model 'ada_cds_dt' has not been set explicitly, hence returning None.
2025-04-17 18:01:26,195:INFO:Engine for model 'xgboost_cds_dt' has not been set explicitly, hence returning None.
2025-04-17 18:01:26,195:WARNING:
'xgboost' is a soft dependency and not included in the pycaret installation. Please run: `pip install xgboost` to install.
Alternately, you can install this by running `pip install pycaret[models]`
2025-04-17 18:01:26,195:WARNING:
'xgboost' is a soft dependency and not included in the pycaret installation. Please run: `pip install xgboost` to install.
Alternately, you can install this by running `pip install pycaret[models]`
2025-04-17 18:01:26,195:INFO:Engine for model 'lightgbm_cds_dt' has not been set explicitly, hence returning None.
2025-04-17 18:01:26,195:INFO:Engine for model 'catboost_cds_dt' has not been set explicitly, hence returning None.
2025-04-17 18:01:26,195:WARNING:
'catboost' is a soft dependency and not included in the pycaret installation. Please run: `pip install catboost` to install.
Alternately, you can install this by running `pip install pycaret[models]`
2025-04-17 18:01:26,196:WARNING:
'catboost' is a soft dependency and not included in the pycaret installation. Please run: `pip install catboost` to install.
Alternately, you can install this by running `pip install pycaret[models]`
2025-04-17 18:01:26,196:INFO:Engine successfully changes for model 'rf_cds_dt' to 'sklearn'.
2025-04-17 18:01:26,197:WARNING:
'prophet' is a soft dependency and not included in the pycaret installation. Please run: `pip install prophet` to install.
2025-04-17 18:01:26,198:INFO:Engine for model 'et_cds_dt' has not been set explicitly, hence returning None.
2025-04-17 18:01:26,199:INFO:Engine for model 'gbr_cds_dt' has not been set explicitly, hence returning None.
2025-04-17 18:01:26,199:INFO:Engine for model 'ada_cds_dt' has not been set explicitly, hence returning None.
2025-04-17 18:01:26,199:INFO:Engine for model 'xgboost_cds_dt' has not been set explicitly, hence returning None.
2025-04-17 18:01:26,199:WARNING:
'xgboost' is a soft dependency and not included in the pycaret installation. Please run: `pip install xgboost` to install.
Alternately, you can install this by running `pip install pycaret[models]`
2025-04-17 18:01:26,199:WARNING:
'xgboost' is a soft dependency and not included in the pycaret installation. Please run: `pip install xgboost` to install.
Alternately, you can install this by running `pip install pycaret[models]`
2025-04-17 18:01:26,199:INFO:Engine for model 'lightgbm_cds_dt' has not been set explicitly, hence returning None.
2025-04-17 18:01:26,199:INFO:Engine for model 'catboost_cds_dt' has not been set explicitly, hence returning None.
2025-04-17 18:01:26,199:WARNING:
'catboost' is a soft dependency and not included in the pycaret installation. Please run: `pip install catboost` to install.
Alternately, you can install this by running `pip install pycaret[models]`
2025-04-17 18:01:26,199:WARNING:
'catboost' is a soft dependency and not included in the pycaret installation. Please run: `pip install catboost` to install.
Alternately, you can install this by running `pip install pycaret[models]`
2025-04-17 18:01:26,200:WARNING:
'prophet' is a soft dependency and not included in the pycaret installation. Please run: `pip install prophet` to install.
2025-04-17 18:01:26,202:INFO:Engine for model 'et_cds_dt' has not been set explicitly, hence returning None.
2025-04-17 18:01:26,202:INFO:Engine for model 'gbr_cds_dt' has not been set explicitly, hence returning None.
2025-04-17 18:01:26,202:INFO:Engine for model 'ada_cds_dt' has not been set explicitly, hence returning None.
2025-04-17 18:01:26,203:INFO:Engine for model 'xgboost_cds_dt' has not been set explicitly, hence returning None.
2025-04-17 18:01:26,203:WARNING:
'xgboost' is a soft dependency and not included in the pycaret installation. Please run: `pip install xgboost` to install.
Alternately, you can install this by running `pip install pycaret[models]`
2025-04-17 18:01:26,203:WARNING:
'xgboost' is a soft dependency and not included in the pycaret installation. Please run: `pip install xgboost` to install.
Alternately, you can install this by running `pip install pycaret[models]`
2025-04-17 18:01:26,203:INFO:Engine for model 'lightgbm_cds_dt' has not been set explicitly, hence returning None.
2025-04-17 18:01:26,203:INFO:Engine for model 'catboost_cds_dt' has not been set explicitly, hence returning None.
2025-04-17 18:01:26,203:WARNING:
'catboost' is a soft dependency and not included in the pycaret installation. Please run: `pip install catboost` to install.
Alternately, you can install this by running `pip install pycaret[models]`
2025-04-17 18:01:26,203:WARNING:
'catboost' is a soft dependency and not included in the pycaret installation. Please run: `pip install catboost` to install.
Alternately, you can install this by running `pip install pycaret[models]`
2025-04-17 18:01:26,204:INFO:Engine successfully changes for model 'et_cds_dt' to 'sklearn'.
2025-04-17 18:01:26,207:WARNING:
'prophet' is a soft dependency and not included in the pycaret installation. Please run: `pip install prophet` to install.
2025-04-17 18:01:26,212:INFO:Engine for model 'gbr_cds_dt' has not been set explicitly, hence returning None.
2025-04-17 18:01:26,212:INFO:Engine for model 'ada_cds_dt' has not been set explicitly, hence returning None.
2025-04-17 18:01:26,212:INFO:Engine for model 'xgboost_cds_dt' has not been set explicitly, hence returning None.
2025-04-17 18:01:26,212:WARNING:
'xgboost' is a soft dependency and not included in the pycaret installation. Please run: `pip install xgboost` to install.
Alternately, you can install this by running `pip install pycaret[models]`
2025-04-17 18:01:26,212:WARNING:
'xgboost' is a soft dependency and not included in the pycaret installation. Please run: `pip install xgboost` to install.
Alternately, you can install this by running `pip install pycaret[models]`
2025-04-17 18:01:26,212:INFO:Engine for model 'lightgbm_cds_dt' has not been set explicitly, hence returning None.
2025-04-17 18:01:26,213:INFO:Engine for model 'catboost_cds_dt' has not been set explicitly, hence returning None.
2025-04-17 18:01:26,213:WARNING:
'catboost' is a soft dependency and not included in the pycaret installation. Please run: `pip install catboost` to install.
Alternately, you can install this by running `pip install pycaret[models]`
2025-04-17 18:01:26,213:WARNING:
'catboost' is a soft dependency and not included in the pycaret installation. Please run: `pip install catboost` to install.
Alternately, you can install this by running `pip install pycaret[models]`
2025-04-17 18:01:26,214:WARNING:
'prophet' is a soft dependency and not included in the pycaret installation. Please run: `pip install prophet` to install.
2025-04-17 18:01:26,216:INFO:Engine for model 'gbr_cds_dt' has not been set explicitly, hence returning None.
2025-04-17 18:01:26,216:INFO:Engine for model 'ada_cds_dt' has not been set explicitly, hence returning None.
2025-04-17 18:01:26,216:INFO:Engine for model 'xgboost_cds_dt' has not been set explicitly, hence returning None.
2025-04-17 18:01:26,216:WARNING:
'xgboost' is a soft dependency and not included in the pycaret installation. Please run: `pip install xgboost` to install.
Alternately, you can install this by running `pip install pycaret[models]`
2025-04-17 18:01:26,216:WARNING:
'xgboost' is a soft dependency and not included in the pycaret installation. Please run: `pip install xgboost` to install.
Alternately, you can install this by running `pip install pycaret[models]`
2025-04-17 18:01:26,217:INFO:Engine for model 'lightgbm_cds_dt' has not been set explicitly, hence returning None.
2025-04-17 18:01:26,217:INFO:Engine for model 'catboost_cds_dt' has not been set explicitly, hence returning None.
2025-04-17 18:01:26,217:WARNING:
'catboost' is a soft dependency and not included in the pycaret installation. Please run: `pip install catboost` to install.
Alternately, you can install this by running `pip install pycaret[models]`
2025-04-17 18:01:26,217:WARNING:
'catboost' is a soft dependency and not included in the pycaret installation. Please run: `pip install catboost` to install.
Alternately, you can install this by running `pip install pycaret[models]`
2025-04-17 18:01:26,217:INFO:Engine successfully changes for model 'gbr_cds_dt' to 'sklearn'.
2025-04-17 18:01:26,218:WARNING:
'prophet' is a soft dependency and not included in the pycaret installation. Please run: `pip install prophet` to install.
2025-04-17 18:01:26,220:INFO:Engine for model 'ada_cds_dt' has not been set explicitly, hence returning None.
2025-04-17 18:01:26,221:INFO:Engine for model 'xgboost_cds_dt' has not been set explicitly, hence returning None.
2025-04-17 18:01:26,221:WARNING:
'xgboost' is a soft dependency and not included in the pycaret installation. Please run: `pip install xgboost` to install.
Alternately, you can install this by running `pip install pycaret[models]`
2025-04-17 18:01:26,221:WARNING:
'xgboost' is a soft dependency and not included in the pycaret installation. Please run: `pip install xgboost` to install.
Alternately, you can install this by running `pip install pycaret[models]`
2025-04-17 18:01:26,221:INFO:Engine for model 'lightgbm_cds_dt' has not been set explicitly, hence returning None.
2025-04-17 18:01:26,221:INFO:Engine for model 'catboost_cds_dt' has not been set explicitly, hence returning None.
2025-04-17 18:01:26,221:WARNING:
'catboost' is a soft dependency and not included in the pycaret installation. Please run: `pip install catboost` to install.
Alternately, you can install this by running `pip install pycaret[models]`
2025-04-17 18:01:26,221:WARNING:
'catboost' is a soft dependency and not included in the pycaret installation. Please run: `pip install catboost` to install.
Alternately, you can install this by running `pip install pycaret[models]`
2025-04-17 18:01:26,225:WARNING:
'prophet' is a soft dependency and not included in the pycaret installation. Please run: `pip install prophet` to install.
2025-04-17 18:01:26,227:INFO:Engine for model 'ada_cds_dt' has not been set explicitly, hence returning None.
2025-04-17 18:01:26,227:INFO:Engine for model 'xgboost_cds_dt' has not been set explicitly, hence returning None.
2025-04-17 18:01:26,227:WARNING:
'xgboost' is a soft dependency and not included in the pycaret installation. Please run: `pip install xgboost` to install.
Alternately, you can install this by running `pip install pycaret[models]`
2025-04-17 18:01:26,227:WARNING:
'xgboost' is a soft dependency and not included in the pycaret installation. Please run: `pip install xgboost` to install.
Alternately, you can install this by running `pip install pycaret[models]`
2025-04-17 18:01:26,227:INFO:Engine for model 'lightgbm_cds_dt' has not been set explicitly, hence returning None.
2025-04-17 18:01:26,227:INFO:Engine for model 'catboost_cds_dt' has not been set explicitly, hence returning None.
2025-04-17 18:01:26,227:WARNING:
'catboost' is a soft dependency and not included in the pycaret installation. Please run: `pip install catboost` to install.
Alternately, you can install this by running `pip install pycaret[models]`
2025-04-17 18:01:26,227:WARNING:
'catboost' is a soft dependency and not included in the pycaret installation. Please run: `pip install catboost` to install.
Alternately, you can install this by running `pip install pycaret[models]`
2025-04-17 18:01:26,227:INFO:Engine successfully changes for model 'ada_cds_dt' to 'sklearn'.
2025-04-17 18:01:26,229:WARNING:
'prophet' is a soft dependency and not included in the pycaret installation. Please run: `pip install prophet` to install.
2025-04-17 18:01:26,231:INFO:Engine for model 'xgboost_cds_dt' has not been set explicitly, hence returning None.
2025-04-17 18:01:26,231:WARNING:
'xgboost' is a soft dependency and not included in the pycaret installation. Please run: `pip install xgboost` to install.
Alternately, you can install this by running `pip install pycaret[models]`
2025-04-17 18:01:26,231:WARNING:
'xgboost' is a soft dependency and not included in the pycaret installation. Please run: `pip install xgboost` to install.
Alternately, you can install this by running `pip install pycaret[models]`
2025-04-17 18:01:26,231:INFO:Engine for model 'lightgbm_cds_dt' has not been set explicitly, hence returning None.
2025-04-17 18:01:26,231:INFO:Engine for model 'catboost_cds_dt' has not been set explicitly, hence returning None.
2025-04-17 18:01:26,231:WARNING:
'catboost' is a soft dependency and not included in the pycaret installation. Please run: `pip install catboost` to install.
Alternately, you can install this by running `pip install pycaret[models]`
2025-04-17 18:01:26,231:WARNING:
'catboost' is a soft dependency and not included in the pycaret installation. Please run: `pip install catboost` to install.
Alternately, you can install this by running `pip install pycaret[models]`
2025-04-17 18:01:26,232:WARNING:
'prophet' is a soft dependency and not included in the pycaret installation. Please run: `pip install prophet` to install.
2025-04-17 18:01:26,235:INFO:Engine for model 'xgboost_cds_dt' has not been set explicitly, hence returning None.
2025-04-17 18:01:26,235:WARNING:
'xgboost' is a soft dependency and not included in the pycaret installation. Please run: `pip install xgboost` to install.
Alternately, you can install this by running `pip install pycaret[models]`
2025-04-17 18:01:26,235:WARNING:
'xgboost' is a soft dependency and not included in the pycaret installation. Please run: `pip install xgboost` to install.
Alternately, you can install this by running `pip install pycaret[models]`
2025-04-17 18:01:26,235:INFO:Engine for model 'lightgbm_cds_dt' has not been set explicitly, hence returning None.
2025-04-17 18:01:26,236:INFO:Engine for model 'catboost_cds_dt' has not been set explicitly, hence returning None.
2025-04-17 18:01:26,236:WARNING:
'catboost' is a soft dependency and not included in the pycaret installation. Please run: `pip install catboost` to install.
Alternately, you can install this by running `pip install pycaret[models]`
2025-04-17 18:01:26,236:WARNING:
'catboost' is a soft dependency and not included in the pycaret installation. Please run: `pip install catboost` to install.
Alternately, you can install this by running `pip install pycaret[models]`
2025-04-17 18:01:26,236:INFO:Engine successfully changes for model 'xgboost_cds_dt' to 'sklearn'.
2025-04-17 18:01:26,239:WARNING:
'prophet' is a soft dependency and not included in the pycaret installation. Please run: `pip install prophet` to install.
2025-04-17 18:01:26,245:WARNING:
'xgboost' is a soft dependency and not included in the pycaret installation. Please run: `pip install xgboost` to install.
Alternately, you can install this by running `pip install pycaret[models]`
2025-04-17 18:01:26,245:WARNING:
'xgboost' is a soft dependency and not included in the pycaret installation. Please run: `pip install xgboost` to install.
Alternately, you can install this by running `pip install pycaret[models]`
2025-04-17 18:01:26,245:INFO:Engine for model 'lightgbm_cds_dt' has not been set explicitly, hence returning None.
2025-04-17 18:01:26,245:INFO:Engine for model 'catboost_cds_dt' has not been set explicitly, hence returning None.
2025-04-17 18:01:26,245:WARNING:
'catboost' is a soft dependency and not included in the pycaret installation. Please run: `pip install catboost` to install.
Alternately, you can install this by running `pip install pycaret[models]`
2025-04-17 18:01:26,245:WARNING:
'catboost' is a soft dependency and not included in the pycaret installation. Please run: `pip install catboost` to install.
Alternately, you can install this by running `pip install pycaret[models]`
2025-04-17 18:01:26,247:WARNING:
'prophet' is a soft dependency and not included in the pycaret installation. Please run: `pip install prophet` to install.
2025-04-17 18:01:26,249:WARNING:
'xgboost' is a soft dependency and not included in the pycaret installation. Please run: `pip install xgboost` to install.
Alternately, you can install this by running `pip install pycaret[models]`
2025-04-17 18:01:26,249:WARNING:
'xgboost' is a soft dependency and not included in the pycaret installation. Please run: `pip install xgboost` to install.
Alternately, you can install this by running `pip install pycaret[models]`
2025-04-17 18:01:26,249:INFO:Engine for model 'lightgbm_cds_dt' has not been set explicitly, hence returning None.
2025-04-17 18:01:26,249:INFO:Engine for model 'catboost_cds_dt' has not been set explicitly, hence returning None.
2025-04-17 18:01:26,249:WARNING:
'catboost' is a soft dependency and not included in the pycaret installation. Please run: `pip install catboost` to install.
Alternately, you can install this by running `pip install pycaret[models]`
2025-04-17 18:01:26,249:WARNING:
'catboost' is a soft dependency and not included in the pycaret installation. Please run: `pip install catboost` to install.
Alternately, you can install this by running `pip install pycaret[models]`
2025-04-17 18:01:26,249:INFO:Engine successfully changes for model 'lightgbm_cds_dt' to 'sklearn'.
2025-04-17 18:01:26,250:WARNING:
'prophet' is a soft dependency and not included in the pycaret installation. Please run: `pip install prophet` to install.
2025-04-17 18:01:26,252:WARNING:
'xgboost' is a soft dependency and not included in the pycaret installation. Please run: `pip install xgboost` to install.
Alternately, you can install this by running `pip install pycaret[models]`
2025-04-17 18:01:26,252:WARNING:
'xgboost' is a soft dependency and not included in the pycaret installation. Please run: `pip install xgboost` to install.
Alternately, you can install this by running `pip install pycaret[models]`
2025-04-17 18:01:26,252:INFO:Engine for model 'catboost_cds_dt' has not been set explicitly, hence returning None.
2025-04-17 18:01:26,252:WARNING:
'catboost' is a soft dependency and not included in the pycaret installation. Please run: `pip install catboost` to install.
Alternately, you can install this by running `pip install pycaret[models]`
2025-04-17 18:01:26,252:WARNING:
'catboost' is a soft dependency and not included in the pycaret installation. Please run: `pip install catboost` to install.
Alternately, you can install this by running `pip install pycaret[models]`
2025-04-17 18:01:26,255:WARNING:
'prophet' is a soft dependency and not included in the pycaret installation. Please run: `pip install prophet` to install.
2025-04-17 18:01:26,257:WARNING:
'xgboost' is a soft dependency and not included in the pycaret installation. Please run: `pip install xgboost` to install.
Alternately, you can install this by running `pip install pycaret[models]`
2025-04-17 18:01:26,257:WARNING:
'xgboost' is a soft dependency and not included in the pycaret installation. Please run: `pip install xgboost` to install.
Alternately, you can install this by running `pip install pycaret[models]`
2025-04-17 18:01:26,257:INFO:Engine for model 'catboost_cds_dt' has not been set explicitly, hence returning None.
2025-04-17 18:01:26,257:WARNING:
'catboost' is a soft dependency and not included in the pycaret installation. Please run: `pip install catboost` to install.
Alternately, you can install this by running `pip install pycaret[models]`
2025-04-17 18:01:26,257:WARNING:
'catboost' is a soft dependency and not included in the pycaret installation. Please run: `pip install catboost` to install.
Alternately, you can install this by running `pip install pycaret[models]`
2025-04-17 18:01:26,257:INFO:Engine successfully changes for model 'catboost_cds_dt' to 'sklearn'.
2025-04-17 18:01:26,259:WARNING:
'prophet' is a soft dependency and not included in the pycaret installation. Please run: `pip install prophet` to install.
2025-04-17 18:01:26,261:WARNING:
'xgboost' is a soft dependency and not included in the pycaret installation. Please run: `pip install xgboost` to install.
Alternately, you can install this by running `pip install pycaret[models]`
2025-04-17 18:01:26,261:WARNING:
'xgboost' is a soft dependency and not included in the pycaret installation. Please run: `pip install xgboost` to install.
Alternately, you can install this by running `pip install pycaret[models]`
2025-04-17 18:01:26,261:WARNING:
'catboost' is a soft dependency and not included in the pycaret installation. Please run: `pip install catboost` to install.
Alternately, you can install this by running `pip install pycaret[models]`
2025-04-17 18:01:26,261:WARNING:
'catboost' is a soft dependency and not included in the pycaret installation. Please run: `pip install catboost` to install.
Alternately, you can install this by running `pip install pycaret[models]`
2025-04-17 18:01:26,262:WARNING:
'prophet' is a soft dependency and not included in the pycaret installation. Please run: `pip install prophet` to install.
2025-04-17 18:01:26,266:WARNING:
'xgboost' is a soft dependency and not included in the pycaret installation. Please run: `pip install xgboost` to install.
Alternately, you can install this by running `pip install pycaret[models]`
2025-04-17 18:01:26,266:WARNING:
'xgboost' is a soft dependency and not included in the pycaret installation. Please run: `pip install xgboost` to install.
Alternately, you can install this by running `pip install pycaret[models]`
2025-04-17 18:01:26,266:WARNING:
'catboost' is a soft dependency and not included in the pycaret installation. Please run: `pip install catboost` to install.
Alternately, you can install this by running `pip install pycaret[models]`
2025-04-17 18:01:26,266:WARNING:
'catboost' is a soft dependency and not included in the pycaret installation. Please run: `pip install catboost` to install.
Alternately, you can install this by running `pip install pycaret[models]`
2025-04-17 18:01:26,270:WARNING:
'prophet' is a soft dependency and not included in the pycaret installation. Please run: `pip install prophet` to install.
2025-04-17 18:01:26,276:WARNING:
'xgboost' is a soft dependency and not included in the pycaret installation. Please run: `pip install xgboost` to install.
Alternately, you can install this by running `pip install pycaret[models]`
2025-04-17 18:01:26,276:WARNING:
'xgboost' is a soft dependency and not included in the pycaret installation. Please run: `pip install xgboost` to install.
Alternately, you can install this by running `pip install pycaret[models]`
2025-04-17 18:01:26,276:WARNING:
'catboost' is a soft dependency and not included in the pycaret installation. Please run: `pip install catboost` to install.
Alternately, you can install this by running `pip install pycaret[models]`
2025-04-17 18:01:26,276:WARNING:
'catboost' is a soft dependency and not included in the pycaret installation. Please run: `pip install catboost` to install.
Alternately, you can install this by running `pip install pycaret[models]`
2025-04-17 18:01:26,278:WARNING:
'prophet' is a soft dependency and not included in the pycaret installation. Please run: `pip install prophet` to install.
2025-04-17 18:01:26,280:WARNING:
'xgboost' is a soft dependency and not included in the pycaret installation. Please run: `pip install xgboost` to install.
Alternately, you can install this by running `pip install pycaret[models]`
2025-04-17 18:01:26,280:WARNING:
'xgboost' is a soft dependency and not included in the pycaret installation. Please run: `pip install xgboost` to install.
Alternately, you can install this by running `pip install pycaret[models]`
2025-04-17 18:01:26,280:WARNING:
'catboost' is a soft dependency and not included in the pycaret installation. Please run: `pip install catboost` to install.
Alternately, you can install this by running `pip install pycaret[models]`
2025-04-17 18:01:26,280:WARNING:
'catboost' is a soft dependency and not included in the pycaret installation. Please run: `pip install catboost` to install.
Alternately, you can install this by running `pip install pycaret[models]`
2025-04-17 18:01:26,281:INFO:setup() successfully completed in 0.59s...............
2025-04-17 18:01:26,281:INFO:Initializing compare_models()
2025-04-17 18:01:26,281:INFO:compare_models(self=<pycaret.time_series.forecasting.oop.TSForecastingExperiment object at 0x3153d6750>, include=['ets', 'exp_smooth'], exclude=None, fold=None, round=4, cross_validation=True, sort=RMSE, n_select=1, budget_time=None, turbo=True, errors=ignore, fit_kwargs=None, groups=None, experiment_custom_tags=None, probability_threshold=None, verbose=False, parallel=None, caller_params={'self': <pycaret.time_series.forecasting.oop.TSForecastingExperiment object at 0x3153d6750>, 'include': ['ets', 'exp_smooth'], 'exclude': None, 'fold': None, 'round': 4, 'cross_validation': True, 'sort': 'RMSE', 'n_select': 1, 'budget_time': None, 'turbo': True, 'errors': 'ignore', 'fit_kwargs': None, 'experiment_custom_tags': None, 'engine': None, 'verbose': False, 'parallel': None, '__class__': <class 'pycaret.time_series.forecasting.oop.TSForecastingExperiment'>})
2025-04-17 18:01:26,281:INFO:Checking exceptions
2025-04-17 18:01:26,282:INFO:Preparing display monitor
2025-04-17 18:01:26,283:INFO:Initializing ETS
2025-04-17 18:01:26,283:INFO:Total runtime is 6.357828776041666e-07 minutes
2025-04-17 18:01:26,283:INFO:SubProcess create_model() called ==================================
2025-04-17 18:01:26,283:INFO:Initializing create_model()
2025-04-17 18:01:26,283:INFO:create_model(self=<pycaret.time_series.forecasting.oop.TSForecastingExperiment object at 0x3153d6750>, estimator=ets, fold=None, round=4, cross_validation=True, predict=True, fit_kwargs={}, groups=None, refit=False, probability_threshold=None, experiment_custom_tags=None, verbose=False, system=False, add_to_model_list=True, metrics=None, display=<pycaret.internal.display.display.CommonDisplay object at 0x315482f50>, model_only=True, return_train_score=False, error_score=0.0, kwargs={})
2025-04-17 18:01:26,283:INFO:Checking exceptions
2025-04-17 18:01:26,283:INFO:Importing libraries
2025-04-17 18:01:26,283:INFO:Copying training dataset
2025-04-17 18:01:26,284:INFO:Defining folds
2025-04-17 18:01:26,284:INFO:Declaring metric variables
2025-04-17 18:01:26,284:INFO:Importing untrained model
2025-04-17 18:01:26,284:INFO:ETS Imported successfully
2025-04-17 18:01:26,285:INFO:Starting cross validation
2025-04-17 18:01:26,285:INFO:Cross validating with ExpandingWindowSplitter(fh=ForecastingHorizon([ 1,  2,  3,  4,  5,  6,  7,  8,  9, 10, 11, 12, 13, 14, 15, 16, 17, 18,
       19, 20, 21, 22, 23, 24, 25, 26, 27, 28, 29, 30],
      dtype='int64', is_relative=True),
                        initial_window=1968, step_length=30), n_jobs=-1
2025-04-17 18:01:34,574:WARNING:/opt/anaconda3/envs/LSTM/lib/python3.11/site-packages/sklearn/metrics/_regression.py:483: FutureWarning: 'squared' is deprecated in version 1.4 and will be removed in 1.6. To calculate the root mean squared error, use the function'root_mean_squared_error'.
  warnings.warn(

2025-04-17 18:01:34,574:WARNING:/opt/anaconda3/envs/LSTM/lib/python3.11/site-packages/sklearn/metrics/_regression.py:483: FutureWarning: 'squared' is deprecated in version 1.4 and will be removed in 1.6. To calculate the root mean squared error, use the function'root_mean_squared_error'.
  warnings.warn(

2025-04-17 18:01:34,580:WARNING:/opt/anaconda3/envs/LSTM/lib/python3.11/site-packages/sklearn/metrics/_regression.py:483: FutureWarning: 'squared' is deprecated in version 1.4 and will be removed in 1.6. To calculate the root mean squared error, use the function'root_mean_squared_error'.
  warnings.warn(

2025-04-17 18:01:34,580:WARNING:/opt/anaconda3/envs/LSTM/lib/python3.11/site-packages/sklearn/metrics/_regression.py:483: FutureWarning: 'squared' is deprecated in version 1.4 and will be removed in 1.6. To calculate the root mean squared error, use the function'root_mean_squared_error'.
  warnings.warn(

2025-04-17 18:01:34,743:WARNING:/opt/anaconda3/envs/LSTM/lib/python3.11/site-packages/sklearn/metrics/_regression.py:483: FutureWarning: 'squared' is deprecated in version 1.4 and will be removed in 1.6. To calculate the root mean squared error, use the function'root_mean_squared_error'.
  warnings.warn(

2025-04-17 18:01:34,743:WARNING:/opt/anaconda3/envs/LSTM/lib/python3.11/site-packages/sklearn/metrics/_regression.py:483: FutureWarning: 'squared' is deprecated in version 1.4 and will be removed in 1.6. To calculate the root mean squared error, use the function'root_mean_squared_error'.
  warnings.warn(

2025-04-17 18:01:34,752:INFO:Calculating mean and std
2025-04-17 18:01:34,753:INFO:Creating metrics dataframe
2025-04-17 18:01:34,766:INFO:Uploading results into container
2025-04-17 18:01:34,766:INFO:Uploading model into container now
2025-04-17 18:01:34,766:INFO:_master_model_container: 1
2025-04-17 18:01:34,766:INFO:_display_container: 2
2025-04-17 18:01:34,767:INFO:AutoETS(seasonal='mul', sp=6, trend='add')
2025-04-17 18:01:34,767:INFO:create_model() successfully completed......................................
2025-04-17 18:01:35,088:INFO:SubProcess create_model() end ==================================
2025-04-17 18:01:35,088:INFO:Creating metrics dataframe
2025-04-17 18:01:35,090:INFO:Initializing Exponential Smoothing
2025-04-17 18:01:35,090:INFO:Total runtime is 0.14678273200988767 minutes
2025-04-17 18:01:35,090:INFO:SubProcess create_model() called ==================================
2025-04-17 18:01:35,090:INFO:Initializing create_model()
2025-04-17 18:01:35,090:INFO:create_model(self=<pycaret.time_series.forecasting.oop.TSForecastingExperiment object at 0x3153d6750>, estimator=exp_smooth, fold=None, round=4, cross_validation=True, predict=True, fit_kwargs={}, groups=None, refit=False, probability_threshold=None, experiment_custom_tags=None, verbose=False, system=False, add_to_model_list=True, metrics=None, display=<pycaret.internal.display.display.CommonDisplay object at 0x315482f50>, model_only=True, return_train_score=False, error_score=0.0, kwargs={})
2025-04-17 18:01:35,090:INFO:Checking exceptions
2025-04-17 18:01:35,090:INFO:Importing libraries
2025-04-17 18:01:35,090:INFO:Copying training dataset
2025-04-17 18:01:35,092:INFO:Defining folds
2025-04-17 18:01:35,092:INFO:Declaring metric variables
2025-04-17 18:01:35,092:INFO:Importing untrained model
2025-04-17 18:01:35,093:INFO:Exponential Smoothing Imported successfully
2025-04-17 18:01:35,093:INFO:Starting cross validation
2025-04-17 18:01:35,094:INFO:Cross validating with ExpandingWindowSplitter(fh=ForecastingHorizon([ 1,  2,  3,  4,  5,  6,  7,  8,  9, 10, 11, 12, 13, 14, 15, 16, 17, 18,
       19, 20, 21, 22, 23, 24, 25, 26, 27, 28, 29, 30],
      dtype='int64', is_relative=True),
                        initial_window=1968, step_length=30), n_jobs=-1
2025-04-17 18:01:35,602:WARNING:/opt/anaconda3/envs/LSTM/lib/python3.11/site-packages/statsmodels/tsa/holtwinters/model.py:918: ConvergenceWarning: Optimization failed to converge. Check mle_retvals.
  warnings.warn(

2025-04-17 18:01:35,730:WARNING:/opt/anaconda3/envs/LSTM/lib/python3.11/site-packages/sklearn/metrics/_regression.py:483: FutureWarning: 'squared' is deprecated in version 1.4 and will be removed in 1.6. To calculate the root mean squared error, use the function'root_mean_squared_error'.
  warnings.warn(

2025-04-17 18:01:35,731:WARNING:/opt/anaconda3/envs/LSTM/lib/python3.11/site-packages/sklearn/metrics/_regression.py:483: FutureWarning: 'squared' is deprecated in version 1.4 and will be removed in 1.6. To calculate the root mean squared error, use the function'root_mean_squared_error'.
  warnings.warn(

2025-04-17 18:01:37,592:WARNING:/opt/anaconda3/envs/LSTM/lib/python3.11/site-packages/statsmodels/tsa/holtwinters/model.py:918: ConvergenceWarning: Optimization failed to converge. Check mle_retvals.
  warnings.warn(

2025-04-17 18:01:37,601:WARNING:/opt/anaconda3/envs/LSTM/lib/python3.11/site-packages/statsmodels/tsa/holtwinters/model.py:918: ConvergenceWarning: Optimization failed to converge. Check mle_retvals.
  warnings.warn(

2025-04-17 18:01:37,628:WARNING:/opt/anaconda3/envs/LSTM/lib/python3.11/site-packages/sklearn/metrics/_regression.py:483: FutureWarning: 'squared' is deprecated in version 1.4 and will be removed in 1.6. To calculate the root mean squared error, use the function'root_mean_squared_error'.
  warnings.warn(

2025-04-17 18:01:37,628:WARNING:/opt/anaconda3/envs/LSTM/lib/python3.11/site-packages/sklearn/metrics/_regression.py:483: FutureWarning: 'squared' is deprecated in version 1.4 and will be removed in 1.6. To calculate the root mean squared error, use the function'root_mean_squared_error'.
  warnings.warn(

2025-04-17 18:01:37,646:WARNING:/opt/anaconda3/envs/LSTM/lib/python3.11/site-packages/sklearn/metrics/_regression.py:483: FutureWarning: 'squared' is deprecated in version 1.4 and will be removed in 1.6. To calculate the root mean squared error, use the function'root_mean_squared_error'.
  warnings.warn(

2025-04-17 18:01:37,647:WARNING:/opt/anaconda3/envs/LSTM/lib/python3.11/site-packages/sklearn/metrics/_regression.py:483: FutureWarning: 'squared' is deprecated in version 1.4 and will be removed in 1.6. To calculate the root mean squared error, use the function'root_mean_squared_error'.
  warnings.warn(

2025-04-17 18:01:37,667:INFO:Calculating mean and std
2025-04-17 18:01:37,667:INFO:Creating metrics dataframe
2025-04-17 18:01:37,672:INFO:Uploading results into container
2025-04-17 18:01:37,672:INFO:Uploading model into container now
2025-04-17 18:01:37,673:INFO:_master_model_container: 2
2025-04-17 18:01:37,673:INFO:_display_container: 2
2025-04-17 18:01:37,674:INFO:ExponentialSmoothing(seasonal='mul', sp=6, trend='add')
2025-04-17 18:01:37,674:INFO:create_model() successfully completed......................................
2025-04-17 18:01:37,823:INFO:SubProcess create_model() end ==================================
2025-04-17 18:01:37,823:INFO:Creating metrics dataframe
2025-04-17 18:01:37,826:INFO:Initializing create_model()
2025-04-17 18:01:37,826:INFO:create_model(self=<pycaret.time_series.forecasting.oop.TSForecastingExperiment object at 0x3153d6750>, estimator=AutoETS(seasonal='mul', sp=6, trend='add'), fold=None, round=4, cross_validation=False, predict=False, fit_kwargs={}, groups=None, refit=True, probability_threshold=None, experiment_custom_tags=None, verbose=False, system=False, add_to_model_list=True, metrics=None, display=None, model_only=True, return_train_score=False, error_score=0.0, kwargs={})
2025-04-17 18:01:37,826:INFO:Checking exceptions
2025-04-17 18:01:37,827:INFO:Importing libraries
2025-04-17 18:01:37,827:INFO:Copying training dataset
2025-04-17 18:01:37,828:INFO:Defining folds
2025-04-17 18:01:37,829:INFO:Declaring metric variables
2025-04-17 18:01:37,829:INFO:Importing untrained model
2025-04-17 18:01:37,829:INFO:Declaring custom model
2025-04-17 18:01:37,830:INFO:ETS Imported successfully
2025-04-17 18:01:37,831:INFO:Cross validation set to False
2025-04-17 18:01:37,831:INFO:Fitting Model
2025-04-17 18:01:37,988:INFO:AutoETS(seasonal='mul', sp=6, trend='add')
2025-04-17 18:01:37,989:INFO:create_model() successfully completed......................................
2025-04-17 18:01:38,126:INFO:_master_model_container: 2
2025-04-17 18:01:38,126:INFO:_display_container: 2
2025-04-17 18:01:38,127:INFO:AutoETS(seasonal='mul', sp=6, trend='add')
2025-04-17 18:01:38,127:INFO:compare_models() successfully completed......................................
2025-04-17 18:01:38,129:INFO:Initializing create_model()
2025-04-17 18:01:38,133:INFO:create_model(self=<pycaret.time_series.forecasting.oop.TSForecastingExperiment object at 0x3153d6750>, estimator=AutoETS(seasonal='mul', sp=6, trend='add'), fold=None, round=4, cross_validation=True, predict=True, fit_kwargs=None, groups=None, refit=True, probability_threshold=None, experiment_custom_tags=None, verbose=False, system=True, add_to_model_list=True, metrics=None, display=None, model_only=True, return_train_score=False, error_score=0.0, kwargs={})
2025-04-17 18:01:38,134:INFO:Checking exceptions
2025-04-17 18:01:38,134:INFO:Importing libraries
2025-04-17 18:01:38,134:INFO:Copying training dataset
2025-04-17 18:01:38,135:INFO:Defining folds
2025-04-17 18:01:38,135:INFO:Declaring metric variables
2025-04-17 18:01:38,135:INFO:Importing untrained model
2025-04-17 18:01:38,135:INFO:Declaring custom model
2025-04-17 18:01:38,136:INFO:ETS Imported successfully
2025-04-17 18:01:38,137:INFO:Starting cross validation
2025-04-17 18:01:38,137:INFO:Cross validating with ExpandingWindowSplitter(fh=ForecastingHorizon([ 1,  2,  3,  4,  5,  6,  7,  8,  9, 10, 11, 12, 13, 14, 15, 16, 17, 18,
       19, 20, 21, 22, 23, 24, 25, 26, 27, 28, 29, 30],
      dtype='int64', is_relative=True),
                        initial_window=1968, step_length=30), n_jobs=-1
2025-04-17 18:01:40,057:WARNING:/opt/anaconda3/envs/LSTM/lib/python3.11/site-packages/sklearn/metrics/_regression.py:483: FutureWarning: 'squared' is deprecated in version 1.4 and will be removed in 1.6. To calculate the root mean squared error, use the function'root_mean_squared_error'.
  warnings.warn(

2025-04-17 18:01:40,057:WARNING:/opt/anaconda3/envs/LSTM/lib/python3.11/site-packages/sklearn/metrics/_regression.py:483: FutureWarning: 'squared' is deprecated in version 1.4 and will be removed in 1.6. To calculate the root mean squared error, use the function'root_mean_squared_error'.
  warnings.warn(

2025-04-17 18:01:40,232:WARNING:/opt/anaconda3/envs/LSTM/lib/python3.11/site-packages/sklearn/metrics/_regression.py:483: FutureWarning: 'squared' is deprecated in version 1.4 and will be removed in 1.6. To calculate the root mean squared error, use the function'root_mean_squared_error'.
  warnings.warn(

2025-04-17 18:01:40,232:WARNING:/opt/anaconda3/envs/LSTM/lib/python3.11/site-packages/sklearn/metrics/_regression.py:483: FutureWarning: 'squared' is deprecated in version 1.4 and will be removed in 1.6. To calculate the root mean squared error, use the function'root_mean_squared_error'.
  warnings.warn(

2025-04-17 18:01:40,302:WARNING:/opt/anaconda3/envs/LSTM/lib/python3.11/site-packages/sklearn/metrics/_regression.py:483: FutureWarning: 'squared' is deprecated in version 1.4 and will be removed in 1.6. To calculate the root mean squared error, use the function'root_mean_squared_error'.
  warnings.warn(

2025-04-17 18:01:40,302:WARNING:/opt/anaconda3/envs/LSTM/lib/python3.11/site-packages/sklearn/metrics/_regression.py:483: FutureWarning: 'squared' is deprecated in version 1.4 and will be removed in 1.6. To calculate the root mean squared error, use the function'root_mean_squared_error'.
  warnings.warn(

2025-04-17 18:01:40,337:INFO:Calculating mean and std
2025-04-17 18:01:40,337:INFO:Creating metrics dataframe
2025-04-17 18:01:40,349:INFO:Finalizing model
2025-04-17 18:01:40,602:INFO:Uploading results into container
2025-04-17 18:01:40,602:INFO:Uploading model into container now
2025-04-17 18:01:40,603:INFO:_master_model_container: 3
2025-04-17 18:01:40,604:INFO:_display_container: 3
2025-04-17 18:01:40,604:INFO:AutoETS(seasonal='mul', sp=6, trend='add')
2025-04-17 18:01:40,604:INFO:create_model() successfully completed......................................
2025-04-17 18:01:41,015:INFO:Initializing get_config()
2025-04-17 18:01:41,015:INFO:get_config(self=<pycaret.time_series.forecasting.oop.TSForecastingExperiment object at 0x3153d6750>, variable=y_train)
2025-04-17 18:01:41,015:INFO:Variable: 'y_train' used to return the transformed values in PyCaret 2.x. From PyCaret 3.x, this will return the raw values. If you need the transformed values, call get_config with 'y_train_transformed' instead.
2025-04-17 18:01:41,019:INFO:Variable:  returned as Date
2017-11-09     320.884003
2017-11-10     299.252991
2017-11-11     314.681000
2017-11-12     307.907990
2017-11-13     316.716003
                 ...     
2023-06-24    1876.059692
2023-06-25    1900.506104
2023-06-26    1859.432861
2023-06-27    1889.703369
2023-06-28    1827.971191
Freq: D, Name: ('Close', 'ETH-USD'), Length: 2058, dtype: float64
2025-04-17 18:01:41,019:INFO:get_config() successfully completed......................................
2025-04-17 18:39:34,349:WARNING:
'prophet' is a soft dependency and not included in the pycaret installation. Please run: `pip install prophet` to install.
2025-04-17 18:39:38,947:INFO:PyCaret TSForecastingExperiment
2025-04-17 18:39:38,947:INFO:Logging name: ts-default-name
2025-04-17 18:39:38,947:INFO:ML Usecase: MLUsecase.TIME_SERIES
2025-04-17 18:39:38,947:INFO:version 3.3.2
2025-04-17 18:39:38,947:INFO:Initializing setup()
2025-04-17 18:39:38,947:INFO:self.USI: ef5c
2025-04-17 18:39:38,947:INFO:self._variable_keys: {'y_test_transformed', 'memory', 'exogenous_present', 'data', 'model_engines', 'y_transformed', 'significant_sps', 'y_train_transformed', 'y_train', 'primary_sp_to_use', 'all_sps_to_use', 'idx', 'X_test', '_ml_usecase', 'exp_name_log', 'X', 'fold_generator', 'fh', 'fold_param', 'candidate_sps', 'significant_sps_no_harmonics', 'enforce_pi', 'gpu_param', 'X_train', 'gpu_n_jobs_param', 'enforce_exogenous', 'html_param', 'X_test_transformed', 'y', 'X_transformed', 'seasonality_present', 'logging_param', 'n_jobs_param', 'USI', 'approach_type', 'index_type', 'seed', 'X_train_transformed', '_available_plots', 'y_test', 'strictly_positive', 'pipeline', 'log_plots_param', 'exp_id'}
2025-04-17 18:39:38,947:INFO:Checking environment
2025-04-17 18:39:38,947:INFO:python_version: 3.11.8
2025-04-17 18:39:38,947:INFO:python_build: ('main', 'Feb 16 2024 20:49:36')
2025-04-17 18:39:38,947:INFO:machine: arm64
2025-04-17 18:39:38,947:INFO:platform: macOS-15.3.1-arm64-arm-64bit
2025-04-17 18:39:38,947:INFO:Memory: svmem(total=17179869184, available=3826221056, percent=77.7, used=5813846016, free=88342528, active=3756867584, inactive=3574546432, wired=2056978432)
2025-04-17 18:39:38,947:INFO:Physical Core: 8
2025-04-17 18:39:38,947:INFO:Logical Core: 8
2025-04-17 18:39:38,947:INFO:Checking libraries
2025-04-17 18:39:38,947:INFO:System:
2025-04-17 18:39:38,947:INFO:    python: 3.11.8 | packaged by conda-forge | (main, Feb 16 2024, 20:49:36) [Clang 16.0.6 ]
2025-04-17 18:39:38,947:INFO:executable: /opt/anaconda3/envs/LSTM/bin/python
2025-04-17 18:39:38,947:INFO:   machine: macOS-15.3.1-arm64-arm-64bit
2025-04-17 18:39:38,947:INFO:PyCaret required dependencies:
2025-04-17 18:39:38,977:INFO:                 pip: 25.0
2025-04-17 18:39:38,977:INFO:          setuptools: 75.8.0
2025-04-17 18:39:38,977:INFO:             pycaret: 3.3.2
2025-04-17 18:39:38,977:INFO:             IPython: 8.32.0
2025-04-17 18:39:38,977:INFO:          ipywidgets: 8.1.5
2025-04-17 18:39:38,977:INFO:                tqdm: 4.67.1
2025-04-17 18:39:38,977:INFO:               numpy: 1.26.4
2025-04-17 18:39:38,977:INFO:              pandas: 2.1.4
2025-04-17 18:39:38,977:INFO:              jinja2: 3.1.5
2025-04-17 18:39:38,977:INFO:               scipy: 1.11.4
2025-04-17 18:39:38,977:INFO:              joblib: 1.3.2
2025-04-17 18:39:38,977:INFO:             sklearn: 1.4.2
2025-04-17 18:39:38,977:INFO:                pyod: 2.0.3
2025-04-17 18:39:38,977:INFO:            imblearn: 0.13.0
2025-04-17 18:39:38,977:INFO:   category_encoders: 2.7.0
2025-04-17 18:39:38,977:INFO:            lightgbm: 4.6.0
2025-04-17 18:39:38,977:INFO:               numba: 0.61.0
2025-04-17 18:39:38,977:INFO:            requests: 2.32.3
2025-04-17 18:39:38,977:INFO:          matplotlib: 3.7.5
2025-04-17 18:39:38,977:INFO:          scikitplot: 0.3.7
2025-04-17 18:39:38,977:INFO:         yellowbrick: 1.5
2025-04-17 18:39:38,977:INFO:              plotly: 5.24.1
2025-04-17 18:39:38,977:INFO:    plotly-resampler: Not installed
2025-04-17 18:39:38,977:INFO:             kaleido: 0.2.1
2025-04-17 18:39:38,977:INFO:           schemdraw: 0.15
2025-04-17 18:39:38,977:INFO:         statsmodels: 0.14.4
2025-04-17 18:39:38,977:INFO:              sktime: 0.26.0
2025-04-17 18:39:38,977:INFO:               tbats: 1.1.3
2025-04-17 18:39:38,977:INFO:            pmdarima: 2.0.4
2025-04-17 18:39:38,977:INFO:              psutil: 5.9.0
2025-04-17 18:39:38,977:INFO:          markupsafe: 3.0.2
2025-04-17 18:39:38,977:INFO:             pickle5: Not installed
2025-04-17 18:39:38,977:INFO:         cloudpickle: 3.1.1
2025-04-17 18:39:38,977:INFO:         deprecation: 2.1.0
2025-04-17 18:39:38,977:INFO:              xxhash: 3.5.0
2025-04-17 18:39:38,977:INFO:           wurlitzer: 3.1.1
2025-04-17 18:39:38,977:INFO:PyCaret optional dependencies:
2025-04-17 18:39:38,987:INFO:                shap: Not installed
2025-04-17 18:39:38,987:INFO:           interpret: Not installed
2025-04-17 18:39:38,987:INFO:                umap: Not installed
2025-04-17 18:39:38,987:INFO:     ydata_profiling: Not installed
2025-04-17 18:39:38,987:INFO:  explainerdashboard: Not installed
2025-04-17 18:39:38,987:INFO:             autoviz: Not installed
2025-04-17 18:39:38,987:INFO:           fairlearn: Not installed
2025-04-17 18:39:38,987:INFO:          deepchecks: Not installed
2025-04-17 18:39:38,987:INFO:             xgboost: Not installed
2025-04-17 18:39:38,987:INFO:            catboost: Not installed
2025-04-17 18:39:38,987:INFO:              kmodes: Not installed
2025-04-17 18:39:38,987:INFO:             mlxtend: Not installed
2025-04-17 18:39:38,987:INFO:       statsforecast: Not installed
2025-04-17 18:39:38,987:INFO:        tune_sklearn: Not installed
2025-04-17 18:39:38,987:INFO:                 ray: Not installed
2025-04-17 18:39:38,987:INFO:            hyperopt: Not installed
2025-04-17 18:39:38,987:INFO:              optuna: Not installed
2025-04-17 18:39:38,987:INFO:               skopt: Not installed
2025-04-17 18:39:38,987:INFO:              mlflow: Not installed
2025-04-17 18:39:38,987:INFO:              gradio: Not installed
2025-04-17 18:39:38,987:INFO:             fastapi: Not installed
2025-04-17 18:39:38,987:INFO:             uvicorn: Not installed
2025-04-17 18:39:38,987:INFO:              m2cgen: Not installed
2025-04-17 18:39:38,987:INFO:           evidently: Not installed
2025-04-17 18:39:38,987:INFO:               fugue: Not installed
2025-04-17 18:39:38,987:INFO:           streamlit: Not installed
2025-04-17 18:39:38,987:INFO:             prophet: Not installed
2025-04-17 18:39:38,987:INFO:None
2025-04-17 18:39:38,995:INFO:Set Forecast Horizon.
2025-04-17 18:39:38,995:INFO:Set up Train-Test Splits.
2025-04-17 18:39:39,001:INFO:Preparing preprocessing pipeline...
2025-04-17 18:39:39,001:INFO:Set up imputation for Target variable(s).
2025-04-17 18:39:39,033:INFO:Finished creating preprocessing pipeline.
2025-04-17 18:39:39,037:INFO:Pipeline: ForecastingPipeline(steps=[('forecaster',
                            TransformedTargetForecaster(steps=[('transformer_target',
                                                                TransformerPipeline(steps=[('numerical_imputer',
                                                                                            Imputer(method='ffill',
                                                                                                    random_state=123))])),
                                                               ('model',
                                                                DummyForecaster())]))])
2025-04-17 18:39:39,037:INFO:Set up Seasonal Period.
2025-04-17 18:39:39,047:INFO:Setting the seasonal component type - 'add' or 'mul'.
2025-04-17 18:39:39,047:INFO:Checking if data is strictly positive.
2025-04-17 18:39:39,130:INFO:Creating final display dataframe.
2025-04-17 18:39:39,160:INFO:Setup Display Container:                                           Description                    Value
0                                          session_id                      123
1                                              Target     ('Close', 'ETH-USD')
2                                            Approach               Univariate
3                                 Exogenous Variables              Not Present
4                                 Original data shape                (2088, 1)
5                              Transformed data shape                (2088, 1)
6                         Transformed train set shape                (2058, 1)
7                          Transformed test set shape                  (30, 1)
8                            Rows with missing values                     0.0%
9                                      Fold Generator  ExpandingWindowSplitter
10                                        Fold Number                        3
11                        Enforce Prediction Interval                    False
12                    Splits used for hyperparameters                      all
13                    User Defined Seasonal Period(s)                     None
14                            Ignore Seasonality Test                    False
15                         Seasonality Detection Algo                     auto
16                             Max Period to Consider                       60
17                          Seasonal Period(s) Tested  [6, 33, 17, 28, 27, 58]
18                     Significant Seasonal Period(s)  [6, 33, 17, 28, 27, 58]
19   Significant Seasonal Period(s) without Harmonics  [6, 33, 17, 28, 27, 58]
20                                   Remove Harmonics                    False
21                             Harmonics Order Method             harmonic_max
22                           Num Seasonalities to Use                        1
23                           All Seasonalities to Use                      [6]
24                                Primary Seasonality                        6
25                                Seasonality Present                     True
26                                   Seasonality Type                      mul
27                           Target Strictly Positive                     True
28                                 Target White Noise                       No
29                                      Recommended d                        1
30                             Recommended Seasonal D                        0
31                                         Preprocess                     True
32                      Numerical Imputation (Target)                    ffill
33                            Transformation (Target)                     None
34                                   Scaling (Target)                     None
35  Feature Engineering (Target) - Reduced Regression                    False
36                                           CPU Jobs                       -1
37                                            Use GPU                    False
38                                     Log Experiment                    False
39                                    Experiment Name          ts-default-name
40                                                USI                     ef5c
2025-04-17 18:39:39,160:INFO:Engine successfully changes for model 'auto_arima' to 'pmdarima'.
2025-04-17 18:39:39,278:WARNING:
'prophet' is a soft dependency and not included in the pycaret installation. Please run: `pip install prophet` to install.
2025-04-17 18:39:39,278:INFO:Engine for model 'lr_cds_dt' has not been set explicitly, hence returning None.
2025-04-17 18:39:39,279:INFO:Engine for model 'en_cds_dt' has not been set explicitly, hence returning None.
2025-04-17 18:39:39,279:INFO:Engine for model 'ridge_cds_dt' has not been set explicitly, hence returning None.
2025-04-17 18:39:39,279:INFO:Engine for model 'lasso_cds_dt' has not been set explicitly, hence returning None.
2025-04-17 18:39:39,279:INFO:Engine for model 'llar_cds_dt' has not been set explicitly, hence returning None.
2025-04-17 18:39:39,279:INFO:Engine for model 'br_cds_dt' has not been set explicitly, hence returning None.
2025-04-17 18:39:39,279:INFO:Engine for model 'huber_cds_dt' has not been set explicitly, hence returning None.
2025-04-17 18:39:39,280:INFO:Engine for model 'omp_cds_dt' has not been set explicitly, hence returning None.
2025-04-17 18:39:39,280:INFO:Engine for model 'knn_cds_dt' has not been set explicitly, hence returning None.
2025-04-17 18:39:39,281:INFO:Engine for model 'dt_cds_dt' has not been set explicitly, hence returning None.
2025-04-17 18:39:39,281:INFO:Engine for model 'rf_cds_dt' has not been set explicitly, hence returning None.
2025-04-17 18:39:39,281:INFO:Engine for model 'et_cds_dt' has not been set explicitly, hence returning None.
2025-04-17 18:39:39,281:INFO:Engine for model 'gbr_cds_dt' has not been set explicitly, hence returning None.
2025-04-17 18:39:39,281:INFO:Engine for model 'ada_cds_dt' has not been set explicitly, hence returning None.
2025-04-17 18:39:39,281:INFO:Engine for model 'xgboost_cds_dt' has not been set explicitly, hence returning None.
2025-04-17 18:39:39,281:WARNING:
'xgboost' is a soft dependency and not included in the pycaret installation. Please run: `pip install xgboost` to install.
Alternately, you can install this by running `pip install pycaret[models]`
2025-04-17 18:39:39,281:WARNING:
'xgboost' is a soft dependency and not included in the pycaret installation. Please run: `pip install xgboost` to install.
Alternately, you can install this by running `pip install pycaret[models]`
2025-04-17 18:39:39,281:INFO:Engine for model 'lightgbm_cds_dt' has not been set explicitly, hence returning None.
2025-04-17 18:39:39,282:INFO:Engine for model 'catboost_cds_dt' has not been set explicitly, hence returning None.
2025-04-17 18:39:39,282:WARNING:
'catboost' is a soft dependency and not included in the pycaret installation. Please run: `pip install catboost` to install.
Alternately, you can install this by running `pip install pycaret[models]`
2025-04-17 18:39:39,282:WARNING:
'catboost' is a soft dependency and not included in the pycaret installation. Please run: `pip install catboost` to install.
Alternately, you can install this by running `pip install pycaret[models]`
2025-04-17 18:39:39,283:WARNING:
'prophet' is a soft dependency and not included in the pycaret installation. Please run: `pip install prophet` to install.
2025-04-17 18:39:39,283:INFO:Engine for model 'lr_cds_dt' has not been set explicitly, hence returning None.
2025-04-17 18:39:39,283:INFO:Engine for model 'en_cds_dt' has not been set explicitly, hence returning None.
2025-04-17 18:39:39,283:INFO:Engine for model 'ridge_cds_dt' has not been set explicitly, hence returning None.
2025-04-17 18:39:39,283:INFO:Engine for model 'lasso_cds_dt' has not been set explicitly, hence returning None.
2025-04-17 18:39:39,283:INFO:Engine for model 'llar_cds_dt' has not been set explicitly, hence returning None.
2025-04-17 18:39:39,283:INFO:Engine for model 'br_cds_dt' has not been set explicitly, hence returning None.
2025-04-17 18:39:39,284:INFO:Engine for model 'huber_cds_dt' has not been set explicitly, hence returning None.
2025-04-17 18:39:39,284:INFO:Engine for model 'omp_cds_dt' has not been set explicitly, hence returning None.
2025-04-17 18:39:39,285:INFO:Engine for model 'knn_cds_dt' has not been set explicitly, hence returning None.
2025-04-17 18:39:39,285:INFO:Engine for model 'dt_cds_dt' has not been set explicitly, hence returning None.
2025-04-17 18:39:39,285:INFO:Engine for model 'rf_cds_dt' has not been set explicitly, hence returning None.
2025-04-17 18:39:39,285:INFO:Engine for model 'et_cds_dt' has not been set explicitly, hence returning None.
2025-04-17 18:39:39,285:INFO:Engine for model 'gbr_cds_dt' has not been set explicitly, hence returning None.
2025-04-17 18:39:39,285:INFO:Engine for model 'ada_cds_dt' has not been set explicitly, hence returning None.
2025-04-17 18:39:39,285:INFO:Engine for model 'xgboost_cds_dt' has not been set explicitly, hence returning None.
2025-04-17 18:39:39,285:WARNING:
'xgboost' is a soft dependency and not included in the pycaret installation. Please run: `pip install xgboost` to install.
Alternately, you can install this by running `pip install pycaret[models]`
2025-04-17 18:39:39,285:WARNING:
'xgboost' is a soft dependency and not included in the pycaret installation. Please run: `pip install xgboost` to install.
Alternately, you can install this by running `pip install pycaret[models]`
2025-04-17 18:39:39,285:INFO:Engine for model 'lightgbm_cds_dt' has not been set explicitly, hence returning None.
2025-04-17 18:39:39,285:INFO:Engine for model 'catboost_cds_dt' has not been set explicitly, hence returning None.
2025-04-17 18:39:39,285:WARNING:
'catboost' is a soft dependency and not included in the pycaret installation. Please run: `pip install catboost` to install.
Alternately, you can install this by running `pip install pycaret[models]`
2025-04-17 18:39:39,285:WARNING:
'catboost' is a soft dependency and not included in the pycaret installation. Please run: `pip install catboost` to install.
Alternately, you can install this by running `pip install pycaret[models]`
2025-04-17 18:39:39,285:INFO:Engine successfully changes for model 'lr_cds_dt' to 'sklearn'.
2025-04-17 18:39:39,287:WARNING:
'prophet' is a soft dependency and not included in the pycaret installation. Please run: `pip install prophet` to install.
2025-04-17 18:39:39,287:INFO:Engine for model 'en_cds_dt' has not been set explicitly, hence returning None.
2025-04-17 18:39:39,287:INFO:Engine for model 'ridge_cds_dt' has not been set explicitly, hence returning None.
2025-04-17 18:39:39,287:INFO:Engine for model 'lasso_cds_dt' has not been set explicitly, hence returning None.
2025-04-17 18:39:39,287:INFO:Engine for model 'llar_cds_dt' has not been set explicitly, hence returning None.
2025-04-17 18:39:39,287:INFO:Engine for model 'br_cds_dt' has not been set explicitly, hence returning None.
2025-04-17 18:39:39,287:INFO:Engine for model 'huber_cds_dt' has not been set explicitly, hence returning None.
2025-04-17 18:39:39,290:INFO:Engine for model 'omp_cds_dt' has not been set explicitly, hence returning None.
2025-04-17 18:39:39,297:INFO:Engine for model 'knn_cds_dt' has not been set explicitly, hence returning None.
2025-04-17 18:39:39,303:INFO:Engine for model 'dt_cds_dt' has not been set explicitly, hence returning None.
2025-04-17 18:39:39,343:INFO:Engine for model 'rf_cds_dt' has not been set explicitly, hence returning None.
2025-04-17 18:39:39,344:INFO:Engine for model 'et_cds_dt' has not been set explicitly, hence returning None.
2025-04-17 18:39:39,344:INFO:Engine for model 'gbr_cds_dt' has not been set explicitly, hence returning None.
2025-04-17 18:39:39,345:INFO:Engine for model 'ada_cds_dt' has not been set explicitly, hence returning None.
2025-04-17 18:39:39,345:INFO:Engine for model 'xgboost_cds_dt' has not been set explicitly, hence returning None.
2025-04-17 18:39:39,345:WARNING:
'xgboost' is a soft dependency and not included in the pycaret installation. Please run: `pip install xgboost` to install.
Alternately, you can install this by running `pip install pycaret[models]`
2025-04-17 18:39:39,345:WARNING:
'xgboost' is a soft dependency and not included in the pycaret installation. Please run: `pip install xgboost` to install.
Alternately, you can install this by running `pip install pycaret[models]`
2025-04-17 18:39:39,345:INFO:Engine for model 'lightgbm_cds_dt' has not been set explicitly, hence returning None.
2025-04-17 18:39:39,361:INFO:Engine for model 'catboost_cds_dt' has not been set explicitly, hence returning None.
2025-04-17 18:39:39,361:WARNING:
'catboost' is a soft dependency and not included in the pycaret installation. Please run: `pip install catboost` to install.
Alternately, you can install this by running `pip install pycaret[models]`
2025-04-17 18:39:39,361:WARNING:
'catboost' is a soft dependency and not included in the pycaret installation. Please run: `pip install catboost` to install.
Alternately, you can install this by running `pip install pycaret[models]`
2025-04-17 18:39:39,381:WARNING:
'prophet' is a soft dependency and not included in the pycaret installation. Please run: `pip install prophet` to install.
2025-04-17 18:39:39,381:INFO:Engine for model 'en_cds_dt' has not been set explicitly, hence returning None.
2025-04-17 18:39:39,383:INFO:Engine for model 'ridge_cds_dt' has not been set explicitly, hence returning None.
2025-04-17 18:39:39,383:INFO:Engine for model 'lasso_cds_dt' has not been set explicitly, hence returning None.
2025-04-17 18:39:39,383:INFO:Engine for model 'llar_cds_dt' has not been set explicitly, hence returning None.
2025-04-17 18:39:39,384:INFO:Engine for model 'br_cds_dt' has not been set explicitly, hence returning None.
2025-04-17 18:39:39,384:INFO:Engine for model 'huber_cds_dt' has not been set explicitly, hence returning None.
2025-04-17 18:39:39,390:INFO:Engine for model 'omp_cds_dt' has not been set explicitly, hence returning None.
2025-04-17 18:39:39,396:INFO:Engine for model 'knn_cds_dt' has not been set explicitly, hence returning None.
2025-04-17 18:39:39,397:INFO:Engine for model 'dt_cds_dt' has not been set explicitly, hence returning None.
2025-04-17 18:39:39,398:INFO:Engine for model 'rf_cds_dt' has not been set explicitly, hence returning None.
2025-04-17 18:39:39,398:INFO:Engine for model 'et_cds_dt' has not been set explicitly, hence returning None.
2025-04-17 18:39:39,398:INFO:Engine for model 'gbr_cds_dt' has not been set explicitly, hence returning None.
2025-04-17 18:39:39,399:INFO:Engine for model 'ada_cds_dt' has not been set explicitly, hence returning None.
2025-04-17 18:39:39,399:INFO:Engine for model 'xgboost_cds_dt' has not been set explicitly, hence returning None.
2025-04-17 18:39:39,399:WARNING:
'xgboost' is a soft dependency and not included in the pycaret installation. Please run: `pip install xgboost` to install.
Alternately, you can install this by running `pip install pycaret[models]`
2025-04-17 18:39:39,399:WARNING:
'xgboost' is a soft dependency and not included in the pycaret installation. Please run: `pip install xgboost` to install.
Alternately, you can install this by running `pip install pycaret[models]`
2025-04-17 18:39:39,399:INFO:Engine for model 'lightgbm_cds_dt' has not been set explicitly, hence returning None.
2025-04-17 18:39:39,400:INFO:Engine for model 'catboost_cds_dt' has not been set explicitly, hence returning None.
2025-04-17 18:39:39,400:WARNING:
'catboost' is a soft dependency and not included in the pycaret installation. Please run: `pip install catboost` to install.
Alternately, you can install this by running `pip install pycaret[models]`
2025-04-17 18:39:39,400:WARNING:
'catboost' is a soft dependency and not included in the pycaret installation. Please run: `pip install catboost` to install.
Alternately, you can install this by running `pip install pycaret[models]`
2025-04-17 18:39:39,400:INFO:Engine successfully changes for model 'en_cds_dt' to 'sklearn'.
2025-04-17 18:39:39,404:WARNING:
'prophet' is a soft dependency and not included in the pycaret installation. Please run: `pip install prophet` to install.
2025-04-17 18:39:39,404:INFO:Engine for model 'ridge_cds_dt' has not been set explicitly, hence returning None.
2025-04-17 18:39:39,404:INFO:Engine for model 'lasso_cds_dt' has not been set explicitly, hence returning None.
2025-04-17 18:39:39,405:INFO:Engine for model 'llar_cds_dt' has not been set explicitly, hence returning None.
2025-04-17 18:39:39,405:INFO:Engine for model 'br_cds_dt' has not been set explicitly, hence returning None.
2025-04-17 18:39:39,405:INFO:Engine for model 'huber_cds_dt' has not been set explicitly, hence returning None.
2025-04-17 18:39:39,408:INFO:Engine for model 'omp_cds_dt' has not been set explicitly, hence returning None.
2025-04-17 18:39:39,409:INFO:Engine for model 'knn_cds_dt' has not been set explicitly, hence returning None.
2025-04-17 18:39:39,410:INFO:Engine for model 'dt_cds_dt' has not been set explicitly, hence returning None.
2025-04-17 18:39:39,410:INFO:Engine for model 'rf_cds_dt' has not been set explicitly, hence returning None.
2025-04-17 18:39:39,411:INFO:Engine for model 'et_cds_dt' has not been set explicitly, hence returning None.
2025-04-17 18:39:39,411:INFO:Engine for model 'gbr_cds_dt' has not been set explicitly, hence returning None.
2025-04-17 18:39:39,411:INFO:Engine for model 'ada_cds_dt' has not been set explicitly, hence returning None.
2025-04-17 18:39:39,412:INFO:Engine for model 'xgboost_cds_dt' has not been set explicitly, hence returning None.
2025-04-17 18:39:39,412:WARNING:
'xgboost' is a soft dependency and not included in the pycaret installation. Please run: `pip install xgboost` to install.
Alternately, you can install this by running `pip install pycaret[models]`
2025-04-17 18:39:39,412:WARNING:
'xgboost' is a soft dependency and not included in the pycaret installation. Please run: `pip install xgboost` to install.
Alternately, you can install this by running `pip install pycaret[models]`
2025-04-17 18:39:39,412:INFO:Engine for model 'lightgbm_cds_dt' has not been set explicitly, hence returning None.
2025-04-17 18:39:39,412:INFO:Engine for model 'catboost_cds_dt' has not been set explicitly, hence returning None.
2025-04-17 18:39:39,412:WARNING:
'catboost' is a soft dependency and not included in the pycaret installation. Please run: `pip install catboost` to install.
Alternately, you can install this by running `pip install pycaret[models]`
2025-04-17 18:39:39,412:WARNING:
'catboost' is a soft dependency and not included in the pycaret installation. Please run: `pip install catboost` to install.
Alternately, you can install this by running `pip install pycaret[models]`
2025-04-17 18:39:39,417:WARNING:
'prophet' is a soft dependency and not included in the pycaret installation. Please run: `pip install prophet` to install.
2025-04-17 18:39:39,417:INFO:Engine for model 'ridge_cds_dt' has not been set explicitly, hence returning None.
2025-04-17 18:39:39,418:INFO:Engine for model 'lasso_cds_dt' has not been set explicitly, hence returning None.
2025-04-17 18:39:39,418:INFO:Engine for model 'llar_cds_dt' has not been set explicitly, hence returning None.
2025-04-17 18:39:39,418:INFO:Engine for model 'br_cds_dt' has not been set explicitly, hence returning None.
2025-04-17 18:39:39,418:INFO:Engine for model 'huber_cds_dt' has not been set explicitly, hence returning None.
2025-04-17 18:39:39,419:INFO:Engine for model 'omp_cds_dt' has not been set explicitly, hence returning None.
2025-04-17 18:39:39,421:INFO:Engine for model 'knn_cds_dt' has not been set explicitly, hence returning None.
2025-04-17 18:39:39,421:INFO:Engine for model 'dt_cds_dt' has not been set explicitly, hence returning None.
2025-04-17 18:39:39,421:INFO:Engine for model 'rf_cds_dt' has not been set explicitly, hence returning None.
2025-04-17 18:39:39,422:INFO:Engine for model 'et_cds_dt' has not been set explicitly, hence returning None.
2025-04-17 18:39:39,422:INFO:Engine for model 'gbr_cds_dt' has not been set explicitly, hence returning None.
2025-04-17 18:39:39,422:INFO:Engine for model 'ada_cds_dt' has not been set explicitly, hence returning None.
2025-04-17 18:39:39,423:INFO:Engine for model 'xgboost_cds_dt' has not been set explicitly, hence returning None.
2025-04-17 18:39:39,423:WARNING:
'xgboost' is a soft dependency and not included in the pycaret installation. Please run: `pip install xgboost` to install.
Alternately, you can install this by running `pip install pycaret[models]`
2025-04-17 18:39:39,423:WARNING:
'xgboost' is a soft dependency and not included in the pycaret installation. Please run: `pip install xgboost` to install.
Alternately, you can install this by running `pip install pycaret[models]`
2025-04-17 18:39:39,423:INFO:Engine for model 'lightgbm_cds_dt' has not been set explicitly, hence returning None.
2025-04-17 18:39:39,423:INFO:Engine for model 'catboost_cds_dt' has not been set explicitly, hence returning None.
2025-04-17 18:39:39,423:WARNING:
'catboost' is a soft dependency and not included in the pycaret installation. Please run: `pip install catboost` to install.
Alternately, you can install this by running `pip install pycaret[models]`
2025-04-17 18:39:39,423:WARNING:
'catboost' is a soft dependency and not included in the pycaret installation. Please run: `pip install catboost` to install.
Alternately, you can install this by running `pip install pycaret[models]`
2025-04-17 18:39:39,424:INFO:Engine successfully changes for model 'ridge_cds_dt' to 'sklearn'.
2025-04-17 18:39:39,427:WARNING:
'prophet' is a soft dependency and not included in the pycaret installation. Please run: `pip install prophet` to install.
2025-04-17 18:39:39,428:INFO:Engine for model 'lasso_cds_dt' has not been set explicitly, hence returning None.
2025-04-17 18:39:39,428:INFO:Engine for model 'llar_cds_dt' has not been set explicitly, hence returning None.
2025-04-17 18:39:39,429:INFO:Engine for model 'br_cds_dt' has not been set explicitly, hence returning None.
2025-04-17 18:39:39,430:INFO:Engine for model 'huber_cds_dt' has not been set explicitly, hence returning None.
2025-04-17 18:39:39,430:INFO:Engine for model 'omp_cds_dt' has not been set explicitly, hence returning None.
2025-04-17 18:39:39,431:INFO:Engine for model 'knn_cds_dt' has not been set explicitly, hence returning None.
2025-04-17 18:39:39,431:INFO:Engine for model 'dt_cds_dt' has not been set explicitly, hence returning None.
2025-04-17 18:39:39,431:INFO:Engine for model 'rf_cds_dt' has not been set explicitly, hence returning None.
2025-04-17 18:39:39,431:INFO:Engine for model 'et_cds_dt' has not been set explicitly, hence returning None.
2025-04-17 18:39:39,431:INFO:Engine for model 'gbr_cds_dt' has not been set explicitly, hence returning None.
2025-04-17 18:39:39,432:INFO:Engine for model 'ada_cds_dt' has not been set explicitly, hence returning None.
2025-04-17 18:39:39,432:INFO:Engine for model 'xgboost_cds_dt' has not been set explicitly, hence returning None.
2025-04-17 18:39:39,432:WARNING:
'xgboost' is a soft dependency and not included in the pycaret installation. Please run: `pip install xgboost` to install.
Alternately, you can install this by running `pip install pycaret[models]`
2025-04-17 18:39:39,432:WARNING:
'xgboost' is a soft dependency and not included in the pycaret installation. Please run: `pip install xgboost` to install.
Alternately, you can install this by running `pip install pycaret[models]`
2025-04-17 18:39:39,432:INFO:Engine for model 'lightgbm_cds_dt' has not been set explicitly, hence returning None.
2025-04-17 18:39:39,432:INFO:Engine for model 'catboost_cds_dt' has not been set explicitly, hence returning None.
2025-04-17 18:39:39,432:WARNING:
'catboost' is a soft dependency and not included in the pycaret installation. Please run: `pip install catboost` to install.
Alternately, you can install this by running `pip install pycaret[models]`
2025-04-17 18:39:39,432:WARNING:
'catboost' is a soft dependency and not included in the pycaret installation. Please run: `pip install catboost` to install.
Alternately, you can install this by running `pip install pycaret[models]`
2025-04-17 18:39:39,433:WARNING:
'prophet' is a soft dependency and not included in the pycaret installation. Please run: `pip install prophet` to install.
2025-04-17 18:39:39,435:INFO:Engine for model 'lasso_cds_dt' has not been set explicitly, hence returning None.
2025-04-17 18:39:39,435:INFO:Engine for model 'llar_cds_dt' has not been set explicitly, hence returning None.
2025-04-17 18:39:39,435:INFO:Engine for model 'br_cds_dt' has not been set explicitly, hence returning None.
2025-04-17 18:39:39,436:INFO:Engine for model 'huber_cds_dt' has not been set explicitly, hence returning None.
2025-04-17 18:39:39,437:INFO:Engine for model 'omp_cds_dt' has not been set explicitly, hence returning None.
2025-04-17 18:39:39,439:INFO:Engine for model 'knn_cds_dt' has not been set explicitly, hence returning None.
2025-04-17 18:39:39,439:INFO:Engine for model 'dt_cds_dt' has not been set explicitly, hence returning None.
2025-04-17 18:39:39,440:INFO:Engine for model 'rf_cds_dt' has not been set explicitly, hence returning None.
2025-04-17 18:39:39,440:INFO:Engine for model 'et_cds_dt' has not been set explicitly, hence returning None.
2025-04-17 18:39:39,441:INFO:Engine for model 'gbr_cds_dt' has not been set explicitly, hence returning None.
2025-04-17 18:39:39,441:INFO:Engine for model 'ada_cds_dt' has not been set explicitly, hence returning None.
2025-04-17 18:39:39,441:INFO:Engine for model 'xgboost_cds_dt' has not been set explicitly, hence returning None.
2025-04-17 18:39:39,442:WARNING:
'xgboost' is a soft dependency and not included in the pycaret installation. Please run: `pip install xgboost` to install.
Alternately, you can install this by running `pip install pycaret[models]`
2025-04-17 18:39:39,442:WARNING:
'xgboost' is a soft dependency and not included in the pycaret installation. Please run: `pip install xgboost` to install.
Alternately, you can install this by running `pip install pycaret[models]`
2025-04-17 18:39:39,442:INFO:Engine for model 'lightgbm_cds_dt' has not been set explicitly, hence returning None.
2025-04-17 18:39:39,442:INFO:Engine for model 'catboost_cds_dt' has not been set explicitly, hence returning None.
2025-04-17 18:39:39,442:WARNING:
'catboost' is a soft dependency and not included in the pycaret installation. Please run: `pip install catboost` to install.
Alternately, you can install this by running `pip install pycaret[models]`
2025-04-17 18:39:39,442:WARNING:
'catboost' is a soft dependency and not included in the pycaret installation. Please run: `pip install catboost` to install.
Alternately, you can install this by running `pip install pycaret[models]`
2025-04-17 18:39:39,443:INFO:Engine successfully changes for model 'lasso_cds_dt' to 'sklearn'.
2025-04-17 18:39:39,446:WARNING:
'prophet' is a soft dependency and not included in the pycaret installation. Please run: `pip install prophet` to install.
2025-04-17 18:39:39,447:INFO:Engine for model 'llar_cds_dt' has not been set explicitly, hence returning None.
2025-04-17 18:39:39,447:INFO:Engine for model 'br_cds_dt' has not been set explicitly, hence returning None.
2025-04-17 18:39:39,448:INFO:Engine for model 'huber_cds_dt' has not been set explicitly, hence returning None.
2025-04-17 18:39:39,450:INFO:Engine for model 'omp_cds_dt' has not been set explicitly, hence returning None.
2025-04-17 18:39:39,452:INFO:Engine for model 'knn_cds_dt' has not been set explicitly, hence returning None.
2025-04-17 18:39:39,452:INFO:Engine for model 'dt_cds_dt' has not been set explicitly, hence returning None.
2025-04-17 18:39:39,453:INFO:Engine for model 'rf_cds_dt' has not been set explicitly, hence returning None.
2025-04-17 18:39:39,454:INFO:Engine for model 'et_cds_dt' has not been set explicitly, hence returning None.
2025-04-17 18:39:39,455:INFO:Engine for model 'gbr_cds_dt' has not been set explicitly, hence returning None.
2025-04-17 18:39:39,455:INFO:Engine for model 'ada_cds_dt' has not been set explicitly, hence returning None.
2025-04-17 18:39:39,455:INFO:Engine for model 'xgboost_cds_dt' has not been set explicitly, hence returning None.
2025-04-17 18:39:39,455:WARNING:
'xgboost' is a soft dependency and not included in the pycaret installation. Please run: `pip install xgboost` to install.
Alternately, you can install this by running `pip install pycaret[models]`
2025-04-17 18:39:39,455:WARNING:
'xgboost' is a soft dependency and not included in the pycaret installation. Please run: `pip install xgboost` to install.
Alternately, you can install this by running `pip install pycaret[models]`
2025-04-17 18:39:39,455:INFO:Engine for model 'lightgbm_cds_dt' has not been set explicitly, hence returning None.
2025-04-17 18:39:39,455:INFO:Engine for model 'catboost_cds_dt' has not been set explicitly, hence returning None.
2025-04-17 18:39:39,455:WARNING:
'catboost' is a soft dependency and not included in the pycaret installation. Please run: `pip install catboost` to install.
Alternately, you can install this by running `pip install pycaret[models]`
2025-04-17 18:39:39,455:WARNING:
'catboost' is a soft dependency and not included in the pycaret installation. Please run: `pip install catboost` to install.
Alternately, you can install this by running `pip install pycaret[models]`
2025-04-17 18:39:39,456:WARNING:
'prophet' is a soft dependency and not included in the pycaret installation. Please run: `pip install prophet` to install.
2025-04-17 18:39:39,457:INFO:Engine for model 'llar_cds_dt' has not been set explicitly, hence returning None.
2025-04-17 18:39:39,457:INFO:Engine for model 'br_cds_dt' has not been set explicitly, hence returning None.
2025-04-17 18:39:39,458:INFO:Engine for model 'huber_cds_dt' has not been set explicitly, hence returning None.
2025-04-17 18:39:39,458:INFO:Engine for model 'omp_cds_dt' has not been set explicitly, hence returning None.
2025-04-17 18:39:39,459:INFO:Engine for model 'knn_cds_dt' has not been set explicitly, hence returning None.
2025-04-17 18:39:39,459:INFO:Engine for model 'dt_cds_dt' has not been set explicitly, hence returning None.
2025-04-17 18:39:39,459:INFO:Engine for model 'rf_cds_dt' has not been set explicitly, hence returning None.
2025-04-17 18:39:39,459:INFO:Engine for model 'et_cds_dt' has not been set explicitly, hence returning None.
2025-04-17 18:39:39,459:INFO:Engine for model 'gbr_cds_dt' has not been set explicitly, hence returning None.
2025-04-17 18:39:39,460:INFO:Engine for model 'ada_cds_dt' has not been set explicitly, hence returning None.
2025-04-17 18:39:39,460:INFO:Engine for model 'xgboost_cds_dt' has not been set explicitly, hence returning None.
2025-04-17 18:39:39,460:WARNING:
'xgboost' is a soft dependency and not included in the pycaret installation. Please run: `pip install xgboost` to install.
Alternately, you can install this by running `pip install pycaret[models]`
2025-04-17 18:39:39,460:WARNING:
'xgboost' is a soft dependency and not included in the pycaret installation. Please run: `pip install xgboost` to install.
Alternately, you can install this by running `pip install pycaret[models]`
2025-04-17 18:39:39,460:INFO:Engine for model 'lightgbm_cds_dt' has not been set explicitly, hence returning None.
2025-04-17 18:39:39,460:INFO:Engine for model 'catboost_cds_dt' has not been set explicitly, hence returning None.
2025-04-17 18:39:39,460:WARNING:
'catboost' is a soft dependency and not included in the pycaret installation. Please run: `pip install catboost` to install.
Alternately, you can install this by running `pip install pycaret[models]`
2025-04-17 18:39:39,460:WARNING:
'catboost' is a soft dependency and not included in the pycaret installation. Please run: `pip install catboost` to install.
Alternately, you can install this by running `pip install pycaret[models]`
2025-04-17 18:39:39,460:INFO:Engine successfully changes for model 'lar_cds_dt' to 'sklearn'.
2025-04-17 18:39:39,461:WARNING:
'prophet' is a soft dependency and not included in the pycaret installation. Please run: `pip install prophet` to install.
2025-04-17 18:39:39,461:INFO:Engine for model 'llar_cds_dt' has not been set explicitly, hence returning None.
2025-04-17 18:39:39,462:INFO:Engine for model 'br_cds_dt' has not been set explicitly, hence returning None.
2025-04-17 18:39:39,462:INFO:Engine for model 'huber_cds_dt' has not been set explicitly, hence returning None.
2025-04-17 18:39:39,462:INFO:Engine for model 'omp_cds_dt' has not been set explicitly, hence returning None.
2025-04-17 18:39:39,463:INFO:Engine for model 'knn_cds_dt' has not been set explicitly, hence returning None.
2025-04-17 18:39:39,463:INFO:Engine for model 'dt_cds_dt' has not been set explicitly, hence returning None.
2025-04-17 18:39:39,463:INFO:Engine for model 'rf_cds_dt' has not been set explicitly, hence returning None.
2025-04-17 18:39:39,463:INFO:Engine for model 'et_cds_dt' has not been set explicitly, hence returning None.
2025-04-17 18:39:39,463:INFO:Engine for model 'gbr_cds_dt' has not been set explicitly, hence returning None.
2025-04-17 18:39:39,463:INFO:Engine for model 'ada_cds_dt' has not been set explicitly, hence returning None.
2025-04-17 18:39:39,463:INFO:Engine for model 'xgboost_cds_dt' has not been set explicitly, hence returning None.
2025-04-17 18:39:39,463:WARNING:
'xgboost' is a soft dependency and not included in the pycaret installation. Please run: `pip install xgboost` to install.
Alternately, you can install this by running `pip install pycaret[models]`
2025-04-17 18:39:39,463:WARNING:
'xgboost' is a soft dependency and not included in the pycaret installation. Please run: `pip install xgboost` to install.
Alternately, you can install this by running `pip install pycaret[models]`
2025-04-17 18:39:39,463:INFO:Engine for model 'lightgbm_cds_dt' has not been set explicitly, hence returning None.
2025-04-17 18:39:39,463:INFO:Engine for model 'catboost_cds_dt' has not been set explicitly, hence returning None.
2025-04-17 18:39:39,463:WARNING:
'catboost' is a soft dependency and not included in the pycaret installation. Please run: `pip install catboost` to install.
Alternately, you can install this by running `pip install pycaret[models]`
2025-04-17 18:39:39,463:WARNING:
'catboost' is a soft dependency and not included in the pycaret installation. Please run: `pip install catboost` to install.
Alternately, you can install this by running `pip install pycaret[models]`
2025-04-17 18:39:39,471:WARNING:
'prophet' is a soft dependency and not included in the pycaret installation. Please run: `pip install prophet` to install.
2025-04-17 18:39:39,472:INFO:Engine for model 'llar_cds_dt' has not been set explicitly, hence returning None.
2025-04-17 18:39:39,472:INFO:Engine for model 'br_cds_dt' has not been set explicitly, hence returning None.
2025-04-17 18:39:39,472:INFO:Engine for model 'huber_cds_dt' has not been set explicitly, hence returning None.
2025-04-17 18:39:39,473:INFO:Engine for model 'omp_cds_dt' has not been set explicitly, hence returning None.
2025-04-17 18:39:39,474:INFO:Engine for model 'knn_cds_dt' has not been set explicitly, hence returning None.
2025-04-17 18:39:39,474:INFO:Engine for model 'dt_cds_dt' has not been set explicitly, hence returning None.
2025-04-17 18:39:39,474:INFO:Engine for model 'rf_cds_dt' has not been set explicitly, hence returning None.
2025-04-17 18:39:39,474:INFO:Engine for model 'et_cds_dt' has not been set explicitly, hence returning None.
2025-04-17 18:39:39,474:INFO:Engine for model 'gbr_cds_dt' has not been set explicitly, hence returning None.
2025-04-17 18:39:39,475:INFO:Engine for model 'ada_cds_dt' has not been set explicitly, hence returning None.
2025-04-17 18:39:39,475:INFO:Engine for model 'xgboost_cds_dt' has not been set explicitly, hence returning None.
2025-04-17 18:39:39,475:WARNING:
'xgboost' is a soft dependency and not included in the pycaret installation. Please run: `pip install xgboost` to install.
Alternately, you can install this by running `pip install pycaret[models]`
2025-04-17 18:39:39,475:WARNING:
'xgboost' is a soft dependency and not included in the pycaret installation. Please run: `pip install xgboost` to install.
Alternately, you can install this by running `pip install pycaret[models]`
2025-04-17 18:39:39,475:INFO:Engine for model 'lightgbm_cds_dt' has not been set explicitly, hence returning None.
2025-04-17 18:39:39,475:INFO:Engine for model 'catboost_cds_dt' has not been set explicitly, hence returning None.
2025-04-17 18:39:39,475:WARNING:
'catboost' is a soft dependency and not included in the pycaret installation. Please run: `pip install catboost` to install.
Alternately, you can install this by running `pip install pycaret[models]`
2025-04-17 18:39:39,475:WARNING:
'catboost' is a soft dependency and not included in the pycaret installation. Please run: `pip install catboost` to install.
Alternately, you can install this by running `pip install pycaret[models]`
2025-04-17 18:39:39,475:INFO:Engine successfully changes for model 'llar_cds_dt' to 'sklearn'.
2025-04-17 18:39:39,478:WARNING:
'prophet' is a soft dependency and not included in the pycaret installation. Please run: `pip install prophet` to install.
2025-04-17 18:39:39,480:INFO:Engine for model 'br_cds_dt' has not been set explicitly, hence returning None.
2025-04-17 18:39:39,480:INFO:Engine for model 'huber_cds_dt' has not been set explicitly, hence returning None.
2025-04-17 18:39:39,484:INFO:Engine for model 'omp_cds_dt' has not been set explicitly, hence returning None.
2025-04-17 18:39:39,486:INFO:Engine for model 'knn_cds_dt' has not been set explicitly, hence returning None.
2025-04-17 18:39:39,486:INFO:Engine for model 'dt_cds_dt' has not been set explicitly, hence returning None.
2025-04-17 18:39:39,487:INFO:Engine for model 'rf_cds_dt' has not been set explicitly, hence returning None.
2025-04-17 18:39:39,487:INFO:Engine for model 'et_cds_dt' has not been set explicitly, hence returning None.
2025-04-17 18:39:39,487:INFO:Engine for model 'gbr_cds_dt' has not been set explicitly, hence returning None.
2025-04-17 18:39:39,487:INFO:Engine for model 'ada_cds_dt' has not been set explicitly, hence returning None.
2025-04-17 18:39:39,487:INFO:Engine for model 'xgboost_cds_dt' has not been set explicitly, hence returning None.
2025-04-17 18:39:39,487:WARNING:
'xgboost' is a soft dependency and not included in the pycaret installation. Please run: `pip install xgboost` to install.
Alternately, you can install this by running `pip install pycaret[models]`
2025-04-17 18:39:39,487:WARNING:
'xgboost' is a soft dependency and not included in the pycaret installation. Please run: `pip install xgboost` to install.
Alternately, you can install this by running `pip install pycaret[models]`
2025-04-17 18:39:39,487:INFO:Engine for model 'lightgbm_cds_dt' has not been set explicitly, hence returning None.
2025-04-17 18:39:39,487:INFO:Engine for model 'catboost_cds_dt' has not been set explicitly, hence returning None.
2025-04-17 18:39:39,487:WARNING:
'catboost' is a soft dependency and not included in the pycaret installation. Please run: `pip install catboost` to install.
Alternately, you can install this by running `pip install pycaret[models]`
2025-04-17 18:39:39,487:WARNING:
'catboost' is a soft dependency and not included in the pycaret installation. Please run: `pip install catboost` to install.
Alternately, you can install this by running `pip install pycaret[models]`
2025-04-17 18:39:39,489:WARNING:
'prophet' is a soft dependency and not included in the pycaret installation. Please run: `pip install prophet` to install.
2025-04-17 18:39:39,489:INFO:Engine for model 'br_cds_dt' has not been set explicitly, hence returning None.
2025-04-17 18:39:39,490:INFO:Engine for model 'huber_cds_dt' has not been set explicitly, hence returning None.
2025-04-17 18:39:39,492:INFO:Engine for model 'omp_cds_dt' has not been set explicitly, hence returning None.
2025-04-17 18:39:39,492:INFO:Engine for model 'knn_cds_dt' has not been set explicitly, hence returning None.
2025-04-17 18:39:39,492:INFO:Engine for model 'dt_cds_dt' has not been set explicitly, hence returning None.
2025-04-17 18:39:39,492:INFO:Engine for model 'rf_cds_dt' has not been set explicitly, hence returning None.
2025-04-17 18:39:39,493:INFO:Engine for model 'et_cds_dt' has not been set explicitly, hence returning None.
2025-04-17 18:39:39,493:INFO:Engine for model 'gbr_cds_dt' has not been set explicitly, hence returning None.
2025-04-17 18:39:39,493:INFO:Engine for model 'ada_cds_dt' has not been set explicitly, hence returning None.
2025-04-17 18:39:39,493:INFO:Engine for model 'xgboost_cds_dt' has not been set explicitly, hence returning None.
2025-04-17 18:39:39,493:WARNING:
'xgboost' is a soft dependency and not included in the pycaret installation. Please run: `pip install xgboost` to install.
Alternately, you can install this by running `pip install pycaret[models]`
2025-04-17 18:39:39,493:WARNING:
'xgboost' is a soft dependency and not included in the pycaret installation. Please run: `pip install xgboost` to install.
Alternately, you can install this by running `pip install pycaret[models]`
2025-04-17 18:39:39,493:INFO:Engine for model 'lightgbm_cds_dt' has not been set explicitly, hence returning None.
2025-04-17 18:39:39,493:INFO:Engine for model 'catboost_cds_dt' has not been set explicitly, hence returning None.
2025-04-17 18:39:39,493:WARNING:
'catboost' is a soft dependency and not included in the pycaret installation. Please run: `pip install catboost` to install.
Alternately, you can install this by running `pip install pycaret[models]`
2025-04-17 18:39:39,493:WARNING:
'catboost' is a soft dependency and not included in the pycaret installation. Please run: `pip install catboost` to install.
Alternately, you can install this by running `pip install pycaret[models]`
2025-04-17 18:39:39,493:INFO:Engine successfully changes for model 'br_cds_dt' to 'sklearn'.
2025-04-17 18:39:39,494:WARNING:
'prophet' is a soft dependency and not included in the pycaret installation. Please run: `pip install prophet` to install.
2025-04-17 18:39:39,495:INFO:Engine for model 'huber_cds_dt' has not been set explicitly, hence returning None.
2025-04-17 18:39:39,495:INFO:Engine for model 'omp_cds_dt' has not been set explicitly, hence returning None.
2025-04-17 18:39:39,497:INFO:Engine for model 'knn_cds_dt' has not been set explicitly, hence returning None.
2025-04-17 18:39:39,497:INFO:Engine for model 'dt_cds_dt' has not been set explicitly, hence returning None.
2025-04-17 18:39:39,497:INFO:Engine for model 'rf_cds_dt' has not been set explicitly, hence returning None.
2025-04-17 18:39:39,497:INFO:Engine for model 'et_cds_dt' has not been set explicitly, hence returning None.
2025-04-17 18:39:39,497:INFO:Engine for model 'gbr_cds_dt' has not been set explicitly, hence returning None.
2025-04-17 18:39:39,497:INFO:Engine for model 'ada_cds_dt' has not been set explicitly, hence returning None.
2025-04-17 18:39:39,497:INFO:Engine for model 'xgboost_cds_dt' has not been set explicitly, hence returning None.
2025-04-17 18:39:39,497:WARNING:
'xgboost' is a soft dependency and not included in the pycaret installation. Please run: `pip install xgboost` to install.
Alternately, you can install this by running `pip install pycaret[models]`
2025-04-17 18:39:39,497:WARNING:
'xgboost' is a soft dependency and not included in the pycaret installation. Please run: `pip install xgboost` to install.
Alternately, you can install this by running `pip install pycaret[models]`
2025-04-17 18:39:39,497:INFO:Engine for model 'lightgbm_cds_dt' has not been set explicitly, hence returning None.
2025-04-17 18:39:39,498:INFO:Engine for model 'catboost_cds_dt' has not been set explicitly, hence returning None.
2025-04-17 18:39:39,498:WARNING:
'catboost' is a soft dependency and not included in the pycaret installation. Please run: `pip install catboost` to install.
Alternately, you can install this by running `pip install pycaret[models]`
2025-04-17 18:39:39,498:WARNING:
'catboost' is a soft dependency and not included in the pycaret installation. Please run: `pip install catboost` to install.
Alternately, you can install this by running `pip install pycaret[models]`
2025-04-17 18:39:39,500:WARNING:
'prophet' is a soft dependency and not included in the pycaret installation. Please run: `pip install prophet` to install.
2025-04-17 18:39:39,501:INFO:Engine for model 'huber_cds_dt' has not been set explicitly, hence returning None.
2025-04-17 18:39:39,503:INFO:Engine for model 'omp_cds_dt' has not been set explicitly, hence returning None.
2025-04-17 18:39:39,505:INFO:Engine for model 'knn_cds_dt' has not been set explicitly, hence returning None.
2025-04-17 18:39:39,505:INFO:Engine for model 'dt_cds_dt' has not been set explicitly, hence returning None.
2025-04-17 18:39:39,506:INFO:Engine for model 'rf_cds_dt' has not been set explicitly, hence returning None.
2025-04-17 18:39:39,506:INFO:Engine for model 'et_cds_dt' has not been set explicitly, hence returning None.
2025-04-17 18:39:39,507:INFO:Engine for model 'gbr_cds_dt' has not been set explicitly, hence returning None.
2025-04-17 18:39:39,507:INFO:Engine for model 'ada_cds_dt' has not been set explicitly, hence returning None.
2025-04-17 18:39:39,508:INFO:Engine for model 'xgboost_cds_dt' has not been set explicitly, hence returning None.
2025-04-17 18:39:39,508:WARNING:
'xgboost' is a soft dependency and not included in the pycaret installation. Please run: `pip install xgboost` to install.
Alternately, you can install this by running `pip install pycaret[models]`
2025-04-17 18:39:39,508:WARNING:
'xgboost' is a soft dependency and not included in the pycaret installation. Please run: `pip install xgboost` to install.
Alternately, you can install this by running `pip install pycaret[models]`
2025-04-17 18:39:39,508:INFO:Engine for model 'lightgbm_cds_dt' has not been set explicitly, hence returning None.
2025-04-17 18:39:39,508:INFO:Engine for model 'catboost_cds_dt' has not been set explicitly, hence returning None.
2025-04-17 18:39:39,508:WARNING:
'catboost' is a soft dependency and not included in the pycaret installation. Please run: `pip install catboost` to install.
Alternately, you can install this by running `pip install pycaret[models]`
2025-04-17 18:39:39,508:WARNING:
'catboost' is a soft dependency and not included in the pycaret installation. Please run: `pip install catboost` to install.
Alternately, you can install this by running `pip install pycaret[models]`
2025-04-17 18:39:39,508:INFO:Engine successfully changes for model 'huber_cds_dt' to 'sklearn'.
2025-04-17 18:39:39,510:WARNING:
'prophet' is a soft dependency and not included in the pycaret installation. Please run: `pip install prophet` to install.
2025-04-17 18:39:39,511:INFO:Engine for model 'omp_cds_dt' has not been set explicitly, hence returning None.
2025-04-17 18:39:39,512:INFO:Engine for model 'knn_cds_dt' has not been set explicitly, hence returning None.
2025-04-17 18:39:39,512:INFO:Engine for model 'dt_cds_dt' has not been set explicitly, hence returning None.
2025-04-17 18:39:39,512:INFO:Engine for model 'rf_cds_dt' has not been set explicitly, hence returning None.
2025-04-17 18:39:39,512:INFO:Engine for model 'et_cds_dt' has not been set explicitly, hence returning None.
2025-04-17 18:39:39,512:INFO:Engine for model 'gbr_cds_dt' has not been set explicitly, hence returning None.
2025-04-17 18:39:39,513:INFO:Engine for model 'ada_cds_dt' has not been set explicitly, hence returning None.
2025-04-17 18:39:39,513:INFO:Engine for model 'xgboost_cds_dt' has not been set explicitly, hence returning None.
2025-04-17 18:39:39,513:WARNING:
'xgboost' is a soft dependency and not included in the pycaret installation. Please run: `pip install xgboost` to install.
Alternately, you can install this by running `pip install pycaret[models]`
2025-04-17 18:39:39,513:WARNING:
'xgboost' is a soft dependency and not included in the pycaret installation. Please run: `pip install xgboost` to install.
Alternately, you can install this by running `pip install pycaret[models]`
2025-04-17 18:39:39,513:INFO:Engine for model 'lightgbm_cds_dt' has not been set explicitly, hence returning None.
2025-04-17 18:39:39,513:INFO:Engine for model 'catboost_cds_dt' has not been set explicitly, hence returning None.
2025-04-17 18:39:39,513:WARNING:
'catboost' is a soft dependency and not included in the pycaret installation. Please run: `pip install catboost` to install.
Alternately, you can install this by running `pip install pycaret[models]`
2025-04-17 18:39:39,513:WARNING:
'catboost' is a soft dependency and not included in the pycaret installation. Please run: `pip install catboost` to install.
Alternately, you can install this by running `pip install pycaret[models]`
2025-04-17 18:39:39,516:WARNING:
'prophet' is a soft dependency and not included in the pycaret installation. Please run: `pip install prophet` to install.
2025-04-17 18:39:39,520:INFO:Engine for model 'omp_cds_dt' has not been set explicitly, hence returning None.
2025-04-17 18:39:39,521:INFO:Engine for model 'knn_cds_dt' has not been set explicitly, hence returning None.
2025-04-17 18:39:39,521:INFO:Engine for model 'dt_cds_dt' has not been set explicitly, hence returning None.
2025-04-17 18:39:39,521:INFO:Engine for model 'rf_cds_dt' has not been set explicitly, hence returning None.
2025-04-17 18:39:39,521:INFO:Engine for model 'et_cds_dt' has not been set explicitly, hence returning None.
2025-04-17 18:39:39,522:INFO:Engine for model 'gbr_cds_dt' has not been set explicitly, hence returning None.
2025-04-17 18:39:39,522:INFO:Engine for model 'ada_cds_dt' has not been set explicitly, hence returning None.
2025-04-17 18:39:39,522:INFO:Engine for model 'xgboost_cds_dt' has not been set explicitly, hence returning None.
2025-04-17 18:39:39,522:WARNING:
'xgboost' is a soft dependency and not included in the pycaret installation. Please run: `pip install xgboost` to install.
Alternately, you can install this by running `pip install pycaret[models]`
2025-04-17 18:39:39,522:WARNING:
'xgboost' is a soft dependency and not included in the pycaret installation. Please run: `pip install xgboost` to install.
Alternately, you can install this by running `pip install pycaret[models]`
2025-04-17 18:39:39,522:INFO:Engine for model 'lightgbm_cds_dt' has not been set explicitly, hence returning None.
2025-04-17 18:39:39,522:INFO:Engine for model 'catboost_cds_dt' has not been set explicitly, hence returning None.
2025-04-17 18:39:39,522:WARNING:
'catboost' is a soft dependency and not included in the pycaret installation. Please run: `pip install catboost` to install.
Alternately, you can install this by running `pip install pycaret[models]`
2025-04-17 18:39:39,522:WARNING:
'catboost' is a soft dependency and not included in the pycaret installation. Please run: `pip install catboost` to install.
Alternately, you can install this by running `pip install pycaret[models]`
2025-04-17 18:39:39,522:INFO:Engine successfully changes for model 'par_cds_dt' to 'sklearn'.
2025-04-17 18:39:39,524:WARNING:
'prophet' is a soft dependency and not included in the pycaret installation. Please run: `pip install prophet` to install.
2025-04-17 18:39:39,526:INFO:Engine for model 'omp_cds_dt' has not been set explicitly, hence returning None.
2025-04-17 18:39:39,527:INFO:Engine for model 'knn_cds_dt' has not been set explicitly, hence returning None.
2025-04-17 18:39:39,527:INFO:Engine for model 'dt_cds_dt' has not been set explicitly, hence returning None.
2025-04-17 18:39:39,527:INFO:Engine for model 'rf_cds_dt' has not been set explicitly, hence returning None.
2025-04-17 18:39:39,527:INFO:Engine for model 'et_cds_dt' has not been set explicitly, hence returning None.
2025-04-17 18:39:39,527:INFO:Engine for model 'gbr_cds_dt' has not been set explicitly, hence returning None.
2025-04-17 18:39:39,527:INFO:Engine for model 'ada_cds_dt' has not been set explicitly, hence returning None.
2025-04-17 18:39:39,527:INFO:Engine for model 'xgboost_cds_dt' has not been set explicitly, hence returning None.
2025-04-17 18:39:39,527:WARNING:
'xgboost' is a soft dependency and not included in the pycaret installation. Please run: `pip install xgboost` to install.
Alternately, you can install this by running `pip install pycaret[models]`
2025-04-17 18:39:39,528:WARNING:
'xgboost' is a soft dependency and not included in the pycaret installation. Please run: `pip install xgboost` to install.
Alternately, you can install this by running `pip install pycaret[models]`
2025-04-17 18:39:39,528:INFO:Engine for model 'lightgbm_cds_dt' has not been set explicitly, hence returning None.
2025-04-17 18:39:39,528:INFO:Engine for model 'catboost_cds_dt' has not been set explicitly, hence returning None.
2025-04-17 18:39:39,528:WARNING:
'catboost' is a soft dependency and not included in the pycaret installation. Please run: `pip install catboost` to install.
Alternately, you can install this by running `pip install pycaret[models]`
2025-04-17 18:39:39,528:WARNING:
'catboost' is a soft dependency and not included in the pycaret installation. Please run: `pip install catboost` to install.
Alternately, you can install this by running `pip install pycaret[models]`
2025-04-17 18:39:39,529:WARNING:
'prophet' is a soft dependency and not included in the pycaret installation. Please run: `pip install prophet` to install.
2025-04-17 18:39:39,531:INFO:Engine for model 'omp_cds_dt' has not been set explicitly, hence returning None.
2025-04-17 18:39:39,531:INFO:Engine for model 'knn_cds_dt' has not been set explicitly, hence returning None.
2025-04-17 18:39:39,531:INFO:Engine for model 'dt_cds_dt' has not been set explicitly, hence returning None.
2025-04-17 18:39:39,531:INFO:Engine for model 'rf_cds_dt' has not been set explicitly, hence returning None.
2025-04-17 18:39:39,532:INFO:Engine for model 'et_cds_dt' has not been set explicitly, hence returning None.
2025-04-17 18:39:39,532:INFO:Engine for model 'gbr_cds_dt' has not been set explicitly, hence returning None.
2025-04-17 18:39:39,533:INFO:Engine for model 'ada_cds_dt' has not been set explicitly, hence returning None.
2025-04-17 18:39:39,533:INFO:Engine for model 'xgboost_cds_dt' has not been set explicitly, hence returning None.
2025-04-17 18:39:39,533:WARNING:
'xgboost' is a soft dependency and not included in the pycaret installation. Please run: `pip install xgboost` to install.
Alternately, you can install this by running `pip install pycaret[models]`
2025-04-17 18:39:39,533:WARNING:
'xgboost' is a soft dependency and not included in the pycaret installation. Please run: `pip install xgboost` to install.
Alternately, you can install this by running `pip install pycaret[models]`
2025-04-17 18:39:39,533:INFO:Engine for model 'lightgbm_cds_dt' has not been set explicitly, hence returning None.
2025-04-17 18:39:39,534:INFO:Engine for model 'catboost_cds_dt' has not been set explicitly, hence returning None.
2025-04-17 18:39:39,534:WARNING:
'catboost' is a soft dependency and not included in the pycaret installation. Please run: `pip install catboost` to install.
Alternately, you can install this by running `pip install pycaret[models]`
2025-04-17 18:39:39,534:WARNING:
'catboost' is a soft dependency and not included in the pycaret installation. Please run: `pip install catboost` to install.
Alternately, you can install this by running `pip install pycaret[models]`
2025-04-17 18:39:39,535:INFO:Engine successfully changes for model 'omp_cds_dt' to 'sklearn'.
2025-04-17 18:39:39,538:WARNING:
'prophet' is a soft dependency and not included in the pycaret installation. Please run: `pip install prophet` to install.
2025-04-17 18:39:39,542:INFO:Engine for model 'knn_cds_dt' has not been set explicitly, hence returning None.
2025-04-17 18:39:39,542:INFO:Engine for model 'dt_cds_dt' has not been set explicitly, hence returning None.
2025-04-17 18:39:39,542:INFO:Engine for model 'rf_cds_dt' has not been set explicitly, hence returning None.
2025-04-17 18:39:39,542:INFO:Engine for model 'et_cds_dt' has not been set explicitly, hence returning None.
2025-04-17 18:39:39,542:INFO:Engine for model 'gbr_cds_dt' has not been set explicitly, hence returning None.
2025-04-17 18:39:39,542:INFO:Engine for model 'ada_cds_dt' has not been set explicitly, hence returning None.
2025-04-17 18:39:39,543:INFO:Engine for model 'xgboost_cds_dt' has not been set explicitly, hence returning None.
2025-04-17 18:39:39,543:WARNING:
'xgboost' is a soft dependency and not included in the pycaret installation. Please run: `pip install xgboost` to install.
Alternately, you can install this by running `pip install pycaret[models]`
2025-04-17 18:39:39,543:WARNING:
'xgboost' is a soft dependency and not included in the pycaret installation. Please run: `pip install xgboost` to install.
Alternately, you can install this by running `pip install pycaret[models]`
2025-04-17 18:39:39,543:INFO:Engine for model 'lightgbm_cds_dt' has not been set explicitly, hence returning None.
2025-04-17 18:39:39,543:INFO:Engine for model 'catboost_cds_dt' has not been set explicitly, hence returning None.
2025-04-17 18:39:39,543:WARNING:
'catboost' is a soft dependency and not included in the pycaret installation. Please run: `pip install catboost` to install.
Alternately, you can install this by running `pip install pycaret[models]`
2025-04-17 18:39:39,543:WARNING:
'catboost' is a soft dependency and not included in the pycaret installation. Please run: `pip install catboost` to install.
Alternately, you can install this by running `pip install pycaret[models]`
2025-04-17 18:39:39,547:WARNING:
'prophet' is a soft dependency and not included in the pycaret installation. Please run: `pip install prophet` to install.
2025-04-17 18:39:39,554:INFO:Engine for model 'knn_cds_dt' has not been set explicitly, hence returning None.
2025-04-17 18:39:39,555:INFO:Engine for model 'dt_cds_dt' has not been set explicitly, hence returning None.
2025-04-17 18:39:39,556:INFO:Engine for model 'rf_cds_dt' has not been set explicitly, hence returning None.
2025-04-17 18:39:39,556:INFO:Engine for model 'et_cds_dt' has not been set explicitly, hence returning None.
2025-04-17 18:39:39,556:INFO:Engine for model 'gbr_cds_dt' has not been set explicitly, hence returning None.
2025-04-17 18:39:39,557:INFO:Engine for model 'ada_cds_dt' has not been set explicitly, hence returning None.
2025-04-17 18:39:39,557:INFO:Engine for model 'xgboost_cds_dt' has not been set explicitly, hence returning None.
2025-04-17 18:39:39,557:WARNING:
'xgboost' is a soft dependency and not included in the pycaret installation. Please run: `pip install xgboost` to install.
Alternately, you can install this by running `pip install pycaret[models]`
2025-04-17 18:39:39,557:WARNING:
'xgboost' is a soft dependency and not included in the pycaret installation. Please run: `pip install xgboost` to install.
Alternately, you can install this by running `pip install pycaret[models]`
2025-04-17 18:39:39,558:INFO:Engine for model 'lightgbm_cds_dt' has not been set explicitly, hence returning None.
2025-04-17 18:39:39,558:INFO:Engine for model 'catboost_cds_dt' has not been set explicitly, hence returning None.
2025-04-17 18:39:39,558:WARNING:
'catboost' is a soft dependency and not included in the pycaret installation. Please run: `pip install catboost` to install.
Alternately, you can install this by running `pip install pycaret[models]`
2025-04-17 18:39:39,558:WARNING:
'catboost' is a soft dependency and not included in the pycaret installation. Please run: `pip install catboost` to install.
Alternately, you can install this by running `pip install pycaret[models]`
2025-04-17 18:39:39,559:INFO:Engine successfully changes for model 'knn_cds_dt' to 'sklearn'.
2025-04-17 18:39:39,566:WARNING:
'prophet' is a soft dependency and not included in the pycaret installation. Please run: `pip install prophet` to install.
2025-04-17 18:39:39,571:INFO:Engine for model 'dt_cds_dt' has not been set explicitly, hence returning None.
2025-04-17 18:39:39,572:INFO:Engine for model 'rf_cds_dt' has not been set explicitly, hence returning None.
2025-04-17 18:39:39,572:INFO:Engine for model 'et_cds_dt' has not been set explicitly, hence returning None.
2025-04-17 18:39:39,575:INFO:Engine for model 'gbr_cds_dt' has not been set explicitly, hence returning None.
2025-04-17 18:39:39,576:INFO:Engine for model 'ada_cds_dt' has not been set explicitly, hence returning None.
2025-04-17 18:39:39,576:INFO:Engine for model 'xgboost_cds_dt' has not been set explicitly, hence returning None.
2025-04-17 18:39:39,576:WARNING:
'xgboost' is a soft dependency and not included in the pycaret installation. Please run: `pip install xgboost` to install.
Alternately, you can install this by running `pip install pycaret[models]`
2025-04-17 18:39:39,576:WARNING:
'xgboost' is a soft dependency and not included in the pycaret installation. Please run: `pip install xgboost` to install.
Alternately, you can install this by running `pip install pycaret[models]`
2025-04-17 18:39:39,576:INFO:Engine for model 'lightgbm_cds_dt' has not been set explicitly, hence returning None.
2025-04-17 18:39:39,576:INFO:Engine for model 'catboost_cds_dt' has not been set explicitly, hence returning None.
2025-04-17 18:39:39,576:WARNING:
'catboost' is a soft dependency and not included in the pycaret installation. Please run: `pip install catboost` to install.
Alternately, you can install this by running `pip install pycaret[models]`
2025-04-17 18:39:39,576:WARNING:
'catboost' is a soft dependency and not included in the pycaret installation. Please run: `pip install catboost` to install.
Alternately, you can install this by running `pip install pycaret[models]`
2025-04-17 18:39:39,579:WARNING:
'prophet' is a soft dependency and not included in the pycaret installation. Please run: `pip install prophet` to install.
2025-04-17 18:39:39,583:INFO:Engine for model 'dt_cds_dt' has not been set explicitly, hence returning None.
2025-04-17 18:39:39,583:INFO:Engine for model 'rf_cds_dt' has not been set explicitly, hence returning None.
2025-04-17 18:39:39,583:INFO:Engine for model 'et_cds_dt' has not been set explicitly, hence returning None.
2025-04-17 18:39:39,583:INFO:Engine for model 'gbr_cds_dt' has not been set explicitly, hence returning None.
2025-04-17 18:39:39,583:INFO:Engine for model 'ada_cds_dt' has not been set explicitly, hence returning None.
2025-04-17 18:39:39,584:INFO:Engine for model 'xgboost_cds_dt' has not been set explicitly, hence returning None.
2025-04-17 18:39:39,584:WARNING:
'xgboost' is a soft dependency and not included in the pycaret installation. Please run: `pip install xgboost` to install.
Alternately, you can install this by running `pip install pycaret[models]`
2025-04-17 18:39:39,584:WARNING:
'xgboost' is a soft dependency and not included in the pycaret installation. Please run: `pip install xgboost` to install.
Alternately, you can install this by running `pip install pycaret[models]`
2025-04-17 18:39:39,584:INFO:Engine for model 'lightgbm_cds_dt' has not been set explicitly, hence returning None.
2025-04-17 18:39:39,584:INFO:Engine for model 'catboost_cds_dt' has not been set explicitly, hence returning None.
2025-04-17 18:39:39,584:WARNING:
'catboost' is a soft dependency and not included in the pycaret installation. Please run: `pip install catboost` to install.
Alternately, you can install this by running `pip install pycaret[models]`
2025-04-17 18:39:39,584:WARNING:
'catboost' is a soft dependency and not included in the pycaret installation. Please run: `pip install catboost` to install.
Alternately, you can install this by running `pip install pycaret[models]`
2025-04-17 18:39:39,584:INFO:Engine successfully changes for model 'dt_cds_dt' to 'sklearn'.
2025-04-17 18:39:39,585:WARNING:
'prophet' is a soft dependency and not included in the pycaret installation. Please run: `pip install prophet` to install.
2025-04-17 18:39:39,591:INFO:Engine for model 'rf_cds_dt' has not been set explicitly, hence returning None.
2025-04-17 18:39:39,591:INFO:Engine for model 'et_cds_dt' has not been set explicitly, hence returning None.
2025-04-17 18:39:39,592:INFO:Engine for model 'gbr_cds_dt' has not been set explicitly, hence returning None.
2025-04-17 18:39:39,593:INFO:Engine for model 'ada_cds_dt' has not been set explicitly, hence returning None.
2025-04-17 18:39:39,594:INFO:Engine for model 'xgboost_cds_dt' has not been set explicitly, hence returning None.
2025-04-17 18:39:39,594:WARNING:
'xgboost' is a soft dependency and not included in the pycaret installation. Please run: `pip install xgboost` to install.
Alternately, you can install this by running `pip install pycaret[models]`
2025-04-17 18:39:39,594:WARNING:
'xgboost' is a soft dependency and not included in the pycaret installation. Please run: `pip install xgboost` to install.
Alternately, you can install this by running `pip install pycaret[models]`
2025-04-17 18:39:39,594:INFO:Engine for model 'lightgbm_cds_dt' has not been set explicitly, hence returning None.
2025-04-17 18:39:39,594:INFO:Engine for model 'catboost_cds_dt' has not been set explicitly, hence returning None.
2025-04-17 18:39:39,594:WARNING:
'catboost' is a soft dependency and not included in the pycaret installation. Please run: `pip install catboost` to install.
Alternately, you can install this by running `pip install pycaret[models]`
2025-04-17 18:39:39,594:WARNING:
'catboost' is a soft dependency and not included in the pycaret installation. Please run: `pip install catboost` to install.
Alternately, you can install this by running `pip install pycaret[models]`
2025-04-17 18:39:39,603:WARNING:
'prophet' is a soft dependency and not included in the pycaret installation. Please run: `pip install prophet` to install.
2025-04-17 18:39:39,608:INFO:Engine for model 'rf_cds_dt' has not been set explicitly, hence returning None.
2025-04-17 18:39:39,609:INFO:Engine for model 'et_cds_dt' has not been set explicitly, hence returning None.
2025-04-17 18:39:39,609:INFO:Engine for model 'gbr_cds_dt' has not been set explicitly, hence returning None.
2025-04-17 18:39:39,609:INFO:Engine for model 'ada_cds_dt' has not been set explicitly, hence returning None.
2025-04-17 18:39:39,609:INFO:Engine for model 'xgboost_cds_dt' has not been set explicitly, hence returning None.
2025-04-17 18:39:39,609:WARNING:
'xgboost' is a soft dependency and not included in the pycaret installation. Please run: `pip install xgboost` to install.
Alternately, you can install this by running `pip install pycaret[models]`
2025-04-17 18:39:39,609:WARNING:
'xgboost' is a soft dependency and not included in the pycaret installation. Please run: `pip install xgboost` to install.
Alternately, you can install this by running `pip install pycaret[models]`
2025-04-17 18:39:39,609:INFO:Engine for model 'lightgbm_cds_dt' has not been set explicitly, hence returning None.
2025-04-17 18:39:39,609:INFO:Engine for model 'catboost_cds_dt' has not been set explicitly, hence returning None.
2025-04-17 18:39:39,609:WARNING:
'catboost' is a soft dependency and not included in the pycaret installation. Please run: `pip install catboost` to install.
Alternately, you can install this by running `pip install pycaret[models]`
2025-04-17 18:39:39,609:WARNING:
'catboost' is a soft dependency and not included in the pycaret installation. Please run: `pip install catboost` to install.
Alternately, you can install this by running `pip install pycaret[models]`
2025-04-17 18:39:39,609:INFO:Engine successfully changes for model 'rf_cds_dt' to 'sklearn'.
2025-04-17 18:39:39,611:WARNING:
'prophet' is a soft dependency and not included in the pycaret installation. Please run: `pip install prophet` to install.
2025-04-17 18:39:39,613:INFO:Engine for model 'et_cds_dt' has not been set explicitly, hence returning None.
2025-04-17 18:39:39,613:INFO:Engine for model 'gbr_cds_dt' has not been set explicitly, hence returning None.
2025-04-17 18:39:39,613:INFO:Engine for model 'ada_cds_dt' has not been set explicitly, hence returning None.
2025-04-17 18:39:39,613:INFO:Engine for model 'xgboost_cds_dt' has not been set explicitly, hence returning None.
2025-04-17 18:39:39,613:WARNING:
'xgboost' is a soft dependency and not included in the pycaret installation. Please run: `pip install xgboost` to install.
Alternately, you can install this by running `pip install pycaret[models]`
2025-04-17 18:39:39,613:WARNING:
'xgboost' is a soft dependency and not included in the pycaret installation. Please run: `pip install xgboost` to install.
Alternately, you can install this by running `pip install pycaret[models]`
2025-04-17 18:39:39,613:INFO:Engine for model 'lightgbm_cds_dt' has not been set explicitly, hence returning None.
2025-04-17 18:39:39,613:INFO:Engine for model 'catboost_cds_dt' has not been set explicitly, hence returning None.
2025-04-17 18:39:39,613:WARNING:
'catboost' is a soft dependency and not included in the pycaret installation. Please run: `pip install catboost` to install.
Alternately, you can install this by running `pip install pycaret[models]`
2025-04-17 18:39:39,613:WARNING:
'catboost' is a soft dependency and not included in the pycaret installation. Please run: `pip install catboost` to install.
Alternately, you can install this by running `pip install pycaret[models]`
2025-04-17 18:39:39,616:WARNING:
'prophet' is a soft dependency and not included in the pycaret installation. Please run: `pip install prophet` to install.
2025-04-17 18:39:39,621:INFO:Engine for model 'et_cds_dt' has not been set explicitly, hence returning None.
2025-04-17 18:39:39,621:INFO:Engine for model 'gbr_cds_dt' has not been set explicitly, hence returning None.
2025-04-17 18:39:39,621:INFO:Engine for model 'ada_cds_dt' has not been set explicitly, hence returning None.
2025-04-17 18:39:39,621:INFO:Engine for model 'xgboost_cds_dt' has not been set explicitly, hence returning None.
2025-04-17 18:39:39,621:WARNING:
'xgboost' is a soft dependency and not included in the pycaret installation. Please run: `pip install xgboost` to install.
Alternately, you can install this by running `pip install pycaret[models]`
2025-04-17 18:39:39,621:WARNING:
'xgboost' is a soft dependency and not included in the pycaret installation. Please run: `pip install xgboost` to install.
Alternately, you can install this by running `pip install pycaret[models]`
2025-04-17 18:39:39,621:INFO:Engine for model 'lightgbm_cds_dt' has not been set explicitly, hence returning None.
2025-04-17 18:39:39,622:INFO:Engine for model 'catboost_cds_dt' has not been set explicitly, hence returning None.
2025-04-17 18:39:39,622:WARNING:
'catboost' is a soft dependency and not included in the pycaret installation. Please run: `pip install catboost` to install.
Alternately, you can install this by running `pip install pycaret[models]`
2025-04-17 18:39:39,622:WARNING:
'catboost' is a soft dependency and not included in the pycaret installation. Please run: `pip install catboost` to install.
Alternately, you can install this by running `pip install pycaret[models]`
2025-04-17 18:39:39,622:INFO:Engine successfully changes for model 'et_cds_dt' to 'sklearn'.
2025-04-17 18:39:39,623:WARNING:
'prophet' is a soft dependency and not included in the pycaret installation. Please run: `pip install prophet` to install.
2025-04-17 18:39:39,628:INFO:Engine for model 'gbr_cds_dt' has not been set explicitly, hence returning None.
2025-04-17 18:39:39,628:INFO:Engine for model 'ada_cds_dt' has not been set explicitly, hence returning None.
2025-04-17 18:39:39,628:INFO:Engine for model 'xgboost_cds_dt' has not been set explicitly, hence returning None.
2025-04-17 18:39:39,628:WARNING:
'xgboost' is a soft dependency and not included in the pycaret installation. Please run: `pip install xgboost` to install.
Alternately, you can install this by running `pip install pycaret[models]`
2025-04-17 18:39:39,629:WARNING:
'xgboost' is a soft dependency and not included in the pycaret installation. Please run: `pip install xgboost` to install.
Alternately, you can install this by running `pip install pycaret[models]`
2025-04-17 18:39:39,629:INFO:Engine for model 'lightgbm_cds_dt' has not been set explicitly, hence returning None.
2025-04-17 18:39:39,629:INFO:Engine for model 'catboost_cds_dt' has not been set explicitly, hence returning None.
2025-04-17 18:39:39,629:WARNING:
'catboost' is a soft dependency and not included in the pycaret installation. Please run: `pip install catboost` to install.
Alternately, you can install this by running `pip install pycaret[models]`
2025-04-17 18:39:39,629:WARNING:
'catboost' is a soft dependency and not included in the pycaret installation. Please run: `pip install catboost` to install.
Alternately, you can install this by running `pip install pycaret[models]`
2025-04-17 18:39:39,632:WARNING:
'prophet' is a soft dependency and not included in the pycaret installation. Please run: `pip install prophet` to install.
2025-04-17 18:39:39,634:INFO:Engine for model 'gbr_cds_dt' has not been set explicitly, hence returning None.
2025-04-17 18:39:39,635:INFO:Engine for model 'ada_cds_dt' has not been set explicitly, hence returning None.
2025-04-17 18:39:39,635:INFO:Engine for model 'xgboost_cds_dt' has not been set explicitly, hence returning None.
2025-04-17 18:39:39,635:WARNING:
'xgboost' is a soft dependency and not included in the pycaret installation. Please run: `pip install xgboost` to install.
Alternately, you can install this by running `pip install pycaret[models]`
2025-04-17 18:39:39,635:WARNING:
'xgboost' is a soft dependency and not included in the pycaret installation. Please run: `pip install xgboost` to install.
Alternately, you can install this by running `pip install pycaret[models]`
2025-04-17 18:39:39,635:INFO:Engine for model 'lightgbm_cds_dt' has not been set explicitly, hence returning None.
2025-04-17 18:39:39,635:INFO:Engine for model 'catboost_cds_dt' has not been set explicitly, hence returning None.
2025-04-17 18:39:39,635:WARNING:
'catboost' is a soft dependency and not included in the pycaret installation. Please run: `pip install catboost` to install.
Alternately, you can install this by running `pip install pycaret[models]`
2025-04-17 18:39:39,635:WARNING:
'catboost' is a soft dependency and not included in the pycaret installation. Please run: `pip install catboost` to install.
Alternately, you can install this by running `pip install pycaret[models]`
2025-04-17 18:39:39,635:INFO:Engine successfully changes for model 'gbr_cds_dt' to 'sklearn'.
2025-04-17 18:39:39,636:WARNING:
'prophet' is a soft dependency and not included in the pycaret installation. Please run: `pip install prophet` to install.
2025-04-17 18:39:39,638:INFO:Engine for model 'ada_cds_dt' has not been set explicitly, hence returning None.
2025-04-17 18:39:39,638:INFO:Engine for model 'xgboost_cds_dt' has not been set explicitly, hence returning None.
2025-04-17 18:39:39,638:WARNING:
'xgboost' is a soft dependency and not included in the pycaret installation. Please run: `pip install xgboost` to install.
Alternately, you can install this by running `pip install pycaret[models]`
2025-04-17 18:39:39,638:WARNING:
'xgboost' is a soft dependency and not included in the pycaret installation. Please run: `pip install xgboost` to install.
Alternately, you can install this by running `pip install pycaret[models]`
2025-04-17 18:39:39,638:INFO:Engine for model 'lightgbm_cds_dt' has not been set explicitly, hence returning None.
2025-04-17 18:39:39,638:INFO:Engine for model 'catboost_cds_dt' has not been set explicitly, hence returning None.
2025-04-17 18:39:39,638:WARNING:
'catboost' is a soft dependency and not included in the pycaret installation. Please run: `pip install catboost` to install.
Alternately, you can install this by running `pip install pycaret[models]`
2025-04-17 18:39:39,638:WARNING:
'catboost' is a soft dependency and not included in the pycaret installation. Please run: `pip install catboost` to install.
Alternately, you can install this by running `pip install pycaret[models]`
2025-04-17 18:39:39,640:WARNING:
'prophet' is a soft dependency and not included in the pycaret installation. Please run: `pip install prophet` to install.
2025-04-17 18:39:39,643:INFO:Engine for model 'ada_cds_dt' has not been set explicitly, hence returning None.
2025-04-17 18:39:39,643:INFO:Engine for model 'xgboost_cds_dt' has not been set explicitly, hence returning None.
2025-04-17 18:39:39,643:WARNING:
'xgboost' is a soft dependency and not included in the pycaret installation. Please run: `pip install xgboost` to install.
Alternately, you can install this by running `pip install pycaret[models]`
2025-04-17 18:39:39,643:WARNING:
'xgboost' is a soft dependency and not included in the pycaret installation. Please run: `pip install xgboost` to install.
Alternately, you can install this by running `pip install pycaret[models]`
2025-04-17 18:39:39,643:INFO:Engine for model 'lightgbm_cds_dt' has not been set explicitly, hence returning None.
2025-04-17 18:39:39,643:INFO:Engine for model 'catboost_cds_dt' has not been set explicitly, hence returning None.
2025-04-17 18:39:39,643:WARNING:
'catboost' is a soft dependency and not included in the pycaret installation. Please run: `pip install catboost` to install.
Alternately, you can install this by running `pip install pycaret[models]`
2025-04-17 18:39:39,643:WARNING:
'catboost' is a soft dependency and not included in the pycaret installation. Please run: `pip install catboost` to install.
Alternately, you can install this by running `pip install pycaret[models]`
2025-04-17 18:39:39,643:INFO:Engine successfully changes for model 'ada_cds_dt' to 'sklearn'.
2025-04-17 18:39:39,644:WARNING:
'prophet' is a soft dependency and not included in the pycaret installation. Please run: `pip install prophet` to install.
2025-04-17 18:39:39,646:INFO:Engine for model 'xgboost_cds_dt' has not been set explicitly, hence returning None.
2025-04-17 18:39:39,646:WARNING:
'xgboost' is a soft dependency and not included in the pycaret installation. Please run: `pip install xgboost` to install.
Alternately, you can install this by running `pip install pycaret[models]`
2025-04-17 18:39:39,646:WARNING:
'xgboost' is a soft dependency and not included in the pycaret installation. Please run: `pip install xgboost` to install.
Alternately, you can install this by running `pip install pycaret[models]`
2025-04-17 18:39:39,646:INFO:Engine for model 'lightgbm_cds_dt' has not been set explicitly, hence returning None.
2025-04-17 18:39:39,647:INFO:Engine for model 'catboost_cds_dt' has not been set explicitly, hence returning None.
2025-04-17 18:39:39,647:WARNING:
'catboost' is a soft dependency and not included in the pycaret installation. Please run: `pip install catboost` to install.
Alternately, you can install this by running `pip install pycaret[models]`
2025-04-17 18:39:39,647:WARNING:
'catboost' is a soft dependency and not included in the pycaret installation. Please run: `pip install catboost` to install.
Alternately, you can install this by running `pip install pycaret[models]`
2025-04-17 18:39:39,648:WARNING:
'prophet' is a soft dependency and not included in the pycaret installation. Please run: `pip install prophet` to install.
2025-04-17 18:39:39,650:INFO:Engine for model 'xgboost_cds_dt' has not been set explicitly, hence returning None.
2025-04-17 18:39:39,650:WARNING:
'xgboost' is a soft dependency and not included in the pycaret installation. Please run: `pip install xgboost` to install.
Alternately, you can install this by running `pip install pycaret[models]`
2025-04-17 18:39:39,650:WARNING:
'xgboost' is a soft dependency and not included in the pycaret installation. Please run: `pip install xgboost` to install.
Alternately, you can install this by running `pip install pycaret[models]`
2025-04-17 18:39:39,650:INFO:Engine for model 'lightgbm_cds_dt' has not been set explicitly, hence returning None.
2025-04-17 18:39:39,650:INFO:Engine for model 'catboost_cds_dt' has not been set explicitly, hence returning None.
2025-04-17 18:39:39,650:WARNING:
'catboost' is a soft dependency and not included in the pycaret installation. Please run: `pip install catboost` to install.
Alternately, you can install this by running `pip install pycaret[models]`
2025-04-17 18:39:39,650:WARNING:
'catboost' is a soft dependency and not included in the pycaret installation. Please run: `pip install catboost` to install.
Alternately, you can install this by running `pip install pycaret[models]`
2025-04-17 18:39:39,650:INFO:Engine successfully changes for model 'xgboost_cds_dt' to 'sklearn'.
2025-04-17 18:39:39,651:WARNING:
'prophet' is a soft dependency and not included in the pycaret installation. Please run: `pip install prophet` to install.
2025-04-17 18:39:39,656:WARNING:
'xgboost' is a soft dependency and not included in the pycaret installation. Please run: `pip install xgboost` to install.
Alternately, you can install this by running `pip install pycaret[models]`
2025-04-17 18:39:39,657:WARNING:
'xgboost' is a soft dependency and not included in the pycaret installation. Please run: `pip install xgboost` to install.
Alternately, you can install this by running `pip install pycaret[models]`
2025-04-17 18:39:39,657:INFO:Engine for model 'lightgbm_cds_dt' has not been set explicitly, hence returning None.
2025-04-17 18:39:39,657:INFO:Engine for model 'catboost_cds_dt' has not been set explicitly, hence returning None.
2025-04-17 18:39:39,657:WARNING:
'catboost' is a soft dependency and not included in the pycaret installation. Please run: `pip install catboost` to install.
Alternately, you can install this by running `pip install pycaret[models]`
2025-04-17 18:39:39,657:WARNING:
'catboost' is a soft dependency and not included in the pycaret installation. Please run: `pip install catboost` to install.
Alternately, you can install this by running `pip install pycaret[models]`
2025-04-17 18:39:39,661:WARNING:
'prophet' is a soft dependency and not included in the pycaret installation. Please run: `pip install prophet` to install.
2025-04-17 18:39:39,666:WARNING:
'xgboost' is a soft dependency and not included in the pycaret installation. Please run: `pip install xgboost` to install.
Alternately, you can install this by running `pip install pycaret[models]`
2025-04-17 18:39:39,666:WARNING:
'xgboost' is a soft dependency and not included in the pycaret installation. Please run: `pip install xgboost` to install.
Alternately, you can install this by running `pip install pycaret[models]`
2025-04-17 18:39:39,666:INFO:Engine for model 'lightgbm_cds_dt' has not been set explicitly, hence returning None.
2025-04-17 18:39:39,666:INFO:Engine for model 'catboost_cds_dt' has not been set explicitly, hence returning None.
2025-04-17 18:39:39,666:WARNING:
'catboost' is a soft dependency and not included in the pycaret installation. Please run: `pip install catboost` to install.
Alternately, you can install this by running `pip install pycaret[models]`
2025-04-17 18:39:39,666:WARNING:
'catboost' is a soft dependency and not included in the pycaret installation. Please run: `pip install catboost` to install.
Alternately, you can install this by running `pip install pycaret[models]`
2025-04-17 18:39:39,666:INFO:Engine successfully changes for model 'lightgbm_cds_dt' to 'sklearn'.
2025-04-17 18:39:39,667:WARNING:
'prophet' is a soft dependency and not included in the pycaret installation. Please run: `pip install prophet` to install.
2025-04-17 18:39:39,670:WARNING:
'xgboost' is a soft dependency and not included in the pycaret installation. Please run: `pip install xgboost` to install.
Alternately, you can install this by running `pip install pycaret[models]`
2025-04-17 18:39:39,670:WARNING:
'xgboost' is a soft dependency and not included in the pycaret installation. Please run: `pip install xgboost` to install.
Alternately, you can install this by running `pip install pycaret[models]`
2025-04-17 18:39:39,670:INFO:Engine for model 'catboost_cds_dt' has not been set explicitly, hence returning None.
2025-04-17 18:39:39,670:WARNING:
'catboost' is a soft dependency and not included in the pycaret installation. Please run: `pip install catboost` to install.
Alternately, you can install this by running `pip install pycaret[models]`
2025-04-17 18:39:39,670:WARNING:
'catboost' is a soft dependency and not included in the pycaret installation. Please run: `pip install catboost` to install.
Alternately, you can install this by running `pip install pycaret[models]`
2025-04-17 18:39:39,671:WARNING:
'prophet' is a soft dependency and not included in the pycaret installation. Please run: `pip install prophet` to install.
2025-04-17 18:39:39,676:WARNING:
'xgboost' is a soft dependency and not included in the pycaret installation. Please run: `pip install xgboost` to install.
Alternately, you can install this by running `pip install pycaret[models]`
2025-04-17 18:39:39,676:WARNING:
'xgboost' is a soft dependency and not included in the pycaret installation. Please run: `pip install xgboost` to install.
Alternately, you can install this by running `pip install pycaret[models]`
2025-04-17 18:39:39,676:INFO:Engine for model 'catboost_cds_dt' has not been set explicitly, hence returning None.
2025-04-17 18:39:39,676:WARNING:
'catboost' is a soft dependency and not included in the pycaret installation. Please run: `pip install catboost` to install.
Alternately, you can install this by running `pip install pycaret[models]`
2025-04-17 18:39:39,676:WARNING:
'catboost' is a soft dependency and not included in the pycaret installation. Please run: `pip install catboost` to install.
Alternately, you can install this by running `pip install pycaret[models]`
2025-04-17 18:39:39,676:INFO:Engine successfully changes for model 'catboost_cds_dt' to 'sklearn'.
2025-04-17 18:39:39,678:WARNING:
'prophet' is a soft dependency and not included in the pycaret installation. Please run: `pip install prophet` to install.
2025-04-17 18:39:39,680:WARNING:
'xgboost' is a soft dependency and not included in the pycaret installation. Please run: `pip install xgboost` to install.
Alternately, you can install this by running `pip install pycaret[models]`
2025-04-17 18:39:39,680:WARNING:
'xgboost' is a soft dependency and not included in the pycaret installation. Please run: `pip install xgboost` to install.
Alternately, you can install this by running `pip install pycaret[models]`
2025-04-17 18:39:39,680:WARNING:
'catboost' is a soft dependency and not included in the pycaret installation. Please run: `pip install catboost` to install.
Alternately, you can install this by running `pip install pycaret[models]`
2025-04-17 18:39:39,680:WARNING:
'catboost' is a soft dependency and not included in the pycaret installation. Please run: `pip install catboost` to install.
Alternately, you can install this by running `pip install pycaret[models]`
2025-04-17 18:39:39,681:WARNING:
'prophet' is a soft dependency and not included in the pycaret installation. Please run: `pip install prophet` to install.
2025-04-17 18:39:39,684:WARNING:
'xgboost' is a soft dependency and not included in the pycaret installation. Please run: `pip install xgboost` to install.
Alternately, you can install this by running `pip install pycaret[models]`
2025-04-17 18:39:39,684:WARNING:
'xgboost' is a soft dependency and not included in the pycaret installation. Please run: `pip install xgboost` to install.
Alternately, you can install this by running `pip install pycaret[models]`
2025-04-17 18:39:39,684:WARNING:
'catboost' is a soft dependency and not included in the pycaret installation. Please run: `pip install catboost` to install.
Alternately, you can install this by running `pip install pycaret[models]`
2025-04-17 18:39:39,684:WARNING:
'catboost' is a soft dependency and not included in the pycaret installation. Please run: `pip install catboost` to install.
Alternately, you can install this by running `pip install pycaret[models]`
2025-04-17 18:39:39,687:WARNING:
'prophet' is a soft dependency and not included in the pycaret installation. Please run: `pip install prophet` to install.
2025-04-17 18:39:39,694:WARNING:
'xgboost' is a soft dependency and not included in the pycaret installation. Please run: `pip install xgboost` to install.
Alternately, you can install this by running `pip install pycaret[models]`
2025-04-17 18:39:39,694:WARNING:
'xgboost' is a soft dependency and not included in the pycaret installation. Please run: `pip install xgboost` to install.
Alternately, you can install this by running `pip install pycaret[models]`
2025-04-17 18:39:39,695:WARNING:
'catboost' is a soft dependency and not included in the pycaret installation. Please run: `pip install catboost` to install.
Alternately, you can install this by running `pip install pycaret[models]`
2025-04-17 18:39:39,695:WARNING:
'catboost' is a soft dependency and not included in the pycaret installation. Please run: `pip install catboost` to install.
Alternately, you can install this by running `pip install pycaret[models]`
2025-04-17 18:39:39,697:WARNING:
'prophet' is a soft dependency and not included in the pycaret installation. Please run: `pip install prophet` to install.
2025-04-17 18:39:39,700:WARNING:
'xgboost' is a soft dependency and not included in the pycaret installation. Please run: `pip install xgboost` to install.
Alternately, you can install this by running `pip install pycaret[models]`
2025-04-17 18:39:39,700:WARNING:
'xgboost' is a soft dependency and not included in the pycaret installation. Please run: `pip install xgboost` to install.
Alternately, you can install this by running `pip install pycaret[models]`
2025-04-17 18:39:39,700:WARNING:
'catboost' is a soft dependency and not included in the pycaret installation. Please run: `pip install catboost` to install.
Alternately, you can install this by running `pip install pycaret[models]`
2025-04-17 18:39:39,700:WARNING:
'catboost' is a soft dependency and not included in the pycaret installation. Please run: `pip install catboost` to install.
Alternately, you can install this by running `pip install pycaret[models]`
2025-04-17 18:39:39,700:INFO:setup() successfully completed in 0.75s...............
2025-04-17 18:39:39,701:INFO:Initializing compare_models()
2025-04-17 18:39:39,701:INFO:compare_models(self=<pycaret.time_series.forecasting.oop.TSForecastingExperiment object at 0x3190c5a50>, include=['ets', 'exp_smooth'], exclude=None, fold=None, round=4, cross_validation=True, sort=RMSE, n_select=1, budget_time=None, turbo=True, errors=ignore, fit_kwargs=None, groups=None, experiment_custom_tags=None, probability_threshold=None, verbose=False, parallel=None, caller_params={'self': <pycaret.time_series.forecasting.oop.TSForecastingExperiment object at 0x3190c5a50>, 'include': ['ets', 'exp_smooth'], 'exclude': None, 'fold': None, 'round': 4, 'cross_validation': True, 'sort': 'RMSE', 'n_select': 1, 'budget_time': None, 'turbo': True, 'errors': 'ignore', 'fit_kwargs': None, 'experiment_custom_tags': None, 'engine': None, 'verbose': False, 'parallel': None, '__class__': <class 'pycaret.time_series.forecasting.oop.TSForecastingExperiment'>})
2025-04-17 18:39:39,701:INFO:Checking exceptions
2025-04-17 18:39:39,703:INFO:Preparing display monitor
2025-04-17 18:39:39,705:INFO:Initializing ETS
2025-04-17 18:39:39,705:INFO:Total runtime is 1.5179316202799478e-06 minutes
2025-04-17 18:39:39,706:INFO:SubProcess create_model() called ==================================
2025-04-17 18:39:39,706:INFO:Initializing create_model()
2025-04-17 18:39:39,706:INFO:create_model(self=<pycaret.time_series.forecasting.oop.TSForecastingExperiment object at 0x3190c5a50>, estimator=ets, fold=None, round=4, cross_validation=True, predict=True, fit_kwargs={}, groups=None, refit=False, probability_threshold=None, experiment_custom_tags=None, verbose=False, system=False, add_to_model_list=True, metrics=None, display=<pycaret.internal.display.display.CommonDisplay object at 0x319303490>, model_only=True, return_train_score=False, error_score=0.0, kwargs={})
2025-04-17 18:39:39,706:INFO:Checking exceptions
2025-04-17 18:39:39,706:INFO:Importing libraries
2025-04-17 18:39:39,706:INFO:Copying training dataset
2025-04-17 18:39:39,709:INFO:Defining folds
2025-04-17 18:39:39,709:INFO:Declaring metric variables
2025-04-17 18:39:39,709:INFO:Importing untrained model
2025-04-17 18:39:39,710:INFO:ETS Imported successfully
2025-04-17 18:39:39,712:INFO:Starting cross validation
2025-04-17 18:39:39,712:INFO:Cross validating with ExpandingWindowSplitter(fh=ForecastingHorizon([ 1,  2,  3,  4,  5,  6,  7,  8,  9, 10, 11, 12, 13, 14, 15, 16, 17, 18,
       19, 20, 21, 22, 23, 24, 25, 26, 27, 28, 29, 30],
      dtype='int64', is_relative=True),
                        initial_window=1968, step_length=30), n_jobs=-1
2025-04-17 18:39:45,075:WARNING:/opt/anaconda3/envs/LSTM/lib/python3.11/site-packages/sklearn/metrics/_regression.py:483: FutureWarning: 'squared' is deprecated in version 1.4 and will be removed in 1.6. To calculate the root mean squared error, use the function'root_mean_squared_error'.
  warnings.warn(

2025-04-17 18:39:45,075:WARNING:/opt/anaconda3/envs/LSTM/lib/python3.11/site-packages/sklearn/metrics/_regression.py:483: FutureWarning: 'squared' is deprecated in version 1.4 and will be removed in 1.6. To calculate the root mean squared error, use the function'root_mean_squared_error'.
  warnings.warn(

2025-04-17 18:39:45,669:WARNING:/opt/anaconda3/envs/LSTM/lib/python3.11/site-packages/sklearn/metrics/_regression.py:483: FutureWarning: 'squared' is deprecated in version 1.4 and will be removed in 1.6. To calculate the root mean squared error, use the function'root_mean_squared_error'.
  warnings.warn(

2025-04-17 18:39:45,670:WARNING:/opt/anaconda3/envs/LSTM/lib/python3.11/site-packages/sklearn/metrics/_regression.py:483: FutureWarning: 'squared' is deprecated in version 1.4 and will be removed in 1.6. To calculate the root mean squared error, use the function'root_mean_squared_error'.
  warnings.warn(

2025-04-17 18:39:45,750:WARNING:/opt/anaconda3/envs/LSTM/lib/python3.11/site-packages/sklearn/metrics/_regression.py:483: FutureWarning: 'squared' is deprecated in version 1.4 and will be removed in 1.6. To calculate the root mean squared error, use the function'root_mean_squared_error'.
  warnings.warn(

2025-04-17 18:39:45,750:WARNING:/opt/anaconda3/envs/LSTM/lib/python3.11/site-packages/sklearn/metrics/_regression.py:483: FutureWarning: 'squared' is deprecated in version 1.4 and will be removed in 1.6. To calculate the root mean squared error, use the function'root_mean_squared_error'.
  warnings.warn(

2025-04-17 18:39:45,807:INFO:Calculating mean and std
2025-04-17 18:39:45,809:INFO:Creating metrics dataframe
2025-04-17 18:39:45,817:INFO:Uploading results into container
2025-04-17 18:39:45,817:INFO:Uploading model into container now
2025-04-17 18:39:45,818:INFO:_master_model_container: 1
2025-04-17 18:39:45,818:INFO:_display_container: 2
2025-04-17 18:39:45,819:INFO:AutoETS(seasonal='mul', sp=6, trend='add')
2025-04-17 18:39:45,819:INFO:create_model() successfully completed......................................
2025-04-17 18:39:46,157:INFO:SubProcess create_model() end ==================================
2025-04-17 18:39:46,157:INFO:Creating metrics dataframe
2025-04-17 18:39:46,160:INFO:Initializing Exponential Smoothing
2025-04-17 18:39:46,160:INFO:Total runtime is 0.10758251746495565 minutes
2025-04-17 18:39:46,160:INFO:SubProcess create_model() called ==================================
2025-04-17 18:39:46,160:INFO:Initializing create_model()
2025-04-17 18:39:46,160:INFO:create_model(self=<pycaret.time_series.forecasting.oop.TSForecastingExperiment object at 0x3190c5a50>, estimator=exp_smooth, fold=None, round=4, cross_validation=True, predict=True, fit_kwargs={}, groups=None, refit=False, probability_threshold=None, experiment_custom_tags=None, verbose=False, system=False, add_to_model_list=True, metrics=None, display=<pycaret.internal.display.display.CommonDisplay object at 0x319303490>, model_only=True, return_train_score=False, error_score=0.0, kwargs={})
2025-04-17 18:39:46,160:INFO:Checking exceptions
2025-04-17 18:39:46,160:INFO:Importing libraries
2025-04-17 18:39:46,161:INFO:Copying training dataset
2025-04-17 18:39:46,162:INFO:Defining folds
2025-04-17 18:39:46,162:INFO:Declaring metric variables
2025-04-17 18:39:46,162:INFO:Importing untrained model
2025-04-17 18:39:46,162:INFO:Exponential Smoothing Imported successfully
2025-04-17 18:39:46,163:INFO:Starting cross validation
2025-04-17 18:39:46,164:INFO:Cross validating with ExpandingWindowSplitter(fh=ForecastingHorizon([ 1,  2,  3,  4,  5,  6,  7,  8,  9, 10, 11, 12, 13, 14, 15, 16, 17, 18,
       19, 20, 21, 22, 23, 24, 25, 26, 27, 28, 29, 30],
      dtype='int64', is_relative=True),
                        initial_window=1968, step_length=30), n_jobs=-1
2025-04-17 18:39:52,438:WARNING:/opt/anaconda3/envs/LSTM/lib/python3.11/site-packages/statsmodels/tsa/holtwinters/model.py:918: ConvergenceWarning: Optimization failed to converge. Check mle_retvals.
  warnings.warn(

2025-04-17 18:39:52,489:WARNING:/opt/anaconda3/envs/LSTM/lib/python3.11/site-packages/sklearn/metrics/_regression.py:483: FutureWarning: 'squared' is deprecated in version 1.4 and will be removed in 1.6. To calculate the root mean squared error, use the function'root_mean_squared_error'.
  warnings.warn(

2025-04-17 18:39:52,490:WARNING:/opt/anaconda3/envs/LSTM/lib/python3.11/site-packages/sklearn/metrics/_regression.py:483: FutureWarning: 'squared' is deprecated in version 1.4 and will be removed in 1.6. To calculate the root mean squared error, use the function'root_mean_squared_error'.
  warnings.warn(

2025-04-17 18:39:52,517:WARNING:/opt/anaconda3/envs/LSTM/lib/python3.11/site-packages/statsmodels/tsa/holtwinters/model.py:918: ConvergenceWarning: Optimization failed to converge. Check mle_retvals.
  warnings.warn(

2025-04-17 18:39:52,527:WARNING:/opt/anaconda3/envs/LSTM/lib/python3.11/site-packages/statsmodels/tsa/holtwinters/model.py:918: ConvergenceWarning: Optimization failed to converge. Check mle_retvals.
  warnings.warn(

2025-04-17 18:39:52,552:WARNING:/opt/anaconda3/envs/LSTM/lib/python3.11/site-packages/sklearn/metrics/_regression.py:483: FutureWarning: 'squared' is deprecated in version 1.4 and will be removed in 1.6. To calculate the root mean squared error, use the function'root_mean_squared_error'.
  warnings.warn(

2025-04-17 18:39:52,553:WARNING:/opt/anaconda3/envs/LSTM/lib/python3.11/site-packages/sklearn/metrics/_regression.py:483: FutureWarning: 'squared' is deprecated in version 1.4 and will be removed in 1.6. To calculate the root mean squared error, use the function'root_mean_squared_error'.
  warnings.warn(

2025-04-17 18:39:52,597:WARNING:/opt/anaconda3/envs/LSTM/lib/python3.11/site-packages/sklearn/metrics/_regression.py:483: FutureWarning: 'squared' is deprecated in version 1.4 and will be removed in 1.6. To calculate the root mean squared error, use the function'root_mean_squared_error'.
  warnings.warn(

2025-04-17 18:39:52,598:WARNING:/opt/anaconda3/envs/LSTM/lib/python3.11/site-packages/sklearn/metrics/_regression.py:483: FutureWarning: 'squared' is deprecated in version 1.4 and will be removed in 1.6. To calculate the root mean squared error, use the function'root_mean_squared_error'.
  warnings.warn(

2025-04-17 18:39:52,635:INFO:Calculating mean and std
2025-04-17 18:39:52,636:INFO:Creating metrics dataframe
2025-04-17 18:39:52,656:INFO:Uploading results into container
2025-04-17 18:39:52,656:INFO:Uploading model into container now
2025-04-17 18:39:52,661:INFO:_master_model_container: 2
2025-04-17 18:39:52,661:INFO:_display_container: 2
2025-04-17 18:39:52,662:INFO:ExponentialSmoothing(seasonal='mul', sp=6, trend='add')
2025-04-17 18:39:52,662:INFO:create_model() successfully completed......................................
2025-04-17 18:39:53,218:INFO:SubProcess create_model() end ==================================
2025-04-17 18:39:53,218:INFO:Creating metrics dataframe
2025-04-17 18:39:53,220:INFO:Initializing create_model()
2025-04-17 18:39:53,220:INFO:create_model(self=<pycaret.time_series.forecasting.oop.TSForecastingExperiment object at 0x3190c5a50>, estimator=AutoETS(seasonal='mul', sp=6, trend='add'), fold=None, round=4, cross_validation=False, predict=False, fit_kwargs={}, groups=None, refit=True, probability_threshold=None, experiment_custom_tags=None, verbose=False, system=False, add_to_model_list=True, metrics=None, display=None, model_only=True, return_train_score=False, error_score=0.0, kwargs={})
2025-04-17 18:39:53,220:INFO:Checking exceptions
2025-04-17 18:39:53,223:INFO:Importing libraries
2025-04-17 18:39:53,223:INFO:Copying training dataset
2025-04-17 18:39:53,226:INFO:Defining folds
2025-04-17 18:39:53,226:INFO:Declaring metric variables
2025-04-17 18:39:53,226:INFO:Importing untrained model
2025-04-17 18:39:53,226:INFO:Declaring custom model
2025-04-17 18:39:53,227:INFO:ETS Imported successfully
2025-04-17 18:39:53,227:INFO:Cross validation set to False
2025-04-17 18:39:53,227:INFO:Fitting Model
2025-04-17 18:39:53,575:INFO:AutoETS(seasonal='mul', sp=6, trend='add')
2025-04-17 18:39:53,575:INFO:create_model() successfully completed......................................
2025-04-17 18:39:53,751:INFO:_master_model_container: 2
2025-04-17 18:39:53,751:INFO:_display_container: 2
2025-04-17 18:39:53,752:INFO:AutoETS(seasonal='mul', sp=6, trend='add')
2025-04-17 18:39:53,752:INFO:compare_models() successfully completed......................................
2025-04-17 18:39:53,755:INFO:Initializing create_model()
2025-04-17 18:39:53,755:INFO:create_model(self=<pycaret.time_series.forecasting.oop.TSForecastingExperiment object at 0x3190c5a50>, estimator=AutoETS(seasonal='mul', sp=6, trend='add'), fold=None, round=4, cross_validation=True, predict=True, fit_kwargs=None, groups=None, refit=True, probability_threshold=None, experiment_custom_tags=None, verbose=False, system=True, add_to_model_list=True, metrics=None, display=None, model_only=True, return_train_score=False, error_score=0.0, kwargs={})
2025-04-17 18:39:53,755:INFO:Checking exceptions
2025-04-17 18:39:53,761:INFO:Importing libraries
2025-04-17 18:39:53,762:INFO:Copying training dataset
2025-04-17 18:39:53,765:INFO:Defining folds
2025-04-17 18:39:53,765:INFO:Declaring metric variables
2025-04-17 18:39:53,766:INFO:Importing untrained model
2025-04-17 18:39:53,766:INFO:Declaring custom model
2025-04-17 18:39:53,767:INFO:ETS Imported successfully
2025-04-17 18:39:53,771:INFO:Starting cross validation
2025-04-17 18:39:53,771:INFO:Cross validating with ExpandingWindowSplitter(fh=ForecastingHorizon([ 1,  2,  3,  4,  5,  6,  7,  8,  9, 10, 11, 12, 13, 14, 15, 16, 17, 18,
       19, 20, 21, 22, 23, 24, 25, 26, 27, 28, 29, 30],
      dtype='int64', is_relative=True),
                        initial_window=1968, step_length=30), n_jobs=-1
2025-04-17 18:39:54,165:WARNING:/opt/anaconda3/envs/LSTM/lib/python3.11/site-packages/sklearn/metrics/_regression.py:483: FutureWarning: 'squared' is deprecated in version 1.4 and will be removed in 1.6. To calculate the root mean squared error, use the function'root_mean_squared_error'.
  warnings.warn(

2025-04-17 18:39:54,165:WARNING:/opt/anaconda3/envs/LSTM/lib/python3.11/site-packages/sklearn/metrics/_regression.py:483: FutureWarning: 'squared' is deprecated in version 1.4 and will be removed in 1.6. To calculate the root mean squared error, use the function'root_mean_squared_error'.
  warnings.warn(

2025-04-17 18:39:54,228:WARNING:/opt/anaconda3/envs/LSTM/lib/python3.11/site-packages/sklearn/metrics/_regression.py:483: FutureWarning: 'squared' is deprecated in version 1.4 and will be removed in 1.6. To calculate the root mean squared error, use the function'root_mean_squared_error'.
  warnings.warn(

2025-04-17 18:39:54,228:WARNING:/opt/anaconda3/envs/LSTM/lib/python3.11/site-packages/sklearn/metrics/_regression.py:483: FutureWarning: 'squared' is deprecated in version 1.4 and will be removed in 1.6. To calculate the root mean squared error, use the function'root_mean_squared_error'.
  warnings.warn(

2025-04-17 18:39:56,438:WARNING:/opt/anaconda3/envs/LSTM/lib/python3.11/site-packages/sklearn/metrics/_regression.py:483: FutureWarning: 'squared' is deprecated in version 1.4 and will be removed in 1.6. To calculate the root mean squared error, use the function'root_mean_squared_error'.
  warnings.warn(

2025-04-17 18:39:56,438:WARNING:/opt/anaconda3/envs/LSTM/lib/python3.11/site-packages/sklearn/metrics/_regression.py:483: FutureWarning: 'squared' is deprecated in version 1.4 and will be removed in 1.6. To calculate the root mean squared error, use the function'root_mean_squared_error'.
  warnings.warn(

2025-04-17 18:39:56,462:INFO:Calculating mean and std
2025-04-17 18:39:56,462:INFO:Creating metrics dataframe
2025-04-17 18:39:56,463:INFO:Finalizing model
2025-04-17 18:39:56,664:INFO:Uploading results into container
2025-04-17 18:39:56,664:INFO:Uploading model into container now
2025-04-17 18:39:56,664:INFO:_master_model_container: 3
2025-04-17 18:39:56,664:INFO:_display_container: 3
2025-04-17 18:39:56,665:INFO:AutoETS(seasonal='mul', sp=6, trend='add')
2025-04-17 18:39:56,665:INFO:create_model() successfully completed......................................
2025-04-17 18:39:56,808:INFO:Initializing get_config()
2025-04-17 18:39:56,809:INFO:get_config(self=<pycaret.time_series.forecasting.oop.TSForecastingExperiment object at 0x3190c5a50>, variable=y_train)
2025-04-17 18:39:56,809:INFO:Variable: 'y_train' used to return the transformed values in PyCaret 2.x. From PyCaret 3.x, this will return the raw values. If you need the transformed values, call get_config with 'y_train_transformed' instead.
2025-04-17 18:39:56,813:INFO:Variable:  returned as Date
2017-11-09     320.884003
2017-11-10     299.252991
2017-11-11     314.681000
2017-11-12     307.907990
2017-11-13     316.716003
                 ...     
2023-06-24    1876.059692
2023-06-25    1900.506104
2023-06-26    1859.432861
2023-06-27    1889.703369
2023-06-28    1827.971191
Freq: D, Name: ('Close', 'ETH-USD'), Length: 2058, dtype: float64
2025-04-17 18:39:56,813:INFO:get_config() successfully completed......................................
2025-04-17 21:15:13,815:WARNING:
'prophet' is a soft dependency and not included in the pycaret installation. Please run: `pip install prophet` to install.
2025-04-17 21:15:18,079:INFO:PyCaret TSForecastingExperiment
2025-04-17 21:15:18,079:INFO:Logging name: ts-default-name
2025-04-17 21:15:18,079:INFO:ML Usecase: MLUsecase.TIME_SERIES
2025-04-17 21:15:18,079:INFO:version 3.3.2
2025-04-17 21:15:18,079:INFO:Initializing setup()
2025-04-17 21:15:18,079:INFO:self.USI: c730
2025-04-17 21:15:18,079:INFO:self._variable_keys: {'_available_plots', 'significant_sps', 'fold_param', 'gpu_n_jobs_param', 'model_engines', 'primary_sp_to_use', 'X_test_transformed', 'logging_param', 'index_type', 'y_transformed', 'memory', 'idx', 'X', 'significant_sps_no_harmonics', 'enforce_pi', 'USI', 'candidate_sps', 'seasonality_present', 'y_train', 'X_test', 'approach_type', 'X_train_transformed', 'y', 'exp_name_log', 'strictly_positive', '_ml_usecase', 'html_param', 'gpu_param', 'exp_id', 'exogenous_present', 'n_jobs_param', 'pipeline', 'seed', 'fold_generator', 'all_sps_to_use', 'y_train_transformed', 'enforce_exogenous', 'X_transformed', 'log_plots_param', 'X_train', 'fh', 'y_test_transformed', 'data', 'y_test'}
2025-04-17 21:15:18,079:INFO:Checking environment
2025-04-17 21:15:18,080:INFO:python_version: 3.11.8
2025-04-17 21:15:18,080:INFO:python_build: ('main', 'Feb 16 2024 20:49:36')
2025-04-17 21:15:18,080:INFO:machine: arm64
2025-04-17 21:15:18,080:INFO:platform: macOS-15.3.1-arm64-arm-64bit
2025-04-17 21:15:18,080:INFO:Memory: svmem(total=17179869184, available=3512238080, percent=79.6, used=5673304064, free=62881792, active=3464380416, inactive=3312566272, wired=2208923648)
2025-04-17 21:15:18,080:INFO:Physical Core: 8
2025-04-17 21:15:18,080:INFO:Logical Core: 8
2025-04-17 21:15:18,080:INFO:Checking libraries
2025-04-17 21:15:18,080:INFO:System:
2025-04-17 21:15:18,080:INFO:    python: 3.11.8 | packaged by conda-forge | (main, Feb 16 2024, 20:49:36) [Clang 16.0.6 ]
2025-04-17 21:15:18,080:INFO:executable: /opt/anaconda3/envs/LSTM/bin/python
2025-04-17 21:15:18,080:INFO:   machine: macOS-15.3.1-arm64-arm-64bit
2025-04-17 21:15:18,080:INFO:PyCaret required dependencies:
2025-04-17 21:15:18,110:INFO:                 pip: 25.0
2025-04-17 21:15:18,110:INFO:          setuptools: 75.8.0
2025-04-17 21:15:18,110:INFO:             pycaret: 3.3.2
2025-04-17 21:15:18,111:INFO:             IPython: 8.32.0
2025-04-17 21:15:18,111:INFO:          ipywidgets: 8.1.5
2025-04-17 21:15:18,111:INFO:                tqdm: 4.67.1
2025-04-17 21:15:18,111:INFO:               numpy: 1.26.4
2025-04-17 21:15:18,111:INFO:              pandas: 2.1.4
2025-04-17 21:15:18,111:INFO:              jinja2: 3.1.5
2025-04-17 21:15:18,111:INFO:               scipy: 1.11.4
2025-04-17 21:15:18,111:INFO:              joblib: 1.3.2
2025-04-17 21:15:18,111:INFO:             sklearn: 1.4.2
2025-04-17 21:15:18,111:INFO:                pyod: 2.0.3
2025-04-17 21:15:18,111:INFO:            imblearn: 0.13.0
2025-04-17 21:15:18,111:INFO:   category_encoders: 2.7.0
2025-04-17 21:15:18,111:INFO:            lightgbm: 4.6.0
2025-04-17 21:15:18,111:INFO:               numba: 0.61.0
2025-04-17 21:15:18,111:INFO:            requests: 2.32.3
2025-04-17 21:15:18,111:INFO:          matplotlib: 3.7.5
2025-04-17 21:15:18,111:INFO:          scikitplot: 0.3.7
2025-04-17 21:15:18,111:INFO:         yellowbrick: 1.5
2025-04-17 21:15:18,111:INFO:              plotly: 5.24.1
2025-04-17 21:15:18,111:INFO:    plotly-resampler: Not installed
2025-04-17 21:15:18,111:INFO:             kaleido: 0.2.1
2025-04-17 21:15:18,111:INFO:           schemdraw: 0.15
2025-04-17 21:15:18,111:INFO:         statsmodels: 0.14.4
2025-04-17 21:15:18,111:INFO:              sktime: 0.26.0
2025-04-17 21:15:18,111:INFO:               tbats: 1.1.3
2025-04-17 21:15:18,111:INFO:            pmdarima: 2.0.4
2025-04-17 21:15:18,111:INFO:              psutil: 5.9.0
2025-04-17 21:15:18,111:INFO:          markupsafe: 3.0.2
2025-04-17 21:15:18,111:INFO:             pickle5: Not installed
2025-04-17 21:15:18,111:INFO:         cloudpickle: 3.1.1
2025-04-17 21:15:18,111:INFO:         deprecation: 2.1.0
2025-04-17 21:15:18,111:INFO:              xxhash: 3.5.0
2025-04-17 21:15:18,111:INFO:           wurlitzer: 3.1.1
2025-04-17 21:15:18,111:INFO:PyCaret optional dependencies:
2025-04-17 21:15:18,117:INFO:                shap: Not installed
2025-04-17 21:15:18,117:INFO:           interpret: Not installed
2025-04-17 21:15:18,117:INFO:                umap: Not installed
2025-04-17 21:15:18,117:INFO:     ydata_profiling: Not installed
2025-04-17 21:15:18,117:INFO:  explainerdashboard: Not installed
2025-04-17 21:15:18,117:INFO:             autoviz: Not installed
2025-04-17 21:15:18,117:INFO:           fairlearn: Not installed
2025-04-17 21:15:18,117:INFO:          deepchecks: Not installed
2025-04-17 21:15:18,117:INFO:             xgboost: Not installed
2025-04-17 21:15:18,117:INFO:            catboost: Not installed
2025-04-17 21:15:18,117:INFO:              kmodes: Not installed
2025-04-17 21:15:18,117:INFO:             mlxtend: Not installed
2025-04-17 21:15:18,117:INFO:       statsforecast: Not installed
2025-04-17 21:15:18,117:INFO:        tune_sklearn: Not installed
2025-04-17 21:15:18,117:INFO:                 ray: Not installed
2025-04-17 21:15:18,117:INFO:            hyperopt: Not installed
2025-04-17 21:15:18,117:INFO:              optuna: Not installed
2025-04-17 21:15:18,117:INFO:               skopt: Not installed
2025-04-17 21:15:18,117:INFO:              mlflow: Not installed
2025-04-17 21:15:18,117:INFO:              gradio: Not installed
2025-04-17 21:15:18,117:INFO:             fastapi: Not installed
2025-04-17 21:15:18,117:INFO:             uvicorn: Not installed
2025-04-17 21:15:18,117:INFO:              m2cgen: Not installed
2025-04-17 21:15:18,117:INFO:           evidently: Not installed
2025-04-17 21:15:18,117:INFO:               fugue: Not installed
2025-04-17 21:15:18,117:INFO:           streamlit: Not installed
2025-04-17 21:15:18,117:INFO:             prophet: Not installed
2025-04-17 21:15:18,117:INFO:None
2025-04-17 21:15:18,123:INFO:Set Forecast Horizon.
2025-04-17 21:15:18,123:INFO:Set up Train-Test Splits.
2025-04-17 21:15:18,128:INFO:Preparing preprocessing pipeline...
2025-04-17 21:15:18,128:INFO:Set up imputation for Target variable(s).
2025-04-17 21:15:18,157:INFO:Finished creating preprocessing pipeline.
2025-04-17 21:15:18,161:INFO:Pipeline: ForecastingPipeline(steps=[('forecaster',
                            TransformedTargetForecaster(steps=[('transformer_target',
                                                                TransformerPipeline(steps=[('numerical_imputer',
                                                                                            Imputer(method='ffill',
                                                                                                    random_state=123))])),
                                                               ('model',
                                                                DummyForecaster())]))])
2025-04-17 21:15:18,161:INFO:Set up Seasonal Period.
2025-04-17 21:15:18,168:INFO:Setting the seasonal component type - 'add' or 'mul'.
2025-04-17 21:15:18,168:INFO:Checking if data is strictly positive.
2025-04-17 21:15:18,198:INFO:Creating final display dataframe.
2025-04-17 21:15:18,209:INFO:Setup Display Container:                                           Description                    Value
0                                          session_id                      123
1                                              Target     ('Close', 'ETH-USD')
2                                            Approach               Univariate
3                                 Exogenous Variables              Not Present
4                                 Original data shape                (2088, 1)
5                              Transformed data shape                (2088, 1)
6                         Transformed train set shape                (2058, 1)
7                          Transformed test set shape                  (30, 1)
8                            Rows with missing values                     0.0%
9                                      Fold Generator  ExpandingWindowSplitter
10                                        Fold Number                        3
11                        Enforce Prediction Interval                    False
12                    Splits used for hyperparameters                      all
13                    User Defined Seasonal Period(s)                     None
14                            Ignore Seasonality Test                    False
15                         Seasonality Detection Algo                     auto
16                             Max Period to Consider                       60
17                          Seasonal Period(s) Tested  [6, 33, 17, 28, 27, 58]
18                     Significant Seasonal Period(s)  [6, 33, 17, 28, 27, 58]
19   Significant Seasonal Period(s) without Harmonics  [6, 33, 17, 28, 27, 58]
20                                   Remove Harmonics                    False
21                             Harmonics Order Method             harmonic_max
22                           Num Seasonalities to Use                        1
23                           All Seasonalities to Use                      [6]
24                                Primary Seasonality                        6
25                                Seasonality Present                     True
26                                   Seasonality Type                      mul
27                           Target Strictly Positive                     True
28                                 Target White Noise                       No
29                                      Recommended d                        1
30                             Recommended Seasonal D                        0
31                                         Preprocess                     True
32                      Numerical Imputation (Target)                    ffill
33                            Transformation (Target)                     None
34                                   Scaling (Target)                     None
35  Feature Engineering (Target) - Reduced Regression                    False
36                                           CPU Jobs                       -1
37                                            Use GPU                    False
38                                     Log Experiment                    False
39                                    Experiment Name          ts-default-name
40                                                USI                     c730
2025-04-17 21:15:18,209:INFO:Engine successfully changes for model 'auto_arima' to 'pmdarima'.
2025-04-17 21:15:18,227:WARNING:
'prophet' is a soft dependency and not included in the pycaret installation. Please run: `pip install prophet` to install.
2025-04-17 21:15:18,227:INFO:Engine for model 'lr_cds_dt' has not been set explicitly, hence returning None.
2025-04-17 21:15:18,227:INFO:Engine for model 'en_cds_dt' has not been set explicitly, hence returning None.
2025-04-17 21:15:18,227:INFO:Engine for model 'ridge_cds_dt' has not been set explicitly, hence returning None.
2025-04-17 21:15:18,227:INFO:Engine for model 'lasso_cds_dt' has not been set explicitly, hence returning None.
2025-04-17 21:15:18,227:INFO:Engine for model 'llar_cds_dt' has not been set explicitly, hence returning None.
2025-04-17 21:15:18,227:INFO:Engine for model 'br_cds_dt' has not been set explicitly, hence returning None.
2025-04-17 21:15:18,228:INFO:Engine for model 'huber_cds_dt' has not been set explicitly, hence returning None.
2025-04-17 21:15:18,228:INFO:Engine for model 'omp_cds_dt' has not been set explicitly, hence returning None.
2025-04-17 21:15:18,229:INFO:Engine for model 'knn_cds_dt' has not been set explicitly, hence returning None.
2025-04-17 21:15:18,229:INFO:Engine for model 'dt_cds_dt' has not been set explicitly, hence returning None.
2025-04-17 21:15:18,229:INFO:Engine for model 'rf_cds_dt' has not been set explicitly, hence returning None.
2025-04-17 21:15:18,229:INFO:Engine for model 'et_cds_dt' has not been set explicitly, hence returning None.
2025-04-17 21:15:18,229:INFO:Engine for model 'gbr_cds_dt' has not been set explicitly, hence returning None.
2025-04-17 21:15:18,229:INFO:Engine for model 'ada_cds_dt' has not been set explicitly, hence returning None.
2025-04-17 21:15:18,229:INFO:Engine for model 'xgboost_cds_dt' has not been set explicitly, hence returning None.
2025-04-17 21:15:18,229:WARNING:
'xgboost' is a soft dependency and not included in the pycaret installation. Please run: `pip install xgboost` to install.
Alternately, you can install this by running `pip install pycaret[models]`
2025-04-17 21:15:18,229:WARNING:
'xgboost' is a soft dependency and not included in the pycaret installation. Please run: `pip install xgboost` to install.
Alternately, you can install this by running `pip install pycaret[models]`
2025-04-17 21:15:18,229:INFO:Engine for model 'lightgbm_cds_dt' has not been set explicitly, hence returning None.
2025-04-17 21:15:18,230:INFO:Engine for model 'catboost_cds_dt' has not been set explicitly, hence returning None.
2025-04-17 21:15:18,230:WARNING:
'catboost' is a soft dependency and not included in the pycaret installation. Please run: `pip install catboost` to install.
Alternately, you can install this by running `pip install pycaret[models]`
2025-04-17 21:15:18,230:WARNING:
'catboost' is a soft dependency and not included in the pycaret installation. Please run: `pip install catboost` to install.
Alternately, you can install this by running `pip install pycaret[models]`
2025-04-17 21:15:18,232:WARNING:
'prophet' is a soft dependency and not included in the pycaret installation. Please run: `pip install prophet` to install.
2025-04-17 21:15:18,232:INFO:Engine for model 'lr_cds_dt' has not been set explicitly, hence returning None.
2025-04-17 21:15:18,232:INFO:Engine for model 'en_cds_dt' has not been set explicitly, hence returning None.
2025-04-17 21:15:18,232:INFO:Engine for model 'ridge_cds_dt' has not been set explicitly, hence returning None.
2025-04-17 21:15:18,233:INFO:Engine for model 'lasso_cds_dt' has not been set explicitly, hence returning None.
2025-04-17 21:15:18,233:INFO:Engine for model 'llar_cds_dt' has not been set explicitly, hence returning None.
2025-04-17 21:15:18,233:INFO:Engine for model 'br_cds_dt' has not been set explicitly, hence returning None.
2025-04-17 21:15:18,234:INFO:Engine for model 'huber_cds_dt' has not been set explicitly, hence returning None.
2025-04-17 21:15:18,235:INFO:Engine for model 'omp_cds_dt' has not been set explicitly, hence returning None.
2025-04-17 21:15:18,237:INFO:Engine for model 'knn_cds_dt' has not been set explicitly, hence returning None.
2025-04-17 21:15:18,237:INFO:Engine for model 'dt_cds_dt' has not been set explicitly, hence returning None.
2025-04-17 21:15:18,238:INFO:Engine for model 'rf_cds_dt' has not been set explicitly, hence returning None.
2025-04-17 21:15:18,238:INFO:Engine for model 'et_cds_dt' has not been set explicitly, hence returning None.
2025-04-17 21:15:18,238:INFO:Engine for model 'gbr_cds_dt' has not been set explicitly, hence returning None.
2025-04-17 21:15:18,238:INFO:Engine for model 'ada_cds_dt' has not been set explicitly, hence returning None.
2025-04-17 21:15:18,238:INFO:Engine for model 'xgboost_cds_dt' has not been set explicitly, hence returning None.
2025-04-17 21:15:18,238:WARNING:
'xgboost' is a soft dependency and not included in the pycaret installation. Please run: `pip install xgboost` to install.
Alternately, you can install this by running `pip install pycaret[models]`
2025-04-17 21:15:18,238:WARNING:
'xgboost' is a soft dependency and not included in the pycaret installation. Please run: `pip install xgboost` to install.
Alternately, you can install this by running `pip install pycaret[models]`
2025-04-17 21:15:18,238:INFO:Engine for model 'lightgbm_cds_dt' has not been set explicitly, hence returning None.
2025-04-17 21:15:18,238:INFO:Engine for model 'catboost_cds_dt' has not been set explicitly, hence returning None.
2025-04-17 21:15:18,238:WARNING:
'catboost' is a soft dependency and not included in the pycaret installation. Please run: `pip install catboost` to install.
Alternately, you can install this by running `pip install pycaret[models]`
2025-04-17 21:15:18,238:WARNING:
'catboost' is a soft dependency and not included in the pycaret installation. Please run: `pip install catboost` to install.
Alternately, you can install this by running `pip install pycaret[models]`
2025-04-17 21:15:18,238:INFO:Engine successfully changes for model 'lr_cds_dt' to 'sklearn'.
2025-04-17 21:15:18,240:WARNING:
'prophet' is a soft dependency and not included in the pycaret installation. Please run: `pip install prophet` to install.
2025-04-17 21:15:18,240:INFO:Engine for model 'en_cds_dt' has not been set explicitly, hence returning None.
2025-04-17 21:15:18,240:INFO:Engine for model 'ridge_cds_dt' has not been set explicitly, hence returning None.
2025-04-17 21:15:18,240:INFO:Engine for model 'lasso_cds_dt' has not been set explicitly, hence returning None.
2025-04-17 21:15:18,240:INFO:Engine for model 'llar_cds_dt' has not been set explicitly, hence returning None.
2025-04-17 21:15:18,240:INFO:Engine for model 'br_cds_dt' has not been set explicitly, hence returning None.
2025-04-17 21:15:18,240:INFO:Engine for model 'huber_cds_dt' has not been set explicitly, hence returning None.
2025-04-17 21:15:18,241:INFO:Engine for model 'omp_cds_dt' has not been set explicitly, hence returning None.
2025-04-17 21:15:18,241:INFO:Engine for model 'knn_cds_dt' has not been set explicitly, hence returning None.
2025-04-17 21:15:18,245:INFO:Engine for model 'dt_cds_dt' has not been set explicitly, hence returning None.
2025-04-17 21:15:18,245:INFO:Engine for model 'rf_cds_dt' has not been set explicitly, hence returning None.
2025-04-17 21:15:18,246:INFO:Engine for model 'et_cds_dt' has not been set explicitly, hence returning None.
2025-04-17 21:15:18,246:INFO:Engine for model 'gbr_cds_dt' has not been set explicitly, hence returning None.
2025-04-17 21:15:18,246:INFO:Engine for model 'ada_cds_dt' has not been set explicitly, hence returning None.
2025-04-17 21:15:18,247:INFO:Engine for model 'xgboost_cds_dt' has not been set explicitly, hence returning None.
2025-04-17 21:15:18,247:WARNING:
'xgboost' is a soft dependency and not included in the pycaret installation. Please run: `pip install xgboost` to install.
Alternately, you can install this by running `pip install pycaret[models]`
2025-04-17 21:15:18,247:WARNING:
'xgboost' is a soft dependency and not included in the pycaret installation. Please run: `pip install xgboost` to install.
Alternately, you can install this by running `pip install pycaret[models]`
2025-04-17 21:15:18,247:INFO:Engine for model 'lightgbm_cds_dt' has not been set explicitly, hence returning None.
2025-04-17 21:15:18,247:INFO:Engine for model 'catboost_cds_dt' has not been set explicitly, hence returning None.
2025-04-17 21:15:18,247:WARNING:
'catboost' is a soft dependency and not included in the pycaret installation. Please run: `pip install catboost` to install.
Alternately, you can install this by running `pip install pycaret[models]`
2025-04-17 21:15:18,247:WARNING:
'catboost' is a soft dependency and not included in the pycaret installation. Please run: `pip install catboost` to install.
Alternately, you can install this by running `pip install pycaret[models]`
2025-04-17 21:15:18,250:WARNING:
'prophet' is a soft dependency and not included in the pycaret installation. Please run: `pip install prophet` to install.
2025-04-17 21:15:18,251:INFO:Engine for model 'en_cds_dt' has not been set explicitly, hence returning None.
2025-04-17 21:15:18,251:INFO:Engine for model 'ridge_cds_dt' has not been set explicitly, hence returning None.
2025-04-17 21:15:18,251:INFO:Engine for model 'lasso_cds_dt' has not been set explicitly, hence returning None.
2025-04-17 21:15:18,251:INFO:Engine for model 'llar_cds_dt' has not been set explicitly, hence returning None.
2025-04-17 21:15:18,251:INFO:Engine for model 'br_cds_dt' has not been set explicitly, hence returning None.
2025-04-17 21:15:18,251:INFO:Engine for model 'huber_cds_dt' has not been set explicitly, hence returning None.
2025-04-17 21:15:18,252:INFO:Engine for model 'omp_cds_dt' has not been set explicitly, hence returning None.
2025-04-17 21:15:18,252:INFO:Engine for model 'knn_cds_dt' has not been set explicitly, hence returning None.
2025-04-17 21:15:18,252:INFO:Engine for model 'dt_cds_dt' has not been set explicitly, hence returning None.
2025-04-17 21:15:18,252:INFO:Engine for model 'rf_cds_dt' has not been set explicitly, hence returning None.
2025-04-17 21:15:18,253:INFO:Engine for model 'et_cds_dt' has not been set explicitly, hence returning None.
2025-04-17 21:15:18,253:INFO:Engine for model 'gbr_cds_dt' has not been set explicitly, hence returning None.
2025-04-17 21:15:18,253:INFO:Engine for model 'ada_cds_dt' has not been set explicitly, hence returning None.
2025-04-17 21:15:18,253:INFO:Engine for model 'xgboost_cds_dt' has not been set explicitly, hence returning None.
2025-04-17 21:15:18,253:WARNING:
'xgboost' is a soft dependency and not included in the pycaret installation. Please run: `pip install xgboost` to install.
Alternately, you can install this by running `pip install pycaret[models]`
2025-04-17 21:15:18,253:WARNING:
'xgboost' is a soft dependency and not included in the pycaret installation. Please run: `pip install xgboost` to install.
Alternately, you can install this by running `pip install pycaret[models]`
2025-04-17 21:15:18,253:INFO:Engine for model 'lightgbm_cds_dt' has not been set explicitly, hence returning None.
2025-04-17 21:15:18,253:INFO:Engine for model 'catboost_cds_dt' has not been set explicitly, hence returning None.
2025-04-17 21:15:18,253:WARNING:
'catboost' is a soft dependency and not included in the pycaret installation. Please run: `pip install catboost` to install.
Alternately, you can install this by running `pip install pycaret[models]`
2025-04-17 21:15:18,253:WARNING:
'catboost' is a soft dependency and not included in the pycaret installation. Please run: `pip install catboost` to install.
Alternately, you can install this by running `pip install pycaret[models]`
2025-04-17 21:15:18,253:INFO:Engine successfully changes for model 'en_cds_dt' to 'sklearn'.
2025-04-17 21:15:18,254:WARNING:
'prophet' is a soft dependency and not included in the pycaret installation. Please run: `pip install prophet` to install.
2025-04-17 21:15:18,255:INFO:Engine for model 'ridge_cds_dt' has not been set explicitly, hence returning None.
2025-04-17 21:15:18,255:INFO:Engine for model 'lasso_cds_dt' has not been set explicitly, hence returning None.
2025-04-17 21:15:18,255:INFO:Engine for model 'llar_cds_dt' has not been set explicitly, hence returning None.
2025-04-17 21:15:18,255:INFO:Engine for model 'br_cds_dt' has not been set explicitly, hence returning None.
2025-04-17 21:15:18,255:INFO:Engine for model 'huber_cds_dt' has not been set explicitly, hence returning None.
2025-04-17 21:15:18,255:INFO:Engine for model 'omp_cds_dt' has not been set explicitly, hence returning None.
2025-04-17 21:15:18,256:INFO:Engine for model 'knn_cds_dt' has not been set explicitly, hence returning None.
2025-04-17 21:15:18,256:INFO:Engine for model 'dt_cds_dt' has not been set explicitly, hence returning None.
2025-04-17 21:15:18,256:INFO:Engine for model 'rf_cds_dt' has not been set explicitly, hence returning None.
2025-04-17 21:15:18,256:INFO:Engine for model 'et_cds_dt' has not been set explicitly, hence returning None.
2025-04-17 21:15:18,257:INFO:Engine for model 'gbr_cds_dt' has not been set explicitly, hence returning None.
2025-04-17 21:15:18,257:INFO:Engine for model 'ada_cds_dt' has not been set explicitly, hence returning None.
2025-04-17 21:15:18,258:INFO:Engine for model 'xgboost_cds_dt' has not been set explicitly, hence returning None.
2025-04-17 21:15:18,258:WARNING:
'xgboost' is a soft dependency and not included in the pycaret installation. Please run: `pip install xgboost` to install.
Alternately, you can install this by running `pip install pycaret[models]`
2025-04-17 21:15:18,258:WARNING:
'xgboost' is a soft dependency and not included in the pycaret installation. Please run: `pip install xgboost` to install.
Alternately, you can install this by running `pip install pycaret[models]`
2025-04-17 21:15:18,258:INFO:Engine for model 'lightgbm_cds_dt' has not been set explicitly, hence returning None.
2025-04-17 21:15:18,258:INFO:Engine for model 'catboost_cds_dt' has not been set explicitly, hence returning None.
2025-04-17 21:15:18,258:WARNING:
'catboost' is a soft dependency and not included in the pycaret installation. Please run: `pip install catboost` to install.
Alternately, you can install this by running `pip install pycaret[models]`
2025-04-17 21:15:18,258:WARNING:
'catboost' is a soft dependency and not included in the pycaret installation. Please run: `pip install catboost` to install.
Alternately, you can install this by running `pip install pycaret[models]`
2025-04-17 21:15:18,262:WARNING:
'prophet' is a soft dependency and not included in the pycaret installation. Please run: `pip install prophet` to install.
2025-04-17 21:15:18,262:INFO:Engine for model 'ridge_cds_dt' has not been set explicitly, hence returning None.
2025-04-17 21:15:18,262:INFO:Engine for model 'lasso_cds_dt' has not been set explicitly, hence returning None.
2025-04-17 21:15:18,262:INFO:Engine for model 'llar_cds_dt' has not been set explicitly, hence returning None.
2025-04-17 21:15:18,262:INFO:Engine for model 'br_cds_dt' has not been set explicitly, hence returning None.
2025-04-17 21:15:18,262:INFO:Engine for model 'huber_cds_dt' has not been set explicitly, hence returning None.
2025-04-17 21:15:18,263:INFO:Engine for model 'omp_cds_dt' has not been set explicitly, hence returning None.
2025-04-17 21:15:18,263:INFO:Engine for model 'knn_cds_dt' has not been set explicitly, hence returning None.
2025-04-17 21:15:18,263:INFO:Engine for model 'dt_cds_dt' has not been set explicitly, hence returning None.
2025-04-17 21:15:18,264:INFO:Engine for model 'rf_cds_dt' has not been set explicitly, hence returning None.
2025-04-17 21:15:18,264:INFO:Engine for model 'et_cds_dt' has not been set explicitly, hence returning None.
2025-04-17 21:15:18,264:INFO:Engine for model 'gbr_cds_dt' has not been set explicitly, hence returning None.
2025-04-17 21:15:18,264:INFO:Engine for model 'ada_cds_dt' has not been set explicitly, hence returning None.
2025-04-17 21:15:18,266:INFO:Engine for model 'xgboost_cds_dt' has not been set explicitly, hence returning None.
2025-04-17 21:15:18,266:WARNING:
'xgboost' is a soft dependency and not included in the pycaret installation. Please run: `pip install xgboost` to install.
Alternately, you can install this by running `pip install pycaret[models]`
2025-04-17 21:15:18,266:WARNING:
'xgboost' is a soft dependency and not included in the pycaret installation. Please run: `pip install xgboost` to install.
Alternately, you can install this by running `pip install pycaret[models]`
2025-04-17 21:15:18,266:INFO:Engine for model 'lightgbm_cds_dt' has not been set explicitly, hence returning None.
2025-04-17 21:15:18,266:INFO:Engine for model 'catboost_cds_dt' has not been set explicitly, hence returning None.
2025-04-17 21:15:18,266:WARNING:
'catboost' is a soft dependency and not included in the pycaret installation. Please run: `pip install catboost` to install.
Alternately, you can install this by running `pip install pycaret[models]`
2025-04-17 21:15:18,266:WARNING:
'catboost' is a soft dependency and not included in the pycaret installation. Please run: `pip install catboost` to install.
Alternately, you can install this by running `pip install pycaret[models]`
2025-04-17 21:15:18,266:INFO:Engine successfully changes for model 'ridge_cds_dt' to 'sklearn'.
2025-04-17 21:15:18,270:WARNING:
'prophet' is a soft dependency and not included in the pycaret installation. Please run: `pip install prophet` to install.
2025-04-17 21:15:18,271:INFO:Engine for model 'lasso_cds_dt' has not been set explicitly, hence returning None.
2025-04-17 21:15:18,271:INFO:Engine for model 'llar_cds_dt' has not been set explicitly, hence returning None.
2025-04-17 21:15:18,271:INFO:Engine for model 'br_cds_dt' has not been set explicitly, hence returning None.
2025-04-17 21:15:18,271:INFO:Engine for model 'huber_cds_dt' has not been set explicitly, hence returning None.
2025-04-17 21:15:18,272:INFO:Engine for model 'omp_cds_dt' has not been set explicitly, hence returning None.
2025-04-17 21:15:18,272:INFO:Engine for model 'knn_cds_dt' has not been set explicitly, hence returning None.
2025-04-17 21:15:18,272:INFO:Engine for model 'dt_cds_dt' has not been set explicitly, hence returning None.
2025-04-17 21:15:18,272:INFO:Engine for model 'rf_cds_dt' has not been set explicitly, hence returning None.
2025-04-17 21:15:18,273:INFO:Engine for model 'et_cds_dt' has not been set explicitly, hence returning None.
2025-04-17 21:15:18,273:INFO:Engine for model 'gbr_cds_dt' has not been set explicitly, hence returning None.
2025-04-17 21:15:18,273:INFO:Engine for model 'ada_cds_dt' has not been set explicitly, hence returning None.
2025-04-17 21:15:18,273:INFO:Engine for model 'xgboost_cds_dt' has not been set explicitly, hence returning None.
2025-04-17 21:15:18,273:WARNING:
'xgboost' is a soft dependency and not included in the pycaret installation. Please run: `pip install xgboost` to install.
Alternately, you can install this by running `pip install pycaret[models]`
2025-04-17 21:15:18,273:WARNING:
'xgboost' is a soft dependency and not included in the pycaret installation. Please run: `pip install xgboost` to install.
Alternately, you can install this by running `pip install pycaret[models]`
2025-04-17 21:15:18,273:INFO:Engine for model 'lightgbm_cds_dt' has not been set explicitly, hence returning None.
2025-04-17 21:15:18,273:INFO:Engine for model 'catboost_cds_dt' has not been set explicitly, hence returning None.
2025-04-17 21:15:18,273:WARNING:
'catboost' is a soft dependency and not included in the pycaret installation. Please run: `pip install catboost` to install.
Alternately, you can install this by running `pip install pycaret[models]`
2025-04-17 21:15:18,273:WARNING:
'catboost' is a soft dependency and not included in the pycaret installation. Please run: `pip install catboost` to install.
Alternately, you can install this by running `pip install pycaret[models]`
2025-04-17 21:15:18,274:WARNING:
'prophet' is a soft dependency and not included in the pycaret installation. Please run: `pip install prophet` to install.
2025-04-17 21:15:18,275:INFO:Engine for model 'lasso_cds_dt' has not been set explicitly, hence returning None.
2025-04-17 21:15:18,275:INFO:Engine for model 'llar_cds_dt' has not been set explicitly, hence returning None.
2025-04-17 21:15:18,275:INFO:Engine for model 'br_cds_dt' has not been set explicitly, hence returning None.
2025-04-17 21:15:18,275:INFO:Engine for model 'huber_cds_dt' has not been set explicitly, hence returning None.
2025-04-17 21:15:18,276:INFO:Engine for model 'omp_cds_dt' has not been set explicitly, hence returning None.
2025-04-17 21:15:18,276:INFO:Engine for model 'knn_cds_dt' has not been set explicitly, hence returning None.
2025-04-17 21:15:18,276:INFO:Engine for model 'dt_cds_dt' has not been set explicitly, hence returning None.
2025-04-17 21:15:18,276:INFO:Engine for model 'rf_cds_dt' has not been set explicitly, hence returning None.
2025-04-17 21:15:18,276:INFO:Engine for model 'et_cds_dt' has not been set explicitly, hence returning None.
2025-04-17 21:15:18,277:INFO:Engine for model 'gbr_cds_dt' has not been set explicitly, hence returning None.
2025-04-17 21:15:18,277:INFO:Engine for model 'ada_cds_dt' has not been set explicitly, hence returning None.
2025-04-17 21:15:18,277:INFO:Engine for model 'xgboost_cds_dt' has not been set explicitly, hence returning None.
2025-04-17 21:15:18,277:WARNING:
'xgboost' is a soft dependency and not included in the pycaret installation. Please run: `pip install xgboost` to install.
Alternately, you can install this by running `pip install pycaret[models]`
2025-04-17 21:15:18,277:WARNING:
'xgboost' is a soft dependency and not included in the pycaret installation. Please run: `pip install xgboost` to install.
Alternately, you can install this by running `pip install pycaret[models]`
2025-04-17 21:15:18,277:INFO:Engine for model 'lightgbm_cds_dt' has not been set explicitly, hence returning None.
2025-04-17 21:15:18,277:INFO:Engine for model 'catboost_cds_dt' has not been set explicitly, hence returning None.
2025-04-17 21:15:18,277:WARNING:
'catboost' is a soft dependency and not included in the pycaret installation. Please run: `pip install catboost` to install.
Alternately, you can install this by running `pip install pycaret[models]`
2025-04-17 21:15:18,277:WARNING:
'catboost' is a soft dependency and not included in the pycaret installation. Please run: `pip install catboost` to install.
Alternately, you can install this by running `pip install pycaret[models]`
2025-04-17 21:15:18,277:INFO:Engine successfully changes for model 'lasso_cds_dt' to 'sklearn'.
2025-04-17 21:15:18,278:WARNING:
'prophet' is a soft dependency and not included in the pycaret installation. Please run: `pip install prophet` to install.
2025-04-17 21:15:18,279:INFO:Engine for model 'llar_cds_dt' has not been set explicitly, hence returning None.
2025-04-17 21:15:18,279:INFO:Engine for model 'br_cds_dt' has not been set explicitly, hence returning None.
2025-04-17 21:15:18,279:INFO:Engine for model 'huber_cds_dt' has not been set explicitly, hence returning None.
2025-04-17 21:15:18,279:INFO:Engine for model 'omp_cds_dt' has not been set explicitly, hence returning None.
2025-04-17 21:15:18,280:INFO:Engine for model 'knn_cds_dt' has not been set explicitly, hence returning None.
2025-04-17 21:15:18,280:INFO:Engine for model 'dt_cds_dt' has not been set explicitly, hence returning None.
2025-04-17 21:15:18,281:INFO:Engine for model 'rf_cds_dt' has not been set explicitly, hence returning None.
2025-04-17 21:15:18,281:INFO:Engine for model 'et_cds_dt' has not been set explicitly, hence returning None.
2025-04-17 21:15:18,282:INFO:Engine for model 'gbr_cds_dt' has not been set explicitly, hence returning None.
2025-04-17 21:15:18,282:INFO:Engine for model 'ada_cds_dt' has not been set explicitly, hence returning None.
2025-04-17 21:15:18,282:INFO:Engine for model 'xgboost_cds_dt' has not been set explicitly, hence returning None.
2025-04-17 21:15:18,282:WARNING:
'xgboost' is a soft dependency and not included in the pycaret installation. Please run: `pip install xgboost` to install.
Alternately, you can install this by running `pip install pycaret[models]`
2025-04-17 21:15:18,282:WARNING:
'xgboost' is a soft dependency and not included in the pycaret installation. Please run: `pip install xgboost` to install.
Alternately, you can install this by running `pip install pycaret[models]`
2025-04-17 21:15:18,282:INFO:Engine for model 'lightgbm_cds_dt' has not been set explicitly, hence returning None.
2025-04-17 21:15:18,283:INFO:Engine for model 'catboost_cds_dt' has not been set explicitly, hence returning None.
2025-04-17 21:15:18,283:WARNING:
'catboost' is a soft dependency and not included in the pycaret installation. Please run: `pip install catboost` to install.
Alternately, you can install this by running `pip install pycaret[models]`
2025-04-17 21:15:18,283:WARNING:
'catboost' is a soft dependency and not included in the pycaret installation. Please run: `pip install catboost` to install.
Alternately, you can install this by running `pip install pycaret[models]`
2025-04-17 21:15:18,286:WARNING:
'prophet' is a soft dependency and not included in the pycaret installation. Please run: `pip install prophet` to install.
2025-04-17 21:15:18,288:INFO:Engine for model 'llar_cds_dt' has not been set explicitly, hence returning None.
2025-04-17 21:15:18,288:INFO:Engine for model 'br_cds_dt' has not been set explicitly, hence returning None.
2025-04-17 21:15:18,289:INFO:Engine for model 'huber_cds_dt' has not been set explicitly, hence returning None.
2025-04-17 21:15:18,290:INFO:Engine for model 'omp_cds_dt' has not been set explicitly, hence returning None.
2025-04-17 21:15:18,291:INFO:Engine for model 'knn_cds_dt' has not been set explicitly, hence returning None.
2025-04-17 21:15:18,292:INFO:Engine for model 'dt_cds_dt' has not been set explicitly, hence returning None.
2025-04-17 21:15:18,292:INFO:Engine for model 'rf_cds_dt' has not been set explicitly, hence returning None.
2025-04-17 21:15:18,293:INFO:Engine for model 'et_cds_dt' has not been set explicitly, hence returning None.
2025-04-17 21:15:18,293:INFO:Engine for model 'gbr_cds_dt' has not been set explicitly, hence returning None.
2025-04-17 21:15:18,293:INFO:Engine for model 'ada_cds_dt' has not been set explicitly, hence returning None.
2025-04-17 21:15:18,293:INFO:Engine for model 'xgboost_cds_dt' has not been set explicitly, hence returning None.
2025-04-17 21:15:18,293:WARNING:
'xgboost' is a soft dependency and not included in the pycaret installation. Please run: `pip install xgboost` to install.
Alternately, you can install this by running `pip install pycaret[models]`
2025-04-17 21:15:18,293:WARNING:
'xgboost' is a soft dependency and not included in the pycaret installation. Please run: `pip install xgboost` to install.
Alternately, you can install this by running `pip install pycaret[models]`
2025-04-17 21:15:18,293:INFO:Engine for model 'lightgbm_cds_dt' has not been set explicitly, hence returning None.
2025-04-17 21:15:18,293:INFO:Engine for model 'catboost_cds_dt' has not been set explicitly, hence returning None.
2025-04-17 21:15:18,293:WARNING:
'catboost' is a soft dependency and not included in the pycaret installation. Please run: `pip install catboost` to install.
Alternately, you can install this by running `pip install pycaret[models]`
2025-04-17 21:15:18,293:WARNING:
'catboost' is a soft dependency and not included in the pycaret installation. Please run: `pip install catboost` to install.
Alternately, you can install this by running `pip install pycaret[models]`
2025-04-17 21:15:18,294:INFO:Engine successfully changes for model 'lar_cds_dt' to 'sklearn'.
2025-04-17 21:15:18,297:WARNING:
'prophet' is a soft dependency and not included in the pycaret installation. Please run: `pip install prophet` to install.
2025-04-17 21:15:18,299:INFO:Engine for model 'llar_cds_dt' has not been set explicitly, hence returning None.
2025-04-17 21:15:18,299:INFO:Engine for model 'br_cds_dt' has not been set explicitly, hence returning None.
2025-04-17 21:15:18,299:INFO:Engine for model 'huber_cds_dt' has not been set explicitly, hence returning None.
2025-04-17 21:15:18,301:INFO:Engine for model 'omp_cds_dt' has not been set explicitly, hence returning None.
2025-04-17 21:15:18,304:INFO:Engine for model 'knn_cds_dt' has not been set explicitly, hence returning None.
2025-04-17 21:15:18,304:INFO:Engine for model 'dt_cds_dt' has not been set explicitly, hence returning None.
2025-04-17 21:15:18,304:INFO:Engine for model 'rf_cds_dt' has not been set explicitly, hence returning None.
2025-04-17 21:15:18,305:INFO:Engine for model 'et_cds_dt' has not been set explicitly, hence returning None.
2025-04-17 21:15:18,305:INFO:Engine for model 'gbr_cds_dt' has not been set explicitly, hence returning None.
2025-04-17 21:15:18,305:INFO:Engine for model 'ada_cds_dt' has not been set explicitly, hence returning None.
2025-04-17 21:15:18,305:INFO:Engine for model 'xgboost_cds_dt' has not been set explicitly, hence returning None.
2025-04-17 21:15:18,305:WARNING:
'xgboost' is a soft dependency and not included in the pycaret installation. Please run: `pip install xgboost` to install.
Alternately, you can install this by running `pip install pycaret[models]`
2025-04-17 21:15:18,305:WARNING:
'xgboost' is a soft dependency and not included in the pycaret installation. Please run: `pip install xgboost` to install.
Alternately, you can install this by running `pip install pycaret[models]`
2025-04-17 21:15:18,305:INFO:Engine for model 'lightgbm_cds_dt' has not been set explicitly, hence returning None.
2025-04-17 21:15:18,305:INFO:Engine for model 'catboost_cds_dt' has not been set explicitly, hence returning None.
2025-04-17 21:15:18,305:WARNING:
'catboost' is a soft dependency and not included in the pycaret installation. Please run: `pip install catboost` to install.
Alternately, you can install this by running `pip install pycaret[models]`
2025-04-17 21:15:18,305:WARNING:
'catboost' is a soft dependency and not included in the pycaret installation. Please run: `pip install catboost` to install.
Alternately, you can install this by running `pip install pycaret[models]`
2025-04-17 21:15:18,307:WARNING:
'prophet' is a soft dependency and not included in the pycaret installation. Please run: `pip install prophet` to install.
2025-04-17 21:15:18,307:INFO:Engine for model 'llar_cds_dt' has not been set explicitly, hence returning None.
2025-04-17 21:15:18,307:INFO:Engine for model 'br_cds_dt' has not been set explicitly, hence returning None.
2025-04-17 21:15:18,307:INFO:Engine for model 'huber_cds_dt' has not been set explicitly, hence returning None.
2025-04-17 21:15:18,308:INFO:Engine for model 'omp_cds_dt' has not been set explicitly, hence returning None.
2025-04-17 21:15:18,309:INFO:Engine for model 'knn_cds_dt' has not been set explicitly, hence returning None.
2025-04-17 21:15:18,309:INFO:Engine for model 'dt_cds_dt' has not been set explicitly, hence returning None.
2025-04-17 21:15:18,309:INFO:Engine for model 'rf_cds_dt' has not been set explicitly, hence returning None.
2025-04-17 21:15:18,309:INFO:Engine for model 'et_cds_dt' has not been set explicitly, hence returning None.
2025-04-17 21:15:18,310:INFO:Engine for model 'gbr_cds_dt' has not been set explicitly, hence returning None.
2025-04-17 21:15:18,311:INFO:Engine for model 'ada_cds_dt' has not been set explicitly, hence returning None.
2025-04-17 21:15:18,311:INFO:Engine for model 'xgboost_cds_dt' has not been set explicitly, hence returning None.
2025-04-17 21:15:18,311:WARNING:
'xgboost' is a soft dependency and not included in the pycaret installation. Please run: `pip install xgboost` to install.
Alternately, you can install this by running `pip install pycaret[models]`
2025-04-17 21:15:18,311:WARNING:
'xgboost' is a soft dependency and not included in the pycaret installation. Please run: `pip install xgboost` to install.
Alternately, you can install this by running `pip install pycaret[models]`
2025-04-17 21:15:18,311:INFO:Engine for model 'lightgbm_cds_dt' has not been set explicitly, hence returning None.
2025-04-17 21:15:18,312:INFO:Engine for model 'catboost_cds_dt' has not been set explicitly, hence returning None.
2025-04-17 21:15:18,312:WARNING:
'catboost' is a soft dependency and not included in the pycaret installation. Please run: `pip install catboost` to install.
Alternately, you can install this by running `pip install pycaret[models]`
2025-04-17 21:15:18,312:WARNING:
'catboost' is a soft dependency and not included in the pycaret installation. Please run: `pip install catboost` to install.
Alternately, you can install this by running `pip install pycaret[models]`
2025-04-17 21:15:18,312:INFO:Engine successfully changes for model 'llar_cds_dt' to 'sklearn'.
2025-04-17 21:15:18,315:WARNING:
'prophet' is a soft dependency and not included in the pycaret installation. Please run: `pip install prophet` to install.
2025-04-17 21:15:18,317:INFO:Engine for model 'br_cds_dt' has not been set explicitly, hence returning None.
2025-04-17 21:15:18,317:INFO:Engine for model 'huber_cds_dt' has not been set explicitly, hence returning None.
2025-04-17 21:15:18,320:INFO:Engine for model 'omp_cds_dt' has not been set explicitly, hence returning None.
2025-04-17 21:15:18,321:INFO:Engine for model 'knn_cds_dt' has not been set explicitly, hence returning None.
2025-04-17 21:15:18,321:INFO:Engine for model 'dt_cds_dt' has not been set explicitly, hence returning None.
2025-04-17 21:15:18,322:INFO:Engine for model 'rf_cds_dt' has not been set explicitly, hence returning None.
2025-04-17 21:15:18,322:INFO:Engine for model 'et_cds_dt' has not been set explicitly, hence returning None.
2025-04-17 21:15:18,322:INFO:Engine for model 'gbr_cds_dt' has not been set explicitly, hence returning None.
2025-04-17 21:15:18,323:INFO:Engine for model 'ada_cds_dt' has not been set explicitly, hence returning None.
2025-04-17 21:15:18,323:INFO:Engine for model 'xgboost_cds_dt' has not been set explicitly, hence returning None.
2025-04-17 21:15:18,323:WARNING:
'xgboost' is a soft dependency and not included in the pycaret installation. Please run: `pip install xgboost` to install.
Alternately, you can install this by running `pip install pycaret[models]`
2025-04-17 21:15:18,323:WARNING:
'xgboost' is a soft dependency and not included in the pycaret installation. Please run: `pip install xgboost` to install.
Alternately, you can install this by running `pip install pycaret[models]`
2025-04-17 21:15:18,323:INFO:Engine for model 'lightgbm_cds_dt' has not been set explicitly, hence returning None.
2025-04-17 21:15:18,323:INFO:Engine for model 'catboost_cds_dt' has not been set explicitly, hence returning None.
2025-04-17 21:15:18,323:WARNING:
'catboost' is a soft dependency and not included in the pycaret installation. Please run: `pip install catboost` to install.
Alternately, you can install this by running `pip install pycaret[models]`
2025-04-17 21:15:18,323:WARNING:
'catboost' is a soft dependency and not included in the pycaret installation. Please run: `pip install catboost` to install.
Alternately, you can install this by running `pip install pycaret[models]`
2025-04-17 21:15:18,327:WARNING:
'prophet' is a soft dependency and not included in the pycaret installation. Please run: `pip install prophet` to install.
2025-04-17 21:15:18,330:INFO:Engine for model 'br_cds_dt' has not been set explicitly, hence returning None.
2025-04-17 21:15:18,330:INFO:Engine for model 'huber_cds_dt' has not been set explicitly, hence returning None.
2025-04-17 21:15:18,332:INFO:Engine for model 'omp_cds_dt' has not been set explicitly, hence returning None.
2025-04-17 21:15:18,333:INFO:Engine for model 'knn_cds_dt' has not been set explicitly, hence returning None.
2025-04-17 21:15:18,333:INFO:Engine for model 'dt_cds_dt' has not been set explicitly, hence returning None.
2025-04-17 21:15:18,337:INFO:Engine for model 'rf_cds_dt' has not been set explicitly, hence returning None.
2025-04-17 21:15:18,337:INFO:Engine for model 'et_cds_dt' has not been set explicitly, hence returning None.
2025-04-17 21:15:18,337:INFO:Engine for model 'gbr_cds_dt' has not been set explicitly, hence returning None.
2025-04-17 21:15:18,338:INFO:Engine for model 'ada_cds_dt' has not been set explicitly, hence returning None.
2025-04-17 21:15:18,338:INFO:Engine for model 'xgboost_cds_dt' has not been set explicitly, hence returning None.
2025-04-17 21:15:18,338:WARNING:
'xgboost' is a soft dependency and not included in the pycaret installation. Please run: `pip install xgboost` to install.
Alternately, you can install this by running `pip install pycaret[models]`
2025-04-17 21:15:18,338:WARNING:
'xgboost' is a soft dependency and not included in the pycaret installation. Please run: `pip install xgboost` to install.
Alternately, you can install this by running `pip install pycaret[models]`
2025-04-17 21:15:18,338:INFO:Engine for model 'lightgbm_cds_dt' has not been set explicitly, hence returning None.
2025-04-17 21:15:18,338:INFO:Engine for model 'catboost_cds_dt' has not been set explicitly, hence returning None.
2025-04-17 21:15:18,338:WARNING:
'catboost' is a soft dependency and not included in the pycaret installation. Please run: `pip install catboost` to install.
Alternately, you can install this by running `pip install pycaret[models]`
2025-04-17 21:15:18,338:WARNING:
'catboost' is a soft dependency and not included in the pycaret installation. Please run: `pip install catboost` to install.
Alternately, you can install this by running `pip install pycaret[models]`
2025-04-17 21:15:18,338:INFO:Engine successfully changes for model 'br_cds_dt' to 'sklearn'.
2025-04-17 21:15:18,340:WARNING:
'prophet' is a soft dependency and not included in the pycaret installation. Please run: `pip install prophet` to install.
2025-04-17 21:15:18,340:INFO:Engine for model 'huber_cds_dt' has not been set explicitly, hence returning None.
2025-04-17 21:15:18,341:INFO:Engine for model 'omp_cds_dt' has not been set explicitly, hence returning None.
2025-04-17 21:15:18,341:INFO:Engine for model 'knn_cds_dt' has not been set explicitly, hence returning None.
2025-04-17 21:15:18,341:INFO:Engine for model 'dt_cds_dt' has not been set explicitly, hence returning None.
2025-04-17 21:15:18,341:INFO:Engine for model 'rf_cds_dt' has not been set explicitly, hence returning None.
2025-04-17 21:15:18,342:INFO:Engine for model 'et_cds_dt' has not been set explicitly, hence returning None.
2025-04-17 21:15:18,342:INFO:Engine for model 'gbr_cds_dt' has not been set explicitly, hence returning None.
2025-04-17 21:15:18,342:INFO:Engine for model 'ada_cds_dt' has not been set explicitly, hence returning None.
2025-04-17 21:15:18,342:INFO:Engine for model 'xgboost_cds_dt' has not been set explicitly, hence returning None.
2025-04-17 21:15:18,342:WARNING:
'xgboost' is a soft dependency and not included in the pycaret installation. Please run: `pip install xgboost` to install.
Alternately, you can install this by running `pip install pycaret[models]`
2025-04-17 21:15:18,342:WARNING:
'xgboost' is a soft dependency and not included in the pycaret installation. Please run: `pip install xgboost` to install.
Alternately, you can install this by running `pip install pycaret[models]`
2025-04-17 21:15:18,342:INFO:Engine for model 'lightgbm_cds_dt' has not been set explicitly, hence returning None.
2025-04-17 21:15:18,342:INFO:Engine for model 'catboost_cds_dt' has not been set explicitly, hence returning None.
2025-04-17 21:15:18,342:WARNING:
'catboost' is a soft dependency and not included in the pycaret installation. Please run: `pip install catboost` to install.
Alternately, you can install this by running `pip install pycaret[models]`
2025-04-17 21:15:18,342:WARNING:
'catboost' is a soft dependency and not included in the pycaret installation. Please run: `pip install catboost` to install.
Alternately, you can install this by running `pip install pycaret[models]`
2025-04-17 21:15:18,343:WARNING:
'prophet' is a soft dependency and not included in the pycaret installation. Please run: `pip install prophet` to install.
2025-04-17 21:15:18,344:INFO:Engine for model 'huber_cds_dt' has not been set explicitly, hence returning None.
2025-04-17 21:15:18,344:INFO:Engine for model 'omp_cds_dt' has not been set explicitly, hence returning None.
2025-04-17 21:15:18,345:INFO:Engine for model 'knn_cds_dt' has not been set explicitly, hence returning None.
2025-04-17 21:15:18,345:INFO:Engine for model 'dt_cds_dt' has not been set explicitly, hence returning None.
2025-04-17 21:15:18,345:INFO:Engine for model 'rf_cds_dt' has not been set explicitly, hence returning None.
2025-04-17 21:15:18,345:INFO:Engine for model 'et_cds_dt' has not been set explicitly, hence returning None.
2025-04-17 21:15:18,345:INFO:Engine for model 'gbr_cds_dt' has not been set explicitly, hence returning None.
2025-04-17 21:15:18,345:INFO:Engine for model 'ada_cds_dt' has not been set explicitly, hence returning None.
2025-04-17 21:15:18,345:INFO:Engine for model 'xgboost_cds_dt' has not been set explicitly, hence returning None.
2025-04-17 21:15:18,345:WARNING:
'xgboost' is a soft dependency and not included in the pycaret installation. Please run: `pip install xgboost` to install.
Alternately, you can install this by running `pip install pycaret[models]`
2025-04-17 21:15:18,345:WARNING:
'xgboost' is a soft dependency and not included in the pycaret installation. Please run: `pip install xgboost` to install.
Alternately, you can install this by running `pip install pycaret[models]`
2025-04-17 21:15:18,345:INFO:Engine for model 'lightgbm_cds_dt' has not been set explicitly, hence returning None.
2025-04-17 21:15:18,346:INFO:Engine for model 'catboost_cds_dt' has not been set explicitly, hence returning None.
2025-04-17 21:15:18,346:WARNING:
'catboost' is a soft dependency and not included in the pycaret installation. Please run: `pip install catboost` to install.
Alternately, you can install this by running `pip install pycaret[models]`
2025-04-17 21:15:18,346:WARNING:
'catboost' is a soft dependency and not included in the pycaret installation. Please run: `pip install catboost` to install.
Alternately, you can install this by running `pip install pycaret[models]`
2025-04-17 21:15:18,346:INFO:Engine successfully changes for model 'huber_cds_dt' to 'sklearn'.
2025-04-17 21:15:18,347:WARNING:
'prophet' is a soft dependency and not included in the pycaret installation. Please run: `pip install prophet` to install.
2025-04-17 21:15:18,348:INFO:Engine for model 'omp_cds_dt' has not been set explicitly, hence returning None.
2025-04-17 21:15:18,348:INFO:Engine for model 'knn_cds_dt' has not been set explicitly, hence returning None.
2025-04-17 21:15:18,348:INFO:Engine for model 'dt_cds_dt' has not been set explicitly, hence returning None.
2025-04-17 21:15:18,349:INFO:Engine for model 'rf_cds_dt' has not been set explicitly, hence returning None.
2025-04-17 21:15:18,349:INFO:Engine for model 'et_cds_dt' has not been set explicitly, hence returning None.
2025-04-17 21:15:18,349:INFO:Engine for model 'gbr_cds_dt' has not been set explicitly, hence returning None.
2025-04-17 21:15:18,349:INFO:Engine for model 'ada_cds_dt' has not been set explicitly, hence returning None.
2025-04-17 21:15:18,349:INFO:Engine for model 'xgboost_cds_dt' has not been set explicitly, hence returning None.
2025-04-17 21:15:18,349:WARNING:
'xgboost' is a soft dependency and not included in the pycaret installation. Please run: `pip install xgboost` to install.
Alternately, you can install this by running `pip install pycaret[models]`
2025-04-17 21:15:18,349:WARNING:
'xgboost' is a soft dependency and not included in the pycaret installation. Please run: `pip install xgboost` to install.
Alternately, you can install this by running `pip install pycaret[models]`
2025-04-17 21:15:18,349:INFO:Engine for model 'lightgbm_cds_dt' has not been set explicitly, hence returning None.
2025-04-17 21:15:18,349:INFO:Engine for model 'catboost_cds_dt' has not been set explicitly, hence returning None.
2025-04-17 21:15:18,349:WARNING:
'catboost' is a soft dependency and not included in the pycaret installation. Please run: `pip install catboost` to install.
Alternately, you can install this by running `pip install pycaret[models]`
2025-04-17 21:15:18,349:WARNING:
'catboost' is a soft dependency and not included in the pycaret installation. Please run: `pip install catboost` to install.
Alternately, you can install this by running `pip install pycaret[models]`
2025-04-17 21:15:18,351:WARNING:
'prophet' is a soft dependency and not included in the pycaret installation. Please run: `pip install prophet` to install.
2025-04-17 21:15:18,352:INFO:Engine for model 'omp_cds_dt' has not been set explicitly, hence returning None.
2025-04-17 21:15:18,352:INFO:Engine for model 'knn_cds_dt' has not been set explicitly, hence returning None.
2025-04-17 21:15:18,353:INFO:Engine for model 'dt_cds_dt' has not been set explicitly, hence returning None.
2025-04-17 21:15:18,353:INFO:Engine for model 'rf_cds_dt' has not been set explicitly, hence returning None.
2025-04-17 21:15:18,353:INFO:Engine for model 'et_cds_dt' has not been set explicitly, hence returning None.
2025-04-17 21:15:18,353:INFO:Engine for model 'gbr_cds_dt' has not been set explicitly, hence returning None.
2025-04-17 21:15:18,353:INFO:Engine for model 'ada_cds_dt' has not been set explicitly, hence returning None.
2025-04-17 21:15:18,353:INFO:Engine for model 'xgboost_cds_dt' has not been set explicitly, hence returning None.
2025-04-17 21:15:18,353:WARNING:
'xgboost' is a soft dependency and not included in the pycaret installation. Please run: `pip install xgboost` to install.
Alternately, you can install this by running `pip install pycaret[models]`
2025-04-17 21:15:18,353:WARNING:
'xgboost' is a soft dependency and not included in the pycaret installation. Please run: `pip install xgboost` to install.
Alternately, you can install this by running `pip install pycaret[models]`
2025-04-17 21:15:18,353:INFO:Engine for model 'lightgbm_cds_dt' has not been set explicitly, hence returning None.
2025-04-17 21:15:18,354:INFO:Engine for model 'catboost_cds_dt' has not been set explicitly, hence returning None.
2025-04-17 21:15:18,354:WARNING:
'catboost' is a soft dependency and not included in the pycaret installation. Please run: `pip install catboost` to install.
Alternately, you can install this by running `pip install pycaret[models]`
2025-04-17 21:15:18,354:WARNING:
'catboost' is a soft dependency and not included in the pycaret installation. Please run: `pip install catboost` to install.
Alternately, you can install this by running `pip install pycaret[models]`
2025-04-17 21:15:18,354:INFO:Engine successfully changes for model 'par_cds_dt' to 'sklearn'.
2025-04-17 21:15:18,355:WARNING:
'prophet' is a soft dependency and not included in the pycaret installation. Please run: `pip install prophet` to install.
2025-04-17 21:15:18,356:INFO:Engine for model 'omp_cds_dt' has not been set explicitly, hence returning None.
2025-04-17 21:15:18,357:INFO:Engine for model 'knn_cds_dt' has not been set explicitly, hence returning None.
2025-04-17 21:15:18,358:INFO:Engine for model 'dt_cds_dt' has not been set explicitly, hence returning None.
2025-04-17 21:15:18,358:INFO:Engine for model 'rf_cds_dt' has not been set explicitly, hence returning None.
2025-04-17 21:15:18,358:INFO:Engine for model 'et_cds_dt' has not been set explicitly, hence returning None.
2025-04-17 21:15:18,359:INFO:Engine for model 'gbr_cds_dt' has not been set explicitly, hence returning None.
2025-04-17 21:15:18,359:INFO:Engine for model 'ada_cds_dt' has not been set explicitly, hence returning None.
2025-04-17 21:15:18,359:INFO:Engine for model 'xgboost_cds_dt' has not been set explicitly, hence returning None.
2025-04-17 21:15:18,359:WARNING:
'xgboost' is a soft dependency and not included in the pycaret installation. Please run: `pip install xgboost` to install.
Alternately, you can install this by running `pip install pycaret[models]`
2025-04-17 21:15:18,359:WARNING:
'xgboost' is a soft dependency and not included in the pycaret installation. Please run: `pip install xgboost` to install.
Alternately, you can install this by running `pip install pycaret[models]`
2025-04-17 21:15:18,359:INFO:Engine for model 'lightgbm_cds_dt' has not been set explicitly, hence returning None.
2025-04-17 21:15:18,359:INFO:Engine for model 'catboost_cds_dt' has not been set explicitly, hence returning None.
2025-04-17 21:15:18,359:WARNING:
'catboost' is a soft dependency and not included in the pycaret installation. Please run: `pip install catboost` to install.
Alternately, you can install this by running `pip install pycaret[models]`
2025-04-17 21:15:18,360:WARNING:
'catboost' is a soft dependency and not included in the pycaret installation. Please run: `pip install catboost` to install.
Alternately, you can install this by running `pip install pycaret[models]`
2025-04-17 21:15:18,361:WARNING:
'prophet' is a soft dependency and not included in the pycaret installation. Please run: `pip install prophet` to install.
2025-04-17 21:15:18,362:INFO:Engine for model 'omp_cds_dt' has not been set explicitly, hence returning None.
2025-04-17 21:15:18,362:INFO:Engine for model 'knn_cds_dt' has not been set explicitly, hence returning None.
2025-04-17 21:15:18,362:INFO:Engine for model 'dt_cds_dt' has not been set explicitly, hence returning None.
2025-04-17 21:15:18,362:INFO:Engine for model 'rf_cds_dt' has not been set explicitly, hence returning None.
2025-04-17 21:15:18,363:INFO:Engine for model 'et_cds_dt' has not been set explicitly, hence returning None.
2025-04-17 21:15:18,363:INFO:Engine for model 'gbr_cds_dt' has not been set explicitly, hence returning None.
2025-04-17 21:15:18,363:INFO:Engine for model 'ada_cds_dt' has not been set explicitly, hence returning None.
2025-04-17 21:15:18,363:INFO:Engine for model 'xgboost_cds_dt' has not been set explicitly, hence returning None.
2025-04-17 21:15:18,363:WARNING:
'xgboost' is a soft dependency and not included in the pycaret installation. Please run: `pip install xgboost` to install.
Alternately, you can install this by running `pip install pycaret[models]`
2025-04-17 21:15:18,363:WARNING:
'xgboost' is a soft dependency and not included in the pycaret installation. Please run: `pip install xgboost` to install.
Alternately, you can install this by running `pip install pycaret[models]`
2025-04-17 21:15:18,363:INFO:Engine for model 'lightgbm_cds_dt' has not been set explicitly, hence returning None.
2025-04-17 21:15:18,363:INFO:Engine for model 'catboost_cds_dt' has not been set explicitly, hence returning None.
2025-04-17 21:15:18,363:WARNING:
'catboost' is a soft dependency and not included in the pycaret installation. Please run: `pip install catboost` to install.
Alternately, you can install this by running `pip install pycaret[models]`
2025-04-17 21:15:18,363:WARNING:
'catboost' is a soft dependency and not included in the pycaret installation. Please run: `pip install catboost` to install.
Alternately, you can install this by running `pip install pycaret[models]`
2025-04-17 21:15:18,363:INFO:Engine successfully changes for model 'omp_cds_dt' to 'sklearn'.
2025-04-17 21:15:18,364:WARNING:
'prophet' is a soft dependency and not included in the pycaret installation. Please run: `pip install prophet` to install.
2025-04-17 21:15:18,366:INFO:Engine for model 'knn_cds_dt' has not been set explicitly, hence returning None.
2025-04-17 21:15:18,366:INFO:Engine for model 'dt_cds_dt' has not been set explicitly, hence returning None.
2025-04-17 21:15:18,367:INFO:Engine for model 'rf_cds_dt' has not been set explicitly, hence returning None.
2025-04-17 21:15:18,367:INFO:Engine for model 'et_cds_dt' has not been set explicitly, hence returning None.
2025-04-17 21:15:18,368:INFO:Engine for model 'gbr_cds_dt' has not been set explicitly, hence returning None.
2025-04-17 21:15:18,368:INFO:Engine for model 'ada_cds_dt' has not been set explicitly, hence returning None.
2025-04-17 21:15:18,368:INFO:Engine for model 'xgboost_cds_dt' has not been set explicitly, hence returning None.
2025-04-17 21:15:18,368:WARNING:
'xgboost' is a soft dependency and not included in the pycaret installation. Please run: `pip install xgboost` to install.
Alternately, you can install this by running `pip install pycaret[models]`
2025-04-17 21:15:18,368:WARNING:
'xgboost' is a soft dependency and not included in the pycaret installation. Please run: `pip install xgboost` to install.
Alternately, you can install this by running `pip install pycaret[models]`
2025-04-17 21:15:18,368:INFO:Engine for model 'lightgbm_cds_dt' has not been set explicitly, hence returning None.
2025-04-17 21:15:18,369:INFO:Engine for model 'catboost_cds_dt' has not been set explicitly, hence returning None.
2025-04-17 21:15:18,369:WARNING:
'catboost' is a soft dependency and not included in the pycaret installation. Please run: `pip install catboost` to install.
Alternately, you can install this by running `pip install pycaret[models]`
2025-04-17 21:15:18,369:WARNING:
'catboost' is a soft dependency and not included in the pycaret installation. Please run: `pip install catboost` to install.
Alternately, you can install this by running `pip install pycaret[models]`
2025-04-17 21:15:18,370:WARNING:
'prophet' is a soft dependency and not included in the pycaret installation. Please run: `pip install prophet` to install.
2025-04-17 21:15:18,372:INFO:Engine for model 'knn_cds_dt' has not been set explicitly, hence returning None.
2025-04-17 21:15:18,372:INFO:Engine for model 'dt_cds_dt' has not been set explicitly, hence returning None.
2025-04-17 21:15:18,372:INFO:Engine for model 'rf_cds_dt' has not been set explicitly, hence returning None.
2025-04-17 21:15:18,372:INFO:Engine for model 'et_cds_dt' has not been set explicitly, hence returning None.
2025-04-17 21:15:18,372:INFO:Engine for model 'gbr_cds_dt' has not been set explicitly, hence returning None.
2025-04-17 21:15:18,373:INFO:Engine for model 'ada_cds_dt' has not been set explicitly, hence returning None.
2025-04-17 21:15:18,373:INFO:Engine for model 'xgboost_cds_dt' has not been set explicitly, hence returning None.
2025-04-17 21:15:18,373:WARNING:
'xgboost' is a soft dependency and not included in the pycaret installation. Please run: `pip install xgboost` to install.
Alternately, you can install this by running `pip install pycaret[models]`
2025-04-17 21:15:18,373:WARNING:
'xgboost' is a soft dependency and not included in the pycaret installation. Please run: `pip install xgboost` to install.
Alternately, you can install this by running `pip install pycaret[models]`
2025-04-17 21:15:18,373:INFO:Engine for model 'lightgbm_cds_dt' has not been set explicitly, hence returning None.
2025-04-17 21:15:18,373:INFO:Engine for model 'catboost_cds_dt' has not been set explicitly, hence returning None.
2025-04-17 21:15:18,373:WARNING:
'catboost' is a soft dependency and not included in the pycaret installation. Please run: `pip install catboost` to install.
Alternately, you can install this by running `pip install pycaret[models]`
2025-04-17 21:15:18,373:WARNING:
'catboost' is a soft dependency and not included in the pycaret installation. Please run: `pip install catboost` to install.
Alternately, you can install this by running `pip install pycaret[models]`
2025-04-17 21:15:18,373:INFO:Engine successfully changes for model 'knn_cds_dt' to 'sklearn'.
2025-04-17 21:15:18,375:WARNING:
'prophet' is a soft dependency and not included in the pycaret installation. Please run: `pip install prophet` to install.
2025-04-17 21:15:18,381:INFO:Engine for model 'dt_cds_dt' has not been set explicitly, hence returning None.
2025-04-17 21:15:18,381:INFO:Engine for model 'rf_cds_dt' has not been set explicitly, hence returning None.
2025-04-17 21:15:18,382:INFO:Engine for model 'et_cds_dt' has not been set explicitly, hence returning None.
2025-04-17 21:15:18,382:INFO:Engine for model 'gbr_cds_dt' has not been set explicitly, hence returning None.
2025-04-17 21:15:18,383:INFO:Engine for model 'ada_cds_dt' has not been set explicitly, hence returning None.
2025-04-17 21:15:18,383:INFO:Engine for model 'xgboost_cds_dt' has not been set explicitly, hence returning None.
2025-04-17 21:15:18,383:WARNING:
'xgboost' is a soft dependency and not included in the pycaret installation. Please run: `pip install xgboost` to install.
Alternately, you can install this by running `pip install pycaret[models]`
2025-04-17 21:15:18,383:WARNING:
'xgboost' is a soft dependency and not included in the pycaret installation. Please run: `pip install xgboost` to install.
Alternately, you can install this by running `pip install pycaret[models]`
2025-04-17 21:15:18,383:INFO:Engine for model 'lightgbm_cds_dt' has not been set explicitly, hence returning None.
2025-04-17 21:15:18,383:INFO:Engine for model 'catboost_cds_dt' has not been set explicitly, hence returning None.
2025-04-17 21:15:18,384:WARNING:
'catboost' is a soft dependency and not included in the pycaret installation. Please run: `pip install catboost` to install.
Alternately, you can install this by running `pip install pycaret[models]`
2025-04-17 21:15:18,384:WARNING:
'catboost' is a soft dependency and not included in the pycaret installation. Please run: `pip install catboost` to install.
Alternately, you can install this by running `pip install pycaret[models]`
2025-04-17 21:15:18,389:WARNING:
'prophet' is a soft dependency and not included in the pycaret installation. Please run: `pip install prophet` to install.
2025-04-17 21:15:18,391:INFO:Engine for model 'dt_cds_dt' has not been set explicitly, hence returning None.
2025-04-17 21:15:18,391:INFO:Engine for model 'rf_cds_dt' has not been set explicitly, hence returning None.
2025-04-17 21:15:18,392:INFO:Engine for model 'et_cds_dt' has not been set explicitly, hence returning None.
2025-04-17 21:15:18,392:INFO:Engine for model 'gbr_cds_dt' has not been set explicitly, hence returning None.
2025-04-17 21:15:18,392:INFO:Engine for model 'ada_cds_dt' has not been set explicitly, hence returning None.
2025-04-17 21:15:18,392:INFO:Engine for model 'xgboost_cds_dt' has not been set explicitly, hence returning None.
2025-04-17 21:15:18,392:WARNING:
'xgboost' is a soft dependency and not included in the pycaret installation. Please run: `pip install xgboost` to install.
Alternately, you can install this by running `pip install pycaret[models]`
2025-04-17 21:15:18,392:WARNING:
'xgboost' is a soft dependency and not included in the pycaret installation. Please run: `pip install xgboost` to install.
Alternately, you can install this by running `pip install pycaret[models]`
2025-04-17 21:15:18,392:INFO:Engine for model 'lightgbm_cds_dt' has not been set explicitly, hence returning None.
2025-04-17 21:15:18,392:INFO:Engine for model 'catboost_cds_dt' has not been set explicitly, hence returning None.
2025-04-17 21:15:18,392:WARNING:
'catboost' is a soft dependency and not included in the pycaret installation. Please run: `pip install catboost` to install.
Alternately, you can install this by running `pip install pycaret[models]`
2025-04-17 21:15:18,392:WARNING:
'catboost' is a soft dependency and not included in the pycaret installation. Please run: `pip install catboost` to install.
Alternately, you can install this by running `pip install pycaret[models]`
2025-04-17 21:15:18,392:INFO:Engine successfully changes for model 'dt_cds_dt' to 'sklearn'.
2025-04-17 21:15:18,393:WARNING:
'prophet' is a soft dependency and not included in the pycaret installation. Please run: `pip install prophet` to install.
2025-04-17 21:15:18,395:INFO:Engine for model 'rf_cds_dt' has not been set explicitly, hence returning None.
2025-04-17 21:15:18,395:INFO:Engine for model 'et_cds_dt' has not been set explicitly, hence returning None.
2025-04-17 21:15:18,395:INFO:Engine for model 'gbr_cds_dt' has not been set explicitly, hence returning None.
2025-04-17 21:15:18,395:INFO:Engine for model 'ada_cds_dt' has not been set explicitly, hence returning None.
2025-04-17 21:15:18,395:INFO:Engine for model 'xgboost_cds_dt' has not been set explicitly, hence returning None.
2025-04-17 21:15:18,395:WARNING:
'xgboost' is a soft dependency and not included in the pycaret installation. Please run: `pip install xgboost` to install.
Alternately, you can install this by running `pip install pycaret[models]`
2025-04-17 21:15:18,395:WARNING:
'xgboost' is a soft dependency and not included in the pycaret installation. Please run: `pip install xgboost` to install.
Alternately, you can install this by running `pip install pycaret[models]`
2025-04-17 21:15:18,395:INFO:Engine for model 'lightgbm_cds_dt' has not been set explicitly, hence returning None.
2025-04-17 21:15:18,396:INFO:Engine for model 'catboost_cds_dt' has not been set explicitly, hence returning None.
2025-04-17 21:15:18,396:WARNING:
'catboost' is a soft dependency and not included in the pycaret installation. Please run: `pip install catboost` to install.
Alternately, you can install this by running `pip install pycaret[models]`
2025-04-17 21:15:18,396:WARNING:
'catboost' is a soft dependency and not included in the pycaret installation. Please run: `pip install catboost` to install.
Alternately, you can install this by running `pip install pycaret[models]`
2025-04-17 21:15:18,397:WARNING:
'prophet' is a soft dependency and not included in the pycaret installation. Please run: `pip install prophet` to install.
2025-04-17 21:15:18,399:INFO:Engine for model 'rf_cds_dt' has not been set explicitly, hence returning None.
2025-04-17 21:15:18,399:INFO:Engine for model 'et_cds_dt' has not been set explicitly, hence returning None.
2025-04-17 21:15:18,399:INFO:Engine for model 'gbr_cds_dt' has not been set explicitly, hence returning None.
2025-04-17 21:15:18,399:INFO:Engine for model 'ada_cds_dt' has not been set explicitly, hence returning None.
2025-04-17 21:15:18,399:INFO:Engine for model 'xgboost_cds_dt' has not been set explicitly, hence returning None.
2025-04-17 21:15:18,399:WARNING:
'xgboost' is a soft dependency and not included in the pycaret installation. Please run: `pip install xgboost` to install.
Alternately, you can install this by running `pip install pycaret[models]`
2025-04-17 21:15:18,399:WARNING:
'xgboost' is a soft dependency and not included in the pycaret installation. Please run: `pip install xgboost` to install.
Alternately, you can install this by running `pip install pycaret[models]`
2025-04-17 21:15:18,399:INFO:Engine for model 'lightgbm_cds_dt' has not been set explicitly, hence returning None.
2025-04-17 21:15:18,399:INFO:Engine for model 'catboost_cds_dt' has not been set explicitly, hence returning None.
2025-04-17 21:15:18,399:WARNING:
'catboost' is a soft dependency and not included in the pycaret installation. Please run: `pip install catboost` to install.
Alternately, you can install this by running `pip install pycaret[models]`
2025-04-17 21:15:18,399:WARNING:
'catboost' is a soft dependency and not included in the pycaret installation. Please run: `pip install catboost` to install.
Alternately, you can install this by running `pip install pycaret[models]`
2025-04-17 21:15:18,399:INFO:Engine successfully changes for model 'rf_cds_dt' to 'sklearn'.
2025-04-17 21:15:18,401:WARNING:
'prophet' is a soft dependency and not included in the pycaret installation. Please run: `pip install prophet` to install.
2025-04-17 21:15:18,406:INFO:Engine for model 'et_cds_dt' has not been set explicitly, hence returning None.
2025-04-17 21:15:18,407:INFO:Engine for model 'gbr_cds_dt' has not been set explicitly, hence returning None.
2025-04-17 21:15:18,407:INFO:Engine for model 'ada_cds_dt' has not been set explicitly, hence returning None.
2025-04-17 21:15:18,407:INFO:Engine for model 'xgboost_cds_dt' has not been set explicitly, hence returning None.
2025-04-17 21:15:18,407:WARNING:
'xgboost' is a soft dependency and not included in the pycaret installation. Please run: `pip install xgboost` to install.
Alternately, you can install this by running `pip install pycaret[models]`
2025-04-17 21:15:18,407:WARNING:
'xgboost' is a soft dependency and not included in the pycaret installation. Please run: `pip install xgboost` to install.
Alternately, you can install this by running `pip install pycaret[models]`
2025-04-17 21:15:18,407:INFO:Engine for model 'lightgbm_cds_dt' has not been set explicitly, hence returning None.
2025-04-17 21:15:18,408:INFO:Engine for model 'catboost_cds_dt' has not been set explicitly, hence returning None.
2025-04-17 21:15:18,408:WARNING:
'catboost' is a soft dependency and not included in the pycaret installation. Please run: `pip install catboost` to install.
Alternately, you can install this by running `pip install pycaret[models]`
2025-04-17 21:15:18,410:WARNING:
'catboost' is a soft dependency and not included in the pycaret installation. Please run: `pip install catboost` to install.
Alternately, you can install this by running `pip install pycaret[models]`
2025-04-17 21:15:18,411:WARNING:
'prophet' is a soft dependency and not included in the pycaret installation. Please run: `pip install prophet` to install.
2025-04-17 21:15:18,416:INFO:Engine for model 'et_cds_dt' has not been set explicitly, hence returning None.
2025-04-17 21:15:18,416:INFO:Engine for model 'gbr_cds_dt' has not been set explicitly, hence returning None.
2025-04-17 21:15:18,417:INFO:Engine for model 'ada_cds_dt' has not been set explicitly, hence returning None.
2025-04-17 21:15:18,418:INFO:Engine for model 'xgboost_cds_dt' has not been set explicitly, hence returning None.
2025-04-17 21:15:18,418:WARNING:
'xgboost' is a soft dependency and not included in the pycaret installation. Please run: `pip install xgboost` to install.
Alternately, you can install this by running `pip install pycaret[models]`
2025-04-17 21:15:18,418:WARNING:
'xgboost' is a soft dependency and not included in the pycaret installation. Please run: `pip install xgboost` to install.
Alternately, you can install this by running `pip install pycaret[models]`
2025-04-17 21:15:18,418:INFO:Engine for model 'lightgbm_cds_dt' has not been set explicitly, hence returning None.
2025-04-17 21:15:18,418:INFO:Engine for model 'catboost_cds_dt' has not been set explicitly, hence returning None.
2025-04-17 21:15:18,418:WARNING:
'catboost' is a soft dependency and not included in the pycaret installation. Please run: `pip install catboost` to install.
Alternately, you can install this by running `pip install pycaret[models]`
2025-04-17 21:15:18,418:WARNING:
'catboost' is a soft dependency and not included in the pycaret installation. Please run: `pip install catboost` to install.
Alternately, you can install this by running `pip install pycaret[models]`
2025-04-17 21:15:18,419:INFO:Engine successfully changes for model 'et_cds_dt' to 'sklearn'.
2025-04-17 21:15:18,420:WARNING:
'prophet' is a soft dependency and not included in the pycaret installation. Please run: `pip install prophet` to install.
2025-04-17 21:15:18,423:INFO:Engine for model 'gbr_cds_dt' has not been set explicitly, hence returning None.
2025-04-17 21:15:18,424:INFO:Engine for model 'ada_cds_dt' has not been set explicitly, hence returning None.
2025-04-17 21:15:18,424:INFO:Engine for model 'xgboost_cds_dt' has not been set explicitly, hence returning None.
2025-04-17 21:15:18,424:WARNING:
'xgboost' is a soft dependency and not included in the pycaret installation. Please run: `pip install xgboost` to install.
Alternately, you can install this by running `pip install pycaret[models]`
2025-04-17 21:15:18,424:WARNING:
'xgboost' is a soft dependency and not included in the pycaret installation. Please run: `pip install xgboost` to install.
Alternately, you can install this by running `pip install pycaret[models]`
2025-04-17 21:15:18,424:INFO:Engine for model 'lightgbm_cds_dt' has not been set explicitly, hence returning None.
2025-04-17 21:15:18,424:INFO:Engine for model 'catboost_cds_dt' has not been set explicitly, hence returning None.
2025-04-17 21:15:18,424:WARNING:
'catboost' is a soft dependency and not included in the pycaret installation. Please run: `pip install catboost` to install.
Alternately, you can install this by running `pip install pycaret[models]`
2025-04-17 21:15:18,424:WARNING:
'catboost' is a soft dependency and not included in the pycaret installation. Please run: `pip install catboost` to install.
Alternately, you can install this by running `pip install pycaret[models]`
2025-04-17 21:15:18,425:WARNING:
'prophet' is a soft dependency and not included in the pycaret installation. Please run: `pip install prophet` to install.
2025-04-17 21:15:18,430:INFO:Engine for model 'gbr_cds_dt' has not been set explicitly, hence returning None.
2025-04-17 21:15:18,431:INFO:Engine for model 'ada_cds_dt' has not been set explicitly, hence returning None.
2025-04-17 21:15:18,431:INFO:Engine for model 'xgboost_cds_dt' has not been set explicitly, hence returning None.
2025-04-17 21:15:18,431:WARNING:
'xgboost' is a soft dependency and not included in the pycaret installation. Please run: `pip install xgboost` to install.
Alternately, you can install this by running `pip install pycaret[models]`
2025-04-17 21:15:18,431:WARNING:
'xgboost' is a soft dependency and not included in the pycaret installation. Please run: `pip install xgboost` to install.
Alternately, you can install this by running `pip install pycaret[models]`
2025-04-17 21:15:18,431:INFO:Engine for model 'lightgbm_cds_dt' has not been set explicitly, hence returning None.
2025-04-17 21:15:18,432:INFO:Engine for model 'catboost_cds_dt' has not been set explicitly, hence returning None.
2025-04-17 21:15:18,432:WARNING:
'catboost' is a soft dependency and not included in the pycaret installation. Please run: `pip install catboost` to install.
Alternately, you can install this by running `pip install pycaret[models]`
2025-04-17 21:15:18,432:WARNING:
'catboost' is a soft dependency and not included in the pycaret installation. Please run: `pip install catboost` to install.
Alternately, you can install this by running `pip install pycaret[models]`
2025-04-17 21:15:18,432:INFO:Engine successfully changes for model 'gbr_cds_dt' to 'sklearn'.
2025-04-17 21:15:18,434:WARNING:
'prophet' is a soft dependency and not included in the pycaret installation. Please run: `pip install prophet` to install.
2025-04-17 21:15:18,436:INFO:Engine for model 'ada_cds_dt' has not been set explicitly, hence returning None.
2025-04-17 21:15:18,436:INFO:Engine for model 'xgboost_cds_dt' has not been set explicitly, hence returning None.
2025-04-17 21:15:18,436:WARNING:
'xgboost' is a soft dependency and not included in the pycaret installation. Please run: `pip install xgboost` to install.
Alternately, you can install this by running `pip install pycaret[models]`
2025-04-17 21:15:18,436:WARNING:
'xgboost' is a soft dependency and not included in the pycaret installation. Please run: `pip install xgboost` to install.
Alternately, you can install this by running `pip install pycaret[models]`
2025-04-17 21:15:18,436:INFO:Engine for model 'lightgbm_cds_dt' has not been set explicitly, hence returning None.
2025-04-17 21:15:18,436:INFO:Engine for model 'catboost_cds_dt' has not been set explicitly, hence returning None.
2025-04-17 21:15:18,436:WARNING:
'catboost' is a soft dependency and not included in the pycaret installation. Please run: `pip install catboost` to install.
Alternately, you can install this by running `pip install pycaret[models]`
2025-04-17 21:15:18,436:WARNING:
'catboost' is a soft dependency and not included in the pycaret installation. Please run: `pip install catboost` to install.
Alternately, you can install this by running `pip install pycaret[models]`
2025-04-17 21:15:18,437:WARNING:
'prophet' is a soft dependency and not included in the pycaret installation. Please run: `pip install prophet` to install.
2025-04-17 21:15:18,439:INFO:Engine for model 'ada_cds_dt' has not been set explicitly, hence returning None.
2025-04-17 21:15:18,439:INFO:Engine for model 'xgboost_cds_dt' has not been set explicitly, hence returning None.
2025-04-17 21:15:18,439:WARNING:
'xgboost' is a soft dependency and not included in the pycaret installation. Please run: `pip install xgboost` to install.
Alternately, you can install this by running `pip install pycaret[models]`
2025-04-17 21:15:18,439:WARNING:
'xgboost' is a soft dependency and not included in the pycaret installation. Please run: `pip install xgboost` to install.
Alternately, you can install this by running `pip install pycaret[models]`
2025-04-17 21:15:18,439:INFO:Engine for model 'lightgbm_cds_dt' has not been set explicitly, hence returning None.
2025-04-17 21:15:18,440:INFO:Engine for model 'catboost_cds_dt' has not been set explicitly, hence returning None.
2025-04-17 21:15:18,440:WARNING:
'catboost' is a soft dependency and not included in the pycaret installation. Please run: `pip install catboost` to install.
Alternately, you can install this by running `pip install pycaret[models]`
2025-04-17 21:15:18,440:WARNING:
'catboost' is a soft dependency and not included in the pycaret installation. Please run: `pip install catboost` to install.
Alternately, you can install this by running `pip install pycaret[models]`
2025-04-17 21:15:18,440:INFO:Engine successfully changes for model 'ada_cds_dt' to 'sklearn'.
2025-04-17 21:15:18,441:WARNING:
'prophet' is a soft dependency and not included in the pycaret installation. Please run: `pip install prophet` to install.
2025-04-17 21:15:18,443:INFO:Engine for model 'xgboost_cds_dt' has not been set explicitly, hence returning None.
2025-04-17 21:15:18,443:WARNING:
'xgboost' is a soft dependency and not included in the pycaret installation. Please run: `pip install xgboost` to install.
Alternately, you can install this by running `pip install pycaret[models]`
2025-04-17 21:15:18,443:WARNING:
'xgboost' is a soft dependency and not included in the pycaret installation. Please run: `pip install xgboost` to install.
Alternately, you can install this by running `pip install pycaret[models]`
2025-04-17 21:15:18,443:INFO:Engine for model 'lightgbm_cds_dt' has not been set explicitly, hence returning None.
2025-04-17 21:15:18,443:INFO:Engine for model 'catboost_cds_dt' has not been set explicitly, hence returning None.
2025-04-17 21:15:18,443:WARNING:
'catboost' is a soft dependency and not included in the pycaret installation. Please run: `pip install catboost` to install.
Alternately, you can install this by running `pip install pycaret[models]`
2025-04-17 21:15:18,443:WARNING:
'catboost' is a soft dependency and not included in the pycaret installation. Please run: `pip install catboost` to install.
Alternately, you can install this by running `pip install pycaret[models]`
2025-04-17 21:15:18,444:WARNING:
'prophet' is a soft dependency and not included in the pycaret installation. Please run: `pip install prophet` to install.
2025-04-17 21:15:18,447:INFO:Engine for model 'xgboost_cds_dt' has not been set explicitly, hence returning None.
2025-04-17 21:15:18,447:WARNING:
'xgboost' is a soft dependency and not included in the pycaret installation. Please run: `pip install xgboost` to install.
Alternately, you can install this by running `pip install pycaret[models]`
2025-04-17 21:15:18,447:WARNING:
'xgboost' is a soft dependency and not included in the pycaret installation. Please run: `pip install xgboost` to install.
Alternately, you can install this by running `pip install pycaret[models]`
2025-04-17 21:15:18,447:INFO:Engine for model 'lightgbm_cds_dt' has not been set explicitly, hence returning None.
2025-04-17 21:15:18,448:INFO:Engine for model 'catboost_cds_dt' has not been set explicitly, hence returning None.
2025-04-17 21:15:18,448:WARNING:
'catboost' is a soft dependency and not included in the pycaret installation. Please run: `pip install catboost` to install.
Alternately, you can install this by running `pip install pycaret[models]`
2025-04-17 21:15:18,448:WARNING:
'catboost' is a soft dependency and not included in the pycaret installation. Please run: `pip install catboost` to install.
Alternately, you can install this by running `pip install pycaret[models]`
2025-04-17 21:15:18,448:INFO:Engine successfully changes for model 'xgboost_cds_dt' to 'sklearn'.
2025-04-17 21:15:18,453:WARNING:
'prophet' is a soft dependency and not included in the pycaret installation. Please run: `pip install prophet` to install.
2025-04-17 21:15:18,459:WARNING:
'xgboost' is a soft dependency and not included in the pycaret installation. Please run: `pip install xgboost` to install.
Alternately, you can install this by running `pip install pycaret[models]`
2025-04-17 21:15:18,460:WARNING:
'xgboost' is a soft dependency and not included in the pycaret installation. Please run: `pip install xgboost` to install.
Alternately, you can install this by running `pip install pycaret[models]`
2025-04-17 21:15:18,460:INFO:Engine for model 'lightgbm_cds_dt' has not been set explicitly, hence returning None.
2025-04-17 21:15:18,460:INFO:Engine for model 'catboost_cds_dt' has not been set explicitly, hence returning None.
2025-04-17 21:15:18,460:WARNING:
'catboost' is a soft dependency and not included in the pycaret installation. Please run: `pip install catboost` to install.
Alternately, you can install this by running `pip install pycaret[models]`
2025-04-17 21:15:18,460:WARNING:
'catboost' is a soft dependency and not included in the pycaret installation. Please run: `pip install catboost` to install.
Alternately, you can install this by running `pip install pycaret[models]`
2025-04-17 21:15:18,464:WARNING:
'prophet' is a soft dependency and not included in the pycaret installation. Please run: `pip install prophet` to install.
2025-04-17 21:15:18,466:WARNING:
'xgboost' is a soft dependency and not included in the pycaret installation. Please run: `pip install xgboost` to install.
Alternately, you can install this by running `pip install pycaret[models]`
2025-04-17 21:15:18,466:WARNING:
'xgboost' is a soft dependency and not included in the pycaret installation. Please run: `pip install xgboost` to install.
Alternately, you can install this by running `pip install pycaret[models]`
2025-04-17 21:15:18,466:INFO:Engine for model 'lightgbm_cds_dt' has not been set explicitly, hence returning None.
2025-04-17 21:15:18,467:INFO:Engine for model 'catboost_cds_dt' has not been set explicitly, hence returning None.
2025-04-17 21:15:18,467:WARNING:
'catboost' is a soft dependency and not included in the pycaret installation. Please run: `pip install catboost` to install.
Alternately, you can install this by running `pip install pycaret[models]`
2025-04-17 21:15:18,467:WARNING:
'catboost' is a soft dependency and not included in the pycaret installation. Please run: `pip install catboost` to install.
Alternately, you can install this by running `pip install pycaret[models]`
2025-04-17 21:15:18,467:INFO:Engine successfully changes for model 'lightgbm_cds_dt' to 'sklearn'.
2025-04-17 21:15:18,468:WARNING:
'prophet' is a soft dependency and not included in the pycaret installation. Please run: `pip install prophet` to install.
2025-04-17 21:15:18,470:WARNING:
'xgboost' is a soft dependency and not included in the pycaret installation. Please run: `pip install xgboost` to install.
Alternately, you can install this by running `pip install pycaret[models]`
2025-04-17 21:15:18,470:WARNING:
'xgboost' is a soft dependency and not included in the pycaret installation. Please run: `pip install xgboost` to install.
Alternately, you can install this by running `pip install pycaret[models]`
2025-04-17 21:15:18,470:INFO:Engine for model 'catboost_cds_dt' has not been set explicitly, hence returning None.
2025-04-17 21:15:18,470:WARNING:
'catboost' is a soft dependency and not included in the pycaret installation. Please run: `pip install catboost` to install.
Alternately, you can install this by running `pip install pycaret[models]`
2025-04-17 21:15:18,470:WARNING:
'catboost' is a soft dependency and not included in the pycaret installation. Please run: `pip install catboost` to install.
Alternately, you can install this by running `pip install pycaret[models]`
2025-04-17 21:15:18,471:WARNING:
'prophet' is a soft dependency and not included in the pycaret installation. Please run: `pip install prophet` to install.
2025-04-17 21:15:18,473:WARNING:
'xgboost' is a soft dependency and not included in the pycaret installation. Please run: `pip install xgboost` to install.
Alternately, you can install this by running `pip install pycaret[models]`
2025-04-17 21:15:18,473:WARNING:
'xgboost' is a soft dependency and not included in the pycaret installation. Please run: `pip install xgboost` to install.
Alternately, you can install this by running `pip install pycaret[models]`
2025-04-17 21:15:18,474:INFO:Engine for model 'catboost_cds_dt' has not been set explicitly, hence returning None.
2025-04-17 21:15:18,474:WARNING:
'catboost' is a soft dependency and not included in the pycaret installation. Please run: `pip install catboost` to install.
Alternately, you can install this by running `pip install pycaret[models]`
2025-04-17 21:15:18,474:WARNING:
'catboost' is a soft dependency and not included in the pycaret installation. Please run: `pip install catboost` to install.
Alternately, you can install this by running `pip install pycaret[models]`
2025-04-17 21:15:18,474:INFO:Engine successfully changes for model 'catboost_cds_dt' to 'sklearn'.
2025-04-17 21:15:18,475:WARNING:
'prophet' is a soft dependency and not included in the pycaret installation. Please run: `pip install prophet` to install.
2025-04-17 21:15:18,477:WARNING:
'xgboost' is a soft dependency and not included in the pycaret installation. Please run: `pip install xgboost` to install.
Alternately, you can install this by running `pip install pycaret[models]`
2025-04-17 21:15:18,477:WARNING:
'xgboost' is a soft dependency and not included in the pycaret installation. Please run: `pip install xgboost` to install.
Alternately, you can install this by running `pip install pycaret[models]`
2025-04-17 21:15:18,477:WARNING:
'catboost' is a soft dependency and not included in the pycaret installation. Please run: `pip install catboost` to install.
Alternately, you can install this by running `pip install pycaret[models]`
2025-04-17 21:15:18,477:WARNING:
'catboost' is a soft dependency and not included in the pycaret installation. Please run: `pip install catboost` to install.
Alternately, you can install this by running `pip install pycaret[models]`
2025-04-17 21:15:18,479:WARNING:
'prophet' is a soft dependency and not included in the pycaret installation. Please run: `pip install prophet` to install.
2025-04-17 21:15:18,481:WARNING:
'xgboost' is a soft dependency and not included in the pycaret installation. Please run: `pip install xgboost` to install.
Alternately, you can install this by running `pip install pycaret[models]`
2025-04-17 21:15:18,481:WARNING:
'xgboost' is a soft dependency and not included in the pycaret installation. Please run: `pip install xgboost` to install.
Alternately, you can install this by running `pip install pycaret[models]`
2025-04-17 21:15:18,481:WARNING:
'catboost' is a soft dependency and not included in the pycaret installation. Please run: `pip install catboost` to install.
Alternately, you can install this by running `pip install pycaret[models]`
2025-04-17 21:15:18,481:WARNING:
'catboost' is a soft dependency and not included in the pycaret installation. Please run: `pip install catboost` to install.
Alternately, you can install this by running `pip install pycaret[models]`
2025-04-17 21:15:18,482:WARNING:
'prophet' is a soft dependency and not included in the pycaret installation. Please run: `pip install prophet` to install.
2025-04-17 21:15:18,484:WARNING:
'xgboost' is a soft dependency and not included in the pycaret installation. Please run: `pip install xgboost` to install.
Alternately, you can install this by running `pip install pycaret[models]`
2025-04-17 21:15:18,484:WARNING:
'xgboost' is a soft dependency and not included in the pycaret installation. Please run: `pip install xgboost` to install.
Alternately, you can install this by running `pip install pycaret[models]`
2025-04-17 21:15:18,484:WARNING:
'catboost' is a soft dependency and not included in the pycaret installation. Please run: `pip install catboost` to install.
Alternately, you can install this by running `pip install pycaret[models]`
2025-04-17 21:15:18,484:WARNING:
'catboost' is a soft dependency and not included in the pycaret installation. Please run: `pip install catboost` to install.
Alternately, you can install this by running `pip install pycaret[models]`
2025-04-17 21:15:18,485:WARNING:
'prophet' is a soft dependency and not included in the pycaret installation. Please run: `pip install prophet` to install.
2025-04-17 21:15:18,488:WARNING:
'xgboost' is a soft dependency and not included in the pycaret installation. Please run: `pip install xgboost` to install.
Alternately, you can install this by running `pip install pycaret[models]`
2025-04-17 21:15:18,488:WARNING:
'xgboost' is a soft dependency and not included in the pycaret installation. Please run: `pip install xgboost` to install.
Alternately, you can install this by running `pip install pycaret[models]`
2025-04-17 21:15:18,488:WARNING:
'catboost' is a soft dependency and not included in the pycaret installation. Please run: `pip install catboost` to install.
Alternately, you can install this by running `pip install pycaret[models]`
2025-04-17 21:15:18,488:WARNING:
'catboost' is a soft dependency and not included in the pycaret installation. Please run: `pip install catboost` to install.
Alternately, you can install this by running `pip install pycaret[models]`
2025-04-17 21:15:18,488:INFO:setup() successfully completed in 0.41s...............
2025-04-17 21:15:18,488:INFO:Initializing compare_models()
2025-04-17 21:15:18,488:INFO:compare_models(self=<pycaret.time_series.forecasting.oop.TSForecastingExperiment object at 0x30e6a3910>, include=['ets', 'exp_smooth'], exclude=None, fold=None, round=4, cross_validation=True, sort=RMSE, n_select=1, budget_time=None, turbo=True, errors=ignore, fit_kwargs=None, groups=None, experiment_custom_tags=None, probability_threshold=None, verbose=False, parallel=None, caller_params={'self': <pycaret.time_series.forecasting.oop.TSForecastingExperiment object at 0x30e6a3910>, 'include': ['ets', 'exp_smooth'], 'exclude': None, 'fold': None, 'round': 4, 'cross_validation': True, 'sort': 'RMSE', 'n_select': 1, 'budget_time': None, 'turbo': True, 'errors': 'ignore', 'fit_kwargs': None, 'experiment_custom_tags': None, 'engine': None, 'verbose': False, 'parallel': None, '__class__': <class 'pycaret.time_series.forecasting.oop.TSForecastingExperiment'>})
2025-04-17 21:15:18,488:INFO:Checking exceptions
2025-04-17 21:15:18,489:INFO:Preparing display monitor
2025-04-17 21:15:18,490:INFO:Initializing ETS
2025-04-17 21:15:18,490:INFO:Total runtime is 6.477038065592448e-07 minutes
2025-04-17 21:15:18,490:INFO:SubProcess create_model() called ==================================
2025-04-17 21:15:18,490:INFO:Initializing create_model()
2025-04-17 21:15:18,490:INFO:create_model(self=<pycaret.time_series.forecasting.oop.TSForecastingExperiment object at 0x30e6a3910>, estimator=ets, fold=None, round=4, cross_validation=True, predict=True, fit_kwargs={}, groups=None, refit=False, probability_threshold=None, experiment_custom_tags=None, verbose=False, system=False, add_to_model_list=True, metrics=None, display=<pycaret.internal.display.display.CommonDisplay object at 0x318013cd0>, model_only=True, return_train_score=False, error_score=0.0, kwargs={})
2025-04-17 21:15:18,490:INFO:Checking exceptions
2025-04-17 21:15:18,490:INFO:Importing libraries
2025-04-17 21:15:18,490:INFO:Copying training dataset
2025-04-17 21:15:18,491:INFO:Defining folds
2025-04-17 21:15:18,491:INFO:Declaring metric variables
2025-04-17 21:15:18,491:INFO:Importing untrained model
2025-04-17 21:15:18,491:INFO:ETS Imported successfully
2025-04-17 21:15:18,492:INFO:Starting cross validation
2025-04-17 21:15:18,492:INFO:Cross validating with ExpandingWindowSplitter(fh=ForecastingHorizon([ 1,  2,  3,  4,  5,  6,  7,  8,  9, 10, 11, 12, 13, 14, 15, 16, 17, 18,
       19, 20, 21, 22, 23, 24, 25, 26, 27, 28, 29, 30],
      dtype='int64', is_relative=True),
                        initial_window=1968, step_length=30), n_jobs=-1
2025-04-17 21:15:21,927:WARNING:/opt/anaconda3/envs/LSTM/lib/python3.11/site-packages/sklearn/metrics/_regression.py:483: FutureWarning: 'squared' is deprecated in version 1.4 and will be removed in 1.6. To calculate the root mean squared error, use the function'root_mean_squared_error'.
  warnings.warn(

2025-04-17 21:15:21,927:WARNING:/opt/anaconda3/envs/LSTM/lib/python3.11/site-packages/sklearn/metrics/_regression.py:483: FutureWarning: 'squared' is deprecated in version 1.4 and will be removed in 1.6. To calculate the root mean squared error, use the function'root_mean_squared_error'.
  warnings.warn(

2025-04-17 21:15:21,940:WARNING:/opt/anaconda3/envs/LSTM/lib/python3.11/site-packages/sklearn/metrics/_regression.py:483: FutureWarning: 'squared' is deprecated in version 1.4 and will be removed in 1.6. To calculate the root mean squared error, use the function'root_mean_squared_error'.
  warnings.warn(

2025-04-17 21:15:21,941:WARNING:/opt/anaconda3/envs/LSTM/lib/python3.11/site-packages/sklearn/metrics/_regression.py:483: FutureWarning: 'squared' is deprecated in version 1.4 and will be removed in 1.6. To calculate the root mean squared error, use the function'root_mean_squared_error'.
  warnings.warn(

2025-04-17 21:15:21,941:WARNING:/opt/anaconda3/envs/LSTM/lib/python3.11/site-packages/sklearn/metrics/_regression.py:483: FutureWarning: 'squared' is deprecated in version 1.4 and will be removed in 1.6. To calculate the root mean squared error, use the function'root_mean_squared_error'.
  warnings.warn(

2025-04-17 21:15:21,942:WARNING:/opt/anaconda3/envs/LSTM/lib/python3.11/site-packages/sklearn/metrics/_regression.py:483: FutureWarning: 'squared' is deprecated in version 1.4 and will be removed in 1.6. To calculate the root mean squared error, use the function'root_mean_squared_error'.
  warnings.warn(

2025-04-17 21:15:21,951:INFO:Calculating mean and std
2025-04-17 21:15:21,952:INFO:Creating metrics dataframe
2025-04-17 21:15:21,962:INFO:Uploading results into container
2025-04-17 21:15:21,962:INFO:Uploading model into container now
2025-04-17 21:15:21,963:INFO:_master_model_container: 1
2025-04-17 21:15:21,963:INFO:_display_container: 2
2025-04-17 21:15:21,964:INFO:AutoETS(seasonal='mul', sp=6, trend='add')
2025-04-17 21:15:21,964:INFO:create_model() successfully completed......................................
2025-04-17 21:15:22,111:INFO:SubProcess create_model() end ==================================
2025-04-17 21:15:22,111:INFO:Creating metrics dataframe
2025-04-17 21:15:22,112:INFO:Initializing Exponential Smoothing
2025-04-17 21:15:22,112:INFO:Total runtime is 0.06036633253097534 minutes
2025-04-17 21:15:22,112:INFO:SubProcess create_model() called ==================================
2025-04-17 21:15:22,112:INFO:Initializing create_model()
2025-04-17 21:15:22,112:INFO:create_model(self=<pycaret.time_series.forecasting.oop.TSForecastingExperiment object at 0x30e6a3910>, estimator=exp_smooth, fold=None, round=4, cross_validation=True, predict=True, fit_kwargs={}, groups=None, refit=False, probability_threshold=None, experiment_custom_tags=None, verbose=False, system=False, add_to_model_list=True, metrics=None, display=<pycaret.internal.display.display.CommonDisplay object at 0x318013cd0>, model_only=True, return_train_score=False, error_score=0.0, kwargs={})
2025-04-17 21:15:22,112:INFO:Checking exceptions
2025-04-17 21:15:22,112:INFO:Importing libraries
2025-04-17 21:15:22,112:INFO:Copying training dataset
2025-04-17 21:15:22,113:INFO:Defining folds
2025-04-17 21:15:22,113:INFO:Declaring metric variables
2025-04-17 21:15:22,113:INFO:Importing untrained model
2025-04-17 21:15:22,114:INFO:Exponential Smoothing Imported successfully
2025-04-17 21:15:22,114:INFO:Starting cross validation
2025-04-17 21:15:22,115:INFO:Cross validating with ExpandingWindowSplitter(fh=ForecastingHorizon([ 1,  2,  3,  4,  5,  6,  7,  8,  9, 10, 11, 12, 13, 14, 15, 16, 17, 18,
       19, 20, 21, 22, 23, 24, 25, 26, 27, 28, 29, 30],
      dtype='int64', is_relative=True),
                        initial_window=1968, step_length=30), n_jobs=-1
2025-04-17 21:15:22,393:WARNING:/opt/anaconda3/envs/LSTM/lib/python3.11/site-packages/statsmodels/tsa/holtwinters/model.py:918: ConvergenceWarning: Optimization failed to converge. Check mle_retvals.
  warnings.warn(

2025-04-17 21:15:22,422:WARNING:/opt/anaconda3/envs/LSTM/lib/python3.11/site-packages/sklearn/metrics/_regression.py:483: FutureWarning: 'squared' is deprecated in version 1.4 and will be removed in 1.6. To calculate the root mean squared error, use the function'root_mean_squared_error'.
  warnings.warn(

2025-04-17 21:15:22,422:WARNING:/opt/anaconda3/envs/LSTM/lib/python3.11/site-packages/sklearn/metrics/_regression.py:483: FutureWarning: 'squared' is deprecated in version 1.4 and will be removed in 1.6. To calculate the root mean squared error, use the function'root_mean_squared_error'.
  warnings.warn(

2025-04-17 21:15:23,760:WARNING:/opt/anaconda3/envs/LSTM/lib/python3.11/site-packages/statsmodels/tsa/holtwinters/model.py:918: ConvergenceWarning: Optimization failed to converge. Check mle_retvals.
  warnings.warn(

2025-04-17 21:15:23,771:WARNING:/opt/anaconda3/envs/LSTM/lib/python3.11/site-packages/statsmodels/tsa/holtwinters/model.py:918: ConvergenceWarning: Optimization failed to converge. Check mle_retvals.
  warnings.warn(

2025-04-17 21:15:23,786:WARNING:/opt/anaconda3/envs/LSTM/lib/python3.11/site-packages/sklearn/metrics/_regression.py:483: FutureWarning: 'squared' is deprecated in version 1.4 and will be removed in 1.6. To calculate the root mean squared error, use the function'root_mean_squared_error'.
  warnings.warn(

2025-04-17 21:15:23,786:WARNING:/opt/anaconda3/envs/LSTM/lib/python3.11/site-packages/sklearn/metrics/_regression.py:483: FutureWarning: 'squared' is deprecated in version 1.4 and will be removed in 1.6. To calculate the root mean squared error, use the function'root_mean_squared_error'.
  warnings.warn(

2025-04-17 21:15:23,797:WARNING:/opt/anaconda3/envs/LSTM/lib/python3.11/site-packages/sklearn/metrics/_regression.py:483: FutureWarning: 'squared' is deprecated in version 1.4 and will be removed in 1.6. To calculate the root mean squared error, use the function'root_mean_squared_error'.
  warnings.warn(

2025-04-17 21:15:23,797:WARNING:/opt/anaconda3/envs/LSTM/lib/python3.11/site-packages/sklearn/metrics/_regression.py:483: FutureWarning: 'squared' is deprecated in version 1.4 and will be removed in 1.6. To calculate the root mean squared error, use the function'root_mean_squared_error'.
  warnings.warn(

2025-04-17 21:15:23,812:INFO:Calculating mean and std
2025-04-17 21:15:23,812:INFO:Creating metrics dataframe
2025-04-17 21:15:23,816:INFO:Uploading results into container
2025-04-17 21:15:23,816:INFO:Uploading model into container now
2025-04-17 21:15:23,816:INFO:_master_model_container: 2
2025-04-17 21:15:23,816:INFO:_display_container: 2
2025-04-17 21:15:23,817:INFO:ExponentialSmoothing(seasonal='mul', sp=6, trend='add')
2025-04-17 21:15:23,817:INFO:create_model() successfully completed......................................
2025-04-17 21:15:23,930:INFO:SubProcess create_model() end ==================================
2025-04-17 21:15:23,930:INFO:Creating metrics dataframe
2025-04-17 21:15:23,931:INFO:Initializing create_model()
2025-04-17 21:15:23,931:INFO:create_model(self=<pycaret.time_series.forecasting.oop.TSForecastingExperiment object at 0x30e6a3910>, estimator=AutoETS(seasonal='mul', sp=6, trend='add'), fold=None, round=4, cross_validation=False, predict=False, fit_kwargs={}, groups=None, refit=True, probability_threshold=None, experiment_custom_tags=None, verbose=False, system=False, add_to_model_list=True, metrics=None, display=None, model_only=True, return_train_score=False, error_score=0.0, kwargs={})
2025-04-17 21:15:23,931:INFO:Checking exceptions
2025-04-17 21:15:23,932:INFO:Importing libraries
2025-04-17 21:15:23,932:INFO:Copying training dataset
2025-04-17 21:15:23,933:INFO:Defining folds
2025-04-17 21:15:23,933:INFO:Declaring metric variables
2025-04-17 21:15:23,934:INFO:Importing untrained model
2025-04-17 21:15:23,934:INFO:Declaring custom model
2025-04-17 21:15:23,934:INFO:ETS Imported successfully
2025-04-17 21:15:23,934:INFO:Cross validation set to False
2025-04-17 21:15:23,934:INFO:Fitting Model
2025-04-17 21:15:24,032:INFO:AutoETS(seasonal='mul', sp=6, trend='add')
2025-04-17 21:15:24,032:INFO:create_model() successfully completed......................................
2025-04-17 21:15:24,158:INFO:_master_model_container: 2
2025-04-17 21:15:24,158:INFO:_display_container: 2
2025-04-17 21:15:24,158:INFO:AutoETS(seasonal='mul', sp=6, trend='add')
2025-04-17 21:15:24,158:INFO:compare_models() successfully completed......................................
2025-04-17 21:15:24,159:INFO:Initializing create_model()
2025-04-17 21:15:24,159:INFO:create_model(self=<pycaret.time_series.forecasting.oop.TSForecastingExperiment object at 0x30e6a3910>, estimator=AutoETS(seasonal='mul', sp=6, trend='add'), fold=None, round=4, cross_validation=True, predict=True, fit_kwargs=None, groups=None, refit=True, probability_threshold=None, experiment_custom_tags=None, verbose=False, system=True, add_to_model_list=True, metrics=None, display=None, model_only=True, return_train_score=False, error_score=0.0, kwargs={})
2025-04-17 21:15:24,160:INFO:Checking exceptions
2025-04-17 21:15:24,161:INFO:Importing libraries
2025-04-17 21:15:24,161:INFO:Copying training dataset
2025-04-17 21:15:24,162:INFO:Defining folds
2025-04-17 21:15:24,162:INFO:Declaring metric variables
2025-04-17 21:15:24,162:INFO:Importing untrained model
2025-04-17 21:15:24,162:INFO:Declaring custom model
2025-04-17 21:15:24,163:INFO:ETS Imported successfully
2025-04-17 21:15:24,163:INFO:Starting cross validation
2025-04-17 21:15:24,164:INFO:Cross validating with ExpandingWindowSplitter(fh=ForecastingHorizon([ 1,  2,  3,  4,  5,  6,  7,  8,  9, 10, 11, 12, 13, 14, 15, 16, 17, 18,
       19, 20, 21, 22, 23, 24, 25, 26, 27, 28, 29, 30],
      dtype='int64', is_relative=True),
                        initial_window=1968, step_length=30), n_jobs=-1
2025-04-17 21:15:24,392:WARNING:/opt/anaconda3/envs/LSTM/lib/python3.11/site-packages/sklearn/metrics/_regression.py:483: FutureWarning: 'squared' is deprecated in version 1.4 and will be removed in 1.6. To calculate the root mean squared error, use the function'root_mean_squared_error'.
  warnings.warn(

2025-04-17 21:15:24,392:WARNING:/opt/anaconda3/envs/LSTM/lib/python3.11/site-packages/sklearn/metrics/_regression.py:483: FutureWarning: 'squared' is deprecated in version 1.4 and will be removed in 1.6. To calculate the root mean squared error, use the function'root_mean_squared_error'.
  warnings.warn(

2025-04-17 21:15:24,422:WARNING:/opt/anaconda3/envs/LSTM/lib/python3.11/site-packages/sklearn/metrics/_regression.py:483: FutureWarning: 'squared' is deprecated in version 1.4 and will be removed in 1.6. To calculate the root mean squared error, use the function'root_mean_squared_error'.
  warnings.warn(

2025-04-17 21:15:24,422:WARNING:/opt/anaconda3/envs/LSTM/lib/python3.11/site-packages/sklearn/metrics/_regression.py:483: FutureWarning: 'squared' is deprecated in version 1.4 and will be removed in 1.6. To calculate the root mean squared error, use the function'root_mean_squared_error'.
  warnings.warn(

2025-04-17 21:15:25,503:WARNING:/opt/anaconda3/envs/LSTM/lib/python3.11/site-packages/sklearn/metrics/_regression.py:483: FutureWarning: 'squared' is deprecated in version 1.4 and will be removed in 1.6. To calculate the root mean squared error, use the function'root_mean_squared_error'.
  warnings.warn(

2025-04-17 21:15:25,504:WARNING:/opt/anaconda3/envs/LSTM/lib/python3.11/site-packages/sklearn/metrics/_regression.py:483: FutureWarning: 'squared' is deprecated in version 1.4 and will be removed in 1.6. To calculate the root mean squared error, use the function'root_mean_squared_error'.
  warnings.warn(

2025-04-17 21:15:25,517:INFO:Calculating mean and std
2025-04-17 21:15:25,517:INFO:Creating metrics dataframe
2025-04-17 21:15:25,520:INFO:Finalizing model
2025-04-17 21:15:25,622:INFO:Uploading results into container
2025-04-17 21:15:25,622:INFO:Uploading model into container now
2025-04-17 21:15:25,622:INFO:_master_model_container: 3
2025-04-17 21:15:25,622:INFO:_display_container: 3
2025-04-17 21:15:25,623:INFO:AutoETS(seasonal='mul', sp=6, trend='add')
2025-04-17 21:15:25,623:INFO:create_model() successfully completed......................................
2025-04-17 21:15:25,738:INFO:Initializing get_config()
2025-04-17 21:15:25,739:INFO:get_config(self=<pycaret.time_series.forecasting.oop.TSForecastingExperiment object at 0x30e6a3910>, variable=y_train)
2025-04-17 21:15:25,739:INFO:Variable: 'y_train' used to return the transformed values in PyCaret 2.x. From PyCaret 3.x, this will return the raw values. If you need the transformed values, call get_config with 'y_train_transformed' instead.
2025-04-17 21:15:25,740:INFO:Variable:  returned as Date
2017-11-09     320.884003
2017-11-10     299.252991
2017-11-11     314.681000
2017-11-12     307.907990
2017-11-13     316.716003
                 ...     
2023-06-24    1876.059692
2023-06-25    1900.506104
2023-06-26    1859.432861
2023-06-27    1889.703369
2023-06-28    1827.971191
Freq: D, Name: ('Close', 'ETH-USD'), Length: 2058, dtype: float64
2025-04-17 21:15:25,740:INFO:get_config() successfully completed......................................
2025-04-25 03:17:03,548:WARNING:
'prophet' is a soft dependency and not included in the pycaret installation. Please run: `pip install prophet` to install.
2025-04-25 03:17:10,579:INFO:PyCaret TSForecastingExperiment
2025-04-25 03:17:10,579:INFO:Logging name: ts-default-name
2025-04-25 03:17:10,579:INFO:ML Usecase: MLUsecase.TIME_SERIES
2025-04-25 03:17:10,579:INFO:version 3.3.2
2025-04-25 03:17:10,579:INFO:Initializing setup()
2025-04-25 03:17:10,579:INFO:self.USI: 2205
2025-04-25 03:17:10,579:INFO:self._variable_keys: {'enforce_pi', 'log_plots_param', 'memory', 'y_test', 'pipeline', 'gpu_n_jobs_param', 'X_test_transformed', 'fh', 'X_test', 'seasonality_present', 'index_type', 'exogenous_present', 'data', 'y', 'significant_sps', 'X_train_transformed', 'significant_sps_no_harmonics', 'fold_generator', 'fold_param', 'logging_param', 'X', 'primary_sp_to_use', 'approach_type', 'seed', 'idx', '_ml_usecase', 'html_param', 'exp_name_log', '_available_plots', 'gpu_param', 'exp_id', 'USI', 'all_sps_to_use', 'y_test_transformed', 'y_transformed', 'X_train', 'enforce_exogenous', 'X_transformed', 'candidate_sps', 'model_engines', 'y_train', 'n_jobs_param', 'strictly_positive', 'y_train_transformed'}
2025-04-25 03:17:10,579:INFO:Checking environment
2025-04-25 03:17:10,580:INFO:python_version: 3.11.8
2025-04-25 03:17:10,580:INFO:python_build: ('main', 'Feb 16 2024 20:49:36')
2025-04-25 03:17:10,580:INFO:machine: arm64
2025-04-25 03:17:10,580:INFO:platform: macOS-15.3.1-arm64-arm-64bit
2025-04-25 03:17:10,580:INFO:Memory: svmem(total=17179869184, available=3396239360, percent=80.2, used=5530779648, free=72253440, active=3370205184, inactive=3245768704, wired=2160574464)
2025-04-25 03:17:10,580:INFO:Physical Core: 8
2025-04-25 03:17:10,580:INFO:Logical Core: 8
2025-04-25 03:17:10,580:INFO:Checking libraries
2025-04-25 03:17:10,580:INFO:System:
2025-04-25 03:17:10,580:INFO:    python: 3.11.8 | packaged by conda-forge | (main, Feb 16 2024, 20:49:36) [Clang 16.0.6 ]
2025-04-25 03:17:10,580:INFO:executable: /opt/anaconda3/envs/LSTM/bin/python
2025-04-25 03:17:10,580:INFO:   machine: macOS-15.3.1-arm64-arm-64bit
2025-04-25 03:17:10,580:INFO:PyCaret required dependencies:
2025-04-25 03:17:10,611:INFO:                 pip: 25.0
2025-04-25 03:17:10,611:INFO:          setuptools: 75.8.0
2025-04-25 03:17:10,611:INFO:             pycaret: 3.3.2
2025-04-25 03:17:10,611:INFO:             IPython: 8.32.0
2025-04-25 03:17:10,611:INFO:          ipywidgets: 8.1.5
2025-04-25 03:17:10,611:INFO:                tqdm: 4.67.1
2025-04-25 03:17:10,611:INFO:               numpy: 1.26.4
2025-04-25 03:17:10,611:INFO:              pandas: 2.1.4
2025-04-25 03:17:10,611:INFO:              jinja2: 3.1.5
2025-04-25 03:17:10,611:INFO:               scipy: 1.11.4
2025-04-25 03:17:10,611:INFO:              joblib: 1.3.2
2025-04-25 03:17:10,611:INFO:             sklearn: 1.4.2
2025-04-25 03:17:10,611:INFO:                pyod: 2.0.3
2025-04-25 03:17:10,611:INFO:            imblearn: 0.13.0
2025-04-25 03:17:10,611:INFO:   category_encoders: 2.7.0
2025-04-25 03:17:10,611:INFO:            lightgbm: 4.6.0
2025-04-25 03:17:10,611:INFO:               numba: 0.61.0
2025-04-25 03:17:10,611:INFO:            requests: 2.32.3
2025-04-25 03:17:10,611:INFO:          matplotlib: 3.7.5
2025-04-25 03:17:10,611:INFO:          scikitplot: 0.3.7
2025-04-25 03:17:10,611:INFO:         yellowbrick: 1.5
2025-04-25 03:17:10,611:INFO:              plotly: 5.24.1
2025-04-25 03:17:10,611:INFO:    plotly-resampler: Not installed
2025-04-25 03:17:10,612:INFO:             kaleido: 0.2.1
2025-04-25 03:17:10,612:INFO:           schemdraw: 0.15
2025-04-25 03:17:10,612:INFO:         statsmodels: 0.14.4
2025-04-25 03:17:10,612:INFO:              sktime: 0.26.0
2025-04-25 03:17:10,612:INFO:               tbats: 1.1.3
2025-04-25 03:17:10,612:INFO:            pmdarima: 2.0.4
2025-04-25 03:17:10,612:INFO:              psutil: 5.9.0
2025-04-25 03:17:10,612:INFO:          markupsafe: 3.0.2
2025-04-25 03:17:10,612:INFO:             pickle5: Not installed
2025-04-25 03:17:10,612:INFO:         cloudpickle: 3.1.1
2025-04-25 03:17:10,612:INFO:         deprecation: 2.1.0
2025-04-25 03:17:10,612:INFO:              xxhash: 3.5.0
2025-04-25 03:17:10,612:INFO:           wurlitzer: 3.1.1
2025-04-25 03:17:10,612:INFO:PyCaret optional dependencies:
2025-04-25 03:17:10,618:INFO:                shap: Not installed
2025-04-25 03:17:10,618:INFO:           interpret: Not installed
2025-04-25 03:17:10,618:INFO:                umap: Not installed
2025-04-25 03:17:10,618:INFO:     ydata_profiling: Not installed
2025-04-25 03:17:10,618:INFO:  explainerdashboard: Not installed
2025-04-25 03:17:10,618:INFO:             autoviz: Not installed
2025-04-25 03:17:10,618:INFO:           fairlearn: Not installed
2025-04-25 03:17:10,618:INFO:          deepchecks: Not installed
2025-04-25 03:17:10,618:INFO:             xgboost: Not installed
2025-04-25 03:17:10,618:INFO:            catboost: Not installed
2025-04-25 03:17:10,618:INFO:              kmodes: Not installed
2025-04-25 03:17:10,618:INFO:             mlxtend: Not installed
2025-04-25 03:17:10,618:INFO:       statsforecast: Not installed
2025-04-25 03:17:10,618:INFO:        tune_sklearn: Not installed
2025-04-25 03:17:10,618:INFO:                 ray: Not installed
2025-04-25 03:17:10,618:INFO:            hyperopt: Not installed
2025-04-25 03:17:10,618:INFO:              optuna: Not installed
2025-04-25 03:17:10,618:INFO:               skopt: Not installed
2025-04-25 03:17:10,618:INFO:              mlflow: Not installed
2025-04-25 03:17:10,618:INFO:              gradio: Not installed
2025-04-25 03:17:10,618:INFO:             fastapi: Not installed
2025-04-25 03:17:10,618:INFO:             uvicorn: Not installed
2025-04-25 03:17:10,618:INFO:              m2cgen: Not installed
2025-04-25 03:17:10,618:INFO:           evidently: Not installed
2025-04-25 03:17:10,618:INFO:               fugue: Not installed
2025-04-25 03:17:10,618:INFO:           streamlit: Not installed
2025-04-25 03:17:10,618:INFO:             prophet: Not installed
2025-04-25 03:17:10,618:INFO:None
2025-04-25 03:17:10,625:INFO:Set Forecast Horizon.
2025-04-25 03:17:10,625:INFO:Set up Train-Test Splits.
2025-04-25 03:17:10,632:INFO:Preparing preprocessing pipeline...
2025-04-25 03:17:10,632:INFO:Set up imputation for Target variable(s).
2025-04-25 03:17:10,670:INFO:Finished creating preprocessing pipeline.
2025-04-25 03:17:10,677:INFO:Pipeline: ForecastingPipeline(steps=[('forecaster',
                            TransformedTargetForecaster(steps=[('transformer_target',
                                                                TransformerPipeline(steps=[('numerical_imputer',
                                                                                            Imputer(method='ffill',
                                                                                                    random_state=123))])),
                                                               ('model',
                                                                DummyForecaster())]))])
2025-04-25 03:17:10,677:INFO:Set up Seasonal Period.
2025-04-25 03:17:10,682:INFO:Setting the seasonal component type - 'add' or 'mul'.
2025-04-25 03:17:10,682:INFO:Checking if data is strictly positive.
2025-04-25 03:17:10,746:INFO:Creating final display dataframe.
2025-04-25 03:17:10,768:INFO:Setup Display Container:                                           Description                    Value
0                                          session_id                      123
1                                              Target     ('Close', 'ETH-USD')
2                                            Approach               Univariate
3                                 Exogenous Variables              Not Present
4                                 Original data shape                (2088, 1)
5                              Transformed data shape                (2088, 1)
6                         Transformed train set shape                (2058, 1)
7                          Transformed test set shape                  (30, 1)
8                            Rows with missing values                     0.0%
9                                      Fold Generator  ExpandingWindowSplitter
10                                        Fold Number                        3
11                        Enforce Prediction Interval                    False
12                    Splits used for hyperparameters                      all
13                    User Defined Seasonal Period(s)                     None
14                            Ignore Seasonality Test                    False
15                         Seasonality Detection Algo                     auto
16                             Max Period to Consider                       60
17                          Seasonal Period(s) Tested  [6, 33, 17, 28, 27, 58]
18                     Significant Seasonal Period(s)  [6, 33, 17, 28, 27, 58]
19   Significant Seasonal Period(s) without Harmonics  [6, 33, 17, 28, 27, 58]
20                                   Remove Harmonics                    False
21                             Harmonics Order Method             harmonic_max
22                           Num Seasonalities to Use                        1
23                           All Seasonalities to Use                      [6]
24                                Primary Seasonality                        6
25                                Seasonality Present                     True
26                                   Seasonality Type                      mul
27                           Target Strictly Positive                     True
28                                 Target White Noise                       No
29                                      Recommended d                        1
30                             Recommended Seasonal D                        0
31                                         Preprocess                     True
32                      Numerical Imputation (Target)                    ffill
33                            Transformation (Target)                     None
34                                   Scaling (Target)                     None
35  Feature Engineering (Target) - Reduced Regression                    False
36                                           CPU Jobs                       -1
37                                            Use GPU                    False
38                                     Log Experiment                    False
39                                    Experiment Name          ts-default-name
40                                                USI                     2205
2025-04-25 03:17:10,768:INFO:Engine successfully changes for model 'auto_arima' to 'pmdarima'.
2025-04-25 03:17:10,785:WARNING:
'prophet' is a soft dependency and not included in the pycaret installation. Please run: `pip install prophet` to install.
2025-04-25 03:17:10,785:INFO:Engine for model 'lr_cds_dt' has not been set explicitly, hence returning None.
2025-04-25 03:17:10,785:INFO:Engine for model 'en_cds_dt' has not been set explicitly, hence returning None.
2025-04-25 03:17:10,785:INFO:Engine for model 'ridge_cds_dt' has not been set explicitly, hence returning None.
2025-04-25 03:17:10,785:INFO:Engine for model 'lasso_cds_dt' has not been set explicitly, hence returning None.
2025-04-25 03:17:10,785:INFO:Engine for model 'llar_cds_dt' has not been set explicitly, hence returning None.
2025-04-25 03:17:10,786:INFO:Engine for model 'br_cds_dt' has not been set explicitly, hence returning None.
2025-04-25 03:17:10,786:INFO:Engine for model 'huber_cds_dt' has not been set explicitly, hence returning None.
2025-04-25 03:17:10,786:INFO:Engine for model 'omp_cds_dt' has not been set explicitly, hence returning None.
2025-04-25 03:17:10,787:INFO:Engine for model 'knn_cds_dt' has not been set explicitly, hence returning None.
2025-04-25 03:17:10,787:INFO:Engine for model 'dt_cds_dt' has not been set explicitly, hence returning None.
2025-04-25 03:17:10,787:INFO:Engine for model 'rf_cds_dt' has not been set explicitly, hence returning None.
2025-04-25 03:17:10,787:INFO:Engine for model 'et_cds_dt' has not been set explicitly, hence returning None.
2025-04-25 03:17:10,787:INFO:Engine for model 'gbr_cds_dt' has not been set explicitly, hence returning None.
2025-04-25 03:17:10,788:INFO:Engine for model 'ada_cds_dt' has not been set explicitly, hence returning None.
2025-04-25 03:17:10,788:INFO:Engine for model 'xgboost_cds_dt' has not been set explicitly, hence returning None.
2025-04-25 03:17:10,788:WARNING:
'xgboost' is a soft dependency and not included in the pycaret installation. Please run: `pip install xgboost` to install.
Alternately, you can install this by running `pip install pycaret[models]`
2025-04-25 03:17:10,788:WARNING:
'xgboost' is a soft dependency and not included in the pycaret installation. Please run: `pip install xgboost` to install.
Alternately, you can install this by running `pip install pycaret[models]`
2025-04-25 03:17:10,788:INFO:Engine for model 'lightgbm_cds_dt' has not been set explicitly, hence returning None.
2025-04-25 03:17:10,789:INFO:Engine for model 'catboost_cds_dt' has not been set explicitly, hence returning None.
2025-04-25 03:17:10,789:WARNING:
'catboost' is a soft dependency and not included in the pycaret installation. Please run: `pip install catboost` to install.
Alternately, you can install this by running `pip install pycaret[models]`
2025-04-25 03:17:10,789:WARNING:
'catboost' is a soft dependency and not included in the pycaret installation. Please run: `pip install catboost` to install.
Alternately, you can install this by running `pip install pycaret[models]`
2025-04-25 03:17:10,793:WARNING:
'prophet' is a soft dependency and not included in the pycaret installation. Please run: `pip install prophet` to install.
2025-04-25 03:17:10,793:INFO:Engine for model 'lr_cds_dt' has not been set explicitly, hence returning None.
2025-04-25 03:17:10,793:INFO:Engine for model 'en_cds_dt' has not been set explicitly, hence returning None.
2025-04-25 03:17:10,794:INFO:Engine for model 'ridge_cds_dt' has not been set explicitly, hence returning None.
2025-04-25 03:17:10,794:INFO:Engine for model 'lasso_cds_dt' has not been set explicitly, hence returning None.
2025-04-25 03:17:10,794:INFO:Engine for model 'llar_cds_dt' has not been set explicitly, hence returning None.
2025-04-25 03:17:10,795:INFO:Engine for model 'br_cds_dt' has not been set explicitly, hence returning None.
2025-04-25 03:17:10,795:INFO:Engine for model 'huber_cds_dt' has not been set explicitly, hence returning None.
2025-04-25 03:17:10,798:INFO:Engine for model 'omp_cds_dt' has not been set explicitly, hence returning None.
2025-04-25 03:17:10,799:INFO:Engine for model 'knn_cds_dt' has not been set explicitly, hence returning None.
2025-04-25 03:17:10,799:INFO:Engine for model 'dt_cds_dt' has not been set explicitly, hence returning None.
2025-04-25 03:17:10,800:INFO:Engine for model 'rf_cds_dt' has not been set explicitly, hence returning None.
2025-04-25 03:17:10,800:INFO:Engine for model 'et_cds_dt' has not been set explicitly, hence returning None.
2025-04-25 03:17:10,801:INFO:Engine for model 'gbr_cds_dt' has not been set explicitly, hence returning None.
2025-04-25 03:17:10,801:INFO:Engine for model 'ada_cds_dt' has not been set explicitly, hence returning None.
2025-04-25 03:17:10,802:INFO:Engine for model 'xgboost_cds_dt' has not been set explicitly, hence returning None.
2025-04-25 03:17:10,802:WARNING:
'xgboost' is a soft dependency and not included in the pycaret installation. Please run: `pip install xgboost` to install.
Alternately, you can install this by running `pip install pycaret[models]`
2025-04-25 03:17:10,802:WARNING:
'xgboost' is a soft dependency and not included in the pycaret installation. Please run: `pip install xgboost` to install.
Alternately, you can install this by running `pip install pycaret[models]`
2025-04-25 03:17:10,802:INFO:Engine for model 'lightgbm_cds_dt' has not been set explicitly, hence returning None.
2025-04-25 03:17:10,802:INFO:Engine for model 'catboost_cds_dt' has not been set explicitly, hence returning None.
2025-04-25 03:17:10,802:WARNING:
'catboost' is a soft dependency and not included in the pycaret installation. Please run: `pip install catboost` to install.
Alternately, you can install this by running `pip install pycaret[models]`
2025-04-25 03:17:10,802:WARNING:
'catboost' is a soft dependency and not included in the pycaret installation. Please run: `pip install catboost` to install.
Alternately, you can install this by running `pip install pycaret[models]`
2025-04-25 03:17:10,802:INFO:Engine successfully changes for model 'lr_cds_dt' to 'sklearn'.
2025-04-25 03:17:10,806:WARNING:
'prophet' is a soft dependency and not included in the pycaret installation. Please run: `pip install prophet` to install.
2025-04-25 03:17:10,806:INFO:Engine for model 'en_cds_dt' has not been set explicitly, hence returning None.
2025-04-25 03:17:10,807:INFO:Engine for model 'ridge_cds_dt' has not been set explicitly, hence returning None.
2025-04-25 03:17:10,807:INFO:Engine for model 'lasso_cds_dt' has not been set explicitly, hence returning None.
2025-04-25 03:17:10,807:INFO:Engine for model 'llar_cds_dt' has not been set explicitly, hence returning None.
2025-04-25 03:17:10,808:INFO:Engine for model 'br_cds_dt' has not been set explicitly, hence returning None.
2025-04-25 03:17:10,808:INFO:Engine for model 'huber_cds_dt' has not been set explicitly, hence returning None.
2025-04-25 03:17:10,811:INFO:Engine for model 'omp_cds_dt' has not been set explicitly, hence returning None.
2025-04-25 03:17:10,813:INFO:Engine for model 'knn_cds_dt' has not been set explicitly, hence returning None.
2025-04-25 03:17:10,814:INFO:Engine for model 'dt_cds_dt' has not been set explicitly, hence returning None.
2025-04-25 03:17:10,814:INFO:Engine for model 'rf_cds_dt' has not been set explicitly, hence returning None.
2025-04-25 03:17:10,814:INFO:Engine for model 'et_cds_dt' has not been set explicitly, hence returning None.
2025-04-25 03:17:10,814:INFO:Engine for model 'gbr_cds_dt' has not been set explicitly, hence returning None.
2025-04-25 03:17:10,814:INFO:Engine for model 'ada_cds_dt' has not been set explicitly, hence returning None.
2025-04-25 03:17:10,815:INFO:Engine for model 'xgboost_cds_dt' has not been set explicitly, hence returning None.
2025-04-25 03:17:10,815:WARNING:
'xgboost' is a soft dependency and not included in the pycaret installation. Please run: `pip install xgboost` to install.
Alternately, you can install this by running `pip install pycaret[models]`
2025-04-25 03:17:10,815:WARNING:
'xgboost' is a soft dependency and not included in the pycaret installation. Please run: `pip install xgboost` to install.
Alternately, you can install this by running `pip install pycaret[models]`
2025-04-25 03:17:10,815:INFO:Engine for model 'lightgbm_cds_dt' has not been set explicitly, hence returning None.
2025-04-25 03:17:10,815:INFO:Engine for model 'catboost_cds_dt' has not been set explicitly, hence returning None.
2025-04-25 03:17:10,815:WARNING:
'catboost' is a soft dependency and not included in the pycaret installation. Please run: `pip install catboost` to install.
Alternately, you can install this by running `pip install pycaret[models]`
2025-04-25 03:17:10,815:WARNING:
'catboost' is a soft dependency and not included in the pycaret installation. Please run: `pip install catboost` to install.
Alternately, you can install this by running `pip install pycaret[models]`
2025-04-25 03:17:10,819:WARNING:
'prophet' is a soft dependency and not included in the pycaret installation. Please run: `pip install prophet` to install.
2025-04-25 03:17:10,820:INFO:Engine for model 'en_cds_dt' has not been set explicitly, hence returning None.
2025-04-25 03:17:10,820:INFO:Engine for model 'ridge_cds_dt' has not been set explicitly, hence returning None.
2025-04-25 03:17:10,821:INFO:Engine for model 'lasso_cds_dt' has not been set explicitly, hence returning None.
2025-04-25 03:17:10,821:INFO:Engine for model 'llar_cds_dt' has not been set explicitly, hence returning None.
2025-04-25 03:17:10,821:INFO:Engine for model 'br_cds_dt' has not been set explicitly, hence returning None.
2025-04-25 03:17:10,821:INFO:Engine for model 'huber_cds_dt' has not been set explicitly, hence returning None.
2025-04-25 03:17:10,823:INFO:Engine for model 'omp_cds_dt' has not been set explicitly, hence returning None.
2025-04-25 03:17:10,823:INFO:Engine for model 'knn_cds_dt' has not been set explicitly, hence returning None.
2025-04-25 03:17:10,824:INFO:Engine for model 'dt_cds_dt' has not been set explicitly, hence returning None.
2025-04-25 03:17:10,824:INFO:Engine for model 'rf_cds_dt' has not been set explicitly, hence returning None.
2025-04-25 03:17:10,825:INFO:Engine for model 'et_cds_dt' has not been set explicitly, hence returning None.
2025-04-25 03:17:10,825:INFO:Engine for model 'gbr_cds_dt' has not been set explicitly, hence returning None.
2025-04-25 03:17:10,826:INFO:Engine for model 'ada_cds_dt' has not been set explicitly, hence returning None.
2025-04-25 03:17:10,826:INFO:Engine for model 'xgboost_cds_dt' has not been set explicitly, hence returning None.
2025-04-25 03:17:10,826:WARNING:
'xgboost' is a soft dependency and not included in the pycaret installation. Please run: `pip install xgboost` to install.
Alternately, you can install this by running `pip install pycaret[models]`
2025-04-25 03:17:10,826:WARNING:
'xgboost' is a soft dependency and not included in the pycaret installation. Please run: `pip install xgboost` to install.
Alternately, you can install this by running `pip install pycaret[models]`
2025-04-25 03:17:10,826:INFO:Engine for model 'lightgbm_cds_dt' has not been set explicitly, hence returning None.
2025-04-25 03:17:10,827:INFO:Engine for model 'catboost_cds_dt' has not been set explicitly, hence returning None.
2025-04-25 03:17:10,827:WARNING:
'catboost' is a soft dependency and not included in the pycaret installation. Please run: `pip install catboost` to install.
Alternately, you can install this by running `pip install pycaret[models]`
2025-04-25 03:17:10,827:WARNING:
'catboost' is a soft dependency and not included in the pycaret installation. Please run: `pip install catboost` to install.
Alternately, you can install this by running `pip install pycaret[models]`
2025-04-25 03:17:10,827:INFO:Engine successfully changes for model 'en_cds_dt' to 'sklearn'.
2025-04-25 03:17:10,831:WARNING:
'prophet' is a soft dependency and not included in the pycaret installation. Please run: `pip install prophet` to install.
2025-04-25 03:17:10,831:INFO:Engine for model 'ridge_cds_dt' has not been set explicitly, hence returning None.
2025-04-25 03:17:10,832:INFO:Engine for model 'lasso_cds_dt' has not been set explicitly, hence returning None.
2025-04-25 03:17:10,832:INFO:Engine for model 'llar_cds_dt' has not been set explicitly, hence returning None.
2025-04-25 03:17:10,832:INFO:Engine for model 'br_cds_dt' has not been set explicitly, hence returning None.
2025-04-25 03:17:10,833:INFO:Engine for model 'huber_cds_dt' has not been set explicitly, hence returning None.
2025-04-25 03:17:10,835:INFO:Engine for model 'omp_cds_dt' has not been set explicitly, hence returning None.
2025-04-25 03:17:10,843:INFO:Engine for model 'knn_cds_dt' has not been set explicitly, hence returning None.
2025-04-25 03:17:10,844:INFO:Engine for model 'dt_cds_dt' has not been set explicitly, hence returning None.
2025-04-25 03:17:10,844:INFO:Engine for model 'rf_cds_dt' has not been set explicitly, hence returning None.
2025-04-25 03:17:10,845:INFO:Engine for model 'et_cds_dt' has not been set explicitly, hence returning None.
2025-04-25 03:17:10,845:INFO:Engine for model 'gbr_cds_dt' has not been set explicitly, hence returning None.
2025-04-25 03:17:10,845:INFO:Engine for model 'ada_cds_dt' has not been set explicitly, hence returning None.
2025-04-25 03:17:10,846:INFO:Engine for model 'xgboost_cds_dt' has not been set explicitly, hence returning None.
2025-04-25 03:17:10,846:WARNING:
'xgboost' is a soft dependency and not included in the pycaret installation. Please run: `pip install xgboost` to install.
Alternately, you can install this by running `pip install pycaret[models]`
2025-04-25 03:17:10,846:WARNING:
'xgboost' is a soft dependency and not included in the pycaret installation. Please run: `pip install xgboost` to install.
Alternately, you can install this by running `pip install pycaret[models]`
2025-04-25 03:17:10,846:INFO:Engine for model 'lightgbm_cds_dt' has not been set explicitly, hence returning None.
2025-04-25 03:17:10,846:INFO:Engine for model 'catboost_cds_dt' has not been set explicitly, hence returning None.
2025-04-25 03:17:10,846:WARNING:
'catboost' is a soft dependency and not included in the pycaret installation. Please run: `pip install catboost` to install.
Alternately, you can install this by running `pip install pycaret[models]`
2025-04-25 03:17:10,846:WARNING:
'catboost' is a soft dependency and not included in the pycaret installation. Please run: `pip install catboost` to install.
Alternately, you can install this by running `pip install pycaret[models]`
2025-04-25 03:17:10,848:WARNING:
'prophet' is a soft dependency and not included in the pycaret installation. Please run: `pip install prophet` to install.
2025-04-25 03:17:10,848:INFO:Engine for model 'ridge_cds_dt' has not been set explicitly, hence returning None.
2025-04-25 03:17:10,848:INFO:Engine for model 'lasso_cds_dt' has not been set explicitly, hence returning None.
2025-04-25 03:17:10,848:INFO:Engine for model 'llar_cds_dt' has not been set explicitly, hence returning None.
2025-04-25 03:17:10,848:INFO:Engine for model 'br_cds_dt' has not been set explicitly, hence returning None.
2025-04-25 03:17:10,849:INFO:Engine for model 'huber_cds_dt' has not been set explicitly, hence returning None.
2025-04-25 03:17:10,851:INFO:Engine for model 'omp_cds_dt' has not been set explicitly, hence returning None.
2025-04-25 03:17:10,853:INFO:Engine for model 'knn_cds_dt' has not been set explicitly, hence returning None.
2025-04-25 03:17:10,854:INFO:Engine for model 'dt_cds_dt' has not been set explicitly, hence returning None.
2025-04-25 03:17:10,854:INFO:Engine for model 'rf_cds_dt' has not been set explicitly, hence returning None.
2025-04-25 03:17:10,854:INFO:Engine for model 'et_cds_dt' has not been set explicitly, hence returning None.
2025-04-25 03:17:10,854:INFO:Engine for model 'gbr_cds_dt' has not been set explicitly, hence returning None.
2025-04-25 03:17:10,854:INFO:Engine for model 'ada_cds_dt' has not been set explicitly, hence returning None.
2025-04-25 03:17:10,854:INFO:Engine for model 'xgboost_cds_dt' has not been set explicitly, hence returning None.
2025-04-25 03:17:10,854:WARNING:
'xgboost' is a soft dependency and not included in the pycaret installation. Please run: `pip install xgboost` to install.
Alternately, you can install this by running `pip install pycaret[models]`
2025-04-25 03:17:10,854:WARNING:
'xgboost' is a soft dependency and not included in the pycaret installation. Please run: `pip install xgboost` to install.
Alternately, you can install this by running `pip install pycaret[models]`
2025-04-25 03:17:10,854:INFO:Engine for model 'lightgbm_cds_dt' has not been set explicitly, hence returning None.
2025-04-25 03:17:10,854:INFO:Engine for model 'catboost_cds_dt' has not been set explicitly, hence returning None.
2025-04-25 03:17:10,854:WARNING:
'catboost' is a soft dependency and not included in the pycaret installation. Please run: `pip install catboost` to install.
Alternately, you can install this by running `pip install pycaret[models]`
2025-04-25 03:17:10,854:WARNING:
'catboost' is a soft dependency and not included in the pycaret installation. Please run: `pip install catboost` to install.
Alternately, you can install this by running `pip install pycaret[models]`
2025-04-25 03:17:10,855:INFO:Engine successfully changes for model 'ridge_cds_dt' to 'sklearn'.
2025-04-25 03:17:10,856:WARNING:
'prophet' is a soft dependency and not included in the pycaret installation. Please run: `pip install prophet` to install.
2025-04-25 03:17:10,856:INFO:Engine for model 'lasso_cds_dt' has not been set explicitly, hence returning None.
2025-04-25 03:17:10,857:INFO:Engine for model 'llar_cds_dt' has not been set explicitly, hence returning None.
2025-04-25 03:17:10,857:INFO:Engine for model 'br_cds_dt' has not been set explicitly, hence returning None.
2025-04-25 03:17:10,857:INFO:Engine for model 'huber_cds_dt' has not been set explicitly, hence returning None.
2025-04-25 03:17:10,859:INFO:Engine for model 'omp_cds_dt' has not been set explicitly, hence returning None.
2025-04-25 03:17:10,860:INFO:Engine for model 'knn_cds_dt' has not been set explicitly, hence returning None.
2025-04-25 03:17:10,861:INFO:Engine for model 'dt_cds_dt' has not been set explicitly, hence returning None.
2025-04-25 03:17:10,861:INFO:Engine for model 'rf_cds_dt' has not been set explicitly, hence returning None.
2025-04-25 03:17:10,861:INFO:Engine for model 'et_cds_dt' has not been set explicitly, hence returning None.
2025-04-25 03:17:10,862:INFO:Engine for model 'gbr_cds_dt' has not been set explicitly, hence returning None.
2025-04-25 03:17:10,862:INFO:Engine for model 'ada_cds_dt' has not been set explicitly, hence returning None.
2025-04-25 03:17:10,862:INFO:Engine for model 'xgboost_cds_dt' has not been set explicitly, hence returning None.
2025-04-25 03:17:10,862:WARNING:
'xgboost' is a soft dependency and not included in the pycaret installation. Please run: `pip install xgboost` to install.
Alternately, you can install this by running `pip install pycaret[models]`
2025-04-25 03:17:10,863:WARNING:
'xgboost' is a soft dependency and not included in the pycaret installation. Please run: `pip install xgboost` to install.
Alternately, you can install this by running `pip install pycaret[models]`
2025-04-25 03:17:10,863:INFO:Engine for model 'lightgbm_cds_dt' has not been set explicitly, hence returning None.
2025-04-25 03:17:10,863:INFO:Engine for model 'catboost_cds_dt' has not been set explicitly, hence returning None.
2025-04-25 03:17:10,863:WARNING:
'catboost' is a soft dependency and not included in the pycaret installation. Please run: `pip install catboost` to install.
Alternately, you can install this by running `pip install pycaret[models]`
2025-04-25 03:17:10,863:WARNING:
'catboost' is a soft dependency and not included in the pycaret installation. Please run: `pip install catboost` to install.
Alternately, you can install this by running `pip install pycaret[models]`
2025-04-25 03:17:10,864:WARNING:
'prophet' is a soft dependency and not included in the pycaret installation. Please run: `pip install prophet` to install.
2025-04-25 03:17:10,865:INFO:Engine for model 'lasso_cds_dt' has not been set explicitly, hence returning None.
2025-04-25 03:17:10,865:INFO:Engine for model 'llar_cds_dt' has not been set explicitly, hence returning None.
2025-04-25 03:17:10,865:INFO:Engine for model 'br_cds_dt' has not been set explicitly, hence returning None.
2025-04-25 03:17:10,865:INFO:Engine for model 'huber_cds_dt' has not been set explicitly, hence returning None.
2025-04-25 03:17:10,867:INFO:Engine for model 'omp_cds_dt' has not been set explicitly, hence returning None.
2025-04-25 03:17:10,867:INFO:Engine for model 'knn_cds_dt' has not been set explicitly, hence returning None.
2025-04-25 03:17:10,867:INFO:Engine for model 'dt_cds_dt' has not been set explicitly, hence returning None.
2025-04-25 03:17:10,867:INFO:Engine for model 'rf_cds_dt' has not been set explicitly, hence returning None.
2025-04-25 03:17:10,868:INFO:Engine for model 'et_cds_dt' has not been set explicitly, hence returning None.
2025-04-25 03:17:10,868:INFO:Engine for model 'gbr_cds_dt' has not been set explicitly, hence returning None.
2025-04-25 03:17:10,868:INFO:Engine for model 'ada_cds_dt' has not been set explicitly, hence returning None.
2025-04-25 03:17:10,868:INFO:Engine for model 'xgboost_cds_dt' has not been set explicitly, hence returning None.
2025-04-25 03:17:10,868:WARNING:
'xgboost' is a soft dependency and not included in the pycaret installation. Please run: `pip install xgboost` to install.
Alternately, you can install this by running `pip install pycaret[models]`
2025-04-25 03:17:10,868:WARNING:
'xgboost' is a soft dependency and not included in the pycaret installation. Please run: `pip install xgboost` to install.
Alternately, you can install this by running `pip install pycaret[models]`
2025-04-25 03:17:10,868:INFO:Engine for model 'lightgbm_cds_dt' has not been set explicitly, hence returning None.
2025-04-25 03:17:10,868:INFO:Engine for model 'catboost_cds_dt' has not been set explicitly, hence returning None.
2025-04-25 03:17:10,868:WARNING:
'catboost' is a soft dependency and not included in the pycaret installation. Please run: `pip install catboost` to install.
Alternately, you can install this by running `pip install pycaret[models]`
2025-04-25 03:17:10,868:WARNING:
'catboost' is a soft dependency and not included in the pycaret installation. Please run: `pip install catboost` to install.
Alternately, you can install this by running `pip install pycaret[models]`
2025-04-25 03:17:10,868:INFO:Engine successfully changes for model 'lasso_cds_dt' to 'sklearn'.
2025-04-25 03:17:10,871:WARNING:
'prophet' is a soft dependency and not included in the pycaret installation. Please run: `pip install prophet` to install.
2025-04-25 03:17:10,871:INFO:Engine for model 'llar_cds_dt' has not been set explicitly, hence returning None.
2025-04-25 03:17:10,871:INFO:Engine for model 'br_cds_dt' has not been set explicitly, hence returning None.
2025-04-25 03:17:10,871:INFO:Engine for model 'huber_cds_dt' has not been set explicitly, hence returning None.
2025-04-25 03:17:10,872:INFO:Engine for model 'omp_cds_dt' has not been set explicitly, hence returning None.
2025-04-25 03:17:10,872:INFO:Engine for model 'knn_cds_dt' has not been set explicitly, hence returning None.
2025-04-25 03:17:10,872:INFO:Engine for model 'dt_cds_dt' has not been set explicitly, hence returning None.
2025-04-25 03:17:10,872:INFO:Engine for model 'rf_cds_dt' has not been set explicitly, hence returning None.
2025-04-25 03:17:10,873:INFO:Engine for model 'et_cds_dt' has not been set explicitly, hence returning None.
2025-04-25 03:17:10,873:INFO:Engine for model 'gbr_cds_dt' has not been set explicitly, hence returning None.
2025-04-25 03:17:10,873:INFO:Engine for model 'ada_cds_dt' has not been set explicitly, hence returning None.
2025-04-25 03:17:10,873:INFO:Engine for model 'xgboost_cds_dt' has not been set explicitly, hence returning None.
2025-04-25 03:17:10,873:WARNING:
'xgboost' is a soft dependency and not included in the pycaret installation. Please run: `pip install xgboost` to install.
Alternately, you can install this by running `pip install pycaret[models]`
2025-04-25 03:17:10,873:WARNING:
'xgboost' is a soft dependency and not included in the pycaret installation. Please run: `pip install xgboost` to install.
Alternately, you can install this by running `pip install pycaret[models]`
2025-04-25 03:17:10,873:INFO:Engine for model 'lightgbm_cds_dt' has not been set explicitly, hence returning None.
2025-04-25 03:17:10,873:INFO:Engine for model 'catboost_cds_dt' has not been set explicitly, hence returning None.
2025-04-25 03:17:10,873:WARNING:
'catboost' is a soft dependency and not included in the pycaret installation. Please run: `pip install catboost` to install.
Alternately, you can install this by running `pip install pycaret[models]`
2025-04-25 03:17:10,873:WARNING:
'catboost' is a soft dependency and not included in the pycaret installation. Please run: `pip install catboost` to install.
Alternately, you can install this by running `pip install pycaret[models]`
2025-04-25 03:17:10,876:WARNING:
'prophet' is a soft dependency and not included in the pycaret installation. Please run: `pip install prophet` to install.
2025-04-25 03:17:10,877:INFO:Engine for model 'llar_cds_dt' has not been set explicitly, hence returning None.
2025-04-25 03:17:10,878:INFO:Engine for model 'br_cds_dt' has not been set explicitly, hence returning None.
2025-04-25 03:17:10,878:INFO:Engine for model 'huber_cds_dt' has not been set explicitly, hence returning None.
2025-04-25 03:17:10,880:INFO:Engine for model 'omp_cds_dt' has not been set explicitly, hence returning None.
2025-04-25 03:17:10,881:INFO:Engine for model 'knn_cds_dt' has not been set explicitly, hence returning None.
2025-04-25 03:17:10,882:INFO:Engine for model 'dt_cds_dt' has not been set explicitly, hence returning None.
2025-04-25 03:17:10,882:INFO:Engine for model 'rf_cds_dt' has not been set explicitly, hence returning None.
2025-04-25 03:17:10,882:INFO:Engine for model 'et_cds_dt' has not been set explicitly, hence returning None.
2025-04-25 03:17:10,883:INFO:Engine for model 'gbr_cds_dt' has not been set explicitly, hence returning None.
2025-04-25 03:17:10,883:INFO:Engine for model 'ada_cds_dt' has not been set explicitly, hence returning None.
2025-04-25 03:17:10,883:INFO:Engine for model 'xgboost_cds_dt' has not been set explicitly, hence returning None.
2025-04-25 03:17:10,883:WARNING:
'xgboost' is a soft dependency and not included in the pycaret installation. Please run: `pip install xgboost` to install.
Alternately, you can install this by running `pip install pycaret[models]`
2025-04-25 03:17:10,884:WARNING:
'xgboost' is a soft dependency and not included in the pycaret installation. Please run: `pip install xgboost` to install.
Alternately, you can install this by running `pip install pycaret[models]`
2025-04-25 03:17:10,884:INFO:Engine for model 'lightgbm_cds_dt' has not been set explicitly, hence returning None.
2025-04-25 03:17:10,885:INFO:Engine for model 'catboost_cds_dt' has not been set explicitly, hence returning None.
2025-04-25 03:17:10,885:WARNING:
'catboost' is a soft dependency and not included in the pycaret installation. Please run: `pip install catboost` to install.
Alternately, you can install this by running `pip install pycaret[models]`
2025-04-25 03:17:10,885:WARNING:
'catboost' is a soft dependency and not included in the pycaret installation. Please run: `pip install catboost` to install.
Alternately, you can install this by running `pip install pycaret[models]`
2025-04-25 03:17:10,886:INFO:Engine successfully changes for model 'lar_cds_dt' to 'sklearn'.
2025-04-25 03:17:10,889:WARNING:
'prophet' is a soft dependency and not included in the pycaret installation. Please run: `pip install prophet` to install.
2025-04-25 03:17:10,889:INFO:Engine for model 'llar_cds_dt' has not been set explicitly, hence returning None.
2025-04-25 03:17:10,890:INFO:Engine for model 'br_cds_dt' has not been set explicitly, hence returning None.
2025-04-25 03:17:10,890:INFO:Engine for model 'huber_cds_dt' has not been set explicitly, hence returning None.
2025-04-25 03:17:10,891:INFO:Engine for model 'omp_cds_dt' has not been set explicitly, hence returning None.
2025-04-25 03:17:10,891:INFO:Engine for model 'knn_cds_dt' has not been set explicitly, hence returning None.
2025-04-25 03:17:10,892:INFO:Engine for model 'dt_cds_dt' has not been set explicitly, hence returning None.
2025-04-25 03:17:10,892:INFO:Engine for model 'rf_cds_dt' has not been set explicitly, hence returning None.
2025-04-25 03:17:10,892:INFO:Engine for model 'et_cds_dt' has not been set explicitly, hence returning None.
2025-04-25 03:17:10,892:INFO:Engine for model 'gbr_cds_dt' has not been set explicitly, hence returning None.
2025-04-25 03:17:10,892:INFO:Engine for model 'ada_cds_dt' has not been set explicitly, hence returning None.
2025-04-25 03:17:10,892:INFO:Engine for model 'xgboost_cds_dt' has not been set explicitly, hence returning None.
2025-04-25 03:17:10,892:WARNING:
'xgboost' is a soft dependency and not included in the pycaret installation. Please run: `pip install xgboost` to install.
Alternately, you can install this by running `pip install pycaret[models]`
2025-04-25 03:17:10,892:WARNING:
'xgboost' is a soft dependency and not included in the pycaret installation. Please run: `pip install xgboost` to install.
Alternately, you can install this by running `pip install pycaret[models]`
2025-04-25 03:17:10,892:INFO:Engine for model 'lightgbm_cds_dt' has not been set explicitly, hence returning None.
2025-04-25 03:17:10,893:INFO:Engine for model 'catboost_cds_dt' has not been set explicitly, hence returning None.
2025-04-25 03:17:10,893:WARNING:
'catboost' is a soft dependency and not included in the pycaret installation. Please run: `pip install catboost` to install.
Alternately, you can install this by running `pip install pycaret[models]`
2025-04-25 03:17:10,893:WARNING:
'catboost' is a soft dependency and not included in the pycaret installation. Please run: `pip install catboost` to install.
Alternately, you can install this by running `pip install pycaret[models]`
2025-04-25 03:17:10,894:WARNING:
'prophet' is a soft dependency and not included in the pycaret installation. Please run: `pip install prophet` to install.
2025-04-25 03:17:10,894:INFO:Engine for model 'llar_cds_dt' has not been set explicitly, hence returning None.
2025-04-25 03:17:10,894:INFO:Engine for model 'br_cds_dt' has not been set explicitly, hence returning None.
2025-04-25 03:17:10,894:INFO:Engine for model 'huber_cds_dt' has not been set explicitly, hence returning None.
2025-04-25 03:17:10,895:INFO:Engine for model 'omp_cds_dt' has not been set explicitly, hence returning None.
2025-04-25 03:17:10,895:INFO:Engine for model 'knn_cds_dt' has not been set explicitly, hence returning None.
2025-04-25 03:17:10,895:INFO:Engine for model 'dt_cds_dt' has not been set explicitly, hence returning None.
2025-04-25 03:17:10,896:INFO:Engine for model 'rf_cds_dt' has not been set explicitly, hence returning None.
2025-04-25 03:17:10,896:INFO:Engine for model 'et_cds_dt' has not been set explicitly, hence returning None.
2025-04-25 03:17:10,896:INFO:Engine for model 'gbr_cds_dt' has not been set explicitly, hence returning None.
2025-04-25 03:17:10,896:INFO:Engine for model 'ada_cds_dt' has not been set explicitly, hence returning None.
2025-04-25 03:17:10,896:INFO:Engine for model 'xgboost_cds_dt' has not been set explicitly, hence returning None.
2025-04-25 03:17:10,896:WARNING:
'xgboost' is a soft dependency and not included in the pycaret installation. Please run: `pip install xgboost` to install.
Alternately, you can install this by running `pip install pycaret[models]`
2025-04-25 03:17:10,896:WARNING:
'xgboost' is a soft dependency and not included in the pycaret installation. Please run: `pip install xgboost` to install.
Alternately, you can install this by running `pip install pycaret[models]`
2025-04-25 03:17:10,896:INFO:Engine for model 'lightgbm_cds_dt' has not been set explicitly, hence returning None.
2025-04-25 03:17:10,896:INFO:Engine for model 'catboost_cds_dt' has not been set explicitly, hence returning None.
2025-04-25 03:17:10,896:WARNING:
'catboost' is a soft dependency and not included in the pycaret installation. Please run: `pip install catboost` to install.
Alternately, you can install this by running `pip install pycaret[models]`
2025-04-25 03:17:10,896:WARNING:
'catboost' is a soft dependency and not included in the pycaret installation. Please run: `pip install catboost` to install.
Alternately, you can install this by running `pip install pycaret[models]`
2025-04-25 03:17:10,896:INFO:Engine successfully changes for model 'llar_cds_dt' to 'sklearn'.
2025-04-25 03:17:10,898:WARNING:
'prophet' is a soft dependency and not included in the pycaret installation. Please run: `pip install prophet` to install.
2025-04-25 03:17:10,899:INFO:Engine for model 'br_cds_dt' has not been set explicitly, hence returning None.
2025-04-25 03:17:10,899:INFO:Engine for model 'huber_cds_dt' has not been set explicitly, hence returning None.
2025-04-25 03:17:10,899:INFO:Engine for model 'omp_cds_dt' has not been set explicitly, hence returning None.
2025-04-25 03:17:10,900:INFO:Engine for model 'knn_cds_dt' has not been set explicitly, hence returning None.
2025-04-25 03:17:10,900:INFO:Engine for model 'dt_cds_dt' has not been set explicitly, hence returning None.
2025-04-25 03:17:10,900:INFO:Engine for model 'rf_cds_dt' has not been set explicitly, hence returning None.
2025-04-25 03:17:10,900:INFO:Engine for model 'et_cds_dt' has not been set explicitly, hence returning None.
2025-04-25 03:17:10,901:INFO:Engine for model 'gbr_cds_dt' has not been set explicitly, hence returning None.
2025-04-25 03:17:10,901:INFO:Engine for model 'ada_cds_dt' has not been set explicitly, hence returning None.
2025-04-25 03:17:10,901:INFO:Engine for model 'xgboost_cds_dt' has not been set explicitly, hence returning None.
2025-04-25 03:17:10,901:WARNING:
'xgboost' is a soft dependency and not included in the pycaret installation. Please run: `pip install xgboost` to install.
Alternately, you can install this by running `pip install pycaret[models]`
2025-04-25 03:17:10,901:WARNING:
'xgboost' is a soft dependency and not included in the pycaret installation. Please run: `pip install xgboost` to install.
Alternately, you can install this by running `pip install pycaret[models]`
2025-04-25 03:17:10,901:INFO:Engine for model 'lightgbm_cds_dt' has not been set explicitly, hence returning None.
2025-04-25 03:17:10,901:INFO:Engine for model 'catboost_cds_dt' has not been set explicitly, hence returning None.
2025-04-25 03:17:10,901:WARNING:
'catboost' is a soft dependency and not included in the pycaret installation. Please run: `pip install catboost` to install.
Alternately, you can install this by running `pip install pycaret[models]`
2025-04-25 03:17:10,901:WARNING:
'catboost' is a soft dependency and not included in the pycaret installation. Please run: `pip install catboost` to install.
Alternately, you can install this by running `pip install pycaret[models]`
2025-04-25 03:17:10,904:WARNING:
'prophet' is a soft dependency and not included in the pycaret installation. Please run: `pip install prophet` to install.
2025-04-25 03:17:10,905:INFO:Engine for model 'br_cds_dt' has not been set explicitly, hence returning None.
2025-04-25 03:17:10,905:INFO:Engine for model 'huber_cds_dt' has not been set explicitly, hence returning None.
2025-04-25 03:17:10,905:INFO:Engine for model 'omp_cds_dt' has not been set explicitly, hence returning None.
2025-04-25 03:17:10,906:INFO:Engine for model 'knn_cds_dt' has not been set explicitly, hence returning None.
2025-04-25 03:17:10,906:INFO:Engine for model 'dt_cds_dt' has not been set explicitly, hence returning None.
2025-04-25 03:17:10,908:INFO:Engine for model 'rf_cds_dt' has not been set explicitly, hence returning None.
2025-04-25 03:17:10,908:INFO:Engine for model 'et_cds_dt' has not been set explicitly, hence returning None.
2025-04-25 03:17:10,909:INFO:Engine for model 'gbr_cds_dt' has not been set explicitly, hence returning None.
2025-04-25 03:17:10,909:INFO:Engine for model 'ada_cds_dt' has not been set explicitly, hence returning None.
2025-04-25 03:17:10,909:INFO:Engine for model 'xgboost_cds_dt' has not been set explicitly, hence returning None.
2025-04-25 03:17:10,909:WARNING:
'xgboost' is a soft dependency and not included in the pycaret installation. Please run: `pip install xgboost` to install.
Alternately, you can install this by running `pip install pycaret[models]`
2025-04-25 03:17:10,909:WARNING:
'xgboost' is a soft dependency and not included in the pycaret installation. Please run: `pip install xgboost` to install.
Alternately, you can install this by running `pip install pycaret[models]`
2025-04-25 03:17:10,909:INFO:Engine for model 'lightgbm_cds_dt' has not been set explicitly, hence returning None.
2025-04-25 03:17:10,910:INFO:Engine for model 'catboost_cds_dt' has not been set explicitly, hence returning None.
2025-04-25 03:17:10,910:WARNING:
'catboost' is a soft dependency and not included in the pycaret installation. Please run: `pip install catboost` to install.
Alternately, you can install this by running `pip install pycaret[models]`
2025-04-25 03:17:10,910:WARNING:
'catboost' is a soft dependency and not included in the pycaret installation. Please run: `pip install catboost` to install.
Alternately, you can install this by running `pip install pycaret[models]`
2025-04-25 03:17:10,910:INFO:Engine successfully changes for model 'br_cds_dt' to 'sklearn'.
2025-04-25 03:17:10,912:WARNING:
'prophet' is a soft dependency and not included in the pycaret installation. Please run: `pip install prophet` to install.
2025-04-25 03:17:10,912:INFO:Engine for model 'huber_cds_dt' has not been set explicitly, hence returning None.
2025-04-25 03:17:10,917:INFO:Engine for model 'omp_cds_dt' has not been set explicitly, hence returning None.
2025-04-25 03:17:10,919:INFO:Engine for model 'knn_cds_dt' has not been set explicitly, hence returning None.
2025-04-25 03:17:10,919:INFO:Engine for model 'dt_cds_dt' has not been set explicitly, hence returning None.
2025-04-25 03:17:10,919:INFO:Engine for model 'rf_cds_dt' has not been set explicitly, hence returning None.
2025-04-25 03:17:10,921:INFO:Engine for model 'et_cds_dt' has not been set explicitly, hence returning None.
2025-04-25 03:17:10,921:INFO:Engine for model 'gbr_cds_dt' has not been set explicitly, hence returning None.
2025-04-25 03:17:10,921:INFO:Engine for model 'ada_cds_dt' has not been set explicitly, hence returning None.
2025-04-25 03:17:10,921:INFO:Engine for model 'xgboost_cds_dt' has not been set explicitly, hence returning None.
2025-04-25 03:17:10,921:WARNING:
'xgboost' is a soft dependency and not included in the pycaret installation. Please run: `pip install xgboost` to install.
Alternately, you can install this by running `pip install pycaret[models]`
2025-04-25 03:17:10,921:WARNING:
'xgboost' is a soft dependency and not included in the pycaret installation. Please run: `pip install xgboost` to install.
Alternately, you can install this by running `pip install pycaret[models]`
2025-04-25 03:17:10,921:INFO:Engine for model 'lightgbm_cds_dt' has not been set explicitly, hence returning None.
2025-04-25 03:17:10,921:INFO:Engine for model 'catboost_cds_dt' has not been set explicitly, hence returning None.
2025-04-25 03:17:10,921:WARNING:
'catboost' is a soft dependency and not included in the pycaret installation. Please run: `pip install catboost` to install.
Alternately, you can install this by running `pip install pycaret[models]`
2025-04-25 03:17:10,921:WARNING:
'catboost' is a soft dependency and not included in the pycaret installation. Please run: `pip install catboost` to install.
Alternately, you can install this by running `pip install pycaret[models]`
2025-04-25 03:17:10,923:WARNING:
'prophet' is a soft dependency and not included in the pycaret installation. Please run: `pip install prophet` to install.
2025-04-25 03:17:10,923:INFO:Engine for model 'huber_cds_dt' has not been set explicitly, hence returning None.
2025-04-25 03:17:10,925:INFO:Engine for model 'omp_cds_dt' has not been set explicitly, hence returning None.
2025-04-25 03:17:10,927:INFO:Engine for model 'knn_cds_dt' has not been set explicitly, hence returning None.
2025-04-25 03:17:10,927:INFO:Engine for model 'dt_cds_dt' has not been set explicitly, hence returning None.
2025-04-25 03:17:10,928:INFO:Engine for model 'rf_cds_dt' has not been set explicitly, hence returning None.
2025-04-25 03:17:10,928:INFO:Engine for model 'et_cds_dt' has not been set explicitly, hence returning None.
2025-04-25 03:17:10,928:INFO:Engine for model 'gbr_cds_dt' has not been set explicitly, hence returning None.
2025-04-25 03:17:10,929:INFO:Engine for model 'ada_cds_dt' has not been set explicitly, hence returning None.
2025-04-25 03:17:10,929:INFO:Engine for model 'xgboost_cds_dt' has not been set explicitly, hence returning None.
2025-04-25 03:17:10,929:WARNING:
'xgboost' is a soft dependency and not included in the pycaret installation. Please run: `pip install xgboost` to install.
Alternately, you can install this by running `pip install pycaret[models]`
2025-04-25 03:17:10,929:WARNING:
'xgboost' is a soft dependency and not included in the pycaret installation. Please run: `pip install xgboost` to install.
Alternately, you can install this by running `pip install pycaret[models]`
2025-04-25 03:17:10,929:INFO:Engine for model 'lightgbm_cds_dt' has not been set explicitly, hence returning None.
2025-04-25 03:17:10,929:INFO:Engine for model 'catboost_cds_dt' has not been set explicitly, hence returning None.
2025-04-25 03:17:10,929:WARNING:
'catboost' is a soft dependency and not included in the pycaret installation. Please run: `pip install catboost` to install.
Alternately, you can install this by running `pip install pycaret[models]`
2025-04-25 03:17:10,929:WARNING:
'catboost' is a soft dependency and not included in the pycaret installation. Please run: `pip install catboost` to install.
Alternately, you can install this by running `pip install pycaret[models]`
2025-04-25 03:17:10,929:INFO:Engine successfully changes for model 'huber_cds_dt' to 'sklearn'.
2025-04-25 03:17:10,932:WARNING:
'prophet' is a soft dependency and not included in the pycaret installation. Please run: `pip install prophet` to install.
2025-04-25 03:17:10,936:INFO:Engine for model 'omp_cds_dt' has not been set explicitly, hence returning None.
2025-04-25 03:17:10,936:INFO:Engine for model 'knn_cds_dt' has not been set explicitly, hence returning None.
2025-04-25 03:17:10,936:INFO:Engine for model 'dt_cds_dt' has not been set explicitly, hence returning None.
2025-04-25 03:17:10,937:INFO:Engine for model 'rf_cds_dt' has not been set explicitly, hence returning None.
2025-04-25 03:17:10,937:INFO:Engine for model 'et_cds_dt' has not been set explicitly, hence returning None.
2025-04-25 03:17:10,937:INFO:Engine for model 'gbr_cds_dt' has not been set explicitly, hence returning None.
2025-04-25 03:17:10,937:INFO:Engine for model 'ada_cds_dt' has not been set explicitly, hence returning None.
2025-04-25 03:17:10,937:INFO:Engine for model 'xgboost_cds_dt' has not been set explicitly, hence returning None.
2025-04-25 03:17:10,937:WARNING:
'xgboost' is a soft dependency and not included in the pycaret installation. Please run: `pip install xgboost` to install.
Alternately, you can install this by running `pip install pycaret[models]`
2025-04-25 03:17:10,937:WARNING:
'xgboost' is a soft dependency and not included in the pycaret installation. Please run: `pip install xgboost` to install.
Alternately, you can install this by running `pip install pycaret[models]`
2025-04-25 03:17:10,937:INFO:Engine for model 'lightgbm_cds_dt' has not been set explicitly, hence returning None.
2025-04-25 03:17:10,937:INFO:Engine for model 'catboost_cds_dt' has not been set explicitly, hence returning None.
2025-04-25 03:17:10,937:WARNING:
'catboost' is a soft dependency and not included in the pycaret installation. Please run: `pip install catboost` to install.
Alternately, you can install this by running `pip install pycaret[models]`
2025-04-25 03:17:10,937:WARNING:
'catboost' is a soft dependency and not included in the pycaret installation. Please run: `pip install catboost` to install.
Alternately, you can install this by running `pip install pycaret[models]`
2025-04-25 03:17:10,939:WARNING:
'prophet' is a soft dependency and not included in the pycaret installation. Please run: `pip install prophet` to install.
2025-04-25 03:17:10,940:INFO:Engine for model 'omp_cds_dt' has not been set explicitly, hence returning None.
2025-04-25 03:17:10,940:INFO:Engine for model 'knn_cds_dt' has not been set explicitly, hence returning None.
2025-04-25 03:17:10,941:INFO:Engine for model 'dt_cds_dt' has not been set explicitly, hence returning None.
2025-04-25 03:17:10,941:INFO:Engine for model 'rf_cds_dt' has not been set explicitly, hence returning None.
2025-04-25 03:17:10,942:INFO:Engine for model 'et_cds_dt' has not been set explicitly, hence returning None.
2025-04-25 03:17:10,943:INFO:Engine for model 'gbr_cds_dt' has not been set explicitly, hence returning None.
2025-04-25 03:17:10,943:INFO:Engine for model 'ada_cds_dt' has not been set explicitly, hence returning None.
2025-04-25 03:17:10,943:INFO:Engine for model 'xgboost_cds_dt' has not been set explicitly, hence returning None.
2025-04-25 03:17:10,943:WARNING:
'xgboost' is a soft dependency and not included in the pycaret installation. Please run: `pip install xgboost` to install.
Alternately, you can install this by running `pip install pycaret[models]`
2025-04-25 03:17:10,943:WARNING:
'xgboost' is a soft dependency and not included in the pycaret installation. Please run: `pip install xgboost` to install.
Alternately, you can install this by running `pip install pycaret[models]`
2025-04-25 03:17:10,943:INFO:Engine for model 'lightgbm_cds_dt' has not been set explicitly, hence returning None.
2025-04-25 03:17:10,943:INFO:Engine for model 'catboost_cds_dt' has not been set explicitly, hence returning None.
2025-04-25 03:17:10,943:WARNING:
'catboost' is a soft dependency and not included in the pycaret installation. Please run: `pip install catboost` to install.
Alternately, you can install this by running `pip install pycaret[models]`
2025-04-25 03:17:10,943:WARNING:
'catboost' is a soft dependency and not included in the pycaret installation. Please run: `pip install catboost` to install.
Alternately, you can install this by running `pip install pycaret[models]`
2025-04-25 03:17:10,943:INFO:Engine successfully changes for model 'par_cds_dt' to 'sklearn'.
2025-04-25 03:17:10,945:WARNING:
'prophet' is a soft dependency and not included in the pycaret installation. Please run: `pip install prophet` to install.
2025-04-25 03:17:10,947:INFO:Engine for model 'omp_cds_dt' has not been set explicitly, hence returning None.
2025-04-25 03:17:10,948:INFO:Engine for model 'knn_cds_dt' has not been set explicitly, hence returning None.
2025-04-25 03:17:10,948:INFO:Engine for model 'dt_cds_dt' has not been set explicitly, hence returning None.
2025-04-25 03:17:10,948:INFO:Engine for model 'rf_cds_dt' has not been set explicitly, hence returning None.
2025-04-25 03:17:10,948:INFO:Engine for model 'et_cds_dt' has not been set explicitly, hence returning None.
2025-04-25 03:17:10,948:INFO:Engine for model 'gbr_cds_dt' has not been set explicitly, hence returning None.
2025-04-25 03:17:10,948:INFO:Engine for model 'ada_cds_dt' has not been set explicitly, hence returning None.
2025-04-25 03:17:10,948:INFO:Engine for model 'xgboost_cds_dt' has not been set explicitly, hence returning None.
2025-04-25 03:17:10,948:WARNING:
'xgboost' is a soft dependency and not included in the pycaret installation. Please run: `pip install xgboost` to install.
Alternately, you can install this by running `pip install pycaret[models]`
2025-04-25 03:17:10,948:WARNING:
'xgboost' is a soft dependency and not included in the pycaret installation. Please run: `pip install xgboost` to install.
Alternately, you can install this by running `pip install pycaret[models]`
2025-04-25 03:17:10,948:INFO:Engine for model 'lightgbm_cds_dt' has not been set explicitly, hence returning None.
2025-04-25 03:17:10,949:INFO:Engine for model 'catboost_cds_dt' has not been set explicitly, hence returning None.
2025-04-25 03:17:10,949:WARNING:
'catboost' is a soft dependency and not included in the pycaret installation. Please run: `pip install catboost` to install.
Alternately, you can install this by running `pip install pycaret[models]`
2025-04-25 03:17:10,949:WARNING:
'catboost' is a soft dependency and not included in the pycaret installation. Please run: `pip install catboost` to install.
Alternately, you can install this by running `pip install pycaret[models]`
2025-04-25 03:17:10,952:WARNING:
'prophet' is a soft dependency and not included in the pycaret installation. Please run: `pip install prophet` to install.
2025-04-25 03:17:10,954:INFO:Engine for model 'omp_cds_dt' has not been set explicitly, hence returning None.
2025-04-25 03:17:10,954:INFO:Engine for model 'knn_cds_dt' has not been set explicitly, hence returning None.
2025-04-25 03:17:10,954:INFO:Engine for model 'dt_cds_dt' has not been set explicitly, hence returning None.
2025-04-25 03:17:10,954:INFO:Engine for model 'rf_cds_dt' has not been set explicitly, hence returning None.
2025-04-25 03:17:10,954:INFO:Engine for model 'et_cds_dt' has not been set explicitly, hence returning None.
2025-04-25 03:17:10,955:INFO:Engine for model 'gbr_cds_dt' has not been set explicitly, hence returning None.
2025-04-25 03:17:10,955:INFO:Engine for model 'ada_cds_dt' has not been set explicitly, hence returning None.
2025-04-25 03:17:10,955:INFO:Engine for model 'xgboost_cds_dt' has not been set explicitly, hence returning None.
2025-04-25 03:17:10,955:WARNING:
'xgboost' is a soft dependency and not included in the pycaret installation. Please run: `pip install xgboost` to install.
Alternately, you can install this by running `pip install pycaret[models]`
2025-04-25 03:17:10,955:WARNING:
'xgboost' is a soft dependency and not included in the pycaret installation. Please run: `pip install xgboost` to install.
Alternately, you can install this by running `pip install pycaret[models]`
2025-04-25 03:17:10,955:INFO:Engine for model 'lightgbm_cds_dt' has not been set explicitly, hence returning None.
2025-04-25 03:17:10,955:INFO:Engine for model 'catboost_cds_dt' has not been set explicitly, hence returning None.
2025-04-25 03:17:10,955:WARNING:
'catboost' is a soft dependency and not included in the pycaret installation. Please run: `pip install catboost` to install.
Alternately, you can install this by running `pip install pycaret[models]`
2025-04-25 03:17:10,955:WARNING:
'catboost' is a soft dependency and not included in the pycaret installation. Please run: `pip install catboost` to install.
Alternately, you can install this by running `pip install pycaret[models]`
2025-04-25 03:17:10,955:INFO:Engine successfully changes for model 'omp_cds_dt' to 'sklearn'.
2025-04-25 03:17:10,960:WARNING:
'prophet' is a soft dependency and not included in the pycaret installation. Please run: `pip install prophet` to install.
2025-04-25 03:17:10,963:INFO:Engine for model 'knn_cds_dt' has not been set explicitly, hence returning None.
2025-04-25 03:17:10,964:INFO:Engine for model 'dt_cds_dt' has not been set explicitly, hence returning None.
2025-04-25 03:17:10,964:INFO:Engine for model 'rf_cds_dt' has not been set explicitly, hence returning None.
2025-04-25 03:17:10,965:INFO:Engine for model 'et_cds_dt' has not been set explicitly, hence returning None.
2025-04-25 03:17:10,965:INFO:Engine for model 'gbr_cds_dt' has not been set explicitly, hence returning None.
2025-04-25 03:17:10,965:INFO:Engine for model 'ada_cds_dt' has not been set explicitly, hence returning None.
2025-04-25 03:17:10,966:INFO:Engine for model 'xgboost_cds_dt' has not been set explicitly, hence returning None.
2025-04-25 03:17:10,966:WARNING:
'xgboost' is a soft dependency and not included in the pycaret installation. Please run: `pip install xgboost` to install.
Alternately, you can install this by running `pip install pycaret[models]`
2025-04-25 03:17:10,966:WARNING:
'xgboost' is a soft dependency and not included in the pycaret installation. Please run: `pip install xgboost` to install.
Alternately, you can install this by running `pip install pycaret[models]`
2025-04-25 03:17:10,966:INFO:Engine for model 'lightgbm_cds_dt' has not been set explicitly, hence returning None.
2025-04-25 03:17:10,966:INFO:Engine for model 'catboost_cds_dt' has not been set explicitly, hence returning None.
2025-04-25 03:17:10,967:WARNING:
'catboost' is a soft dependency and not included in the pycaret installation. Please run: `pip install catboost` to install.
Alternately, you can install this by running `pip install pycaret[models]`
2025-04-25 03:17:10,967:WARNING:
'catboost' is a soft dependency and not included in the pycaret installation. Please run: `pip install catboost` to install.
Alternately, you can install this by running `pip install pycaret[models]`
2025-04-25 03:17:10,971:WARNING:
'prophet' is a soft dependency and not included in the pycaret installation. Please run: `pip install prophet` to install.
2025-04-25 03:17:10,977:INFO:Engine for model 'knn_cds_dt' has not been set explicitly, hence returning None.
2025-04-25 03:17:10,978:INFO:Engine for model 'dt_cds_dt' has not been set explicitly, hence returning None.
2025-04-25 03:17:10,978:INFO:Engine for model 'rf_cds_dt' has not been set explicitly, hence returning None.
2025-04-25 03:17:10,978:INFO:Engine for model 'et_cds_dt' has not been set explicitly, hence returning None.
2025-04-25 03:17:10,979:INFO:Engine for model 'gbr_cds_dt' has not been set explicitly, hence returning None.
2025-04-25 03:17:10,979:INFO:Engine for model 'ada_cds_dt' has not been set explicitly, hence returning None.
2025-04-25 03:17:10,980:INFO:Engine for model 'xgboost_cds_dt' has not been set explicitly, hence returning None.
2025-04-25 03:17:10,980:WARNING:
'xgboost' is a soft dependency and not included in the pycaret installation. Please run: `pip install xgboost` to install.
Alternately, you can install this by running `pip install pycaret[models]`
2025-04-25 03:17:10,980:WARNING:
'xgboost' is a soft dependency and not included in the pycaret installation. Please run: `pip install xgboost` to install.
Alternately, you can install this by running `pip install pycaret[models]`
2025-04-25 03:17:10,980:INFO:Engine for model 'lightgbm_cds_dt' has not been set explicitly, hence returning None.
2025-04-25 03:17:10,980:INFO:Engine for model 'catboost_cds_dt' has not been set explicitly, hence returning None.
2025-04-25 03:17:10,980:WARNING:
'catboost' is a soft dependency and not included in the pycaret installation. Please run: `pip install catboost` to install.
Alternately, you can install this by running `pip install pycaret[models]`
2025-04-25 03:17:10,980:WARNING:
'catboost' is a soft dependency and not included in the pycaret installation. Please run: `pip install catboost` to install.
Alternately, you can install this by running `pip install pycaret[models]`
2025-04-25 03:17:10,980:INFO:Engine successfully changes for model 'knn_cds_dt' to 'sklearn'.
2025-04-25 03:17:10,984:WARNING:
'prophet' is a soft dependency and not included in the pycaret installation. Please run: `pip install prophet` to install.
2025-04-25 03:17:10,989:INFO:Engine for model 'dt_cds_dt' has not been set explicitly, hence returning None.
2025-04-25 03:17:10,989:INFO:Engine for model 'rf_cds_dt' has not been set explicitly, hence returning None.
2025-04-25 03:17:10,989:INFO:Engine for model 'et_cds_dt' has not been set explicitly, hence returning None.
2025-04-25 03:17:10,990:INFO:Engine for model 'gbr_cds_dt' has not been set explicitly, hence returning None.
2025-04-25 03:17:10,991:INFO:Engine for model 'ada_cds_dt' has not been set explicitly, hence returning None.
2025-04-25 03:17:10,991:INFO:Engine for model 'xgboost_cds_dt' has not been set explicitly, hence returning None.
2025-04-25 03:17:10,991:WARNING:
'xgboost' is a soft dependency and not included in the pycaret installation. Please run: `pip install xgboost` to install.
Alternately, you can install this by running `pip install pycaret[models]`
2025-04-25 03:17:10,991:WARNING:
'xgboost' is a soft dependency and not included in the pycaret installation. Please run: `pip install xgboost` to install.
Alternately, you can install this by running `pip install pycaret[models]`
2025-04-25 03:17:10,991:INFO:Engine for model 'lightgbm_cds_dt' has not been set explicitly, hence returning None.
2025-04-25 03:17:10,992:INFO:Engine for model 'catboost_cds_dt' has not been set explicitly, hence returning None.
2025-04-25 03:17:10,992:WARNING:
'catboost' is a soft dependency and not included in the pycaret installation. Please run: `pip install catboost` to install.
Alternately, you can install this by running `pip install pycaret[models]`
2025-04-25 03:17:10,992:WARNING:
'catboost' is a soft dependency and not included in the pycaret installation. Please run: `pip install catboost` to install.
Alternately, you can install this by running `pip install pycaret[models]`
2025-04-25 03:17:10,994:WARNING:
'prophet' is a soft dependency and not included in the pycaret installation. Please run: `pip install prophet` to install.
2025-04-25 03:17:10,997:INFO:Engine for model 'dt_cds_dt' has not been set explicitly, hence returning None.
2025-04-25 03:17:10,997:INFO:Engine for model 'rf_cds_dt' has not been set explicitly, hence returning None.
2025-04-25 03:17:10,997:INFO:Engine for model 'et_cds_dt' has not been set explicitly, hence returning None.
2025-04-25 03:17:10,998:INFO:Engine for model 'gbr_cds_dt' has not been set explicitly, hence returning None.
2025-04-25 03:17:11,000:INFO:Engine for model 'ada_cds_dt' has not been set explicitly, hence returning None.
2025-04-25 03:17:11,001:INFO:Engine for model 'xgboost_cds_dt' has not been set explicitly, hence returning None.
2025-04-25 03:17:11,001:WARNING:
'xgboost' is a soft dependency and not included in the pycaret installation. Please run: `pip install xgboost` to install.
Alternately, you can install this by running `pip install pycaret[models]`
2025-04-25 03:17:11,001:WARNING:
'xgboost' is a soft dependency and not included in the pycaret installation. Please run: `pip install xgboost` to install.
Alternately, you can install this by running `pip install pycaret[models]`
2025-04-25 03:17:11,001:INFO:Engine for model 'lightgbm_cds_dt' has not been set explicitly, hence returning None.
2025-04-25 03:17:11,001:INFO:Engine for model 'catboost_cds_dt' has not been set explicitly, hence returning None.
2025-04-25 03:17:11,001:WARNING:
'catboost' is a soft dependency and not included in the pycaret installation. Please run: `pip install catboost` to install.
Alternately, you can install this by running `pip install pycaret[models]`
2025-04-25 03:17:11,001:WARNING:
'catboost' is a soft dependency and not included in the pycaret installation. Please run: `pip install catboost` to install.
Alternately, you can install this by running `pip install pycaret[models]`
2025-04-25 03:17:11,001:INFO:Engine successfully changes for model 'dt_cds_dt' to 'sklearn'.
2025-04-25 03:17:11,003:WARNING:
'prophet' is a soft dependency and not included in the pycaret installation. Please run: `pip install prophet` to install.
2025-04-25 03:17:11,007:INFO:Engine for model 'rf_cds_dt' has not been set explicitly, hence returning None.
2025-04-25 03:17:11,007:INFO:Engine for model 'et_cds_dt' has not been set explicitly, hence returning None.
2025-04-25 03:17:11,008:INFO:Engine for model 'gbr_cds_dt' has not been set explicitly, hence returning None.
2025-04-25 03:17:11,008:INFO:Engine for model 'ada_cds_dt' has not been set explicitly, hence returning None.
2025-04-25 03:17:11,008:INFO:Engine for model 'xgboost_cds_dt' has not been set explicitly, hence returning None.
2025-04-25 03:17:11,008:WARNING:
'xgboost' is a soft dependency and not included in the pycaret installation. Please run: `pip install xgboost` to install.
Alternately, you can install this by running `pip install pycaret[models]`
2025-04-25 03:17:11,008:WARNING:
'xgboost' is a soft dependency and not included in the pycaret installation. Please run: `pip install xgboost` to install.
Alternately, you can install this by running `pip install pycaret[models]`
2025-04-25 03:17:11,008:INFO:Engine for model 'lightgbm_cds_dt' has not been set explicitly, hence returning None.
2025-04-25 03:17:11,008:INFO:Engine for model 'catboost_cds_dt' has not been set explicitly, hence returning None.
2025-04-25 03:17:11,008:WARNING:
'catboost' is a soft dependency and not included in the pycaret installation. Please run: `pip install catboost` to install.
Alternately, you can install this by running `pip install pycaret[models]`
2025-04-25 03:17:11,008:WARNING:
'catboost' is a soft dependency and not included in the pycaret installation. Please run: `pip install catboost` to install.
Alternately, you can install this by running `pip install pycaret[models]`
2025-04-25 03:17:11,010:WARNING:
'prophet' is a soft dependency and not included in the pycaret installation. Please run: `pip install prophet` to install.
2025-04-25 03:17:11,011:INFO:Engine for model 'rf_cds_dt' has not been set explicitly, hence returning None.
2025-04-25 03:17:11,011:INFO:Engine for model 'et_cds_dt' has not been set explicitly, hence returning None.
2025-04-25 03:17:11,011:INFO:Engine for model 'gbr_cds_dt' has not been set explicitly, hence returning None.
2025-04-25 03:17:11,012:INFO:Engine for model 'ada_cds_dt' has not been set explicitly, hence returning None.
2025-04-25 03:17:11,012:INFO:Engine for model 'xgboost_cds_dt' has not been set explicitly, hence returning None.
2025-04-25 03:17:11,012:WARNING:
'xgboost' is a soft dependency and not included in the pycaret installation. Please run: `pip install xgboost` to install.
Alternately, you can install this by running `pip install pycaret[models]`
2025-04-25 03:17:11,012:WARNING:
'xgboost' is a soft dependency and not included in the pycaret installation. Please run: `pip install xgboost` to install.
Alternately, you can install this by running `pip install pycaret[models]`
2025-04-25 03:17:11,012:INFO:Engine for model 'lightgbm_cds_dt' has not been set explicitly, hence returning None.
2025-04-25 03:17:11,012:INFO:Engine for model 'catboost_cds_dt' has not been set explicitly, hence returning None.
2025-04-25 03:17:11,012:WARNING:
'catboost' is a soft dependency and not included in the pycaret installation. Please run: `pip install catboost` to install.
Alternately, you can install this by running `pip install pycaret[models]`
2025-04-25 03:17:11,012:WARNING:
'catboost' is a soft dependency and not included in the pycaret installation. Please run: `pip install catboost` to install.
Alternately, you can install this by running `pip install pycaret[models]`
2025-04-25 03:17:11,012:INFO:Engine successfully changes for model 'rf_cds_dt' to 'sklearn'.
2025-04-25 03:17:11,013:WARNING:
'prophet' is a soft dependency and not included in the pycaret installation. Please run: `pip install prophet` to install.
2025-04-25 03:17:11,015:INFO:Engine for model 'et_cds_dt' has not been set explicitly, hence returning None.
2025-04-25 03:17:11,015:INFO:Engine for model 'gbr_cds_dt' has not been set explicitly, hence returning None.
2025-04-25 03:17:11,015:INFO:Engine for model 'ada_cds_dt' has not been set explicitly, hence returning None.
2025-04-25 03:17:11,015:INFO:Engine for model 'xgboost_cds_dt' has not been set explicitly, hence returning None.
2025-04-25 03:17:11,015:WARNING:
'xgboost' is a soft dependency and not included in the pycaret installation. Please run: `pip install xgboost` to install.
Alternately, you can install this by running `pip install pycaret[models]`
2025-04-25 03:17:11,015:WARNING:
'xgboost' is a soft dependency and not included in the pycaret installation. Please run: `pip install xgboost` to install.
Alternately, you can install this by running `pip install pycaret[models]`
2025-04-25 03:17:11,015:INFO:Engine for model 'lightgbm_cds_dt' has not been set explicitly, hence returning None.
2025-04-25 03:17:11,015:INFO:Engine for model 'catboost_cds_dt' has not been set explicitly, hence returning None.
2025-04-25 03:17:11,015:WARNING:
'catboost' is a soft dependency and not included in the pycaret installation. Please run: `pip install catboost` to install.
Alternately, you can install this by running `pip install pycaret[models]`
2025-04-25 03:17:11,015:WARNING:
'catboost' is a soft dependency and not included in the pycaret installation. Please run: `pip install catboost` to install.
Alternately, you can install this by running `pip install pycaret[models]`
2025-04-25 03:17:11,016:WARNING:
'prophet' is a soft dependency and not included in the pycaret installation. Please run: `pip install prophet` to install.
2025-04-25 03:17:11,019:INFO:Engine for model 'et_cds_dt' has not been set explicitly, hence returning None.
2025-04-25 03:17:11,019:INFO:Engine for model 'gbr_cds_dt' has not been set explicitly, hence returning None.
2025-04-25 03:17:11,019:INFO:Engine for model 'ada_cds_dt' has not been set explicitly, hence returning None.
2025-04-25 03:17:11,019:INFO:Engine for model 'xgboost_cds_dt' has not been set explicitly, hence returning None.
2025-04-25 03:17:11,019:WARNING:
'xgboost' is a soft dependency and not included in the pycaret installation. Please run: `pip install xgboost` to install.
Alternately, you can install this by running `pip install pycaret[models]`
2025-04-25 03:17:11,019:WARNING:
'xgboost' is a soft dependency and not included in the pycaret installation. Please run: `pip install xgboost` to install.
Alternately, you can install this by running `pip install pycaret[models]`
2025-04-25 03:17:11,019:INFO:Engine for model 'lightgbm_cds_dt' has not been set explicitly, hence returning None.
2025-04-25 03:17:11,019:INFO:Engine for model 'catboost_cds_dt' has not been set explicitly, hence returning None.
2025-04-25 03:17:11,019:WARNING:
'catboost' is a soft dependency and not included in the pycaret installation. Please run: `pip install catboost` to install.
Alternately, you can install this by running `pip install pycaret[models]`
2025-04-25 03:17:11,019:WARNING:
'catboost' is a soft dependency and not included in the pycaret installation. Please run: `pip install catboost` to install.
Alternately, you can install this by running `pip install pycaret[models]`
2025-04-25 03:17:11,019:INFO:Engine successfully changes for model 'et_cds_dt' to 'sklearn'.
2025-04-25 03:17:11,021:WARNING:
'prophet' is a soft dependency and not included in the pycaret installation. Please run: `pip install prophet` to install.
2025-04-25 03:17:11,023:INFO:Engine for model 'gbr_cds_dt' has not been set explicitly, hence returning None.
2025-04-25 03:17:11,023:INFO:Engine for model 'ada_cds_dt' has not been set explicitly, hence returning None.
2025-04-25 03:17:11,023:INFO:Engine for model 'xgboost_cds_dt' has not been set explicitly, hence returning None.
2025-04-25 03:17:11,023:WARNING:
'xgboost' is a soft dependency and not included in the pycaret installation. Please run: `pip install xgboost` to install.
Alternately, you can install this by running `pip install pycaret[models]`
2025-04-25 03:17:11,023:WARNING:
'xgboost' is a soft dependency and not included in the pycaret installation. Please run: `pip install xgboost` to install.
Alternately, you can install this by running `pip install pycaret[models]`
2025-04-25 03:17:11,024:INFO:Engine for model 'lightgbm_cds_dt' has not been set explicitly, hence returning None.
2025-04-25 03:17:11,024:INFO:Engine for model 'catboost_cds_dt' has not been set explicitly, hence returning None.
2025-04-25 03:17:11,024:WARNING:
'catboost' is a soft dependency and not included in the pycaret installation. Please run: `pip install catboost` to install.
Alternately, you can install this by running `pip install pycaret[models]`
2025-04-25 03:17:11,024:WARNING:
'catboost' is a soft dependency and not included in the pycaret installation. Please run: `pip install catboost` to install.
Alternately, you can install this by running `pip install pycaret[models]`
2025-04-25 03:17:11,025:WARNING:
'prophet' is a soft dependency and not included in the pycaret installation. Please run: `pip install prophet` to install.
2025-04-25 03:17:11,028:INFO:Engine for model 'gbr_cds_dt' has not been set explicitly, hence returning None.
2025-04-25 03:17:11,028:INFO:Engine for model 'ada_cds_dt' has not been set explicitly, hence returning None.
2025-04-25 03:17:11,028:INFO:Engine for model 'xgboost_cds_dt' has not been set explicitly, hence returning None.
2025-04-25 03:17:11,028:WARNING:
'xgboost' is a soft dependency and not included in the pycaret installation. Please run: `pip install xgboost` to install.
Alternately, you can install this by running `pip install pycaret[models]`
2025-04-25 03:17:11,028:WARNING:
'xgboost' is a soft dependency and not included in the pycaret installation. Please run: `pip install xgboost` to install.
Alternately, you can install this by running `pip install pycaret[models]`
2025-04-25 03:17:11,028:INFO:Engine for model 'lightgbm_cds_dt' has not been set explicitly, hence returning None.
2025-04-25 03:17:11,029:INFO:Engine for model 'catboost_cds_dt' has not been set explicitly, hence returning None.
2025-04-25 03:17:11,029:WARNING:
'catboost' is a soft dependency and not included in the pycaret installation. Please run: `pip install catboost` to install.
Alternately, you can install this by running `pip install pycaret[models]`
2025-04-25 03:17:11,029:WARNING:
'catboost' is a soft dependency and not included in the pycaret installation. Please run: `pip install catboost` to install.
Alternately, you can install this by running `pip install pycaret[models]`
2025-04-25 03:17:11,029:INFO:Engine successfully changes for model 'gbr_cds_dt' to 'sklearn'.
2025-04-25 03:17:11,030:WARNING:
'prophet' is a soft dependency and not included in the pycaret installation. Please run: `pip install prophet` to install.
2025-04-25 03:17:11,032:INFO:Engine for model 'ada_cds_dt' has not been set explicitly, hence returning None.
2025-04-25 03:17:11,033:INFO:Engine for model 'xgboost_cds_dt' has not been set explicitly, hence returning None.
2025-04-25 03:17:11,033:WARNING:
'xgboost' is a soft dependency and not included in the pycaret installation. Please run: `pip install xgboost` to install.
Alternately, you can install this by running `pip install pycaret[models]`
2025-04-25 03:17:11,033:WARNING:
'xgboost' is a soft dependency and not included in the pycaret installation. Please run: `pip install xgboost` to install.
Alternately, you can install this by running `pip install pycaret[models]`
2025-04-25 03:17:11,033:INFO:Engine for model 'lightgbm_cds_dt' has not been set explicitly, hence returning None.
2025-04-25 03:17:11,033:INFO:Engine for model 'catboost_cds_dt' has not been set explicitly, hence returning None.
2025-04-25 03:17:11,033:WARNING:
'catboost' is a soft dependency and not included in the pycaret installation. Please run: `pip install catboost` to install.
Alternately, you can install this by running `pip install pycaret[models]`
2025-04-25 03:17:11,033:WARNING:
'catboost' is a soft dependency and not included in the pycaret installation. Please run: `pip install catboost` to install.
Alternately, you can install this by running `pip install pycaret[models]`
2025-04-25 03:17:11,034:WARNING:
'prophet' is a soft dependency and not included in the pycaret installation. Please run: `pip install prophet` to install.
2025-04-25 03:17:11,037:INFO:Engine for model 'ada_cds_dt' has not been set explicitly, hence returning None.
2025-04-25 03:17:11,037:INFO:Engine for model 'xgboost_cds_dt' has not been set explicitly, hence returning None.
2025-04-25 03:17:11,037:WARNING:
'xgboost' is a soft dependency and not included in the pycaret installation. Please run: `pip install xgboost` to install.
Alternately, you can install this by running `pip install pycaret[models]`
2025-04-25 03:17:11,037:WARNING:
'xgboost' is a soft dependency and not included in the pycaret installation. Please run: `pip install xgboost` to install.
Alternately, you can install this by running `pip install pycaret[models]`
2025-04-25 03:17:11,037:INFO:Engine for model 'lightgbm_cds_dt' has not been set explicitly, hence returning None.
2025-04-25 03:17:11,037:INFO:Engine for model 'catboost_cds_dt' has not been set explicitly, hence returning None.
2025-04-25 03:17:11,037:WARNING:
'catboost' is a soft dependency and not included in the pycaret installation. Please run: `pip install catboost` to install.
Alternately, you can install this by running `pip install pycaret[models]`
2025-04-25 03:17:11,037:WARNING:
'catboost' is a soft dependency and not included in the pycaret installation. Please run: `pip install catboost` to install.
Alternately, you can install this by running `pip install pycaret[models]`
2025-04-25 03:17:11,037:INFO:Engine successfully changes for model 'ada_cds_dt' to 'sklearn'.
2025-04-25 03:17:11,038:WARNING:
'prophet' is a soft dependency and not included in the pycaret installation. Please run: `pip install prophet` to install.
2025-04-25 03:17:11,041:INFO:Engine for model 'xgboost_cds_dt' has not been set explicitly, hence returning None.
2025-04-25 03:17:11,041:WARNING:
'xgboost' is a soft dependency and not included in the pycaret installation. Please run: `pip install xgboost` to install.
Alternately, you can install this by running `pip install pycaret[models]`
2025-04-25 03:17:11,041:WARNING:
'xgboost' is a soft dependency and not included in the pycaret installation. Please run: `pip install xgboost` to install.
Alternately, you can install this by running `pip install pycaret[models]`
2025-04-25 03:17:11,041:INFO:Engine for model 'lightgbm_cds_dt' has not been set explicitly, hence returning None.
2025-04-25 03:17:11,042:INFO:Engine for model 'catboost_cds_dt' has not been set explicitly, hence returning None.
2025-04-25 03:17:11,042:WARNING:
'catboost' is a soft dependency and not included in the pycaret installation. Please run: `pip install catboost` to install.
Alternately, you can install this by running `pip install pycaret[models]`
2025-04-25 03:17:11,042:WARNING:
'catboost' is a soft dependency and not included in the pycaret installation. Please run: `pip install catboost` to install.
Alternately, you can install this by running `pip install pycaret[models]`
2025-04-25 03:17:11,044:WARNING:
'prophet' is a soft dependency and not included in the pycaret installation. Please run: `pip install prophet` to install.
2025-04-25 03:17:11,046:INFO:Engine for model 'xgboost_cds_dt' has not been set explicitly, hence returning None.
2025-04-25 03:17:11,046:WARNING:
'xgboost' is a soft dependency and not included in the pycaret installation. Please run: `pip install xgboost` to install.
Alternately, you can install this by running `pip install pycaret[models]`
2025-04-25 03:17:11,046:WARNING:
'xgboost' is a soft dependency and not included in the pycaret installation. Please run: `pip install xgboost` to install.
Alternately, you can install this by running `pip install pycaret[models]`
2025-04-25 03:17:11,046:INFO:Engine for model 'lightgbm_cds_dt' has not been set explicitly, hence returning None.
2025-04-25 03:17:11,046:INFO:Engine for model 'catboost_cds_dt' has not been set explicitly, hence returning None.
2025-04-25 03:17:11,046:WARNING:
'catboost' is a soft dependency and not included in the pycaret installation. Please run: `pip install catboost` to install.
Alternately, you can install this by running `pip install pycaret[models]`
2025-04-25 03:17:11,046:WARNING:
'catboost' is a soft dependency and not included in the pycaret installation. Please run: `pip install catboost` to install.
Alternately, you can install this by running `pip install pycaret[models]`
2025-04-25 03:17:11,046:INFO:Engine successfully changes for model 'xgboost_cds_dt' to 'sklearn'.
2025-04-25 03:17:11,048:WARNING:
'prophet' is a soft dependency and not included in the pycaret installation. Please run: `pip install prophet` to install.
2025-04-25 03:17:11,050:WARNING:
'xgboost' is a soft dependency and not included in the pycaret installation. Please run: `pip install xgboost` to install.
Alternately, you can install this by running `pip install pycaret[models]`
2025-04-25 03:17:11,051:WARNING:
'xgboost' is a soft dependency and not included in the pycaret installation. Please run: `pip install xgboost` to install.
Alternately, you can install this by running `pip install pycaret[models]`
2025-04-25 03:17:11,051:INFO:Engine for model 'lightgbm_cds_dt' has not been set explicitly, hence returning None.
2025-04-25 03:17:11,051:INFO:Engine for model 'catboost_cds_dt' has not been set explicitly, hence returning None.
2025-04-25 03:17:11,051:WARNING:
'catboost' is a soft dependency and not included in the pycaret installation. Please run: `pip install catboost` to install.
Alternately, you can install this by running `pip install pycaret[models]`
2025-04-25 03:17:11,051:WARNING:
'catboost' is a soft dependency and not included in the pycaret installation. Please run: `pip install catboost` to install.
Alternately, you can install this by running `pip install pycaret[models]`
2025-04-25 03:17:11,052:WARNING:
'prophet' is a soft dependency and not included in the pycaret installation. Please run: `pip install prophet` to install.
2025-04-25 03:17:11,054:WARNING:
'xgboost' is a soft dependency and not included in the pycaret installation. Please run: `pip install xgboost` to install.
Alternately, you can install this by running `pip install pycaret[models]`
2025-04-25 03:17:11,054:WARNING:
'xgboost' is a soft dependency and not included in the pycaret installation. Please run: `pip install xgboost` to install.
Alternately, you can install this by running `pip install pycaret[models]`
2025-04-25 03:17:11,054:INFO:Engine for model 'lightgbm_cds_dt' has not been set explicitly, hence returning None.
2025-04-25 03:17:11,055:INFO:Engine for model 'catboost_cds_dt' has not been set explicitly, hence returning None.
2025-04-25 03:17:11,055:WARNING:
'catboost' is a soft dependency and not included in the pycaret installation. Please run: `pip install catboost` to install.
Alternately, you can install this by running `pip install pycaret[models]`
2025-04-25 03:17:11,055:WARNING:
'catboost' is a soft dependency and not included in the pycaret installation. Please run: `pip install catboost` to install.
Alternately, you can install this by running `pip install pycaret[models]`
2025-04-25 03:17:11,055:INFO:Engine successfully changes for model 'lightgbm_cds_dt' to 'sklearn'.
2025-04-25 03:17:11,056:WARNING:
'prophet' is a soft dependency and not included in the pycaret installation. Please run: `pip install prophet` to install.
2025-04-25 03:17:11,059:WARNING:
'xgboost' is a soft dependency and not included in the pycaret installation. Please run: `pip install xgboost` to install.
Alternately, you can install this by running `pip install pycaret[models]`
2025-04-25 03:17:11,059:WARNING:
'xgboost' is a soft dependency and not included in the pycaret installation. Please run: `pip install xgboost` to install.
Alternately, you can install this by running `pip install pycaret[models]`
2025-04-25 03:17:11,059:INFO:Engine for model 'catboost_cds_dt' has not been set explicitly, hence returning None.
2025-04-25 03:17:11,059:WARNING:
'catboost' is a soft dependency and not included in the pycaret installation. Please run: `pip install catboost` to install.
Alternately, you can install this by running `pip install pycaret[models]`
2025-04-25 03:17:11,059:WARNING:
'catboost' is a soft dependency and not included in the pycaret installation. Please run: `pip install catboost` to install.
Alternately, you can install this by running `pip install pycaret[models]`
2025-04-25 03:17:11,060:WARNING:
'prophet' is a soft dependency and not included in the pycaret installation. Please run: `pip install prophet` to install.
2025-04-25 03:17:11,062:WARNING:
'xgboost' is a soft dependency and not included in the pycaret installation. Please run: `pip install xgboost` to install.
Alternately, you can install this by running `pip install pycaret[models]`
2025-04-25 03:17:11,062:WARNING:
'xgboost' is a soft dependency and not included in the pycaret installation. Please run: `pip install xgboost` to install.
Alternately, you can install this by running `pip install pycaret[models]`
2025-04-25 03:17:11,063:INFO:Engine for model 'catboost_cds_dt' has not been set explicitly, hence returning None.
2025-04-25 03:17:11,063:WARNING:
'catboost' is a soft dependency and not included in the pycaret installation. Please run: `pip install catboost` to install.
Alternately, you can install this by running `pip install pycaret[models]`
2025-04-25 03:17:11,063:WARNING:
'catboost' is a soft dependency and not included in the pycaret installation. Please run: `pip install catboost` to install.
Alternately, you can install this by running `pip install pycaret[models]`
2025-04-25 03:17:11,063:INFO:Engine successfully changes for model 'catboost_cds_dt' to 'sklearn'.
2025-04-25 03:17:11,064:WARNING:
'prophet' is a soft dependency and not included in the pycaret installation. Please run: `pip install prophet` to install.
2025-04-25 03:17:11,066:WARNING:
'xgboost' is a soft dependency and not included in the pycaret installation. Please run: `pip install xgboost` to install.
Alternately, you can install this by running `pip install pycaret[models]`
2025-04-25 03:17:11,066:WARNING:
'xgboost' is a soft dependency and not included in the pycaret installation. Please run: `pip install xgboost` to install.
Alternately, you can install this by running `pip install pycaret[models]`
2025-04-25 03:17:11,066:WARNING:
'catboost' is a soft dependency and not included in the pycaret installation. Please run: `pip install catboost` to install.
Alternately, you can install this by running `pip install pycaret[models]`
2025-04-25 03:17:11,066:WARNING:
'catboost' is a soft dependency and not included in the pycaret installation. Please run: `pip install catboost` to install.
Alternately, you can install this by running `pip install pycaret[models]`
2025-04-25 03:17:11,068:WARNING:
'prophet' is a soft dependency and not included in the pycaret installation. Please run: `pip install prophet` to install.
2025-04-25 03:17:11,070:WARNING:
'xgboost' is a soft dependency and not included in the pycaret installation. Please run: `pip install xgboost` to install.
Alternately, you can install this by running `pip install pycaret[models]`
2025-04-25 03:17:11,070:WARNING:
'xgboost' is a soft dependency and not included in the pycaret installation. Please run: `pip install xgboost` to install.
Alternately, you can install this by running `pip install pycaret[models]`
2025-04-25 03:17:11,070:WARNING:
'catboost' is a soft dependency and not included in the pycaret installation. Please run: `pip install catboost` to install.
Alternately, you can install this by running `pip install pycaret[models]`
2025-04-25 03:17:11,070:WARNING:
'catboost' is a soft dependency and not included in the pycaret installation. Please run: `pip install catboost` to install.
Alternately, you can install this by running `pip install pycaret[models]`
2025-04-25 03:17:11,071:WARNING:
'prophet' is a soft dependency and not included in the pycaret installation. Please run: `pip install prophet` to install.
2025-04-25 03:17:11,073:WARNING:
'xgboost' is a soft dependency and not included in the pycaret installation. Please run: `pip install xgboost` to install.
Alternately, you can install this by running `pip install pycaret[models]`
2025-04-25 03:17:11,073:WARNING:
'xgboost' is a soft dependency and not included in the pycaret installation. Please run: `pip install xgboost` to install.
Alternately, you can install this by running `pip install pycaret[models]`
2025-04-25 03:17:11,073:WARNING:
'catboost' is a soft dependency and not included in the pycaret installation. Please run: `pip install catboost` to install.
Alternately, you can install this by running `pip install pycaret[models]`
2025-04-25 03:17:11,073:WARNING:
'catboost' is a soft dependency and not included in the pycaret installation. Please run: `pip install catboost` to install.
Alternately, you can install this by running `pip install pycaret[models]`
2025-04-25 03:17:11,075:WARNING:
'prophet' is a soft dependency and not included in the pycaret installation. Please run: `pip install prophet` to install.
2025-04-25 03:17:11,077:WARNING:
'xgboost' is a soft dependency and not included in the pycaret installation. Please run: `pip install xgboost` to install.
Alternately, you can install this by running `pip install pycaret[models]`
2025-04-25 03:17:11,077:WARNING:
'xgboost' is a soft dependency and not included in the pycaret installation. Please run: `pip install xgboost` to install.
Alternately, you can install this by running `pip install pycaret[models]`
2025-04-25 03:17:11,077:WARNING:
'catboost' is a soft dependency and not included in the pycaret installation. Please run: `pip install catboost` to install.
Alternately, you can install this by running `pip install pycaret[models]`
2025-04-25 03:17:11,077:WARNING:
'catboost' is a soft dependency and not included in the pycaret installation. Please run: `pip install catboost` to install.
Alternately, you can install this by running `pip install pycaret[models]`
2025-04-25 03:17:11,077:INFO:setup() successfully completed in 0.5s...............
2025-04-25 03:17:11,078:INFO:Initializing compare_models()
2025-04-25 03:17:11,078:INFO:compare_models(self=<pycaret.time_series.forecasting.oop.TSForecastingExperiment object at 0x310e33510>, include=['ets', 'exp_smooth'], exclude=None, fold=None, round=4, cross_validation=True, sort=RMSE, n_select=1, budget_time=None, turbo=True, errors=ignore, fit_kwargs=None, groups=None, experiment_custom_tags=None, probability_threshold=None, verbose=False, parallel=None, caller_params={'self': <pycaret.time_series.forecasting.oop.TSForecastingExperiment object at 0x310e33510>, 'include': ['ets', 'exp_smooth'], 'exclude': None, 'fold': None, 'round': 4, 'cross_validation': True, 'sort': 'RMSE', 'n_select': 1, 'budget_time': None, 'turbo': True, 'errors': 'ignore', 'fit_kwargs': None, 'experiment_custom_tags': None, 'engine': None, 'verbose': False, 'parallel': None, '__class__': <class 'pycaret.time_series.forecasting.oop.TSForecastingExperiment'>})
2025-04-25 03:17:11,078:INFO:Checking exceptions
2025-04-25 03:17:11,078:INFO:Preparing display monitor
2025-04-25 03:17:11,079:INFO:Initializing ETS
2025-04-25 03:17:11,079:INFO:Total runtime is 5.165735880533854e-07 minutes
2025-04-25 03:17:11,079:INFO:SubProcess create_model() called ==================================
2025-04-25 03:17:11,079:INFO:Initializing create_model()
2025-04-25 03:17:11,079:INFO:create_model(self=<pycaret.time_series.forecasting.oop.TSForecastingExperiment object at 0x310e33510>, estimator=ets, fold=None, round=4, cross_validation=True, predict=True, fit_kwargs={}, groups=None, refit=False, probability_threshold=None, experiment_custom_tags=None, verbose=False, system=False, add_to_model_list=True, metrics=None, display=<pycaret.internal.display.display.CommonDisplay object at 0x3152f2310>, model_only=True, return_train_score=False, error_score=0.0, kwargs={})
2025-04-25 03:17:11,079:INFO:Checking exceptions
2025-04-25 03:17:11,079:INFO:Importing libraries
2025-04-25 03:17:11,079:INFO:Copying training dataset
2025-04-25 03:17:11,080:INFO:Defining folds
2025-04-25 03:17:11,080:INFO:Declaring metric variables
2025-04-25 03:17:11,080:INFO:Importing untrained model
2025-04-25 03:17:11,081:INFO:ETS Imported successfully
2025-04-25 03:17:11,081:INFO:Starting cross validation
2025-04-25 03:17:11,082:INFO:Cross validating with ExpandingWindowSplitter(fh=ForecastingHorizon([ 1,  2,  3,  4,  5,  6,  7,  8,  9, 10, 11, 12, 13, 14, 15, 16, 17, 18,
       19, 20, 21, 22, 23, 24, 25, 26, 27, 28, 29, 30],
      dtype='int64', is_relative=True),
                        initial_window=1968, step_length=30), n_jobs=-1
2025-04-25 03:17:15,092:WARNING:/opt/anaconda3/envs/LSTM/lib/python3.11/site-packages/sklearn/metrics/_regression.py:483: FutureWarning: 'squared' is deprecated in version 1.4 and will be removed in 1.6. To calculate the root mean squared error, use the function'root_mean_squared_error'.
  warnings.warn(

2025-04-25 03:17:15,093:WARNING:/opt/anaconda3/envs/LSTM/lib/python3.11/site-packages/sklearn/metrics/_regression.py:483: FutureWarning: 'squared' is deprecated in version 1.4 and will be removed in 1.6. To calculate the root mean squared error, use the function'root_mean_squared_error'.
  warnings.warn(

2025-04-25 03:17:15,104:WARNING:/opt/anaconda3/envs/LSTM/lib/python3.11/site-packages/sklearn/metrics/_regression.py:483: FutureWarning: 'squared' is deprecated in version 1.4 and will be removed in 1.6. To calculate the root mean squared error, use the function'root_mean_squared_error'.
  warnings.warn(

2025-04-25 03:17:15,104:WARNING:/opt/anaconda3/envs/LSTM/lib/python3.11/site-packages/sklearn/metrics/_regression.py:483: FutureWarning: 'squared' is deprecated in version 1.4 and will be removed in 1.6. To calculate the root mean squared error, use the function'root_mean_squared_error'.
  warnings.warn(

2025-04-25 03:17:15,116:WARNING:/opt/anaconda3/envs/LSTM/lib/python3.11/site-packages/sklearn/metrics/_regression.py:483: FutureWarning: 'squared' is deprecated in version 1.4 and will be removed in 1.6. To calculate the root mean squared error, use the function'root_mean_squared_error'.
  warnings.warn(

2025-04-25 03:17:15,116:WARNING:/opt/anaconda3/envs/LSTM/lib/python3.11/site-packages/sklearn/metrics/_regression.py:483: FutureWarning: 'squared' is deprecated in version 1.4 and will be removed in 1.6. To calculate the root mean squared error, use the function'root_mean_squared_error'.
  warnings.warn(

2025-04-25 03:17:15,132:INFO:Calculating mean and std
2025-04-25 03:17:15,133:INFO:Creating metrics dataframe
2025-04-25 03:17:15,145:INFO:Uploading results into container
2025-04-25 03:17:15,145:INFO:Uploading model into container now
2025-04-25 03:17:15,147:INFO:_master_model_container: 1
2025-04-25 03:17:15,147:INFO:_display_container: 2
2025-04-25 03:17:15,148:INFO:AutoETS(seasonal='mul', sp=6, trend='add')
2025-04-25 03:17:15,148:INFO:create_model() successfully completed......................................
2025-04-25 03:17:15,380:INFO:SubProcess create_model() end ==================================
2025-04-25 03:17:15,380:INFO:Creating metrics dataframe
2025-04-25 03:17:15,381:INFO:Initializing Exponential Smoothing
2025-04-25 03:17:15,381:INFO:Total runtime is 0.07169815301895142 minutes
2025-04-25 03:17:15,381:INFO:SubProcess create_model() called ==================================
2025-04-25 03:17:15,381:INFO:Initializing create_model()
2025-04-25 03:17:15,381:INFO:create_model(self=<pycaret.time_series.forecasting.oop.TSForecastingExperiment object at 0x310e33510>, estimator=exp_smooth, fold=None, round=4, cross_validation=True, predict=True, fit_kwargs={}, groups=None, refit=False, probability_threshold=None, experiment_custom_tags=None, verbose=False, system=False, add_to_model_list=True, metrics=None, display=<pycaret.internal.display.display.CommonDisplay object at 0x3152f2310>, model_only=True, return_train_score=False, error_score=0.0, kwargs={})
2025-04-25 03:17:15,381:INFO:Checking exceptions
2025-04-25 03:17:15,381:INFO:Importing libraries
2025-04-25 03:17:15,381:INFO:Copying training dataset
2025-04-25 03:17:15,382:INFO:Defining folds
2025-04-25 03:17:15,382:INFO:Declaring metric variables
2025-04-25 03:17:15,382:INFO:Importing untrained model
2025-04-25 03:17:15,383:INFO:Exponential Smoothing Imported successfully
2025-04-25 03:17:15,383:INFO:Starting cross validation
2025-04-25 03:17:15,384:INFO:Cross validating with ExpandingWindowSplitter(fh=ForecastingHorizon([ 1,  2,  3,  4,  5,  6,  7,  8,  9, 10, 11, 12, 13, 14, 15, 16, 17, 18,
       19, 20, 21, 22, 23, 24, 25, 26, 27, 28, 29, 30],
      dtype='int64', is_relative=True),
                        initial_window=1968, step_length=30), n_jobs=-1
2025-04-25 03:17:15,634:WARNING:/opt/anaconda3/envs/LSTM/lib/python3.11/site-packages/statsmodels/tsa/holtwinters/model.py:918: ConvergenceWarning: Optimization failed to converge. Check mle_retvals.
  warnings.warn(

2025-04-25 03:17:15,642:WARNING:/opt/anaconda3/envs/LSTM/lib/python3.11/site-packages/statsmodels/tsa/holtwinters/model.py:918: ConvergenceWarning: Optimization failed to converge. Check mle_retvals.
  warnings.warn(

2025-04-25 03:17:15,659:WARNING:/opt/anaconda3/envs/LSTM/lib/python3.11/site-packages/sklearn/metrics/_regression.py:483: FutureWarning: 'squared' is deprecated in version 1.4 and will be removed in 1.6. To calculate the root mean squared error, use the function'root_mean_squared_error'.
  warnings.warn(

2025-04-25 03:17:15,660:WARNING:/opt/anaconda3/envs/LSTM/lib/python3.11/site-packages/sklearn/metrics/_regression.py:483: FutureWarning: 'squared' is deprecated in version 1.4 and will be removed in 1.6. To calculate the root mean squared error, use the function'root_mean_squared_error'.
  warnings.warn(

2025-04-25 03:17:15,666:WARNING:/opt/anaconda3/envs/LSTM/lib/python3.11/site-packages/sklearn/metrics/_regression.py:483: FutureWarning: 'squared' is deprecated in version 1.4 and will be removed in 1.6. To calculate the root mean squared error, use the function'root_mean_squared_error'.
  warnings.warn(

2025-04-25 03:17:15,666:WARNING:/opt/anaconda3/envs/LSTM/lib/python3.11/site-packages/sklearn/metrics/_regression.py:483: FutureWarning: 'squared' is deprecated in version 1.4 and will be removed in 1.6. To calculate the root mean squared error, use the function'root_mean_squared_error'.
  warnings.warn(

2025-04-25 03:17:16,856:WARNING:/opt/anaconda3/envs/LSTM/lib/python3.11/site-packages/statsmodels/tsa/holtwinters/model.py:918: ConvergenceWarning: Optimization failed to converge. Check mle_retvals.
  warnings.warn(

2025-04-25 03:17:16,886:WARNING:/opt/anaconda3/envs/LSTM/lib/python3.11/site-packages/sklearn/metrics/_regression.py:483: FutureWarning: 'squared' is deprecated in version 1.4 and will be removed in 1.6. To calculate the root mean squared error, use the function'root_mean_squared_error'.
  warnings.warn(

2025-04-25 03:17:16,888:WARNING:/opt/anaconda3/envs/LSTM/lib/python3.11/site-packages/sklearn/metrics/_regression.py:483: FutureWarning: 'squared' is deprecated in version 1.4 and will be removed in 1.6. To calculate the root mean squared error, use the function'root_mean_squared_error'.
  warnings.warn(

2025-04-25 03:17:16,902:INFO:Calculating mean and std
2025-04-25 03:17:16,909:INFO:Creating metrics dataframe
2025-04-25 03:17:16,913:INFO:Uploading results into container
2025-04-25 03:17:16,913:INFO:Uploading model into container now
2025-04-25 03:17:16,913:INFO:_master_model_container: 2
2025-04-25 03:17:16,913:INFO:_display_container: 2
2025-04-25 03:17:16,914:INFO:ExponentialSmoothing(seasonal='mul', sp=6, trend='add')
2025-04-25 03:17:16,914:INFO:create_model() successfully completed......................................
2025-04-25 03:17:17,041:INFO:SubProcess create_model() end ==================================
2025-04-25 03:17:17,041:INFO:Creating metrics dataframe
2025-04-25 03:17:17,043:INFO:Initializing create_model()
2025-04-25 03:17:17,043:INFO:create_model(self=<pycaret.time_series.forecasting.oop.TSForecastingExperiment object at 0x310e33510>, estimator=AutoETS(seasonal='mul', sp=6, trend='add'), fold=None, round=4, cross_validation=False, predict=False, fit_kwargs={}, groups=None, refit=True, probability_threshold=None, experiment_custom_tags=None, verbose=False, system=False, add_to_model_list=True, metrics=None, display=None, model_only=True, return_train_score=False, error_score=0.0, kwargs={})
2025-04-25 03:17:17,043:INFO:Checking exceptions
2025-04-25 03:17:17,044:INFO:Importing libraries
2025-04-25 03:17:17,044:INFO:Copying training dataset
2025-04-25 03:17:17,045:INFO:Defining folds
2025-04-25 03:17:17,045:INFO:Declaring metric variables
2025-04-25 03:17:17,045:INFO:Importing untrained model
2025-04-25 03:17:17,045:INFO:Declaring custom model
2025-04-25 03:17:17,046:INFO:ETS Imported successfully
2025-04-25 03:17:17,046:INFO:Cross validation set to False
2025-04-25 03:17:17,046:INFO:Fitting Model
2025-04-25 03:17:17,151:INFO:AutoETS(seasonal='mul', sp=6, trend='add')
2025-04-25 03:17:17,151:INFO:create_model() successfully completed......................................
2025-04-25 03:17:17,270:INFO:_master_model_container: 2
2025-04-25 03:17:17,270:INFO:_display_container: 2
2025-04-25 03:17:17,271:INFO:AutoETS(seasonal='mul', sp=6, trend='add')
2025-04-25 03:17:17,271:INFO:compare_models() successfully completed......................................
2025-04-25 03:17:17,271:INFO:Initializing create_model()
2025-04-25 03:17:17,271:INFO:create_model(self=<pycaret.time_series.forecasting.oop.TSForecastingExperiment object at 0x310e33510>, estimator=AutoETS(seasonal='mul', sp=6, trend='add'), fold=None, round=4, cross_validation=True, predict=True, fit_kwargs=None, groups=None, refit=True, probability_threshold=None, experiment_custom_tags=None, verbose=False, system=True, add_to_model_list=True, metrics=None, display=None, model_only=True, return_train_score=False, error_score=0.0, kwargs={})
2025-04-25 03:17:17,271:INFO:Checking exceptions
2025-04-25 03:17:17,272:INFO:Importing libraries
2025-04-25 03:17:17,272:INFO:Copying training dataset
2025-04-25 03:17:17,274:INFO:Defining folds
2025-04-25 03:17:17,274:INFO:Declaring metric variables
2025-04-25 03:17:17,274:INFO:Importing untrained model
2025-04-25 03:17:17,274:INFO:Declaring custom model
2025-04-25 03:17:17,274:INFO:ETS Imported successfully
2025-04-25 03:17:17,275:INFO:Starting cross validation
2025-04-25 03:17:17,276:INFO:Cross validating with ExpandingWindowSplitter(fh=ForecastingHorizon([ 1,  2,  3,  4,  5,  6,  7,  8,  9, 10, 11, 12, 13, 14, 15, 16, 17, 18,
       19, 20, 21, 22, 23, 24, 25, 26, 27, 28, 29, 30],
      dtype='int64', is_relative=True),
                        initial_window=1968, step_length=30), n_jobs=-1
2025-04-25 03:17:17,426:WARNING:/opt/anaconda3/envs/LSTM/lib/python3.11/site-packages/sklearn/metrics/_regression.py:483: FutureWarning: 'squared' is deprecated in version 1.4 and will be removed in 1.6. To calculate the root mean squared error, use the function'root_mean_squared_error'.
  warnings.warn(

2025-04-25 03:17:17,426:WARNING:/opt/anaconda3/envs/LSTM/lib/python3.11/site-packages/sklearn/metrics/_regression.py:483: FutureWarning: 'squared' is deprecated in version 1.4 and will be removed in 1.6. To calculate the root mean squared error, use the function'root_mean_squared_error'.
  warnings.warn(

2025-04-25 03:17:18,748:WARNING:/opt/anaconda3/envs/LSTM/lib/python3.11/site-packages/sklearn/metrics/_regression.py:483: FutureWarning: 'squared' is deprecated in version 1.4 and will be removed in 1.6. To calculate the root mean squared error, use the function'root_mean_squared_error'.
  warnings.warn(

2025-04-25 03:17:18,748:WARNING:/opt/anaconda3/envs/LSTM/lib/python3.11/site-packages/sklearn/metrics/_regression.py:483: FutureWarning: 'squared' is deprecated in version 1.4 and will be removed in 1.6. To calculate the root mean squared error, use the function'root_mean_squared_error'.
  warnings.warn(

2025-04-25 03:17:18,748:WARNING:/opt/anaconda3/envs/LSTM/lib/python3.11/site-packages/sklearn/metrics/_regression.py:483: FutureWarning: 'squared' is deprecated in version 1.4 and will be removed in 1.6. To calculate the root mean squared error, use the function'root_mean_squared_error'.
  warnings.warn(

2025-04-25 03:17:18,748:WARNING:/opt/anaconda3/envs/LSTM/lib/python3.11/site-packages/sklearn/metrics/_regression.py:483: FutureWarning: 'squared' is deprecated in version 1.4 and will be removed in 1.6. To calculate the root mean squared error, use the function'root_mean_squared_error'.
  warnings.warn(

2025-04-25 03:17:18,752:INFO:Calculating mean and std
2025-04-25 03:17:18,752:INFO:Creating metrics dataframe
2025-04-25 03:17:18,754:INFO:Finalizing model
2025-04-25 03:17:18,864:INFO:Uploading results into container
2025-04-25 03:17:18,864:INFO:Uploading model into container now
2025-04-25 03:17:18,864:INFO:_master_model_container: 3
2025-04-25 03:17:18,864:INFO:_display_container: 3
2025-04-25 03:17:18,864:INFO:AutoETS(seasonal='mul', sp=6, trend='add')
2025-04-25 03:17:18,864:INFO:create_model() successfully completed......................................
2025-04-25 03:17:18,983:INFO:Initializing get_config()
2025-04-25 03:17:18,984:INFO:get_config(self=<pycaret.time_series.forecasting.oop.TSForecastingExperiment object at 0x310e33510>, variable=y_train)
2025-04-25 03:17:18,984:INFO:Variable: 'y_train' used to return the transformed values in PyCaret 2.x. From PyCaret 3.x, this will return the raw values. If you need the transformed values, call get_config with 'y_train_transformed' instead.
2025-04-25 03:17:18,986:INFO:Variable:  returned as Date
2017-11-09     320.884003
2017-11-10     299.252991
2017-11-11     314.681000
2017-11-12     307.907990
2017-11-13     316.716003
                 ...     
2023-06-24    1876.059692
2023-06-25    1900.506104
2023-06-26    1859.432861
2023-06-27    1889.703369
2023-06-28    1827.971191
Freq: D, Name: ('Close', 'ETH-USD'), Length: 2058, dtype: float64
2025-04-25 03:17:18,986:INFO:get_config() successfully completed......................................
