2025-04-14 19:18:10,971:WARNING:
'prophet' is a soft dependency and not included in the pycaret installation. Please run: `pip install prophet` to install.
2025-04-14 19:18:20,478:INFO:PyCaret TSForecastingExperiment
2025-04-14 19:18:20,479:INFO:Logging name: ts-default-name
2025-04-14 19:18:20,479:INFO:ML Usecase: MLUsecase.TIME_SERIES
2025-04-14 19:18:20,480:INFO:version 3.3.2
2025-04-14 19:18:20,480:INFO:Initializing setup()
2025-04-14 19:18:20,480:INFO:self.USI: a995
2025-04-14 19:18:20,480:INFO:self._variable_keys: {'_available_plots', 'gpu_n_jobs_param', 'log_plots_param', 'memory', 'y_test_transformed', 'significant_sps_no_harmonics', 'idx', 'y', 'primary_sp_to_use', 'significant_sps', 'X_test_transformed', 'strictly_positive', 'fold_generator', 'y_train', 'X_test', 'enforce_exogenous', '_ml_usecase', 'y_test', 'seed', 'n_jobs_param', 'exp_id', 'model_engines', 'logging_param', 'X_train', 'fold_param', 'exogenous_present', 'gpu_param', 'html_param', 'exp_name_log', 'pipeline', 'enforce_pi', 'candidate_sps', 'X_train_transformed', 'approach_type', 'X', 'X_transformed', 'y_train_transformed', 'seasonality_present', 'USI', 'index_type', 'y_transformed', 'fh', 'data', 'all_sps_to_use'}
2025-04-14 19:18:20,480:INFO:Checking environment
2025-04-14 19:18:20,481:INFO:python_version: 3.11.8
2025-04-14 19:18:20,481:INFO:python_build: ('main', 'Feb 16 2024 20:49:36')
2025-04-14 19:18:20,481:INFO:machine: arm64
2025-04-14 19:18:20,481:INFO:platform: macOS-15.3.1-arm64-arm-64bit
2025-04-14 19:18:20,482:INFO:Memory: svmem(total=17179869184, available=3601285120, percent=79.0, used=5941166080, free=65323008, active=3546382336, inactive=3530637312, wired=2394783744)
2025-04-14 19:18:20,482:INFO:Physical Core: 8
2025-04-14 19:18:20,483:INFO:Logical Core: 8
2025-04-14 19:18:20,485:INFO:Checking libraries
2025-04-14 19:18:20,485:INFO:System:
2025-04-14 19:18:20,485:INFO:    python: 3.11.8 | packaged by conda-forge | (main, Feb 16 2024, 20:49:36) [Clang 16.0.6 ]
2025-04-14 19:18:20,485:INFO:executable: /opt/anaconda3/envs/LSTM/bin/python
2025-04-14 19:18:20,485:INFO:   machine: macOS-15.3.1-arm64-arm-64bit
2025-04-14 19:18:20,485:INFO:PyCaret required dependencies:
2025-04-14 19:18:20,536:INFO:                 pip: 25.0
2025-04-14 19:18:20,536:INFO:          setuptools: 75.8.0
2025-04-14 19:18:20,536:INFO:             pycaret: 3.3.2
2025-04-14 19:18:20,536:INFO:             IPython: 8.32.0
2025-04-14 19:18:20,536:INFO:          ipywidgets: 8.1.5
2025-04-14 19:18:20,536:INFO:                tqdm: 4.67.1
2025-04-14 19:18:20,536:INFO:               numpy: 1.26.4
2025-04-14 19:18:20,536:INFO:              pandas: 2.1.4
2025-04-14 19:18:20,536:INFO:              jinja2: 3.1.5
2025-04-14 19:18:20,536:INFO:               scipy: 1.11.4
2025-04-14 19:18:20,536:INFO:              joblib: 1.3.2
2025-04-14 19:18:20,536:INFO:             sklearn: 1.4.2
2025-04-14 19:18:20,536:INFO:                pyod: 2.0.3
2025-04-14 19:18:20,536:INFO:            imblearn: 0.13.0
2025-04-14 19:18:20,536:INFO:   category_encoders: 2.7.0
2025-04-14 19:18:20,536:INFO:            lightgbm: 4.6.0
2025-04-14 19:18:20,536:INFO:               numba: 0.61.0
2025-04-14 19:18:20,536:INFO:            requests: 2.32.3
2025-04-14 19:18:20,536:INFO:          matplotlib: 3.7.5
2025-04-14 19:18:20,536:INFO:          scikitplot: 0.3.7
2025-04-14 19:18:20,536:INFO:         yellowbrick: 1.5
2025-04-14 19:18:20,536:INFO:              plotly: 5.24.1
2025-04-14 19:18:20,536:INFO:    plotly-resampler: Not installed
2025-04-14 19:18:20,536:INFO:             kaleido: 0.2.1
2025-04-14 19:18:20,536:INFO:           schemdraw: 0.15
2025-04-14 19:18:20,536:INFO:         statsmodels: 0.14.4
2025-04-14 19:18:20,536:INFO:              sktime: 0.26.0
2025-04-14 19:18:20,536:INFO:               tbats: 1.1.3
2025-04-14 19:18:20,536:INFO:            pmdarima: 2.0.4
2025-04-14 19:18:20,536:INFO:              psutil: 5.9.0
2025-04-14 19:18:20,536:INFO:          markupsafe: 3.0.2
2025-04-14 19:18:20,536:INFO:             pickle5: Not installed
2025-04-14 19:18:20,536:INFO:         cloudpickle: 3.1.1
2025-04-14 19:18:20,536:INFO:         deprecation: 2.1.0
2025-04-14 19:18:20,536:INFO:              xxhash: 3.5.0
2025-04-14 19:18:20,536:INFO:           wurlitzer: 3.1.1
2025-04-14 19:18:20,536:INFO:PyCaret optional dependencies:
2025-04-14 19:18:20,553:INFO:                shap: Not installed
2025-04-14 19:18:20,553:INFO:           interpret: Not installed
2025-04-14 19:18:20,553:INFO:                umap: Not installed
2025-04-14 19:18:20,553:INFO:     ydata_profiling: Not installed
2025-04-14 19:18:20,554:INFO:  explainerdashboard: Not installed
2025-04-14 19:18:20,554:INFO:             autoviz: Not installed
2025-04-14 19:18:20,554:INFO:           fairlearn: Not installed
2025-04-14 19:18:20,554:INFO:          deepchecks: Not installed
2025-04-14 19:18:20,554:INFO:             xgboost: Not installed
2025-04-14 19:18:20,554:INFO:            catboost: Not installed
2025-04-14 19:18:20,554:INFO:              kmodes: Not installed
2025-04-14 19:18:20,554:INFO:             mlxtend: Not installed
2025-04-14 19:18:20,554:INFO:       statsforecast: Not installed
2025-04-14 19:18:20,554:INFO:        tune_sklearn: Not installed
2025-04-14 19:18:20,554:INFO:                 ray: Not installed
2025-04-14 19:18:20,554:INFO:            hyperopt: Not installed
2025-04-14 19:18:20,554:INFO:              optuna: Not installed
2025-04-14 19:18:20,554:INFO:               skopt: Not installed
2025-04-14 19:18:20,554:INFO:              mlflow: Not installed
2025-04-14 19:18:20,554:INFO:              gradio: Not installed
2025-04-14 19:18:20,554:INFO:             fastapi: Not installed
2025-04-14 19:18:20,554:INFO:             uvicorn: Not installed
2025-04-14 19:18:20,554:INFO:              m2cgen: Not installed
2025-04-14 19:18:20,554:INFO:           evidently: Not installed
2025-04-14 19:18:20,554:INFO:               fugue: Not installed
2025-04-14 19:18:20,554:INFO:           streamlit: Not installed
2025-04-14 19:18:20,554:INFO:             prophet: Not installed
2025-04-14 19:18:20,554:INFO:None
2025-04-14 19:18:20,558:INFO:Set Forecast Horizon.
2025-04-14 19:18:20,558:INFO:Set up Train-Test Splits.
2025-04-14 19:18:20,571:INFO:Preparing preprocessing pipeline...
2025-04-14 19:18:20,571:INFO:Set up imputation for Target variable(s).
2025-04-14 19:18:20,642:INFO:Finished creating preprocessing pipeline.
2025-04-14 19:18:20,646:INFO:Pipeline: ForecastingPipeline(steps=[('forecaster',
                            TransformedTargetForecaster(steps=[('transformer_target',
                                                                TransformerPipeline(steps=[('numerical_imputer',
                                                                                            Imputer(method='ffill',
                                                                                                    random_state=123))])),
                                                               ('model',
                                                                DummyForecaster())]))])
2025-04-14 19:18:20,646:INFO:Set up Seasonal Period.
2025-04-14 19:18:20,657:INFO:Setting the seasonal component type - 'add' or 'mul'.
2025-04-14 19:18:20,657:INFO:Checking if data is strictly positive.
2025-04-14 19:18:20,787:INFO:Creating final display dataframe.
2025-04-14 19:18:20,896:INFO:Setup Display Container:                                           Description  \
0                                          session_id   
1                                              Target   
2                                            Approach   
3                                 Exogenous Variables   
4                                 Original data shape   
5                              Transformed data shape   
6                         Transformed train set shape   
7                          Transformed test set shape   
8                            Rows with missing values   
9                                      Fold Generator   
10                                        Fold Number   
11                        Enforce Prediction Interval   
12                    Splits used for hyperparameters   
13                    User Defined Seasonal Period(s)   
14                            Ignore Seasonality Test   
15                         Seasonality Detection Algo   
16                             Max Period to Consider   
17                          Seasonal Period(s) Tested   
18                     Significant Seasonal Period(s)   
19   Significant Seasonal Period(s) without Harmonics   
20                                   Remove Harmonics   
21                             Harmonics Order Method   
22                           Num Seasonalities to Use   
23                           All Seasonalities to Use   
24                                Primary Seasonality   
25                                Seasonality Present   
26                                   Seasonality Type   
27                           Target Strictly Positive   
28                                 Target White Noise   
29                                      Recommended d   
30                             Recommended Seasonal D   
31                                         Preprocess   
32                      Numerical Imputation (Target)   
33                            Transformation (Target)   
34                                   Scaling (Target)   
35  Feature Engineering (Target) - Reduced Regression   
36                                           CPU Jobs   
37                                            Use GPU   
38                                     Log Experiment   
39                                    Experiment Name   
40                                                USI   

                              Value  
0                               123  
1              ('Close', 'BTC-USD')  
2                        Univariate  
3                       Not Present  
4                         (1461, 1)  
5                         (1461, 1)  
6                         (1431, 1)  
7                           (30, 1)  
8                              0.0%  
9           ExpandingWindowSplitter  
10                                3  
11                            False  
12                              all  
13                             None  
14                            False  
15                             auto  
16                               60  
17  [33, 9, 44, 24, 31, 37, 40, 20]  
18  [33, 9, 44, 24, 31, 37, 40, 20]  
19      [33, 9, 44, 24, 31, 37, 40]  
20                            False  
21                     harmonic_max  
22                                1  
23                             [33]  
24                               33  
25                             True  
26                              mul  
27                             True  
28                               No  
29                                1  
30                                0  
31                             True  
32                            ffill  
33                             None  
34                             None  
35                            False  
36                               -1  
37                            False  
38                            False  
39                  ts-default-name  
40                             a995  
2025-04-14 19:18:20,896:INFO:Engine successfully changes for model 'auto_arima' to 'pmdarima'.
2025-04-14 19:18:20,911:WARNING:
'prophet' is a soft dependency and not included in the pycaret installation. Please run: `pip install prophet` to install.
2025-04-14 19:18:20,911:INFO:Engine for model 'lr_cds_dt' has not been set explicitly, hence returning None.
2025-04-14 19:18:20,911:INFO:Engine for model 'en_cds_dt' has not been set explicitly, hence returning None.
2025-04-14 19:18:20,911:INFO:Engine for model 'ridge_cds_dt' has not been set explicitly, hence returning None.
2025-04-14 19:18:20,912:INFO:Engine for model 'lasso_cds_dt' has not been set explicitly, hence returning None.
2025-04-14 19:18:20,912:INFO:Engine for model 'llar_cds_dt' has not been set explicitly, hence returning None.
2025-04-14 19:18:20,912:INFO:Engine for model 'br_cds_dt' has not been set explicitly, hence returning None.
2025-04-14 19:18:20,912:INFO:Engine for model 'huber_cds_dt' has not been set explicitly, hence returning None.
2025-04-14 19:18:20,913:INFO:Engine for model 'omp_cds_dt' has not been set explicitly, hence returning None.
2025-04-14 19:18:20,913:INFO:Engine for model 'knn_cds_dt' has not been set explicitly, hence returning None.
2025-04-14 19:18:20,913:INFO:Engine for model 'dt_cds_dt' has not been set explicitly, hence returning None.
2025-04-14 19:18:20,914:INFO:Engine for model 'rf_cds_dt' has not been set explicitly, hence returning None.
2025-04-14 19:18:20,914:INFO:Engine for model 'et_cds_dt' has not been set explicitly, hence returning None.
2025-04-14 19:18:20,914:INFO:Engine for model 'gbr_cds_dt' has not been set explicitly, hence returning None.
2025-04-14 19:18:20,915:INFO:Engine for model 'ada_cds_dt' has not been set explicitly, hence returning None.
2025-04-14 19:18:20,915:INFO:Engine for model 'xgboost_cds_dt' has not been set explicitly, hence returning None.
2025-04-14 19:18:20,915:WARNING:
'xgboost' is a soft dependency and not included in the pycaret installation. Please run: `pip install xgboost` to install.
Alternately, you can install this by running `pip install pycaret[models]`
2025-04-14 19:18:20,915:WARNING:
'xgboost' is a soft dependency and not included in the pycaret installation. Please run: `pip install xgboost` to install.
Alternately, you can install this by running `pip install pycaret[models]`
2025-04-14 19:18:20,915:INFO:Engine for model 'lightgbm_cds_dt' has not been set explicitly, hence returning None.
2025-04-14 19:18:20,916:INFO:Engine for model 'catboost_cds_dt' has not been set explicitly, hence returning None.
2025-04-14 19:18:20,916:WARNING:
'catboost' is a soft dependency and not included in the pycaret installation. Please run: `pip install catboost` to install.
Alternately, you can install this by running `pip install pycaret[models]`
2025-04-14 19:18:20,916:WARNING:
'catboost' is a soft dependency and not included in the pycaret installation. Please run: `pip install catboost` to install.
Alternately, you can install this by running `pip install pycaret[models]`
2025-04-14 19:18:20,919:WARNING:
'prophet' is a soft dependency and not included in the pycaret installation. Please run: `pip install prophet` to install.
2025-04-14 19:18:20,919:INFO:Engine for model 'lr_cds_dt' has not been set explicitly, hence returning None.
2025-04-14 19:18:20,919:INFO:Engine for model 'en_cds_dt' has not been set explicitly, hence returning None.
2025-04-14 19:18:20,919:INFO:Engine for model 'ridge_cds_dt' has not been set explicitly, hence returning None.
2025-04-14 19:18:20,919:INFO:Engine for model 'lasso_cds_dt' has not been set explicitly, hence returning None.
2025-04-14 19:18:20,919:INFO:Engine for model 'llar_cds_dt' has not been set explicitly, hence returning None.
2025-04-14 19:18:20,919:INFO:Engine for model 'br_cds_dt' has not been set explicitly, hence returning None.
2025-04-14 19:18:20,920:INFO:Engine for model 'huber_cds_dt' has not been set explicitly, hence returning None.
2025-04-14 19:18:20,920:INFO:Engine for model 'omp_cds_dt' has not been set explicitly, hence returning None.
2025-04-14 19:18:20,921:INFO:Engine for model 'knn_cds_dt' has not been set explicitly, hence returning None.
2025-04-14 19:18:20,921:INFO:Engine for model 'dt_cds_dt' has not been set explicitly, hence returning None.
2025-04-14 19:18:20,921:INFO:Engine for model 'rf_cds_dt' has not been set explicitly, hence returning None.
2025-04-14 19:18:20,921:INFO:Engine for model 'et_cds_dt' has not been set explicitly, hence returning None.
2025-04-14 19:18:20,921:INFO:Engine for model 'gbr_cds_dt' has not been set explicitly, hence returning None.
2025-04-14 19:18:20,921:INFO:Engine for model 'ada_cds_dt' has not been set explicitly, hence returning None.
2025-04-14 19:18:20,921:INFO:Engine for model 'xgboost_cds_dt' has not been set explicitly, hence returning None.
2025-04-14 19:18:20,921:WARNING:
'xgboost' is a soft dependency and not included in the pycaret installation. Please run: `pip install xgboost` to install.
Alternately, you can install this by running `pip install pycaret[models]`
2025-04-14 19:18:20,921:WARNING:
'xgboost' is a soft dependency and not included in the pycaret installation. Please run: `pip install xgboost` to install.
Alternately, you can install this by running `pip install pycaret[models]`
2025-04-14 19:18:20,921:INFO:Engine for model 'lightgbm_cds_dt' has not been set explicitly, hence returning None.
2025-04-14 19:18:20,922:INFO:Engine for model 'catboost_cds_dt' has not been set explicitly, hence returning None.
2025-04-14 19:18:20,922:WARNING:
'catboost' is a soft dependency and not included in the pycaret installation. Please run: `pip install catboost` to install.
Alternately, you can install this by running `pip install pycaret[models]`
2025-04-14 19:18:20,922:WARNING:
'catboost' is a soft dependency and not included in the pycaret installation. Please run: `pip install catboost` to install.
Alternately, you can install this by running `pip install pycaret[models]`
2025-04-14 19:18:20,922:INFO:Engine successfully changes for model 'lr_cds_dt' to 'sklearn'.
2025-04-14 19:18:20,923:WARNING:
'prophet' is a soft dependency and not included in the pycaret installation. Please run: `pip install prophet` to install.
2025-04-14 19:18:20,923:INFO:Engine for model 'en_cds_dt' has not been set explicitly, hence returning None.
2025-04-14 19:18:20,923:INFO:Engine for model 'ridge_cds_dt' has not been set explicitly, hence returning None.
2025-04-14 19:18:20,923:INFO:Engine for model 'lasso_cds_dt' has not been set explicitly, hence returning None.
2025-04-14 19:18:20,923:INFO:Engine for model 'llar_cds_dt' has not been set explicitly, hence returning None.
2025-04-14 19:18:20,923:INFO:Engine for model 'br_cds_dt' has not been set explicitly, hence returning None.
2025-04-14 19:18:20,924:INFO:Engine for model 'huber_cds_dt' has not been set explicitly, hence returning None.
2025-04-14 19:18:20,984:INFO:Engine for model 'omp_cds_dt' has not been set explicitly, hence returning None.
2025-04-14 19:18:20,985:INFO:Engine for model 'knn_cds_dt' has not been set explicitly, hence returning None.
2025-04-14 19:18:20,985:INFO:Engine for model 'dt_cds_dt' has not been set explicitly, hence returning None.
2025-04-14 19:18:20,985:INFO:Engine for model 'rf_cds_dt' has not been set explicitly, hence returning None.
2025-04-14 19:18:20,985:INFO:Engine for model 'et_cds_dt' has not been set explicitly, hence returning None.
2025-04-14 19:18:20,985:INFO:Engine for model 'gbr_cds_dt' has not been set explicitly, hence returning None.
2025-04-14 19:18:20,986:INFO:Engine for model 'ada_cds_dt' has not been set explicitly, hence returning None.
2025-04-14 19:18:20,986:INFO:Engine for model 'xgboost_cds_dt' has not been set explicitly, hence returning None.
2025-04-14 19:18:20,986:WARNING:
'xgboost' is a soft dependency and not included in the pycaret installation. Please run: `pip install xgboost` to install.
Alternately, you can install this by running `pip install pycaret[models]`
2025-04-14 19:18:20,986:WARNING:
'xgboost' is a soft dependency and not included in the pycaret installation. Please run: `pip install xgboost` to install.
Alternately, you can install this by running `pip install pycaret[models]`
2025-04-14 19:18:20,986:INFO:Engine for model 'lightgbm_cds_dt' has not been set explicitly, hence returning None.
2025-04-14 19:18:20,986:INFO:Engine for model 'catboost_cds_dt' has not been set explicitly, hence returning None.
2025-04-14 19:18:20,986:WARNING:
'catboost' is a soft dependency and not included in the pycaret installation. Please run: `pip install catboost` to install.
Alternately, you can install this by running `pip install pycaret[models]`
2025-04-14 19:18:20,986:WARNING:
'catboost' is a soft dependency and not included in the pycaret installation. Please run: `pip install catboost` to install.
Alternately, you can install this by running `pip install pycaret[models]`
2025-04-14 19:18:20,987:WARNING:
'prophet' is a soft dependency and not included in the pycaret installation. Please run: `pip install prophet` to install.
2025-04-14 19:18:20,987:INFO:Engine for model 'en_cds_dt' has not been set explicitly, hence returning None.
2025-04-14 19:18:20,988:INFO:Engine for model 'ridge_cds_dt' has not been set explicitly, hence returning None.
2025-04-14 19:18:20,988:INFO:Engine for model 'lasso_cds_dt' has not been set explicitly, hence returning None.
2025-04-14 19:18:20,988:INFO:Engine for model 'llar_cds_dt' has not been set explicitly, hence returning None.
2025-04-14 19:18:20,988:INFO:Engine for model 'br_cds_dt' has not been set explicitly, hence returning None.
2025-04-14 19:18:20,988:INFO:Engine for model 'huber_cds_dt' has not been set explicitly, hence returning None.
2025-04-14 19:18:20,989:INFO:Engine for model 'omp_cds_dt' has not been set explicitly, hence returning None.
2025-04-14 19:18:20,990:INFO:Engine for model 'knn_cds_dt' has not been set explicitly, hence returning None.
2025-04-14 19:18:20,990:INFO:Engine for model 'dt_cds_dt' has not been set explicitly, hence returning None.
2025-04-14 19:18:20,990:INFO:Engine for model 'rf_cds_dt' has not been set explicitly, hence returning None.
2025-04-14 19:18:20,990:INFO:Engine for model 'et_cds_dt' has not been set explicitly, hence returning None.
2025-04-14 19:18:20,990:INFO:Engine for model 'gbr_cds_dt' has not been set explicitly, hence returning None.
2025-04-14 19:18:20,991:INFO:Engine for model 'ada_cds_dt' has not been set explicitly, hence returning None.
2025-04-14 19:18:20,993:INFO:Engine for model 'xgboost_cds_dt' has not been set explicitly, hence returning None.
2025-04-14 19:18:20,993:WARNING:
'xgboost' is a soft dependency and not included in the pycaret installation. Please run: `pip install xgboost` to install.
Alternately, you can install this by running `pip install pycaret[models]`
2025-04-14 19:18:20,993:WARNING:
'xgboost' is a soft dependency and not included in the pycaret installation. Please run: `pip install xgboost` to install.
Alternately, you can install this by running `pip install pycaret[models]`
2025-04-14 19:18:20,993:INFO:Engine for model 'lightgbm_cds_dt' has not been set explicitly, hence returning None.
2025-04-14 19:18:20,993:INFO:Engine for model 'catboost_cds_dt' has not been set explicitly, hence returning None.
2025-04-14 19:18:20,993:WARNING:
'catboost' is a soft dependency and not included in the pycaret installation. Please run: `pip install catboost` to install.
Alternately, you can install this by running `pip install pycaret[models]`
2025-04-14 19:18:20,993:WARNING:
'catboost' is a soft dependency and not included in the pycaret installation. Please run: `pip install catboost` to install.
Alternately, you can install this by running `pip install pycaret[models]`
2025-04-14 19:18:20,993:INFO:Engine successfully changes for model 'en_cds_dt' to 'sklearn'.
2025-04-14 19:18:20,994:WARNING:
'prophet' is a soft dependency and not included in the pycaret installation. Please run: `pip install prophet` to install.
2025-04-14 19:18:20,995:INFO:Engine for model 'ridge_cds_dt' has not been set explicitly, hence returning None.
2025-04-14 19:18:20,999:INFO:Engine for model 'lasso_cds_dt' has not been set explicitly, hence returning None.
2025-04-14 19:18:20,999:INFO:Engine for model 'llar_cds_dt' has not been set explicitly, hence returning None.
2025-04-14 19:18:21,000:INFO:Engine for model 'br_cds_dt' has not been set explicitly, hence returning None.
2025-04-14 19:18:21,012:INFO:Engine for model 'huber_cds_dt' has not been set explicitly, hence returning None.
2025-04-14 19:18:21,022:INFO:Engine for model 'omp_cds_dt' has not been set explicitly, hence returning None.
2025-04-14 19:18:21,030:INFO:Engine for model 'knn_cds_dt' has not been set explicitly, hence returning None.
2025-04-14 19:18:21,030:INFO:Engine for model 'dt_cds_dt' has not been set explicitly, hence returning None.
2025-04-14 19:18:21,030:INFO:Engine for model 'rf_cds_dt' has not been set explicitly, hence returning None.
2025-04-14 19:18:21,032:INFO:Engine for model 'et_cds_dt' has not been set explicitly, hence returning None.
2025-04-14 19:18:21,032:INFO:Engine for model 'gbr_cds_dt' has not been set explicitly, hence returning None.
2025-04-14 19:18:21,032:INFO:Engine for model 'ada_cds_dt' has not been set explicitly, hence returning None.
2025-04-14 19:18:21,032:INFO:Engine for model 'xgboost_cds_dt' has not been set explicitly, hence returning None.
2025-04-14 19:18:21,032:WARNING:
'xgboost' is a soft dependency and not included in the pycaret installation. Please run: `pip install xgboost` to install.
Alternately, you can install this by running `pip install pycaret[models]`
2025-04-14 19:18:21,032:WARNING:
'xgboost' is a soft dependency and not included in the pycaret installation. Please run: `pip install xgboost` to install.
Alternately, you can install this by running `pip install pycaret[models]`
2025-04-14 19:18:21,033:INFO:Engine for model 'lightgbm_cds_dt' has not been set explicitly, hence returning None.
2025-04-14 19:18:21,033:INFO:Engine for model 'catboost_cds_dt' has not been set explicitly, hence returning None.
2025-04-14 19:18:21,033:WARNING:
'catboost' is a soft dependency and not included in the pycaret installation. Please run: `pip install catboost` to install.
Alternately, you can install this by running `pip install pycaret[models]`
2025-04-14 19:18:21,033:WARNING:
'catboost' is a soft dependency and not included in the pycaret installation. Please run: `pip install catboost` to install.
Alternately, you can install this by running `pip install pycaret[models]`
2025-04-14 19:18:21,034:WARNING:
'prophet' is a soft dependency and not included in the pycaret installation. Please run: `pip install prophet` to install.
2025-04-14 19:18:21,034:INFO:Engine for model 'ridge_cds_dt' has not been set explicitly, hence returning None.
2025-04-14 19:18:21,034:INFO:Engine for model 'lasso_cds_dt' has not been set explicitly, hence returning None.
2025-04-14 19:18:21,035:INFO:Engine for model 'llar_cds_dt' has not been set explicitly, hence returning None.
2025-04-14 19:18:21,035:INFO:Engine for model 'br_cds_dt' has not been set explicitly, hence returning None.
2025-04-14 19:18:21,035:INFO:Engine for model 'huber_cds_dt' has not been set explicitly, hence returning None.
2025-04-14 19:18:21,036:INFO:Engine for model 'omp_cds_dt' has not been set explicitly, hence returning None.
2025-04-14 19:18:21,036:INFO:Engine for model 'knn_cds_dt' has not been set explicitly, hence returning None.
2025-04-14 19:18:21,036:INFO:Engine for model 'dt_cds_dt' has not been set explicitly, hence returning None.
2025-04-14 19:18:21,036:INFO:Engine for model 'rf_cds_dt' has not been set explicitly, hence returning None.
2025-04-14 19:18:21,036:INFO:Engine for model 'et_cds_dt' has not been set explicitly, hence returning None.
2025-04-14 19:18:21,037:INFO:Engine for model 'gbr_cds_dt' has not been set explicitly, hence returning None.
2025-04-14 19:18:21,037:INFO:Engine for model 'ada_cds_dt' has not been set explicitly, hence returning None.
2025-04-14 19:18:21,037:INFO:Engine for model 'xgboost_cds_dt' has not been set explicitly, hence returning None.
2025-04-14 19:18:21,037:WARNING:
'xgboost' is a soft dependency and not included in the pycaret installation. Please run: `pip install xgboost` to install.
Alternately, you can install this by running `pip install pycaret[models]`
2025-04-14 19:18:21,037:WARNING:
'xgboost' is a soft dependency and not included in the pycaret installation. Please run: `pip install xgboost` to install.
Alternately, you can install this by running `pip install pycaret[models]`
2025-04-14 19:18:21,037:INFO:Engine for model 'lightgbm_cds_dt' has not been set explicitly, hence returning None.
2025-04-14 19:18:21,037:INFO:Engine for model 'catboost_cds_dt' has not been set explicitly, hence returning None.
2025-04-14 19:18:21,037:WARNING:
'catboost' is a soft dependency and not included in the pycaret installation. Please run: `pip install catboost` to install.
Alternately, you can install this by running `pip install pycaret[models]`
2025-04-14 19:18:21,037:WARNING:
'catboost' is a soft dependency and not included in the pycaret installation. Please run: `pip install catboost` to install.
Alternately, you can install this by running `pip install pycaret[models]`
2025-04-14 19:18:21,037:INFO:Engine successfully changes for model 'ridge_cds_dt' to 'sklearn'.
2025-04-14 19:18:21,041:WARNING:
'prophet' is a soft dependency and not included in the pycaret installation. Please run: `pip install prophet` to install.
2025-04-14 19:18:21,041:INFO:Engine for model 'lasso_cds_dt' has not been set explicitly, hence returning None.
2025-04-14 19:18:21,041:INFO:Engine for model 'llar_cds_dt' has not been set explicitly, hence returning None.
2025-04-14 19:18:21,041:INFO:Engine for model 'br_cds_dt' has not been set explicitly, hence returning None.
2025-04-14 19:18:21,041:INFO:Engine for model 'huber_cds_dt' has not been set explicitly, hence returning None.
2025-04-14 19:18:21,042:INFO:Engine for model 'omp_cds_dt' has not been set explicitly, hence returning None.
2025-04-14 19:18:21,043:INFO:Engine for model 'knn_cds_dt' has not been set explicitly, hence returning None.
2025-04-14 19:18:21,043:INFO:Engine for model 'dt_cds_dt' has not been set explicitly, hence returning None.
2025-04-14 19:18:21,044:INFO:Engine for model 'rf_cds_dt' has not been set explicitly, hence returning None.
2025-04-14 19:18:21,045:INFO:Engine for model 'et_cds_dt' has not been set explicitly, hence returning None.
2025-04-14 19:18:21,045:INFO:Engine for model 'gbr_cds_dt' has not been set explicitly, hence returning None.
2025-04-14 19:18:21,046:INFO:Engine for model 'ada_cds_dt' has not been set explicitly, hence returning None.
2025-04-14 19:18:21,046:INFO:Engine for model 'xgboost_cds_dt' has not been set explicitly, hence returning None.
2025-04-14 19:18:21,046:WARNING:
'xgboost' is a soft dependency and not included in the pycaret installation. Please run: `pip install xgboost` to install.
Alternately, you can install this by running `pip install pycaret[models]`
2025-04-14 19:18:21,046:WARNING:
'xgboost' is a soft dependency and not included in the pycaret installation. Please run: `pip install xgboost` to install.
Alternately, you can install this by running `pip install pycaret[models]`
2025-04-14 19:18:21,046:INFO:Engine for model 'lightgbm_cds_dt' has not been set explicitly, hence returning None.
2025-04-14 19:18:21,047:INFO:Engine for model 'catboost_cds_dt' has not been set explicitly, hence returning None.
2025-04-14 19:18:21,047:WARNING:
'catboost' is a soft dependency and not included in the pycaret installation. Please run: `pip install catboost` to install.
Alternately, you can install this by running `pip install pycaret[models]`
2025-04-14 19:18:21,047:WARNING:
'catboost' is a soft dependency and not included in the pycaret installation. Please run: `pip install catboost` to install.
Alternately, you can install this by running `pip install pycaret[models]`
2025-04-14 19:18:21,048:WARNING:
'prophet' is a soft dependency and not included in the pycaret installation. Please run: `pip install prophet` to install.
2025-04-14 19:18:21,049:INFO:Engine for model 'lasso_cds_dt' has not been set explicitly, hence returning None.
2025-04-14 19:18:21,049:INFO:Engine for model 'llar_cds_dt' has not been set explicitly, hence returning None.
2025-04-14 19:18:21,049:INFO:Engine for model 'br_cds_dt' has not been set explicitly, hence returning None.
2025-04-14 19:18:21,049:INFO:Engine for model 'huber_cds_dt' has not been set explicitly, hence returning None.
2025-04-14 19:18:21,050:INFO:Engine for model 'omp_cds_dt' has not been set explicitly, hence returning None.
2025-04-14 19:18:21,050:INFO:Engine for model 'knn_cds_dt' has not been set explicitly, hence returning None.
2025-04-14 19:18:21,050:INFO:Engine for model 'dt_cds_dt' has not been set explicitly, hence returning None.
2025-04-14 19:18:21,050:INFO:Engine for model 'rf_cds_dt' has not been set explicitly, hence returning None.
2025-04-14 19:18:21,051:INFO:Engine for model 'et_cds_dt' has not been set explicitly, hence returning None.
2025-04-14 19:18:21,051:INFO:Engine for model 'gbr_cds_dt' has not been set explicitly, hence returning None.
2025-04-14 19:18:21,051:INFO:Engine for model 'ada_cds_dt' has not been set explicitly, hence returning None.
2025-04-14 19:18:21,051:INFO:Engine for model 'xgboost_cds_dt' has not been set explicitly, hence returning None.
2025-04-14 19:18:21,051:WARNING:
'xgboost' is a soft dependency and not included in the pycaret installation. Please run: `pip install xgboost` to install.
Alternately, you can install this by running `pip install pycaret[models]`
2025-04-14 19:18:21,051:WARNING:
'xgboost' is a soft dependency and not included in the pycaret installation. Please run: `pip install xgboost` to install.
Alternately, you can install this by running `pip install pycaret[models]`
2025-04-14 19:18:21,051:INFO:Engine for model 'lightgbm_cds_dt' has not been set explicitly, hence returning None.
2025-04-14 19:18:21,051:INFO:Engine for model 'catboost_cds_dt' has not been set explicitly, hence returning None.
2025-04-14 19:18:21,051:WARNING:
'catboost' is a soft dependency and not included in the pycaret installation. Please run: `pip install catboost` to install.
Alternately, you can install this by running `pip install pycaret[models]`
2025-04-14 19:18:21,051:WARNING:
'catboost' is a soft dependency and not included in the pycaret installation. Please run: `pip install catboost` to install.
Alternately, you can install this by running `pip install pycaret[models]`
2025-04-14 19:18:21,051:INFO:Engine successfully changes for model 'lasso_cds_dt' to 'sklearn'.
2025-04-14 19:18:21,052:WARNING:
'prophet' is a soft dependency and not included in the pycaret installation. Please run: `pip install prophet` to install.
2025-04-14 19:18:21,053:INFO:Engine for model 'llar_cds_dt' has not been set explicitly, hence returning None.
2025-04-14 19:18:21,053:INFO:Engine for model 'br_cds_dt' has not been set explicitly, hence returning None.
2025-04-14 19:18:21,053:INFO:Engine for model 'huber_cds_dt' has not been set explicitly, hence returning None.
2025-04-14 19:18:21,053:INFO:Engine for model 'omp_cds_dt' has not been set explicitly, hence returning None.
2025-04-14 19:18:21,054:INFO:Engine for model 'knn_cds_dt' has not been set explicitly, hence returning None.
2025-04-14 19:18:21,054:INFO:Engine for model 'dt_cds_dt' has not been set explicitly, hence returning None.
2025-04-14 19:18:21,054:INFO:Engine for model 'rf_cds_dt' has not been set explicitly, hence returning None.
2025-04-14 19:18:21,055:INFO:Engine for model 'et_cds_dt' has not been set explicitly, hence returning None.
2025-04-14 19:18:21,055:INFO:Engine for model 'gbr_cds_dt' has not been set explicitly, hence returning None.
2025-04-14 19:18:21,055:INFO:Engine for model 'ada_cds_dt' has not been set explicitly, hence returning None.
2025-04-14 19:18:21,055:INFO:Engine for model 'xgboost_cds_dt' has not been set explicitly, hence returning None.
2025-04-14 19:18:21,055:WARNING:
'xgboost' is a soft dependency and not included in the pycaret installation. Please run: `pip install xgboost` to install.
Alternately, you can install this by running `pip install pycaret[models]`
2025-04-14 19:18:21,055:WARNING:
'xgboost' is a soft dependency and not included in the pycaret installation. Please run: `pip install xgboost` to install.
Alternately, you can install this by running `pip install pycaret[models]`
2025-04-14 19:18:21,055:INFO:Engine for model 'lightgbm_cds_dt' has not been set explicitly, hence returning None.
2025-04-14 19:18:21,055:INFO:Engine for model 'catboost_cds_dt' has not been set explicitly, hence returning None.
2025-04-14 19:18:21,055:WARNING:
'catboost' is a soft dependency and not included in the pycaret installation. Please run: `pip install catboost` to install.
Alternately, you can install this by running `pip install pycaret[models]`
2025-04-14 19:18:21,055:WARNING:
'catboost' is a soft dependency and not included in the pycaret installation. Please run: `pip install catboost` to install.
Alternately, you can install this by running `pip install pycaret[models]`
2025-04-14 19:18:21,056:WARNING:
'prophet' is a soft dependency and not included in the pycaret installation. Please run: `pip install prophet` to install.
2025-04-14 19:18:21,057:INFO:Engine for model 'llar_cds_dt' has not been set explicitly, hence returning None.
2025-04-14 19:18:21,057:INFO:Engine for model 'br_cds_dt' has not been set explicitly, hence returning None.
2025-04-14 19:18:21,057:INFO:Engine for model 'huber_cds_dt' has not been set explicitly, hence returning None.
2025-04-14 19:18:21,065:INFO:Engine for model 'omp_cds_dt' has not been set explicitly, hence returning None.
2025-04-14 19:18:21,067:INFO:Engine for model 'knn_cds_dt' has not been set explicitly, hence returning None.
2025-04-14 19:18:21,067:INFO:Engine for model 'dt_cds_dt' has not been set explicitly, hence returning None.
2025-04-14 19:18:21,068:INFO:Engine for model 'rf_cds_dt' has not been set explicitly, hence returning None.
2025-04-14 19:18:21,068:INFO:Engine for model 'et_cds_dt' has not been set explicitly, hence returning None.
2025-04-14 19:18:21,068:INFO:Engine for model 'gbr_cds_dt' has not been set explicitly, hence returning None.
2025-04-14 19:18:21,069:INFO:Engine for model 'ada_cds_dt' has not been set explicitly, hence returning None.
2025-04-14 19:18:21,069:INFO:Engine for model 'xgboost_cds_dt' has not been set explicitly, hence returning None.
2025-04-14 19:18:21,069:WARNING:
'xgboost' is a soft dependency and not included in the pycaret installation. Please run: `pip install xgboost` to install.
Alternately, you can install this by running `pip install pycaret[models]`
2025-04-14 19:18:21,069:WARNING:
'xgboost' is a soft dependency and not included in the pycaret installation. Please run: `pip install xgboost` to install.
Alternately, you can install this by running `pip install pycaret[models]`
2025-04-14 19:18:21,069:INFO:Engine for model 'lightgbm_cds_dt' has not been set explicitly, hence returning None.
2025-04-14 19:18:21,069:INFO:Engine for model 'catboost_cds_dt' has not been set explicitly, hence returning None.
2025-04-14 19:18:21,069:WARNING:
'catboost' is a soft dependency and not included in the pycaret installation. Please run: `pip install catboost` to install.
Alternately, you can install this by running `pip install pycaret[models]`
2025-04-14 19:18:21,069:WARNING:
'catboost' is a soft dependency and not included in the pycaret installation. Please run: `pip install catboost` to install.
Alternately, you can install this by running `pip install pycaret[models]`
2025-04-14 19:18:21,069:INFO:Engine successfully changes for model 'lar_cds_dt' to 'sklearn'.
2025-04-14 19:18:21,074:WARNING:
'prophet' is a soft dependency and not included in the pycaret installation. Please run: `pip install prophet` to install.
2025-04-14 19:18:21,075:INFO:Engine for model 'llar_cds_dt' has not been set explicitly, hence returning None.
2025-04-14 19:18:21,075:INFO:Engine for model 'br_cds_dt' has not been set explicitly, hence returning None.
2025-04-14 19:18:21,075:INFO:Engine for model 'huber_cds_dt' has not been set explicitly, hence returning None.
2025-04-14 19:18:21,076:INFO:Engine for model 'omp_cds_dt' has not been set explicitly, hence returning None.
2025-04-14 19:18:21,081:INFO:Engine for model 'knn_cds_dt' has not been set explicitly, hence returning None.
2025-04-14 19:18:21,082:INFO:Engine for model 'dt_cds_dt' has not been set explicitly, hence returning None.
2025-04-14 19:18:21,082:INFO:Engine for model 'rf_cds_dt' has not been set explicitly, hence returning None.
2025-04-14 19:18:21,083:INFO:Engine for model 'et_cds_dt' has not been set explicitly, hence returning None.
2025-04-14 19:18:21,083:INFO:Engine for model 'gbr_cds_dt' has not been set explicitly, hence returning None.
2025-04-14 19:18:21,083:INFO:Engine for model 'ada_cds_dt' has not been set explicitly, hence returning None.
2025-04-14 19:18:21,083:INFO:Engine for model 'xgboost_cds_dt' has not been set explicitly, hence returning None.
2025-04-14 19:18:21,083:WARNING:
'xgboost' is a soft dependency and not included in the pycaret installation. Please run: `pip install xgboost` to install.
Alternately, you can install this by running `pip install pycaret[models]`
2025-04-14 19:18:21,083:WARNING:
'xgboost' is a soft dependency and not included in the pycaret installation. Please run: `pip install xgboost` to install.
Alternately, you can install this by running `pip install pycaret[models]`
2025-04-14 19:18:21,083:INFO:Engine for model 'lightgbm_cds_dt' has not been set explicitly, hence returning None.
2025-04-14 19:18:21,083:INFO:Engine for model 'catboost_cds_dt' has not been set explicitly, hence returning None.
2025-04-14 19:18:21,083:WARNING:
'catboost' is a soft dependency and not included in the pycaret installation. Please run: `pip install catboost` to install.
Alternately, you can install this by running `pip install pycaret[models]`
2025-04-14 19:18:21,083:WARNING:
'catboost' is a soft dependency and not included in the pycaret installation. Please run: `pip install catboost` to install.
Alternately, you can install this by running `pip install pycaret[models]`
2025-04-14 19:18:21,085:WARNING:
'prophet' is a soft dependency and not included in the pycaret installation. Please run: `pip install prophet` to install.
2025-04-14 19:18:21,085:INFO:Engine for model 'llar_cds_dt' has not been set explicitly, hence returning None.
2025-04-14 19:18:21,086:INFO:Engine for model 'br_cds_dt' has not been set explicitly, hence returning None.
2025-04-14 19:18:21,086:INFO:Engine for model 'huber_cds_dt' has not been set explicitly, hence returning None.
2025-04-14 19:18:21,086:INFO:Engine for model 'omp_cds_dt' has not been set explicitly, hence returning None.
2025-04-14 19:18:21,089:INFO:Engine for model 'knn_cds_dt' has not been set explicitly, hence returning None.
2025-04-14 19:18:21,089:INFO:Engine for model 'dt_cds_dt' has not been set explicitly, hence returning None.
2025-04-14 19:18:21,090:INFO:Engine for model 'rf_cds_dt' has not been set explicitly, hence returning None.
2025-04-14 19:18:21,090:INFO:Engine for model 'et_cds_dt' has not been set explicitly, hence returning None.
2025-04-14 19:18:21,090:INFO:Engine for model 'gbr_cds_dt' has not been set explicitly, hence returning None.
2025-04-14 19:18:21,090:INFO:Engine for model 'ada_cds_dt' has not been set explicitly, hence returning None.
2025-04-14 19:18:21,090:INFO:Engine for model 'xgboost_cds_dt' has not been set explicitly, hence returning None.
2025-04-14 19:18:21,090:WARNING:
'xgboost' is a soft dependency and not included in the pycaret installation. Please run: `pip install xgboost` to install.
Alternately, you can install this by running `pip install pycaret[models]`
2025-04-14 19:18:21,090:WARNING:
'xgboost' is a soft dependency and not included in the pycaret installation. Please run: `pip install xgboost` to install.
Alternately, you can install this by running `pip install pycaret[models]`
2025-04-14 19:18:21,091:INFO:Engine for model 'lightgbm_cds_dt' has not been set explicitly, hence returning None.
2025-04-14 19:18:21,091:INFO:Engine for model 'catboost_cds_dt' has not been set explicitly, hence returning None.
2025-04-14 19:18:21,091:WARNING:
'catboost' is a soft dependency and not included in the pycaret installation. Please run: `pip install catboost` to install.
Alternately, you can install this by running `pip install pycaret[models]`
2025-04-14 19:18:21,091:WARNING:
'catboost' is a soft dependency and not included in the pycaret installation. Please run: `pip install catboost` to install.
Alternately, you can install this by running `pip install pycaret[models]`
2025-04-14 19:18:21,091:INFO:Engine successfully changes for model 'llar_cds_dt' to 'sklearn'.
2025-04-14 19:18:21,092:WARNING:
'prophet' is a soft dependency and not included in the pycaret installation. Please run: `pip install prophet` to install.
2025-04-14 19:18:21,104:INFO:Engine for model 'br_cds_dt' has not been set explicitly, hence returning None.
2025-04-14 19:18:21,104:INFO:Engine for model 'huber_cds_dt' has not been set explicitly, hence returning None.
2025-04-14 19:18:21,105:INFO:Engine for model 'omp_cds_dt' has not been set explicitly, hence returning None.
2025-04-14 19:18:21,106:INFO:Engine for model 'knn_cds_dt' has not been set explicitly, hence returning None.
2025-04-14 19:18:21,106:INFO:Engine for model 'dt_cds_dt' has not been set explicitly, hence returning None.
2025-04-14 19:18:21,106:INFO:Engine for model 'rf_cds_dt' has not been set explicitly, hence returning None.
2025-04-14 19:18:21,107:INFO:Engine for model 'et_cds_dt' has not been set explicitly, hence returning None.
2025-04-14 19:18:21,107:INFO:Engine for model 'gbr_cds_dt' has not been set explicitly, hence returning None.
2025-04-14 19:18:21,107:INFO:Engine for model 'ada_cds_dt' has not been set explicitly, hence returning None.
2025-04-14 19:18:21,107:INFO:Engine for model 'xgboost_cds_dt' has not been set explicitly, hence returning None.
2025-04-14 19:18:21,107:WARNING:
'xgboost' is a soft dependency and not included in the pycaret installation. Please run: `pip install xgboost` to install.
Alternately, you can install this by running `pip install pycaret[models]`
2025-04-14 19:18:21,107:WARNING:
'xgboost' is a soft dependency and not included in the pycaret installation. Please run: `pip install xgboost` to install.
Alternately, you can install this by running `pip install pycaret[models]`
2025-04-14 19:18:21,107:INFO:Engine for model 'lightgbm_cds_dt' has not been set explicitly, hence returning None.
2025-04-14 19:18:21,107:INFO:Engine for model 'catboost_cds_dt' has not been set explicitly, hence returning None.
2025-04-14 19:18:21,107:WARNING:
'catboost' is a soft dependency and not included in the pycaret installation. Please run: `pip install catboost` to install.
Alternately, you can install this by running `pip install pycaret[models]`
2025-04-14 19:18:21,107:WARNING:
'catboost' is a soft dependency and not included in the pycaret installation. Please run: `pip install catboost` to install.
Alternately, you can install this by running `pip install pycaret[models]`
2025-04-14 19:18:21,109:WARNING:
'prophet' is a soft dependency and not included in the pycaret installation. Please run: `pip install prophet` to install.
2025-04-14 19:18:21,109:INFO:Engine for model 'br_cds_dt' has not been set explicitly, hence returning None.
2025-04-14 19:18:21,109:INFO:Engine for model 'huber_cds_dt' has not been set explicitly, hence returning None.
2025-04-14 19:18:21,110:INFO:Engine for model 'omp_cds_dt' has not been set explicitly, hence returning None.
2025-04-14 19:18:21,110:INFO:Engine for model 'knn_cds_dt' has not been set explicitly, hence returning None.
2025-04-14 19:18:21,110:INFO:Engine for model 'dt_cds_dt' has not been set explicitly, hence returning None.
2025-04-14 19:18:21,110:INFO:Engine for model 'rf_cds_dt' has not been set explicitly, hence returning None.
2025-04-14 19:18:21,111:INFO:Engine for model 'et_cds_dt' has not been set explicitly, hence returning None.
2025-04-14 19:18:21,111:INFO:Engine for model 'gbr_cds_dt' has not been set explicitly, hence returning None.
2025-04-14 19:18:21,111:INFO:Engine for model 'ada_cds_dt' has not been set explicitly, hence returning None.
2025-04-14 19:18:21,111:INFO:Engine for model 'xgboost_cds_dt' has not been set explicitly, hence returning None.
2025-04-14 19:18:21,111:WARNING:
'xgboost' is a soft dependency and not included in the pycaret installation. Please run: `pip install xgboost` to install.
Alternately, you can install this by running `pip install pycaret[models]`
2025-04-14 19:18:21,111:WARNING:
'xgboost' is a soft dependency and not included in the pycaret installation. Please run: `pip install xgboost` to install.
Alternately, you can install this by running `pip install pycaret[models]`
2025-04-14 19:18:21,111:INFO:Engine for model 'lightgbm_cds_dt' has not been set explicitly, hence returning None.
2025-04-14 19:18:21,111:INFO:Engine for model 'catboost_cds_dt' has not been set explicitly, hence returning None.
2025-04-14 19:18:21,111:WARNING:
'catboost' is a soft dependency and not included in the pycaret installation. Please run: `pip install catboost` to install.
Alternately, you can install this by running `pip install pycaret[models]`
2025-04-14 19:18:21,111:WARNING:
'catboost' is a soft dependency and not included in the pycaret installation. Please run: `pip install catboost` to install.
Alternately, you can install this by running `pip install pycaret[models]`
2025-04-14 19:18:21,111:INFO:Engine successfully changes for model 'br_cds_dt' to 'sklearn'.
2025-04-14 19:18:21,112:WARNING:
'prophet' is a soft dependency and not included in the pycaret installation. Please run: `pip install prophet` to install.
2025-04-14 19:18:21,113:INFO:Engine for model 'huber_cds_dt' has not been set explicitly, hence returning None.
2025-04-14 19:18:21,114:INFO:Engine for model 'omp_cds_dt' has not been set explicitly, hence returning None.
2025-04-14 19:18:21,114:INFO:Engine for model 'knn_cds_dt' has not been set explicitly, hence returning None.
2025-04-14 19:18:21,114:INFO:Engine for model 'dt_cds_dt' has not been set explicitly, hence returning None.
2025-04-14 19:18:21,114:INFO:Engine for model 'rf_cds_dt' has not been set explicitly, hence returning None.
2025-04-14 19:18:21,114:INFO:Engine for model 'et_cds_dt' has not been set explicitly, hence returning None.
2025-04-14 19:18:21,115:INFO:Engine for model 'gbr_cds_dt' has not been set explicitly, hence returning None.
2025-04-14 19:18:21,115:INFO:Engine for model 'ada_cds_dt' has not been set explicitly, hence returning None.
2025-04-14 19:18:21,115:INFO:Engine for model 'xgboost_cds_dt' has not been set explicitly, hence returning None.
2025-04-14 19:18:21,115:WARNING:
'xgboost' is a soft dependency and not included in the pycaret installation. Please run: `pip install xgboost` to install.
Alternately, you can install this by running `pip install pycaret[models]`
2025-04-14 19:18:21,115:WARNING:
'xgboost' is a soft dependency and not included in the pycaret installation. Please run: `pip install xgboost` to install.
Alternately, you can install this by running `pip install pycaret[models]`
2025-04-14 19:18:21,115:INFO:Engine for model 'lightgbm_cds_dt' has not been set explicitly, hence returning None.
2025-04-14 19:18:21,115:INFO:Engine for model 'catboost_cds_dt' has not been set explicitly, hence returning None.
2025-04-14 19:18:21,115:WARNING:
'catboost' is a soft dependency and not included in the pycaret installation. Please run: `pip install catboost` to install.
Alternately, you can install this by running `pip install pycaret[models]`
2025-04-14 19:18:21,115:WARNING:
'catboost' is a soft dependency and not included in the pycaret installation. Please run: `pip install catboost` to install.
Alternately, you can install this by running `pip install pycaret[models]`
2025-04-14 19:18:21,119:WARNING:
'prophet' is a soft dependency and not included in the pycaret installation. Please run: `pip install prophet` to install.
2025-04-14 19:18:21,119:INFO:Engine for model 'huber_cds_dt' has not been set explicitly, hence returning None.
2025-04-14 19:18:21,120:INFO:Engine for model 'omp_cds_dt' has not been set explicitly, hence returning None.
2025-04-14 19:18:21,121:INFO:Engine for model 'knn_cds_dt' has not been set explicitly, hence returning None.
2025-04-14 19:18:21,121:INFO:Engine for model 'dt_cds_dt' has not been set explicitly, hence returning None.
2025-04-14 19:18:21,121:INFO:Engine for model 'rf_cds_dt' has not been set explicitly, hence returning None.
2025-04-14 19:18:21,121:INFO:Engine for model 'et_cds_dt' has not been set explicitly, hence returning None.
2025-04-14 19:18:21,121:INFO:Engine for model 'gbr_cds_dt' has not been set explicitly, hence returning None.
2025-04-14 19:18:21,121:INFO:Engine for model 'ada_cds_dt' has not been set explicitly, hence returning None.
2025-04-14 19:18:21,121:INFO:Engine for model 'xgboost_cds_dt' has not been set explicitly, hence returning None.
2025-04-14 19:18:21,121:WARNING:
'xgboost' is a soft dependency and not included in the pycaret installation. Please run: `pip install xgboost` to install.
Alternately, you can install this by running `pip install pycaret[models]`
2025-04-14 19:18:21,121:WARNING:
'xgboost' is a soft dependency and not included in the pycaret installation. Please run: `pip install xgboost` to install.
Alternately, you can install this by running `pip install pycaret[models]`
2025-04-14 19:18:21,121:INFO:Engine for model 'lightgbm_cds_dt' has not been set explicitly, hence returning None.
2025-04-14 19:18:21,122:INFO:Engine for model 'catboost_cds_dt' has not been set explicitly, hence returning None.
2025-04-14 19:18:21,122:WARNING:
'catboost' is a soft dependency and not included in the pycaret installation. Please run: `pip install catboost` to install.
Alternately, you can install this by running `pip install pycaret[models]`
2025-04-14 19:18:21,122:WARNING:
'catboost' is a soft dependency and not included in the pycaret installation. Please run: `pip install catboost` to install.
Alternately, you can install this by running `pip install pycaret[models]`
2025-04-14 19:18:21,122:INFO:Engine successfully changes for model 'huber_cds_dt' to 'sklearn'.
2025-04-14 19:18:21,124:WARNING:
'prophet' is a soft dependency and not included in the pycaret installation. Please run: `pip install prophet` to install.
2025-04-14 19:18:21,125:INFO:Engine for model 'omp_cds_dt' has not been set explicitly, hence returning None.
2025-04-14 19:18:21,126:INFO:Engine for model 'knn_cds_dt' has not been set explicitly, hence returning None.
2025-04-14 19:18:21,126:INFO:Engine for model 'dt_cds_dt' has not been set explicitly, hence returning None.
2025-04-14 19:18:21,126:INFO:Engine for model 'rf_cds_dt' has not been set explicitly, hence returning None.
2025-04-14 19:18:21,126:INFO:Engine for model 'et_cds_dt' has not been set explicitly, hence returning None.
2025-04-14 19:18:21,126:INFO:Engine for model 'gbr_cds_dt' has not been set explicitly, hence returning None.
2025-04-14 19:18:21,126:INFO:Engine for model 'ada_cds_dt' has not been set explicitly, hence returning None.
2025-04-14 19:18:21,127:INFO:Engine for model 'xgboost_cds_dt' has not been set explicitly, hence returning None.
2025-04-14 19:18:21,127:WARNING:
'xgboost' is a soft dependency and not included in the pycaret installation. Please run: `pip install xgboost` to install.
Alternately, you can install this by running `pip install pycaret[models]`
2025-04-14 19:18:21,127:WARNING:
'xgboost' is a soft dependency and not included in the pycaret installation. Please run: `pip install xgboost` to install.
Alternately, you can install this by running `pip install pycaret[models]`
2025-04-14 19:18:21,127:INFO:Engine for model 'lightgbm_cds_dt' has not been set explicitly, hence returning None.
2025-04-14 19:18:21,127:INFO:Engine for model 'catboost_cds_dt' has not been set explicitly, hence returning None.
2025-04-14 19:18:21,127:WARNING:
'catboost' is a soft dependency and not included in the pycaret installation. Please run: `pip install catboost` to install.
Alternately, you can install this by running `pip install pycaret[models]`
2025-04-14 19:18:21,127:WARNING:
'catboost' is a soft dependency and not included in the pycaret installation. Please run: `pip install catboost` to install.
Alternately, you can install this by running `pip install pycaret[models]`
2025-04-14 19:18:21,139:WARNING:
'prophet' is a soft dependency and not included in the pycaret installation. Please run: `pip install prophet` to install.
2025-04-14 19:18:21,140:INFO:Engine for model 'omp_cds_dt' has not been set explicitly, hence returning None.
2025-04-14 19:18:21,141:INFO:Engine for model 'knn_cds_dt' has not been set explicitly, hence returning None.
2025-04-14 19:18:21,141:INFO:Engine for model 'dt_cds_dt' has not been set explicitly, hence returning None.
2025-04-14 19:18:21,141:INFO:Engine for model 'rf_cds_dt' has not been set explicitly, hence returning None.
2025-04-14 19:18:21,141:INFO:Engine for model 'et_cds_dt' has not been set explicitly, hence returning None.
2025-04-14 19:18:21,141:INFO:Engine for model 'gbr_cds_dt' has not been set explicitly, hence returning None.
2025-04-14 19:18:21,141:INFO:Engine for model 'ada_cds_dt' has not been set explicitly, hence returning None.
2025-04-14 19:18:21,142:INFO:Engine for model 'xgboost_cds_dt' has not been set explicitly, hence returning None.
2025-04-14 19:18:21,142:WARNING:
'xgboost' is a soft dependency and not included in the pycaret installation. Please run: `pip install xgboost` to install.
Alternately, you can install this by running `pip install pycaret[models]`
2025-04-14 19:18:21,142:WARNING:
'xgboost' is a soft dependency and not included in the pycaret installation. Please run: `pip install xgboost` to install.
Alternately, you can install this by running `pip install pycaret[models]`
2025-04-14 19:18:21,142:INFO:Engine for model 'lightgbm_cds_dt' has not been set explicitly, hence returning None.
2025-04-14 19:18:21,142:INFO:Engine for model 'catboost_cds_dt' has not been set explicitly, hence returning None.
2025-04-14 19:18:21,142:WARNING:
'catboost' is a soft dependency and not included in the pycaret installation. Please run: `pip install catboost` to install.
Alternately, you can install this by running `pip install pycaret[models]`
2025-04-14 19:18:21,142:WARNING:
'catboost' is a soft dependency and not included in the pycaret installation. Please run: `pip install catboost` to install.
Alternately, you can install this by running `pip install pycaret[models]`
2025-04-14 19:18:21,142:INFO:Engine successfully changes for model 'par_cds_dt' to 'sklearn'.
2025-04-14 19:18:21,143:WARNING:
'prophet' is a soft dependency and not included in the pycaret installation. Please run: `pip install prophet` to install.
2025-04-14 19:18:21,144:INFO:Engine for model 'omp_cds_dt' has not been set explicitly, hence returning None.
2025-04-14 19:18:21,144:INFO:Engine for model 'knn_cds_dt' has not been set explicitly, hence returning None.
2025-04-14 19:18:21,145:INFO:Engine for model 'dt_cds_dt' has not been set explicitly, hence returning None.
2025-04-14 19:18:21,145:INFO:Engine for model 'rf_cds_dt' has not been set explicitly, hence returning None.
2025-04-14 19:18:21,145:INFO:Engine for model 'et_cds_dt' has not been set explicitly, hence returning None.
2025-04-14 19:18:21,145:INFO:Engine for model 'gbr_cds_dt' has not been set explicitly, hence returning None.
2025-04-14 19:18:21,145:INFO:Engine for model 'ada_cds_dt' has not been set explicitly, hence returning None.
2025-04-14 19:18:21,145:INFO:Engine for model 'xgboost_cds_dt' has not been set explicitly, hence returning None.
2025-04-14 19:18:21,145:WARNING:
'xgboost' is a soft dependency and not included in the pycaret installation. Please run: `pip install xgboost` to install.
Alternately, you can install this by running `pip install pycaret[models]`
2025-04-14 19:18:21,145:WARNING:
'xgboost' is a soft dependency and not included in the pycaret installation. Please run: `pip install xgboost` to install.
Alternately, you can install this by running `pip install pycaret[models]`
2025-04-14 19:18:21,145:INFO:Engine for model 'lightgbm_cds_dt' has not been set explicitly, hence returning None.
2025-04-14 19:18:21,145:INFO:Engine for model 'catboost_cds_dt' has not been set explicitly, hence returning None.
2025-04-14 19:18:21,145:WARNING:
'catboost' is a soft dependency and not included in the pycaret installation. Please run: `pip install catboost` to install.
Alternately, you can install this by running `pip install pycaret[models]`
2025-04-14 19:18:21,145:WARNING:
'catboost' is a soft dependency and not included in the pycaret installation. Please run: `pip install catboost` to install.
Alternately, you can install this by running `pip install pycaret[models]`
2025-04-14 19:18:21,146:WARNING:
'prophet' is a soft dependency and not included in the pycaret installation. Please run: `pip install prophet` to install.
2025-04-14 19:18:21,149:INFO:Engine for model 'omp_cds_dt' has not been set explicitly, hence returning None.
2025-04-14 19:18:21,149:INFO:Engine for model 'knn_cds_dt' has not been set explicitly, hence returning None.
2025-04-14 19:18:21,150:INFO:Engine for model 'dt_cds_dt' has not been set explicitly, hence returning None.
2025-04-14 19:18:21,150:INFO:Engine for model 'rf_cds_dt' has not been set explicitly, hence returning None.
2025-04-14 19:18:21,150:INFO:Engine for model 'et_cds_dt' has not been set explicitly, hence returning None.
2025-04-14 19:18:21,150:INFO:Engine for model 'gbr_cds_dt' has not been set explicitly, hence returning None.
2025-04-14 19:18:21,150:INFO:Engine for model 'ada_cds_dt' has not been set explicitly, hence returning None.
2025-04-14 19:18:21,150:INFO:Engine for model 'xgboost_cds_dt' has not been set explicitly, hence returning None.
2025-04-14 19:18:21,150:WARNING:
'xgboost' is a soft dependency and not included in the pycaret installation. Please run: `pip install xgboost` to install.
Alternately, you can install this by running `pip install pycaret[models]`
2025-04-14 19:18:21,150:WARNING:
'xgboost' is a soft dependency and not included in the pycaret installation. Please run: `pip install xgboost` to install.
Alternately, you can install this by running `pip install pycaret[models]`
2025-04-14 19:18:21,150:INFO:Engine for model 'lightgbm_cds_dt' has not been set explicitly, hence returning None.
2025-04-14 19:18:21,150:INFO:Engine for model 'catboost_cds_dt' has not been set explicitly, hence returning None.
2025-04-14 19:18:21,150:WARNING:
'catboost' is a soft dependency and not included in the pycaret installation. Please run: `pip install catboost` to install.
Alternately, you can install this by running `pip install pycaret[models]`
2025-04-14 19:18:21,150:WARNING:
'catboost' is a soft dependency and not included in the pycaret installation. Please run: `pip install catboost` to install.
Alternately, you can install this by running `pip install pycaret[models]`
2025-04-14 19:18:21,151:INFO:Engine successfully changes for model 'omp_cds_dt' to 'sklearn'.
2025-04-14 19:18:21,152:WARNING:
'prophet' is a soft dependency and not included in the pycaret installation. Please run: `pip install prophet` to install.
2025-04-14 19:18:21,153:INFO:Engine for model 'knn_cds_dt' has not been set explicitly, hence returning None.
2025-04-14 19:18:21,153:INFO:Engine for model 'dt_cds_dt' has not been set explicitly, hence returning None.
2025-04-14 19:18:21,153:INFO:Engine for model 'rf_cds_dt' has not been set explicitly, hence returning None.
2025-04-14 19:18:21,154:INFO:Engine for model 'et_cds_dt' has not been set explicitly, hence returning None.
2025-04-14 19:18:21,154:INFO:Engine for model 'gbr_cds_dt' has not been set explicitly, hence returning None.
2025-04-14 19:18:21,154:INFO:Engine for model 'ada_cds_dt' has not been set explicitly, hence returning None.
2025-04-14 19:18:21,154:INFO:Engine for model 'xgboost_cds_dt' has not been set explicitly, hence returning None.
2025-04-14 19:18:21,154:WARNING:
'xgboost' is a soft dependency and not included in the pycaret installation. Please run: `pip install xgboost` to install.
Alternately, you can install this by running `pip install pycaret[models]`
2025-04-14 19:18:21,154:WARNING:
'xgboost' is a soft dependency and not included in the pycaret installation. Please run: `pip install xgboost` to install.
Alternately, you can install this by running `pip install pycaret[models]`
2025-04-14 19:18:21,154:INFO:Engine for model 'lightgbm_cds_dt' has not been set explicitly, hence returning None.
2025-04-14 19:18:21,154:INFO:Engine for model 'catboost_cds_dt' has not been set explicitly, hence returning None.
2025-04-14 19:18:21,154:WARNING:
'catboost' is a soft dependency and not included in the pycaret installation. Please run: `pip install catboost` to install.
Alternately, you can install this by running `pip install pycaret[models]`
2025-04-14 19:18:21,154:WARNING:
'catboost' is a soft dependency and not included in the pycaret installation. Please run: `pip install catboost` to install.
Alternately, you can install this by running `pip install pycaret[models]`
2025-04-14 19:18:21,155:WARNING:
'prophet' is a soft dependency and not included in the pycaret installation. Please run: `pip install prophet` to install.
2025-04-14 19:18:21,157:INFO:Engine for model 'knn_cds_dt' has not been set explicitly, hence returning None.
2025-04-14 19:18:21,157:INFO:Engine for model 'dt_cds_dt' has not been set explicitly, hence returning None.
2025-04-14 19:18:21,157:INFO:Engine for model 'rf_cds_dt' has not been set explicitly, hence returning None.
2025-04-14 19:18:21,157:INFO:Engine for model 'et_cds_dt' has not been set explicitly, hence returning None.
2025-04-14 19:18:21,157:INFO:Engine for model 'gbr_cds_dt' has not been set explicitly, hence returning None.
2025-04-14 19:18:21,157:INFO:Engine for model 'ada_cds_dt' has not been set explicitly, hence returning None.
2025-04-14 19:18:21,168:INFO:Engine for model 'xgboost_cds_dt' has not been set explicitly, hence returning None.
2025-04-14 19:18:21,169:WARNING:
'xgboost' is a soft dependency and not included in the pycaret installation. Please run: `pip install xgboost` to install.
Alternately, you can install this by running `pip install pycaret[models]`
2025-04-14 19:18:21,169:WARNING:
'xgboost' is a soft dependency and not included in the pycaret installation. Please run: `pip install xgboost` to install.
Alternately, you can install this by running `pip install pycaret[models]`
2025-04-14 19:18:21,169:INFO:Engine for model 'lightgbm_cds_dt' has not been set explicitly, hence returning None.
2025-04-14 19:18:21,169:INFO:Engine for model 'catboost_cds_dt' has not been set explicitly, hence returning None.
2025-04-14 19:18:21,169:WARNING:
'catboost' is a soft dependency and not included in the pycaret installation. Please run: `pip install catboost` to install.
Alternately, you can install this by running `pip install pycaret[models]`
2025-04-14 19:18:21,169:WARNING:
'catboost' is a soft dependency and not included in the pycaret installation. Please run: `pip install catboost` to install.
Alternately, you can install this by running `pip install pycaret[models]`
2025-04-14 19:18:21,170:INFO:Engine successfully changes for model 'knn_cds_dt' to 'sklearn'.
2025-04-14 19:18:21,173:WARNING:
'prophet' is a soft dependency and not included in the pycaret installation. Please run: `pip install prophet` to install.
2025-04-14 19:18:21,176:INFO:Engine for model 'dt_cds_dt' has not been set explicitly, hence returning None.
2025-04-14 19:18:21,176:INFO:Engine for model 'rf_cds_dt' has not been set explicitly, hence returning None.
2025-04-14 19:18:21,177:INFO:Engine for model 'et_cds_dt' has not been set explicitly, hence returning None.
2025-04-14 19:18:21,178:INFO:Engine for model 'gbr_cds_dt' has not been set explicitly, hence returning None.
2025-04-14 19:18:21,178:INFO:Engine for model 'ada_cds_dt' has not been set explicitly, hence returning None.
2025-04-14 19:18:21,179:INFO:Engine for model 'xgboost_cds_dt' has not been set explicitly, hence returning None.
2025-04-14 19:18:21,179:WARNING:
'xgboost' is a soft dependency and not included in the pycaret installation. Please run: `pip install xgboost` to install.
Alternately, you can install this by running `pip install pycaret[models]`
2025-04-14 19:18:21,179:WARNING:
'xgboost' is a soft dependency and not included in the pycaret installation. Please run: `pip install xgboost` to install.
Alternately, you can install this by running `pip install pycaret[models]`
2025-04-14 19:18:21,179:INFO:Engine for model 'lightgbm_cds_dt' has not been set explicitly, hence returning None.
2025-04-14 19:18:21,180:INFO:Engine for model 'catboost_cds_dt' has not been set explicitly, hence returning None.
2025-04-14 19:18:21,180:WARNING:
'catboost' is a soft dependency and not included in the pycaret installation. Please run: `pip install catboost` to install.
Alternately, you can install this by running `pip install pycaret[models]`
2025-04-14 19:18:21,180:WARNING:
'catboost' is a soft dependency and not included in the pycaret installation. Please run: `pip install catboost` to install.
Alternately, you can install this by running `pip install pycaret[models]`
2025-04-14 19:18:21,183:WARNING:
'prophet' is a soft dependency and not included in the pycaret installation. Please run: `pip install prophet` to install.
2025-04-14 19:18:21,189:INFO:Engine for model 'dt_cds_dt' has not been set explicitly, hence returning None.
2025-04-14 19:18:21,189:INFO:Engine for model 'rf_cds_dt' has not been set explicitly, hence returning None.
2025-04-14 19:18:21,189:INFO:Engine for model 'et_cds_dt' has not been set explicitly, hence returning None.
2025-04-14 19:18:21,190:INFO:Engine for model 'gbr_cds_dt' has not been set explicitly, hence returning None.
2025-04-14 19:18:21,190:INFO:Engine for model 'ada_cds_dt' has not been set explicitly, hence returning None.
2025-04-14 19:18:21,190:INFO:Engine for model 'xgboost_cds_dt' has not been set explicitly, hence returning None.
2025-04-14 19:18:21,190:WARNING:
'xgboost' is a soft dependency and not included in the pycaret installation. Please run: `pip install xgboost` to install.
Alternately, you can install this by running `pip install pycaret[models]`
2025-04-14 19:18:21,190:WARNING:
'xgboost' is a soft dependency and not included in the pycaret installation. Please run: `pip install xgboost` to install.
Alternately, you can install this by running `pip install pycaret[models]`
2025-04-14 19:18:21,190:INFO:Engine for model 'lightgbm_cds_dt' has not been set explicitly, hence returning None.
2025-04-14 19:18:21,190:INFO:Engine for model 'catboost_cds_dt' has not been set explicitly, hence returning None.
2025-04-14 19:18:21,190:WARNING:
'catboost' is a soft dependency and not included in the pycaret installation. Please run: `pip install catboost` to install.
Alternately, you can install this by running `pip install pycaret[models]`
2025-04-14 19:18:21,190:WARNING:
'catboost' is a soft dependency and not included in the pycaret installation. Please run: `pip install catboost` to install.
Alternately, you can install this by running `pip install pycaret[models]`
2025-04-14 19:18:21,190:INFO:Engine successfully changes for model 'dt_cds_dt' to 'sklearn'.
2025-04-14 19:18:21,195:WARNING:
'prophet' is a soft dependency and not included in the pycaret installation. Please run: `pip install prophet` to install.
2025-04-14 19:18:21,197:INFO:Engine for model 'rf_cds_dt' has not been set explicitly, hence returning None.
2025-04-14 19:18:21,198:INFO:Engine for model 'et_cds_dt' has not been set explicitly, hence returning None.
2025-04-14 19:18:21,198:INFO:Engine for model 'gbr_cds_dt' has not been set explicitly, hence returning None.
2025-04-14 19:18:21,198:INFO:Engine for model 'ada_cds_dt' has not been set explicitly, hence returning None.
2025-04-14 19:18:21,198:INFO:Engine for model 'xgboost_cds_dt' has not been set explicitly, hence returning None.
2025-04-14 19:18:21,198:WARNING:
'xgboost' is a soft dependency and not included in the pycaret installation. Please run: `pip install xgboost` to install.
Alternately, you can install this by running `pip install pycaret[models]`
2025-04-14 19:18:21,198:WARNING:
'xgboost' is a soft dependency and not included in the pycaret installation. Please run: `pip install xgboost` to install.
Alternately, you can install this by running `pip install pycaret[models]`
2025-04-14 19:18:21,198:INFO:Engine for model 'lightgbm_cds_dt' has not been set explicitly, hence returning None.
2025-04-14 19:18:21,198:INFO:Engine for model 'catboost_cds_dt' has not been set explicitly, hence returning None.
2025-04-14 19:18:21,198:WARNING:
'catboost' is a soft dependency and not included in the pycaret installation. Please run: `pip install catboost` to install.
Alternately, you can install this by running `pip install pycaret[models]`
2025-04-14 19:18:21,198:WARNING:
'catboost' is a soft dependency and not included in the pycaret installation. Please run: `pip install catboost` to install.
Alternately, you can install this by running `pip install pycaret[models]`
2025-04-14 19:18:21,200:WARNING:
'prophet' is a soft dependency and not included in the pycaret installation. Please run: `pip install prophet` to install.
2025-04-14 19:18:21,201:INFO:Engine for model 'rf_cds_dt' has not been set explicitly, hence returning None.
2025-04-14 19:18:21,202:INFO:Engine for model 'et_cds_dt' has not been set explicitly, hence returning None.
2025-04-14 19:18:21,202:INFO:Engine for model 'gbr_cds_dt' has not been set explicitly, hence returning None.
2025-04-14 19:18:21,202:INFO:Engine for model 'ada_cds_dt' has not been set explicitly, hence returning None.
2025-04-14 19:18:21,202:INFO:Engine for model 'xgboost_cds_dt' has not been set explicitly, hence returning None.
2025-04-14 19:18:21,202:WARNING:
'xgboost' is a soft dependency and not included in the pycaret installation. Please run: `pip install xgboost` to install.
Alternately, you can install this by running `pip install pycaret[models]`
2025-04-14 19:18:21,202:WARNING:
'xgboost' is a soft dependency and not included in the pycaret installation. Please run: `pip install xgboost` to install.
Alternately, you can install this by running `pip install pycaret[models]`
2025-04-14 19:18:21,202:INFO:Engine for model 'lightgbm_cds_dt' has not been set explicitly, hence returning None.
2025-04-14 19:18:21,202:INFO:Engine for model 'catboost_cds_dt' has not been set explicitly, hence returning None.
2025-04-14 19:18:21,202:WARNING:
'catboost' is a soft dependency and not included in the pycaret installation. Please run: `pip install catboost` to install.
Alternately, you can install this by running `pip install pycaret[models]`
2025-04-14 19:18:21,202:WARNING:
'catboost' is a soft dependency and not included in the pycaret installation. Please run: `pip install catboost` to install.
Alternately, you can install this by running `pip install pycaret[models]`
2025-04-14 19:18:21,202:INFO:Engine successfully changes for model 'rf_cds_dt' to 'sklearn'.
2025-04-14 19:18:21,205:WARNING:
'prophet' is a soft dependency and not included in the pycaret installation. Please run: `pip install prophet` to install.
2025-04-14 19:18:21,216:INFO:Engine for model 'et_cds_dt' has not been set explicitly, hence returning None.
2025-04-14 19:18:21,217:INFO:Engine for model 'gbr_cds_dt' has not been set explicitly, hence returning None.
2025-04-14 19:18:21,217:INFO:Engine for model 'ada_cds_dt' has not been set explicitly, hence returning None.
2025-04-14 19:18:21,217:INFO:Engine for model 'xgboost_cds_dt' has not been set explicitly, hence returning None.
2025-04-14 19:18:21,217:WARNING:
'xgboost' is a soft dependency and not included in the pycaret installation. Please run: `pip install xgboost` to install.
Alternately, you can install this by running `pip install pycaret[models]`
2025-04-14 19:18:21,217:WARNING:
'xgboost' is a soft dependency and not included in the pycaret installation. Please run: `pip install xgboost` to install.
Alternately, you can install this by running `pip install pycaret[models]`
2025-04-14 19:18:21,218:INFO:Engine for model 'lightgbm_cds_dt' has not been set explicitly, hence returning None.
2025-04-14 19:18:21,218:INFO:Engine for model 'catboost_cds_dt' has not been set explicitly, hence returning None.
2025-04-14 19:18:21,218:WARNING:
'catboost' is a soft dependency and not included in the pycaret installation. Please run: `pip install catboost` to install.
Alternately, you can install this by running `pip install pycaret[models]`
2025-04-14 19:18:21,218:WARNING:
'catboost' is a soft dependency and not included in the pycaret installation. Please run: `pip install catboost` to install.
Alternately, you can install this by running `pip install pycaret[models]`
2025-04-14 19:18:21,222:WARNING:
'prophet' is a soft dependency and not included in the pycaret installation. Please run: `pip install prophet` to install.
2025-04-14 19:18:21,225:INFO:Engine for model 'et_cds_dt' has not been set explicitly, hence returning None.
2025-04-14 19:18:21,236:INFO:Engine for model 'gbr_cds_dt' has not been set explicitly, hence returning None.
2025-04-14 19:18:21,237:INFO:Engine for model 'ada_cds_dt' has not been set explicitly, hence returning None.
2025-04-14 19:18:21,237:INFO:Engine for model 'xgboost_cds_dt' has not been set explicitly, hence returning None.
2025-04-14 19:18:21,237:WARNING:
'xgboost' is a soft dependency and not included in the pycaret installation. Please run: `pip install xgboost` to install.
Alternately, you can install this by running `pip install pycaret[models]`
2025-04-14 19:18:21,237:WARNING:
'xgboost' is a soft dependency and not included in the pycaret installation. Please run: `pip install xgboost` to install.
Alternately, you can install this by running `pip install pycaret[models]`
2025-04-14 19:18:21,237:INFO:Engine for model 'lightgbm_cds_dt' has not been set explicitly, hence returning None.
2025-04-14 19:18:21,238:INFO:Engine for model 'catboost_cds_dt' has not been set explicitly, hence returning None.
2025-04-14 19:18:21,238:WARNING:
'catboost' is a soft dependency and not included in the pycaret installation. Please run: `pip install catboost` to install.
Alternately, you can install this by running `pip install pycaret[models]`
2025-04-14 19:18:21,238:WARNING:
'catboost' is a soft dependency and not included in the pycaret installation. Please run: `pip install catboost` to install.
Alternately, you can install this by running `pip install pycaret[models]`
2025-04-14 19:18:21,238:INFO:Engine successfully changes for model 'et_cds_dt' to 'sklearn'.
2025-04-14 19:18:21,243:WARNING:
'prophet' is a soft dependency and not included in the pycaret installation. Please run: `pip install prophet` to install.
2025-04-14 19:18:21,246:INFO:Engine for model 'gbr_cds_dt' has not been set explicitly, hence returning None.
2025-04-14 19:18:21,246:INFO:Engine for model 'ada_cds_dt' has not been set explicitly, hence returning None.
2025-04-14 19:18:21,246:INFO:Engine for model 'xgboost_cds_dt' has not been set explicitly, hence returning None.
2025-04-14 19:18:21,246:WARNING:
'xgboost' is a soft dependency and not included in the pycaret installation. Please run: `pip install xgboost` to install.
Alternately, you can install this by running `pip install pycaret[models]`
2025-04-14 19:18:21,246:WARNING:
'xgboost' is a soft dependency and not included in the pycaret installation. Please run: `pip install xgboost` to install.
Alternately, you can install this by running `pip install pycaret[models]`
2025-04-14 19:18:21,246:INFO:Engine for model 'lightgbm_cds_dt' has not been set explicitly, hence returning None.
2025-04-14 19:18:21,247:INFO:Engine for model 'catboost_cds_dt' has not been set explicitly, hence returning None.
2025-04-14 19:18:21,247:WARNING:
'catboost' is a soft dependency and not included in the pycaret installation. Please run: `pip install catboost` to install.
Alternately, you can install this by running `pip install pycaret[models]`
2025-04-14 19:18:21,247:WARNING:
'catboost' is a soft dependency and not included in the pycaret installation. Please run: `pip install catboost` to install.
Alternately, you can install this by running `pip install pycaret[models]`
2025-04-14 19:18:21,252:WARNING:
'prophet' is a soft dependency and not included in the pycaret installation. Please run: `pip install prophet` to install.
2025-04-14 19:18:21,255:INFO:Engine for model 'gbr_cds_dt' has not been set explicitly, hence returning None.
2025-04-14 19:18:21,255:INFO:Engine for model 'ada_cds_dt' has not been set explicitly, hence returning None.
2025-04-14 19:18:21,255:INFO:Engine for model 'xgboost_cds_dt' has not been set explicitly, hence returning None.
2025-04-14 19:18:21,255:WARNING:
'xgboost' is a soft dependency and not included in the pycaret installation. Please run: `pip install xgboost` to install.
Alternately, you can install this by running `pip install pycaret[models]`
2025-04-14 19:18:21,255:WARNING:
'xgboost' is a soft dependency and not included in the pycaret installation. Please run: `pip install xgboost` to install.
Alternately, you can install this by running `pip install pycaret[models]`
2025-04-14 19:18:21,255:INFO:Engine for model 'lightgbm_cds_dt' has not been set explicitly, hence returning None.
2025-04-14 19:18:21,255:INFO:Engine for model 'catboost_cds_dt' has not been set explicitly, hence returning None.
2025-04-14 19:18:21,255:WARNING:
'catboost' is a soft dependency and not included in the pycaret installation. Please run: `pip install catboost` to install.
Alternately, you can install this by running `pip install pycaret[models]`
2025-04-14 19:18:21,255:WARNING:
'catboost' is a soft dependency and not included in the pycaret installation. Please run: `pip install catboost` to install.
Alternately, you can install this by running `pip install pycaret[models]`
2025-04-14 19:18:21,255:INFO:Engine successfully changes for model 'gbr_cds_dt' to 'sklearn'.
2025-04-14 19:18:21,257:WARNING:
'prophet' is a soft dependency and not included in the pycaret installation. Please run: `pip install prophet` to install.
2025-04-14 19:18:21,259:INFO:Engine for model 'ada_cds_dt' has not been set explicitly, hence returning None.
2025-04-14 19:18:21,259:INFO:Engine for model 'xgboost_cds_dt' has not been set explicitly, hence returning None.
2025-04-14 19:18:21,259:WARNING:
'xgboost' is a soft dependency and not included in the pycaret installation. Please run: `pip install xgboost` to install.
Alternately, you can install this by running `pip install pycaret[models]`
2025-04-14 19:18:21,259:WARNING:
'xgboost' is a soft dependency and not included in the pycaret installation. Please run: `pip install xgboost` to install.
Alternately, you can install this by running `pip install pycaret[models]`
2025-04-14 19:18:21,259:INFO:Engine for model 'lightgbm_cds_dt' has not been set explicitly, hence returning None.
2025-04-14 19:18:21,259:INFO:Engine for model 'catboost_cds_dt' has not been set explicitly, hence returning None.
2025-04-14 19:18:21,259:WARNING:
'catboost' is a soft dependency and not included in the pycaret installation. Please run: `pip install catboost` to install.
Alternately, you can install this by running `pip install pycaret[models]`
2025-04-14 19:18:21,259:WARNING:
'catboost' is a soft dependency and not included in the pycaret installation. Please run: `pip install catboost` to install.
Alternately, you can install this by running `pip install pycaret[models]`
2025-04-14 19:18:21,260:WARNING:
'prophet' is a soft dependency and not included in the pycaret installation. Please run: `pip install prophet` to install.
2025-04-14 19:18:21,262:INFO:Engine for model 'ada_cds_dt' has not been set explicitly, hence returning None.
2025-04-14 19:18:21,262:INFO:Engine for model 'xgboost_cds_dt' has not been set explicitly, hence returning None.
2025-04-14 19:18:21,262:WARNING:
'xgboost' is a soft dependency and not included in the pycaret installation. Please run: `pip install xgboost` to install.
Alternately, you can install this by running `pip install pycaret[models]`
2025-04-14 19:18:21,262:WARNING:
'xgboost' is a soft dependency and not included in the pycaret installation. Please run: `pip install xgboost` to install.
Alternately, you can install this by running `pip install pycaret[models]`
2025-04-14 19:18:21,262:INFO:Engine for model 'lightgbm_cds_dt' has not been set explicitly, hence returning None.
2025-04-14 19:18:21,262:INFO:Engine for model 'catboost_cds_dt' has not been set explicitly, hence returning None.
2025-04-14 19:18:21,262:WARNING:
'catboost' is a soft dependency and not included in the pycaret installation. Please run: `pip install catboost` to install.
Alternately, you can install this by running `pip install pycaret[models]`
2025-04-14 19:18:21,262:WARNING:
'catboost' is a soft dependency and not included in the pycaret installation. Please run: `pip install catboost` to install.
Alternately, you can install this by running `pip install pycaret[models]`
2025-04-14 19:18:21,262:INFO:Engine successfully changes for model 'ada_cds_dt' to 'sklearn'.
2025-04-14 19:18:21,264:WARNING:
'prophet' is a soft dependency and not included in the pycaret installation. Please run: `pip install prophet` to install.
2025-04-14 19:18:21,274:INFO:Engine for model 'xgboost_cds_dt' has not been set explicitly, hence returning None.
2025-04-14 19:18:21,274:WARNING:
'xgboost' is a soft dependency and not included in the pycaret installation. Please run: `pip install xgboost` to install.
Alternately, you can install this by running `pip install pycaret[models]`
2025-04-14 19:18:21,274:WARNING:
'xgboost' is a soft dependency and not included in the pycaret installation. Please run: `pip install xgboost` to install.
Alternately, you can install this by running `pip install pycaret[models]`
2025-04-14 19:18:21,274:INFO:Engine for model 'lightgbm_cds_dt' has not been set explicitly, hence returning None.
2025-04-14 19:18:21,275:INFO:Engine for model 'catboost_cds_dt' has not been set explicitly, hence returning None.
2025-04-14 19:18:21,275:WARNING:
'catboost' is a soft dependency and not included in the pycaret installation. Please run: `pip install catboost` to install.
Alternately, you can install this by running `pip install pycaret[models]`
2025-04-14 19:18:21,275:WARNING:
'catboost' is a soft dependency and not included in the pycaret installation. Please run: `pip install catboost` to install.
Alternately, you can install this by running `pip install pycaret[models]`
2025-04-14 19:18:21,278:WARNING:
'prophet' is a soft dependency and not included in the pycaret installation. Please run: `pip install prophet` to install.
2025-04-14 19:18:21,297:INFO:Engine for model 'xgboost_cds_dt' has not been set explicitly, hence returning None.
2025-04-14 19:18:21,297:WARNING:
'xgboost' is a soft dependency and not included in the pycaret installation. Please run: `pip install xgboost` to install.
Alternately, you can install this by running `pip install pycaret[models]`
2025-04-14 19:18:21,297:WARNING:
'xgboost' is a soft dependency and not included in the pycaret installation. Please run: `pip install xgboost` to install.
Alternately, you can install this by running `pip install pycaret[models]`
2025-04-14 19:18:21,297:INFO:Engine for model 'lightgbm_cds_dt' has not been set explicitly, hence returning None.
2025-04-14 19:18:21,298:INFO:Engine for model 'catboost_cds_dt' has not been set explicitly, hence returning None.
2025-04-14 19:18:21,298:WARNING:
'catboost' is a soft dependency and not included in the pycaret installation. Please run: `pip install catboost` to install.
Alternately, you can install this by running `pip install pycaret[models]`
2025-04-14 19:18:21,298:WARNING:
'catboost' is a soft dependency and not included in the pycaret installation. Please run: `pip install catboost` to install.
Alternately, you can install this by running `pip install pycaret[models]`
2025-04-14 19:18:21,298:INFO:Engine successfully changes for model 'xgboost_cds_dt' to 'sklearn'.
2025-04-14 19:18:21,299:WARNING:
'prophet' is a soft dependency and not included in the pycaret installation. Please run: `pip install prophet` to install.
2025-04-14 19:18:21,304:WARNING:
'xgboost' is a soft dependency and not included in the pycaret installation. Please run: `pip install xgboost` to install.
Alternately, you can install this by running `pip install pycaret[models]`
2025-04-14 19:18:21,304:WARNING:
'xgboost' is a soft dependency and not included in the pycaret installation. Please run: `pip install xgboost` to install.
Alternately, you can install this by running `pip install pycaret[models]`
2025-04-14 19:18:21,304:INFO:Engine for model 'lightgbm_cds_dt' has not been set explicitly, hence returning None.
2025-04-14 19:18:21,304:INFO:Engine for model 'catboost_cds_dt' has not been set explicitly, hence returning None.
2025-04-14 19:18:21,304:WARNING:
'catboost' is a soft dependency and not included in the pycaret installation. Please run: `pip install catboost` to install.
Alternately, you can install this by running `pip install pycaret[models]`
2025-04-14 19:18:21,304:WARNING:
'catboost' is a soft dependency and not included in the pycaret installation. Please run: `pip install catboost` to install.
Alternately, you can install this by running `pip install pycaret[models]`
2025-04-14 19:18:21,306:WARNING:
'prophet' is a soft dependency and not included in the pycaret installation. Please run: `pip install prophet` to install.
2025-04-14 19:18:21,313:WARNING:
'xgboost' is a soft dependency and not included in the pycaret installation. Please run: `pip install xgboost` to install.
Alternately, you can install this by running `pip install pycaret[models]`
2025-04-14 19:18:21,313:WARNING:
'xgboost' is a soft dependency and not included in the pycaret installation. Please run: `pip install xgboost` to install.
Alternately, you can install this by running `pip install pycaret[models]`
2025-04-14 19:18:21,313:INFO:Engine for model 'lightgbm_cds_dt' has not been set explicitly, hence returning None.
2025-04-14 19:18:21,313:INFO:Engine for model 'catboost_cds_dt' has not been set explicitly, hence returning None.
2025-04-14 19:18:21,313:WARNING:
'catboost' is a soft dependency and not included in the pycaret installation. Please run: `pip install catboost` to install.
Alternately, you can install this by running `pip install pycaret[models]`
2025-04-14 19:18:21,313:WARNING:
'catboost' is a soft dependency and not included in the pycaret installation. Please run: `pip install catboost` to install.
Alternately, you can install this by running `pip install pycaret[models]`
2025-04-14 19:18:21,313:INFO:Engine successfully changes for model 'lightgbm_cds_dt' to 'sklearn'.
2025-04-14 19:18:21,316:WARNING:
'prophet' is a soft dependency and not included in the pycaret installation. Please run: `pip install prophet` to install.
2025-04-14 19:18:21,319:WARNING:
'xgboost' is a soft dependency and not included in the pycaret installation. Please run: `pip install xgboost` to install.
Alternately, you can install this by running `pip install pycaret[models]`
2025-04-14 19:18:21,319:WARNING:
'xgboost' is a soft dependency and not included in the pycaret installation. Please run: `pip install xgboost` to install.
Alternately, you can install this by running `pip install pycaret[models]`
2025-04-14 19:18:21,320:INFO:Engine for model 'catboost_cds_dt' has not been set explicitly, hence returning None.
2025-04-14 19:18:21,320:WARNING:
'catboost' is a soft dependency and not included in the pycaret installation. Please run: `pip install catboost` to install.
Alternately, you can install this by running `pip install pycaret[models]`
2025-04-14 19:18:21,320:WARNING:
'catboost' is a soft dependency and not included in the pycaret installation. Please run: `pip install catboost` to install.
Alternately, you can install this by running `pip install pycaret[models]`
2025-04-14 19:18:21,323:WARNING:
'prophet' is a soft dependency and not included in the pycaret installation. Please run: `pip install prophet` to install.
2025-04-14 19:18:21,338:WARNING:
'xgboost' is a soft dependency and not included in the pycaret installation. Please run: `pip install xgboost` to install.
Alternately, you can install this by running `pip install pycaret[models]`
2025-04-14 19:18:21,338:WARNING:
'xgboost' is a soft dependency and not included in the pycaret installation. Please run: `pip install xgboost` to install.
Alternately, you can install this by running `pip install pycaret[models]`
2025-04-14 19:18:21,338:INFO:Engine for model 'catboost_cds_dt' has not been set explicitly, hence returning None.
2025-04-14 19:18:21,338:WARNING:
'catboost' is a soft dependency and not included in the pycaret installation. Please run: `pip install catboost` to install.
Alternately, you can install this by running `pip install pycaret[models]`
2025-04-14 19:18:21,338:WARNING:
'catboost' is a soft dependency and not included in the pycaret installation. Please run: `pip install catboost` to install.
Alternately, you can install this by running `pip install pycaret[models]`
2025-04-14 19:18:21,339:INFO:Engine successfully changes for model 'catboost_cds_dt' to 'sklearn'.
2025-04-14 19:18:21,341:WARNING:
'prophet' is a soft dependency and not included in the pycaret installation. Please run: `pip install prophet` to install.
2025-04-14 19:18:21,343:WARNING:
'xgboost' is a soft dependency and not included in the pycaret installation. Please run: `pip install xgboost` to install.
Alternately, you can install this by running `pip install pycaret[models]`
2025-04-14 19:18:21,343:WARNING:
'xgboost' is a soft dependency and not included in the pycaret installation. Please run: `pip install xgboost` to install.
Alternately, you can install this by running `pip install pycaret[models]`
2025-04-14 19:18:21,343:WARNING:
'catboost' is a soft dependency and not included in the pycaret installation. Please run: `pip install catboost` to install.
Alternately, you can install this by running `pip install pycaret[models]`
2025-04-14 19:18:21,343:WARNING:
'catboost' is a soft dependency and not included in the pycaret installation. Please run: `pip install catboost` to install.
Alternately, you can install this by running `pip install pycaret[models]`
2025-04-14 19:18:21,344:WARNING:
'prophet' is a soft dependency and not included in the pycaret installation. Please run: `pip install prophet` to install.
2025-04-14 19:18:21,358:WARNING:
'xgboost' is a soft dependency and not included in the pycaret installation. Please run: `pip install xgboost` to install.
Alternately, you can install this by running `pip install pycaret[models]`
2025-04-14 19:18:21,358:WARNING:
'xgboost' is a soft dependency and not included in the pycaret installation. Please run: `pip install xgboost` to install.
Alternately, you can install this by running `pip install pycaret[models]`
2025-04-14 19:18:21,358:WARNING:
'catboost' is a soft dependency and not included in the pycaret installation. Please run: `pip install catboost` to install.
Alternately, you can install this by running `pip install pycaret[models]`
2025-04-14 19:18:21,358:WARNING:
'catboost' is a soft dependency and not included in the pycaret installation. Please run: `pip install catboost` to install.
Alternately, you can install this by running `pip install pycaret[models]`
2025-04-14 19:18:21,363:WARNING:
'prophet' is a soft dependency and not included in the pycaret installation. Please run: `pip install prophet` to install.
2025-04-14 19:18:21,373:WARNING:
'xgboost' is a soft dependency and not included in the pycaret installation. Please run: `pip install xgboost` to install.
Alternately, you can install this by running `pip install pycaret[models]`
2025-04-14 19:18:21,373:WARNING:
'xgboost' is a soft dependency and not included in the pycaret installation. Please run: `pip install xgboost` to install.
Alternately, you can install this by running `pip install pycaret[models]`
2025-04-14 19:18:21,374:WARNING:
'catboost' is a soft dependency and not included in the pycaret installation. Please run: `pip install catboost` to install.
Alternately, you can install this by running `pip install pycaret[models]`
2025-04-14 19:18:21,374:WARNING:
'catboost' is a soft dependency and not included in the pycaret installation. Please run: `pip install catboost` to install.
Alternately, you can install this by running `pip install pycaret[models]`
2025-04-14 19:18:21,384:WARNING:
'prophet' is a soft dependency and not included in the pycaret installation. Please run: `pip install prophet` to install.
2025-04-14 19:18:21,388:WARNING:
'xgboost' is a soft dependency and not included in the pycaret installation. Please run: `pip install xgboost` to install.
Alternately, you can install this by running `pip install pycaret[models]`
2025-04-14 19:18:21,388:WARNING:
'xgboost' is a soft dependency and not included in the pycaret installation. Please run: `pip install xgboost` to install.
Alternately, you can install this by running `pip install pycaret[models]`
2025-04-14 19:18:21,388:WARNING:
'catboost' is a soft dependency and not included in the pycaret installation. Please run: `pip install catboost` to install.
Alternately, you can install this by running `pip install pycaret[models]`
2025-04-14 19:18:21,388:WARNING:
'catboost' is a soft dependency and not included in the pycaret installation. Please run: `pip install catboost` to install.
Alternately, you can install this by running `pip install pycaret[models]`
2025-04-14 19:18:21,389:INFO:setup() successfully completed in 0.92s...............
2025-04-14 19:18:21,391:INFO:Initializing compare_models()
2025-04-14 19:18:21,392:INFO:compare_models(self=<pycaret.time_series.forecasting.oop.TSForecastingExperiment object at 0x30672ce10>, include=['ets', 'exp_smooth'], exclude=None, fold=None, round=4, cross_validation=True, sort=RMSE, n_select=1, budget_time=None, turbo=True, errors=ignore, fit_kwargs=None, groups=None, experiment_custom_tags=None, probability_threshold=None, verbose=False, parallel=None, caller_params={'self': <pycaret.time_series.forecasting.oop.TSForecastingExperiment object at 0x30672ce10>, 'include': ['ets', 'exp_smooth'], 'exclude': None, 'fold': None, 'round': 4, 'cross_validation': True, 'sort': 'RMSE', 'n_select': 1, 'budget_time': None, 'turbo': True, 'errors': 'ignore', 'fit_kwargs': None, 'experiment_custom_tags': None, 'engine': None, 'verbose': False, 'parallel': None, '__class__': <class 'pycaret.time_series.forecasting.oop.TSForecastingExperiment'>})
2025-04-14 19:18:21,392:INFO:Checking exceptions
2025-04-14 19:18:21,394:INFO:Preparing display monitor
2025-04-14 19:18:21,396:INFO:Initializing ETS
2025-04-14 19:18:21,396:INFO:Total runtime is 1.2159347534179687e-06 minutes
2025-04-14 19:18:21,396:INFO:SubProcess create_model() called ==================================
2025-04-14 19:18:21,396:INFO:Initializing create_model()
2025-04-14 19:18:21,396:INFO:create_model(self=<pycaret.time_series.forecasting.oop.TSForecastingExperiment object at 0x30672ce10>, estimator=ets, fold=None, round=4, cross_validation=True, predict=True, fit_kwargs={}, groups=None, refit=False, probability_threshold=None, experiment_custom_tags=None, verbose=False, system=False, add_to_model_list=True, metrics=None, display=<pycaret.internal.display.display.CommonDisplay object at 0x315529e10>, model_only=True, return_train_score=False, error_score=0.0, kwargs={})
2025-04-14 19:18:21,396:INFO:Checking exceptions
2025-04-14 19:18:21,396:INFO:Importing libraries
2025-04-14 19:18:21,396:INFO:Copying training dataset
2025-04-14 19:18:21,398:INFO:Defining folds
2025-04-14 19:18:21,398:INFO:Declaring metric variables
2025-04-14 19:18:21,398:INFO:Importing untrained model
2025-04-14 19:18:21,398:INFO:ETS Imported successfully
2025-04-14 19:18:21,400:INFO:Starting cross validation
2025-04-14 19:18:21,401:INFO:Cross validating with ExpandingWindowSplitter(fh=ForecastingHorizon([ 1,  2,  3,  4,  5,  6,  7,  8,  9, 10, 11, 12, 13, 14, 15, 16, 17, 18,
       19, 20, 21, 22, 23, 24, 25, 26, 27, 28, 29, 30],
      dtype='int64', is_relative=True),
                        initial_window=1341, step_length=30), n_jobs=-1
2025-04-14 19:18:27,488:WARNING:/opt/anaconda3/envs/LSTM/lib/python3.11/site-packages/sklearn/metrics/_regression.py:483: FutureWarning: 'squared' is deprecated in version 1.4 and will be removed in 1.6. To calculate the root mean squared error, use the function'root_mean_squared_error'.
  warnings.warn(

2025-04-14 19:18:27,489:WARNING:/opt/anaconda3/envs/LSTM/lib/python3.11/site-packages/sklearn/metrics/_regression.py:483: FutureWarning: 'squared' is deprecated in version 1.4 and will be removed in 1.6. To calculate the root mean squared error, use the function'root_mean_squared_error'.
  warnings.warn(

2025-04-14 19:18:27,873:WARNING:/opt/anaconda3/envs/LSTM/lib/python3.11/site-packages/sklearn/metrics/_regression.py:483: FutureWarning: 'squared' is deprecated in version 1.4 and will be removed in 1.6. To calculate the root mean squared error, use the function'root_mean_squared_error'.
  warnings.warn(

2025-04-14 19:18:27,874:WARNING:/opt/anaconda3/envs/LSTM/lib/python3.11/site-packages/sklearn/metrics/_regression.py:483: FutureWarning: 'squared' is deprecated in version 1.4 and will be removed in 1.6. To calculate the root mean squared error, use the function'root_mean_squared_error'.
  warnings.warn(

2025-04-14 19:18:27,963:WARNING:/opt/anaconda3/envs/LSTM/lib/python3.11/site-packages/sklearn/metrics/_regression.py:483: FutureWarning: 'squared' is deprecated in version 1.4 and will be removed in 1.6. To calculate the root mean squared error, use the function'root_mean_squared_error'.
  warnings.warn(

2025-04-14 19:18:27,963:WARNING:/opt/anaconda3/envs/LSTM/lib/python3.11/site-packages/sklearn/metrics/_regression.py:483: FutureWarning: 'squared' is deprecated in version 1.4 and will be removed in 1.6. To calculate the root mean squared error, use the function'root_mean_squared_error'.
  warnings.warn(

2025-04-14 19:18:27,990:INFO:Calculating mean and std
2025-04-14 19:18:27,993:INFO:Creating metrics dataframe
2025-04-14 19:18:28,014:INFO:Uploading results into container
2025-04-14 19:18:28,014:INFO:Uploading model into container now
2025-04-14 19:18:28,018:INFO:_master_model_container: 1
2025-04-14 19:18:28,019:INFO:_display_container: 2
2025-04-14 19:18:28,020:INFO:AutoETS(seasonal='mul', sp=33, trend='add')
2025-04-14 19:18:28,020:INFO:create_model() successfully completed......................................
2025-04-14 19:18:28,407:INFO:SubProcess create_model() end ==================================
2025-04-14 19:18:28,407:INFO:Creating metrics dataframe
2025-04-14 19:18:28,409:INFO:Initializing Exponential Smoothing
2025-04-14 19:18:28,409:INFO:Total runtime is 0.11688188314437865 minutes
2025-04-14 19:18:28,409:INFO:SubProcess create_model() called ==================================
2025-04-14 19:18:28,409:INFO:Initializing create_model()
2025-04-14 19:18:28,409:INFO:create_model(self=<pycaret.time_series.forecasting.oop.TSForecastingExperiment object at 0x30672ce10>, estimator=exp_smooth, fold=None, round=4, cross_validation=True, predict=True, fit_kwargs={}, groups=None, refit=False, probability_threshold=None, experiment_custom_tags=None, verbose=False, system=False, add_to_model_list=True, metrics=None, display=<pycaret.internal.display.display.CommonDisplay object at 0x315529e10>, model_only=True, return_train_score=False, error_score=0.0, kwargs={})
2025-04-14 19:18:28,409:INFO:Checking exceptions
2025-04-14 19:18:28,409:INFO:Importing libraries
2025-04-14 19:18:28,409:INFO:Copying training dataset
2025-04-14 19:18:28,410:INFO:Defining folds
2025-04-14 19:18:28,410:INFO:Declaring metric variables
2025-04-14 19:18:28,410:INFO:Importing untrained model
2025-04-14 19:18:28,411:INFO:Exponential Smoothing Imported successfully
2025-04-14 19:18:28,412:INFO:Starting cross validation
2025-04-14 19:18:28,412:INFO:Cross validating with ExpandingWindowSplitter(fh=ForecastingHorizon([ 1,  2,  3,  4,  5,  6,  7,  8,  9, 10, 11, 12, 13, 14, 15, 16, 17, 18,
       19, 20, 21, 22, 23, 24, 25, 26, 27, 28, 29, 30],
      dtype='int64', is_relative=True),
                        initial_window=1341, step_length=30), n_jobs=-1
2025-04-14 19:18:31,058:WARNING:/opt/anaconda3/envs/LSTM/lib/python3.11/site-packages/statsmodels/tsa/holtwinters/model.py:918: ConvergenceWarning: Optimization failed to converge. Check mle_retvals.
  warnings.warn(

2025-04-14 19:18:31,074:WARNING:/opt/anaconda3/envs/LSTM/lib/python3.11/site-packages/statsmodels/tsa/holtwinters/model.py:918: ConvergenceWarning: Optimization failed to converge. Check mle_retvals.
  warnings.warn(

2025-04-14 19:18:31,089:WARNING:/opt/anaconda3/envs/LSTM/lib/python3.11/site-packages/sklearn/metrics/_regression.py:483: FutureWarning: 'squared' is deprecated in version 1.4 and will be removed in 1.6. To calculate the root mean squared error, use the function'root_mean_squared_error'.
  warnings.warn(

2025-04-14 19:18:31,090:WARNING:/opt/anaconda3/envs/LSTM/lib/python3.11/site-packages/sklearn/metrics/_regression.py:483: FutureWarning: 'squared' is deprecated in version 1.4 and will be removed in 1.6. To calculate the root mean squared error, use the function'root_mean_squared_error'.
  warnings.warn(

2025-04-14 19:18:31,100:WARNING:/opt/anaconda3/envs/LSTM/lib/python3.11/site-packages/statsmodels/tsa/holtwinters/model.py:918: ConvergenceWarning: Optimization failed to converge. Check mle_retvals.
  warnings.warn(

2025-04-14 19:18:31,111:WARNING:/opt/anaconda3/envs/LSTM/lib/python3.11/site-packages/sklearn/metrics/_regression.py:483: FutureWarning: 'squared' is deprecated in version 1.4 and will be removed in 1.6. To calculate the root mean squared error, use the function'root_mean_squared_error'.
  warnings.warn(

2025-04-14 19:18:31,112:WARNING:/opt/anaconda3/envs/LSTM/lib/python3.11/site-packages/sklearn/metrics/_regression.py:483: FutureWarning: 'squared' is deprecated in version 1.4 and will be removed in 1.6. To calculate the root mean squared error, use the function'root_mean_squared_error'.
  warnings.warn(

2025-04-14 19:18:31,144:WARNING:/opt/anaconda3/envs/LSTM/lib/python3.11/site-packages/sklearn/metrics/_regression.py:483: FutureWarning: 'squared' is deprecated in version 1.4 and will be removed in 1.6. To calculate the root mean squared error, use the function'root_mean_squared_error'.
  warnings.warn(

2025-04-14 19:18:31,145:WARNING:/opt/anaconda3/envs/LSTM/lib/python3.11/site-packages/sklearn/metrics/_regression.py:483: FutureWarning: 'squared' is deprecated in version 1.4 and will be removed in 1.6. To calculate the root mean squared error, use the function'root_mean_squared_error'.
  warnings.warn(

2025-04-14 19:18:31,160:INFO:Calculating mean and std
2025-04-14 19:18:31,162:INFO:Creating metrics dataframe
2025-04-14 19:18:31,169:INFO:Uploading results into container
2025-04-14 19:18:31,169:INFO:Uploading model into container now
2025-04-14 19:18:31,169:INFO:_master_model_container: 2
2025-04-14 19:18:31,169:INFO:_display_container: 2
2025-04-14 19:18:31,170:INFO:ExponentialSmoothing(seasonal='mul', sp=33, trend='add')
2025-04-14 19:18:31,170:INFO:create_model() successfully completed......................................
2025-04-14 19:18:31,387:INFO:SubProcess create_model() end ==================================
2025-04-14 19:18:31,387:INFO:Creating metrics dataframe
2025-04-14 19:18:31,390:INFO:Initializing create_model()
2025-04-14 19:18:31,390:INFO:create_model(self=<pycaret.time_series.forecasting.oop.TSForecastingExperiment object at 0x30672ce10>, estimator=AutoETS(seasonal='mul', sp=33, trend='add'), fold=None, round=4, cross_validation=False, predict=False, fit_kwargs={}, groups=None, refit=True, probability_threshold=None, experiment_custom_tags=None, verbose=False, system=False, add_to_model_list=True, metrics=None, display=None, model_only=True, return_train_score=False, error_score=0.0, kwargs={})
2025-04-14 19:18:31,390:INFO:Checking exceptions
2025-04-14 19:18:31,391:INFO:Importing libraries
2025-04-14 19:18:31,391:INFO:Copying training dataset
2025-04-14 19:18:31,394:INFO:Defining folds
2025-04-14 19:18:31,394:INFO:Declaring metric variables
2025-04-14 19:18:31,395:INFO:Importing untrained model
2025-04-14 19:18:31,395:INFO:Declaring custom model
2025-04-14 19:18:31,395:INFO:ETS Imported successfully
2025-04-14 19:18:31,395:INFO:Cross validation set to False
2025-04-14 19:18:31,395:INFO:Fitting Model
2025-04-14 19:18:32,164:INFO:AutoETS(seasonal='mul', sp=33, trend='add')
2025-04-14 19:18:32,164:INFO:create_model() successfully completed......................................
2025-04-14 19:18:32,579:INFO:_master_model_container: 2
2025-04-14 19:18:32,579:INFO:_display_container: 2
2025-04-14 19:18:32,580:INFO:AutoETS(seasonal='mul', sp=33, trend='add')
2025-04-14 19:18:32,580:INFO:compare_models() successfully completed......................................
2025-04-14 19:18:32,583:INFO:Initializing create_model()
2025-04-14 19:18:32,583:INFO:create_model(self=<pycaret.time_series.forecasting.oop.TSForecastingExperiment object at 0x30672ce10>, estimator=AutoETS(seasonal='mul', sp=33, trend='add'), fold=None, round=4, cross_validation=True, predict=True, fit_kwargs=None, groups=None, refit=True, probability_threshold=None, experiment_custom_tags=None, verbose=False, system=True, add_to_model_list=True, metrics=None, display=None, model_only=True, return_train_score=False, error_score=0.0, kwargs={})
2025-04-14 19:18:32,583:INFO:Checking exceptions
2025-04-14 19:18:32,587:INFO:Importing libraries
2025-04-14 19:18:32,587:INFO:Copying training dataset
2025-04-14 19:18:32,593:INFO:Defining folds
2025-04-14 19:18:32,593:INFO:Declaring metric variables
2025-04-14 19:18:32,593:INFO:Importing untrained model
2025-04-14 19:18:32,593:INFO:Declaring custom model
2025-04-14 19:18:32,594:INFO:ETS Imported successfully
2025-04-14 19:18:32,596:INFO:Starting cross validation
2025-04-14 19:18:32,597:INFO:Cross validating with ExpandingWindowSplitter(fh=ForecastingHorizon([ 1,  2,  3,  4,  5,  6,  7,  8,  9, 10, 11, 12, 13, 14, 15, 16, 17, 18,
       19, 20, 21, 22, 23, 24, 25, 26, 27, 28, 29, 30],
      dtype='int64', is_relative=True),
                        initial_window=1341, step_length=30), n_jobs=-1
2025-04-14 19:18:33,696:WARNING:/opt/anaconda3/envs/LSTM/lib/python3.11/site-packages/sklearn/metrics/_regression.py:483: FutureWarning: 'squared' is deprecated in version 1.4 and will be removed in 1.6. To calculate the root mean squared error, use the function'root_mean_squared_error'.
  warnings.warn(

2025-04-14 19:18:33,697:WARNING:/opt/anaconda3/envs/LSTM/lib/python3.11/site-packages/sklearn/metrics/_regression.py:483: FutureWarning: 'squared' is deprecated in version 1.4 and will be removed in 1.6. To calculate the root mean squared error, use the function'root_mean_squared_error'.
  warnings.warn(

2025-04-14 19:18:33,755:WARNING:/opt/anaconda3/envs/LSTM/lib/python3.11/site-packages/sklearn/metrics/_regression.py:483: FutureWarning: 'squared' is deprecated in version 1.4 and will be removed in 1.6. To calculate the root mean squared error, use the function'root_mean_squared_error'.
  warnings.warn(

2025-04-14 19:18:33,755:WARNING:/opt/anaconda3/envs/LSTM/lib/python3.11/site-packages/sklearn/metrics/_regression.py:483: FutureWarning: 'squared' is deprecated in version 1.4 and will be removed in 1.6. To calculate the root mean squared error, use the function'root_mean_squared_error'.
  warnings.warn(

2025-04-14 19:18:35,374:WARNING:/opt/anaconda3/envs/LSTM/lib/python3.11/site-packages/sklearn/metrics/_regression.py:483: FutureWarning: 'squared' is deprecated in version 1.4 and will be removed in 1.6. To calculate the root mean squared error, use the function'root_mean_squared_error'.
  warnings.warn(

2025-04-14 19:18:35,375:WARNING:/opt/anaconda3/envs/LSTM/lib/python3.11/site-packages/sklearn/metrics/_regression.py:483: FutureWarning: 'squared' is deprecated in version 1.4 and will be removed in 1.6. To calculate the root mean squared error, use the function'root_mean_squared_error'.
  warnings.warn(

2025-04-14 19:18:35,394:INFO:Calculating mean and std
2025-04-14 19:18:35,403:INFO:Creating metrics dataframe
2025-04-14 19:18:35,414:INFO:Finalizing model
2025-04-14 19:18:35,974:INFO:Uploading results into container
2025-04-14 19:18:35,974:INFO:Uploading model into container now
2025-04-14 19:18:35,975:INFO:_master_model_container: 3
2025-04-14 19:18:35,975:INFO:_display_container: 3
2025-04-14 19:18:35,975:INFO:AutoETS(seasonal='mul', sp=33, trend='add')
2025-04-14 19:18:35,975:INFO:create_model() successfully completed......................................
2025-04-14 19:18:36,245:INFO:Initializing get_config()
2025-04-14 19:18:36,245:INFO:get_config(self=<pycaret.time_series.forecasting.oop.TSForecastingExperiment object at 0x30672ce10>, variable=y_train)
2025-04-14 19:18:36,246:INFO:Variable: 'y_train' used to return the transformed values in PyCaret 2.x. From PyCaret 3.x, this will return the raw values. If you need the transformed values, call get_config with 'y_train_transformed' instead.
2025-04-14 19:18:36,254:INFO:Variable:  returned as Date
2020-01-01     7200.174316
2020-01-02     6985.470215
2020-01-03     7344.884277
2020-01-04     7410.656738
2020-01-05     7411.317383
                  ...     
2023-11-27    37254.167969
2023-11-28    37831.085938
2023-11-29    37858.492188
2023-11-30    37712.746094
2023-12-01    38688.750000
Freq: D, Name: ('Close', 'BTC-USD'), Length: 1431, dtype: float64
2025-04-14 19:18:36,254:INFO:get_config() successfully completed......................................
2025-04-15 00:30:19,865:WARNING:
'prophet' is a soft dependency and not included in the pycaret installation. Please run: `pip install prophet` to install.
2025-04-15 01:02:39,652:INFO:PyCaret TSForecastingExperiment
2025-04-15 01:02:39,653:INFO:Logging name: ts-default-name
2025-04-15 01:02:39,654:INFO:ML Usecase: MLUsecase.TIME_SERIES
2025-04-15 01:02:39,654:INFO:version 3.3.2
2025-04-15 01:02:39,654:INFO:Initializing setup()
2025-04-15 01:02:39,654:INFO:self.USI: c263
2025-04-15 01:02:39,654:INFO:self._variable_keys: {'approach_type', 'X_transformed', 'n_jobs_param', 'pipeline', 'exp_name_log', 'exogenous_present', 'y_train_transformed', 'X_test_transformed', 'gpu_param', 'idx', 'X_test', 'index_type', 'log_plots_param', 'X', 'primary_sp_to_use', 'seed', 'enforce_pi', 'all_sps_to_use', 'seasonality_present', 'exp_id', 'significant_sps', 'memory', 'y_test', 'significant_sps_no_harmonics', 'fh', 'logging_param', 'html_param', 'candidate_sps', 'X_train', 'y_train', 'strictly_positive', 'X_train_transformed', '_ml_usecase', 'gpu_n_jobs_param', 'y', 'data', 'fold_generator', '_available_plots', 'fold_param', 'y_transformed', 'USI', 'enforce_exogenous', 'model_engines', 'y_test_transformed'}
2025-04-15 01:02:39,655:INFO:Checking environment
2025-04-15 01:02:39,656:INFO:python_version: 3.11.8
2025-04-15 01:02:39,656:INFO:python_build: ('main', 'Feb 16 2024 20:49:36')
2025-04-15 01:02:39,657:INFO:machine: arm64
2025-04-15 01:02:39,657:INFO:platform: macOS-15.3.1-arm64-arm-64bit
2025-04-15 01:02:39,659:INFO:Memory: svmem(total=17179869184, available=3647815680, percent=78.8, used=5990154240, free=64684032, active=3589816320, inactive=3506978816, wired=2400337920)
2025-04-15 01:02:39,660:INFO:Physical Core: 8
2025-04-15 01:02:39,660:INFO:Logical Core: 8
2025-04-15 01:02:39,660:INFO:Checking libraries
2025-04-15 01:02:39,660:INFO:System:
2025-04-15 01:02:39,661:INFO:    python: 3.11.8 | packaged by conda-forge | (main, Feb 16 2024, 20:49:36) [Clang 16.0.6 ]
2025-04-15 01:02:39,661:INFO:executable: /opt/anaconda3/envs/LSTM/bin/python
2025-04-15 01:02:39,661:INFO:   machine: macOS-15.3.1-arm64-arm-64bit
2025-04-15 01:02:39,661:INFO:PyCaret required dependencies:
2025-04-15 01:02:39,821:INFO:                 pip: 25.0
2025-04-15 01:02:39,822:INFO:          setuptools: 75.8.0
2025-04-15 01:02:39,822:INFO:             pycaret: 3.3.2
2025-04-15 01:02:39,822:INFO:             IPython: 8.32.0
2025-04-15 01:02:39,822:INFO:          ipywidgets: 8.1.5
2025-04-15 01:02:39,822:INFO:                tqdm: 4.67.1
2025-04-15 01:02:39,822:INFO:               numpy: 1.26.4
2025-04-15 01:02:39,822:INFO:              pandas: 2.1.4
2025-04-15 01:02:39,822:INFO:              jinja2: 3.1.5
2025-04-15 01:02:39,822:INFO:               scipy: 1.11.4
2025-04-15 01:02:39,822:INFO:              joblib: 1.3.2
2025-04-15 01:02:39,822:INFO:             sklearn: 1.4.2
2025-04-15 01:02:39,822:INFO:                pyod: 2.0.3
2025-04-15 01:02:39,822:INFO:            imblearn: 0.13.0
2025-04-15 01:02:39,822:INFO:   category_encoders: 2.7.0
2025-04-15 01:02:39,822:INFO:            lightgbm: 4.6.0
2025-04-15 01:02:39,822:INFO:               numba: 0.61.0
2025-04-15 01:02:39,822:INFO:            requests: 2.32.3
2025-04-15 01:02:39,822:INFO:          matplotlib: 3.7.5
2025-04-15 01:02:39,822:INFO:          scikitplot: 0.3.7
2025-04-15 01:02:39,822:INFO:         yellowbrick: 1.5
2025-04-15 01:02:39,822:INFO:              plotly: 5.24.1
2025-04-15 01:02:39,822:INFO:    plotly-resampler: Not installed
2025-04-15 01:02:39,822:INFO:             kaleido: 0.2.1
2025-04-15 01:02:39,822:INFO:           schemdraw: 0.15
2025-04-15 01:02:39,822:INFO:         statsmodels: 0.14.4
2025-04-15 01:02:39,822:INFO:              sktime: 0.26.0
2025-04-15 01:02:39,822:INFO:               tbats: 1.1.3
2025-04-15 01:02:39,822:INFO:            pmdarima: 2.0.4
2025-04-15 01:02:39,822:INFO:              psutil: 5.9.0
2025-04-15 01:02:39,822:INFO:          markupsafe: 3.0.2
2025-04-15 01:02:39,822:INFO:             pickle5: Not installed
2025-04-15 01:02:39,822:INFO:         cloudpickle: 3.1.1
2025-04-15 01:02:39,822:INFO:         deprecation: 2.1.0
2025-04-15 01:02:39,822:INFO:              xxhash: 3.5.0
2025-04-15 01:02:39,822:INFO:           wurlitzer: 3.1.1
2025-04-15 01:02:39,822:INFO:PyCaret optional dependencies:
2025-04-15 01:02:39,834:INFO:                shap: Not installed
2025-04-15 01:02:39,835:INFO:           interpret: Not installed
2025-04-15 01:02:39,835:INFO:                umap: Not installed
2025-04-15 01:02:39,835:INFO:     ydata_profiling: Not installed
2025-04-15 01:02:39,835:INFO:  explainerdashboard: Not installed
2025-04-15 01:02:39,835:INFO:             autoviz: Not installed
2025-04-15 01:02:39,835:INFO:           fairlearn: Not installed
2025-04-15 01:02:39,835:INFO:          deepchecks: Not installed
2025-04-15 01:02:39,835:INFO:             xgboost: Not installed
2025-04-15 01:02:39,835:INFO:            catboost: Not installed
2025-04-15 01:02:39,835:INFO:              kmodes: Not installed
2025-04-15 01:02:39,835:INFO:             mlxtend: Not installed
2025-04-15 01:02:39,835:INFO:       statsforecast: Not installed
2025-04-15 01:02:39,835:INFO:        tune_sklearn: Not installed
2025-04-15 01:02:39,835:INFO:                 ray: Not installed
2025-04-15 01:02:39,835:INFO:            hyperopt: Not installed
2025-04-15 01:02:39,835:INFO:              optuna: Not installed
2025-04-15 01:02:39,835:INFO:               skopt: Not installed
2025-04-15 01:02:39,835:INFO:              mlflow: Not installed
2025-04-15 01:02:39,835:INFO:              gradio: Not installed
2025-04-15 01:02:39,835:INFO:             fastapi: Not installed
2025-04-15 01:02:39,835:INFO:             uvicorn: Not installed
2025-04-15 01:02:39,835:INFO:              m2cgen: Not installed
2025-04-15 01:02:39,835:INFO:           evidently: Not installed
2025-04-15 01:02:39,835:INFO:               fugue: Not installed
2025-04-15 01:02:39,835:INFO:           streamlit: Not installed
2025-04-15 01:02:39,835:INFO:             prophet: Not installed
2025-04-15 01:02:39,835:INFO:None
2025-04-15 01:02:39,844:INFO:Set Forecast Horizon.
2025-04-15 01:02:39,845:INFO:Set up Train-Test Splits.
2025-04-15 01:02:39,870:INFO:Preparing preprocessing pipeline...
2025-04-15 01:02:39,870:INFO:Set up imputation for Target variable(s).
2025-04-15 01:02:40,035:INFO:Finished creating preprocessing pipeline.
2025-04-15 01:02:40,040:INFO:Pipeline: ForecastingPipeline(steps=[('forecaster',
                            TransformedTargetForecaster(steps=[('transformer_target',
                                                                TransformerPipeline(steps=[('numerical_imputer',
                                                                                            Imputer(method='ffill',
                                                                                                    random_state=123))])),
                                                               ('model',
                                                                DummyForecaster())]))])
2025-04-15 01:02:40,041:INFO:Set up Seasonal Period.
2025-04-15 01:02:40,059:INFO:Setting the seasonal component type - 'add' or 'mul'.
2025-04-15 01:02:40,059:INFO:Checking if data is strictly positive.
2025-04-15 01:02:40,103:INFO:Creating final display dataframe.
2025-04-15 01:02:40,124:INFO:Setup Display Container:                                           Description  \
0                                          session_id   
1                                              Target   
2                                            Approach   
3                                 Exogenous Variables   
4                                 Original data shape   
5                              Transformed data shape   
6                         Transformed train set shape   
7                          Transformed test set shape   
8                            Rows with missing values   
9                                      Fold Generator   
10                                        Fold Number   
11                        Enforce Prediction Interval   
12                    Splits used for hyperparameters   
13                    User Defined Seasonal Period(s)   
14                            Ignore Seasonality Test   
15                         Seasonality Detection Algo   
16                             Max Period to Consider   
17                          Seasonal Period(s) Tested   
18                     Significant Seasonal Period(s)   
19   Significant Seasonal Period(s) without Harmonics   
20                                   Remove Harmonics   
21                             Harmonics Order Method   
22                           Num Seasonalities to Use   
23                           All Seasonalities to Use   
24                                Primary Seasonality   
25                                Seasonality Present   
26                                   Seasonality Type   
27                           Target Strictly Positive   
28                                 Target White Noise   
29                                      Recommended d   
30                             Recommended Seasonal D   
31                                         Preprocess   
32                      Numerical Imputation (Target)   
33                            Transformation (Target)   
34                                   Scaling (Target)   
35  Feature Engineering (Target) - Reduced Regression   
36                                           CPU Jobs   
37                                            Use GPU   
38                                     Log Experiment   
39                                    Experiment Name   
40                                                USI   

                              Value  
0                               123  
1              ('Close', 'BTC-USD')  
2                        Univariate  
3                       Not Present  
4                         (1461, 1)  
5                         (1461, 1)  
6                         (1431, 1)  
7                           (30, 1)  
8                              0.0%  
9           ExpandingWindowSplitter  
10                                3  
11                            False  
12                              all  
13                             None  
14                            False  
15                             auto  
16                               60  
17  [33, 9, 44, 24, 31, 37, 40, 20]  
18  [33, 9, 44, 24, 31, 37, 40, 20]  
19      [33, 9, 44, 24, 31, 37, 40]  
20                            False  
21                     harmonic_max  
22                                1  
23                             [33]  
24                               33  
25                             True  
26                              mul  
27                             True  
28                               No  
29                                1  
30                                0  
31                             True  
32                            ffill  
33                             None  
34                             None  
35                            False  
36                               -1  
37                            False  
38                            False  
39                  ts-default-name  
40                             c263  
2025-04-15 01:02:40,124:INFO:Engine successfully changes for model 'auto_arima' to 'pmdarima'.
2025-04-15 01:02:40,172:WARNING:
'prophet' is a soft dependency and not included in the pycaret installation. Please run: `pip install prophet` to install.
2025-04-15 01:02:40,172:INFO:Engine for model 'lr_cds_dt' has not been set explicitly, hence returning None.
2025-04-15 01:02:40,172:INFO:Engine for model 'en_cds_dt' has not been set explicitly, hence returning None.
2025-04-15 01:02:40,173:INFO:Engine for model 'ridge_cds_dt' has not been set explicitly, hence returning None.
2025-04-15 01:02:40,174:INFO:Engine for model 'lasso_cds_dt' has not been set explicitly, hence returning None.
2025-04-15 01:02:40,189:INFO:Engine for model 'llar_cds_dt' has not been set explicitly, hence returning None.
2025-04-15 01:02:40,192:INFO:Engine for model 'br_cds_dt' has not been set explicitly, hence returning None.
2025-04-15 01:02:40,193:INFO:Engine for model 'huber_cds_dt' has not been set explicitly, hence returning None.
2025-04-15 01:02:40,194:INFO:Engine for model 'omp_cds_dt' has not been set explicitly, hence returning None.
2025-04-15 01:02:40,195:INFO:Engine for model 'knn_cds_dt' has not been set explicitly, hence returning None.
2025-04-15 01:02:40,196:INFO:Engine for model 'dt_cds_dt' has not been set explicitly, hence returning None.
2025-04-15 01:02:40,196:INFO:Engine for model 'rf_cds_dt' has not been set explicitly, hence returning None.
2025-04-15 01:02:40,196:INFO:Engine for model 'et_cds_dt' has not been set explicitly, hence returning None.
2025-04-15 01:02:40,196:INFO:Engine for model 'gbr_cds_dt' has not been set explicitly, hence returning None.
2025-04-15 01:02:40,196:INFO:Engine for model 'ada_cds_dt' has not been set explicitly, hence returning None.
2025-04-15 01:02:40,196:INFO:Engine for model 'xgboost_cds_dt' has not been set explicitly, hence returning None.
2025-04-15 01:02:40,196:WARNING:
'xgboost' is a soft dependency and not included in the pycaret installation. Please run: `pip install xgboost` to install.
Alternately, you can install this by running `pip install pycaret[models]`
2025-04-15 01:02:40,197:WARNING:
'xgboost' is a soft dependency and not included in the pycaret installation. Please run: `pip install xgboost` to install.
Alternately, you can install this by running `pip install pycaret[models]`
2025-04-15 01:02:40,197:INFO:Engine for model 'lightgbm_cds_dt' has not been set explicitly, hence returning None.
2025-04-15 01:02:40,197:INFO:Engine for model 'catboost_cds_dt' has not been set explicitly, hence returning None.
2025-04-15 01:02:40,197:WARNING:
'catboost' is a soft dependency and not included in the pycaret installation. Please run: `pip install catboost` to install.
Alternately, you can install this by running `pip install pycaret[models]`
2025-04-15 01:02:40,197:WARNING:
'catboost' is a soft dependency and not included in the pycaret installation. Please run: `pip install catboost` to install.
Alternately, you can install this by running `pip install pycaret[models]`
2025-04-15 01:02:40,199:WARNING:
'prophet' is a soft dependency and not included in the pycaret installation. Please run: `pip install prophet` to install.
2025-04-15 01:02:40,200:INFO:Engine for model 'lr_cds_dt' has not been set explicitly, hence returning None.
2025-04-15 01:02:40,200:INFO:Engine for model 'en_cds_dt' has not been set explicitly, hence returning None.
2025-04-15 01:02:40,200:INFO:Engine for model 'ridge_cds_dt' has not been set explicitly, hence returning None.
2025-04-15 01:02:40,200:INFO:Engine for model 'lasso_cds_dt' has not been set explicitly, hence returning None.
2025-04-15 01:02:40,200:INFO:Engine for model 'llar_cds_dt' has not been set explicitly, hence returning None.
2025-04-15 01:02:40,201:INFO:Engine for model 'br_cds_dt' has not been set explicitly, hence returning None.
2025-04-15 01:02:40,201:INFO:Engine for model 'huber_cds_dt' has not been set explicitly, hence returning None.
2025-04-15 01:02:40,202:INFO:Engine for model 'omp_cds_dt' has not been set explicitly, hence returning None.
2025-04-15 01:02:40,208:INFO:Engine for model 'knn_cds_dt' has not been set explicitly, hence returning None.
2025-04-15 01:02:40,209:INFO:Engine for model 'dt_cds_dt' has not been set explicitly, hence returning None.
2025-04-15 01:02:40,209:INFO:Engine for model 'rf_cds_dt' has not been set explicitly, hence returning None.
2025-04-15 01:02:40,209:INFO:Engine for model 'et_cds_dt' has not been set explicitly, hence returning None.
2025-04-15 01:02:40,209:INFO:Engine for model 'gbr_cds_dt' has not been set explicitly, hence returning None.
2025-04-15 01:02:40,209:INFO:Engine for model 'ada_cds_dt' has not been set explicitly, hence returning None.
2025-04-15 01:02:40,210:INFO:Engine for model 'xgboost_cds_dt' has not been set explicitly, hence returning None.
2025-04-15 01:02:40,210:WARNING:
'xgboost' is a soft dependency and not included in the pycaret installation. Please run: `pip install xgboost` to install.
Alternately, you can install this by running `pip install pycaret[models]`
2025-04-15 01:02:40,210:WARNING:
'xgboost' is a soft dependency and not included in the pycaret installation. Please run: `pip install xgboost` to install.
Alternately, you can install this by running `pip install pycaret[models]`
2025-04-15 01:02:40,210:INFO:Engine for model 'lightgbm_cds_dt' has not been set explicitly, hence returning None.
2025-04-15 01:02:40,210:INFO:Engine for model 'catboost_cds_dt' has not been set explicitly, hence returning None.
2025-04-15 01:02:40,210:WARNING:
'catboost' is a soft dependency and not included in the pycaret installation. Please run: `pip install catboost` to install.
Alternately, you can install this by running `pip install pycaret[models]`
2025-04-15 01:02:40,210:WARNING:
'catboost' is a soft dependency and not included in the pycaret installation. Please run: `pip install catboost` to install.
Alternately, you can install this by running `pip install pycaret[models]`
2025-04-15 01:02:40,210:INFO:Engine successfully changes for model 'lr_cds_dt' to 'sklearn'.
2025-04-15 01:02:40,215:WARNING:
'prophet' is a soft dependency and not included in the pycaret installation. Please run: `pip install prophet` to install.
2025-04-15 01:02:40,215:INFO:Engine for model 'en_cds_dt' has not been set explicitly, hence returning None.
2025-04-15 01:02:40,216:INFO:Engine for model 'ridge_cds_dt' has not been set explicitly, hence returning None.
2025-04-15 01:02:40,216:INFO:Engine for model 'lasso_cds_dt' has not been set explicitly, hence returning None.
2025-04-15 01:02:40,217:INFO:Engine for model 'llar_cds_dt' has not been set explicitly, hence returning None.
2025-04-15 01:02:40,217:INFO:Engine for model 'br_cds_dt' has not been set explicitly, hence returning None.
2025-04-15 01:02:40,217:INFO:Engine for model 'huber_cds_dt' has not been set explicitly, hence returning None.
2025-04-15 01:02:40,219:INFO:Engine for model 'omp_cds_dt' has not been set explicitly, hence returning None.
2025-04-15 01:02:40,220:INFO:Engine for model 'knn_cds_dt' has not been set explicitly, hence returning None.
2025-04-15 01:02:40,221:INFO:Engine for model 'dt_cds_dt' has not been set explicitly, hence returning None.
2025-04-15 01:02:40,221:INFO:Engine for model 'rf_cds_dt' has not been set explicitly, hence returning None.
2025-04-15 01:02:40,221:INFO:Engine for model 'et_cds_dt' has not been set explicitly, hence returning None.
2025-04-15 01:02:40,221:INFO:Engine for model 'gbr_cds_dt' has not been set explicitly, hence returning None.
2025-04-15 01:02:40,221:INFO:Engine for model 'ada_cds_dt' has not been set explicitly, hence returning None.
2025-04-15 01:02:40,221:INFO:Engine for model 'xgboost_cds_dt' has not been set explicitly, hence returning None.
2025-04-15 01:02:40,221:WARNING:
'xgboost' is a soft dependency and not included in the pycaret installation. Please run: `pip install xgboost` to install.
Alternately, you can install this by running `pip install pycaret[models]`
2025-04-15 01:02:40,221:WARNING:
'xgboost' is a soft dependency and not included in the pycaret installation. Please run: `pip install xgboost` to install.
Alternately, you can install this by running `pip install pycaret[models]`
2025-04-15 01:02:40,222:INFO:Engine for model 'lightgbm_cds_dt' has not been set explicitly, hence returning None.
2025-04-15 01:02:40,222:INFO:Engine for model 'catboost_cds_dt' has not been set explicitly, hence returning None.
2025-04-15 01:02:40,222:WARNING:
'catboost' is a soft dependency and not included in the pycaret installation. Please run: `pip install catboost` to install.
Alternately, you can install this by running `pip install pycaret[models]`
2025-04-15 01:02:40,222:WARNING:
'catboost' is a soft dependency and not included in the pycaret installation. Please run: `pip install catboost` to install.
Alternately, you can install this by running `pip install pycaret[models]`
2025-04-15 01:02:40,224:WARNING:
'prophet' is a soft dependency and not included in the pycaret installation. Please run: `pip install prophet` to install.
2025-04-15 01:02:40,224:INFO:Engine for model 'en_cds_dt' has not been set explicitly, hence returning None.
2025-04-15 01:02:40,229:INFO:Engine for model 'ridge_cds_dt' has not been set explicitly, hence returning None.
2025-04-15 01:02:40,229:INFO:Engine for model 'lasso_cds_dt' has not been set explicitly, hence returning None.
2025-04-15 01:02:40,231:INFO:Engine for model 'llar_cds_dt' has not been set explicitly, hence returning None.
2025-04-15 01:02:40,231:INFO:Engine for model 'br_cds_dt' has not been set explicitly, hence returning None.
2025-04-15 01:02:40,232:INFO:Engine for model 'huber_cds_dt' has not been set explicitly, hence returning None.
2025-04-15 01:02:40,234:INFO:Engine for model 'omp_cds_dt' has not been set explicitly, hence returning None.
2025-04-15 01:02:40,235:INFO:Engine for model 'knn_cds_dt' has not been set explicitly, hence returning None.
2025-04-15 01:02:40,235:INFO:Engine for model 'dt_cds_dt' has not been set explicitly, hence returning None.
2025-04-15 01:02:40,235:INFO:Engine for model 'rf_cds_dt' has not been set explicitly, hence returning None.
2025-04-15 01:02:40,236:INFO:Engine for model 'et_cds_dt' has not been set explicitly, hence returning None.
2025-04-15 01:02:40,236:INFO:Engine for model 'gbr_cds_dt' has not been set explicitly, hence returning None.
2025-04-15 01:02:40,236:INFO:Engine for model 'ada_cds_dt' has not been set explicitly, hence returning None.
2025-04-15 01:02:40,236:INFO:Engine for model 'xgboost_cds_dt' has not been set explicitly, hence returning None.
2025-04-15 01:02:40,236:WARNING:
'xgboost' is a soft dependency and not included in the pycaret installation. Please run: `pip install xgboost` to install.
Alternately, you can install this by running `pip install pycaret[models]`
2025-04-15 01:02:40,236:WARNING:
'xgboost' is a soft dependency and not included in the pycaret installation. Please run: `pip install xgboost` to install.
Alternately, you can install this by running `pip install pycaret[models]`
2025-04-15 01:02:40,236:INFO:Engine for model 'lightgbm_cds_dt' has not been set explicitly, hence returning None.
2025-04-15 01:02:40,236:INFO:Engine for model 'catboost_cds_dt' has not been set explicitly, hence returning None.
2025-04-15 01:02:40,236:WARNING:
'catboost' is a soft dependency and not included in the pycaret installation. Please run: `pip install catboost` to install.
Alternately, you can install this by running `pip install pycaret[models]`
2025-04-15 01:02:40,236:WARNING:
'catboost' is a soft dependency and not included in the pycaret installation. Please run: `pip install catboost` to install.
Alternately, you can install this by running `pip install pycaret[models]`
2025-04-15 01:02:40,236:INFO:Engine successfully changes for model 'en_cds_dt' to 'sklearn'.
2025-04-15 01:02:40,245:WARNING:
'prophet' is a soft dependency and not included in the pycaret installation. Please run: `pip install prophet` to install.
2025-04-15 01:02:40,245:INFO:Engine for model 'ridge_cds_dt' has not been set explicitly, hence returning None.
2025-04-15 01:02:40,246:INFO:Engine for model 'lasso_cds_dt' has not been set explicitly, hence returning None.
2025-04-15 01:02:40,246:INFO:Engine for model 'llar_cds_dt' has not been set explicitly, hence returning None.
2025-04-15 01:02:40,246:INFO:Engine for model 'br_cds_dt' has not been set explicitly, hence returning None.
2025-04-15 01:02:40,247:INFO:Engine for model 'huber_cds_dt' has not been set explicitly, hence returning None.
2025-04-15 01:02:40,248:INFO:Engine for model 'omp_cds_dt' has not been set explicitly, hence returning None.
2025-04-15 01:02:40,249:INFO:Engine for model 'knn_cds_dt' has not been set explicitly, hence returning None.
2025-04-15 01:02:40,250:INFO:Engine for model 'dt_cds_dt' has not been set explicitly, hence returning None.
2025-04-15 01:02:40,250:INFO:Engine for model 'rf_cds_dt' has not been set explicitly, hence returning None.
2025-04-15 01:02:40,250:INFO:Engine for model 'et_cds_dt' has not been set explicitly, hence returning None.
2025-04-15 01:02:40,251:INFO:Engine for model 'gbr_cds_dt' has not been set explicitly, hence returning None.
2025-04-15 01:02:40,251:INFO:Engine for model 'ada_cds_dt' has not been set explicitly, hence returning None.
2025-04-15 01:02:40,252:INFO:Engine for model 'xgboost_cds_dt' has not been set explicitly, hence returning None.
2025-04-15 01:02:40,252:WARNING:
'xgboost' is a soft dependency and not included in the pycaret installation. Please run: `pip install xgboost` to install.
Alternately, you can install this by running `pip install pycaret[models]`
2025-04-15 01:02:40,252:WARNING:
'xgboost' is a soft dependency and not included in the pycaret installation. Please run: `pip install xgboost` to install.
Alternately, you can install this by running `pip install pycaret[models]`
2025-04-15 01:02:40,252:INFO:Engine for model 'lightgbm_cds_dt' has not been set explicitly, hence returning None.
2025-04-15 01:02:40,252:INFO:Engine for model 'catboost_cds_dt' has not been set explicitly, hence returning None.
2025-04-15 01:02:40,252:WARNING:
'catboost' is a soft dependency and not included in the pycaret installation. Please run: `pip install catboost` to install.
Alternately, you can install this by running `pip install pycaret[models]`
2025-04-15 01:02:40,252:WARNING:
'catboost' is a soft dependency and not included in the pycaret installation. Please run: `pip install catboost` to install.
Alternately, you can install this by running `pip install pycaret[models]`
2025-04-15 01:02:40,254:WARNING:
'prophet' is a soft dependency and not included in the pycaret installation. Please run: `pip install prophet` to install.
2025-04-15 01:02:40,254:INFO:Engine for model 'ridge_cds_dt' has not been set explicitly, hence returning None.
2025-04-15 01:02:40,254:INFO:Engine for model 'lasso_cds_dt' has not been set explicitly, hence returning None.
2025-04-15 01:02:40,254:INFO:Engine for model 'llar_cds_dt' has not been set explicitly, hence returning None.
2025-04-15 01:02:40,255:INFO:Engine for model 'br_cds_dt' has not been set explicitly, hence returning None.
2025-04-15 01:02:40,255:INFO:Engine for model 'huber_cds_dt' has not been set explicitly, hence returning None.
2025-04-15 01:02:40,256:INFO:Engine for model 'omp_cds_dt' has not been set explicitly, hence returning None.
2025-04-15 01:02:40,256:INFO:Engine for model 'knn_cds_dt' has not been set explicitly, hence returning None.
2025-04-15 01:02:40,257:INFO:Engine for model 'dt_cds_dt' has not been set explicitly, hence returning None.
2025-04-15 01:02:40,257:INFO:Engine for model 'rf_cds_dt' has not been set explicitly, hence returning None.
2025-04-15 01:02:40,257:INFO:Engine for model 'et_cds_dt' has not been set explicitly, hence returning None.
2025-04-15 01:02:40,257:INFO:Engine for model 'gbr_cds_dt' has not been set explicitly, hence returning None.
2025-04-15 01:02:40,257:INFO:Engine for model 'ada_cds_dt' has not been set explicitly, hence returning None.
2025-04-15 01:02:40,257:INFO:Engine for model 'xgboost_cds_dt' has not been set explicitly, hence returning None.
2025-04-15 01:02:40,257:WARNING:
'xgboost' is a soft dependency and not included in the pycaret installation. Please run: `pip install xgboost` to install.
Alternately, you can install this by running `pip install pycaret[models]`
2025-04-15 01:02:40,257:WARNING:
'xgboost' is a soft dependency and not included in the pycaret installation. Please run: `pip install xgboost` to install.
Alternately, you can install this by running `pip install pycaret[models]`
2025-04-15 01:02:40,257:INFO:Engine for model 'lightgbm_cds_dt' has not been set explicitly, hence returning None.
2025-04-15 01:02:40,257:INFO:Engine for model 'catboost_cds_dt' has not been set explicitly, hence returning None.
2025-04-15 01:02:40,257:WARNING:
'catboost' is a soft dependency and not included in the pycaret installation. Please run: `pip install catboost` to install.
Alternately, you can install this by running `pip install pycaret[models]`
2025-04-15 01:02:40,258:WARNING:
'catboost' is a soft dependency and not included in the pycaret installation. Please run: `pip install catboost` to install.
Alternately, you can install this by running `pip install pycaret[models]`
2025-04-15 01:02:40,258:INFO:Engine successfully changes for model 'ridge_cds_dt' to 'sklearn'.
2025-04-15 01:02:40,260:WARNING:
'prophet' is a soft dependency and not included in the pycaret installation. Please run: `pip install prophet` to install.
2025-04-15 01:02:40,261:INFO:Engine for model 'lasso_cds_dt' has not been set explicitly, hence returning None.
2025-04-15 01:02:40,261:INFO:Engine for model 'llar_cds_dt' has not been set explicitly, hence returning None.
2025-04-15 01:02:40,261:INFO:Engine for model 'br_cds_dt' has not been set explicitly, hence returning None.
2025-04-15 01:02:40,261:INFO:Engine for model 'huber_cds_dt' has not been set explicitly, hence returning None.
2025-04-15 01:02:40,263:INFO:Engine for model 'omp_cds_dt' has not been set explicitly, hence returning None.
2025-04-15 01:02:40,264:INFO:Engine for model 'knn_cds_dt' has not been set explicitly, hence returning None.
2025-04-15 01:02:40,264:INFO:Engine for model 'dt_cds_dt' has not been set explicitly, hence returning None.
2025-04-15 01:02:40,264:INFO:Engine for model 'rf_cds_dt' has not been set explicitly, hence returning None.
2025-04-15 01:02:40,265:INFO:Engine for model 'et_cds_dt' has not been set explicitly, hence returning None.
2025-04-15 01:02:40,265:INFO:Engine for model 'gbr_cds_dt' has not been set explicitly, hence returning None.
2025-04-15 01:02:40,265:INFO:Engine for model 'ada_cds_dt' has not been set explicitly, hence returning None.
2025-04-15 01:02:40,265:INFO:Engine for model 'xgboost_cds_dt' has not been set explicitly, hence returning None.
2025-04-15 01:02:40,265:WARNING:
'xgboost' is a soft dependency and not included in the pycaret installation. Please run: `pip install xgboost` to install.
Alternately, you can install this by running `pip install pycaret[models]`
2025-04-15 01:02:40,265:WARNING:
'xgboost' is a soft dependency and not included in the pycaret installation. Please run: `pip install xgboost` to install.
Alternately, you can install this by running `pip install pycaret[models]`
2025-04-15 01:02:40,265:INFO:Engine for model 'lightgbm_cds_dt' has not been set explicitly, hence returning None.
2025-04-15 01:02:40,265:INFO:Engine for model 'catboost_cds_dt' has not been set explicitly, hence returning None.
2025-04-15 01:02:40,265:WARNING:
'catboost' is a soft dependency and not included in the pycaret installation. Please run: `pip install catboost` to install.
Alternately, you can install this by running `pip install pycaret[models]`
2025-04-15 01:02:40,265:WARNING:
'catboost' is a soft dependency and not included in the pycaret installation. Please run: `pip install catboost` to install.
Alternately, you can install this by running `pip install pycaret[models]`
2025-04-15 01:02:40,267:WARNING:
'prophet' is a soft dependency and not included in the pycaret installation. Please run: `pip install prophet` to install.
2025-04-15 01:02:40,267:INFO:Engine for model 'lasso_cds_dt' has not been set explicitly, hence returning None.
2025-04-15 01:02:40,267:INFO:Engine for model 'llar_cds_dt' has not been set explicitly, hence returning None.
2025-04-15 01:02:40,267:INFO:Engine for model 'br_cds_dt' has not been set explicitly, hence returning None.
2025-04-15 01:02:40,267:INFO:Engine for model 'huber_cds_dt' has not been set explicitly, hence returning None.
2025-04-15 01:02:40,268:INFO:Engine for model 'omp_cds_dt' has not been set explicitly, hence returning None.
2025-04-15 01:02:40,269:INFO:Engine for model 'knn_cds_dt' has not been set explicitly, hence returning None.
2025-04-15 01:02:40,271:INFO:Engine for model 'dt_cds_dt' has not been set explicitly, hence returning None.
2025-04-15 01:02:40,285:INFO:Engine for model 'rf_cds_dt' has not been set explicitly, hence returning None.
2025-04-15 01:02:40,285:INFO:Engine for model 'et_cds_dt' has not been set explicitly, hence returning None.
2025-04-15 01:02:40,286:INFO:Engine for model 'gbr_cds_dt' has not been set explicitly, hence returning None.
2025-04-15 01:02:40,286:INFO:Engine for model 'ada_cds_dt' has not been set explicitly, hence returning None.
2025-04-15 01:02:40,287:INFO:Engine for model 'xgboost_cds_dt' has not been set explicitly, hence returning None.
2025-04-15 01:02:40,287:WARNING:
'xgboost' is a soft dependency and not included in the pycaret installation. Please run: `pip install xgboost` to install.
Alternately, you can install this by running `pip install pycaret[models]`
2025-04-15 01:02:40,287:WARNING:
'xgboost' is a soft dependency and not included in the pycaret installation. Please run: `pip install xgboost` to install.
Alternately, you can install this by running `pip install pycaret[models]`
2025-04-15 01:02:40,287:INFO:Engine for model 'lightgbm_cds_dt' has not been set explicitly, hence returning None.
2025-04-15 01:02:40,287:INFO:Engine for model 'catboost_cds_dt' has not been set explicitly, hence returning None.
2025-04-15 01:02:40,287:WARNING:
'catboost' is a soft dependency and not included in the pycaret installation. Please run: `pip install catboost` to install.
Alternately, you can install this by running `pip install pycaret[models]`
2025-04-15 01:02:40,287:WARNING:
'catboost' is a soft dependency and not included in the pycaret installation. Please run: `pip install catboost` to install.
Alternately, you can install this by running `pip install pycaret[models]`
2025-04-15 01:02:40,287:INFO:Engine successfully changes for model 'lasso_cds_dt' to 'sklearn'.
2025-04-15 01:02:40,292:WARNING:
'prophet' is a soft dependency and not included in the pycaret installation. Please run: `pip install prophet` to install.
2025-04-15 01:02:40,292:INFO:Engine for model 'llar_cds_dt' has not been set explicitly, hence returning None.
2025-04-15 01:02:40,293:INFO:Engine for model 'br_cds_dt' has not been set explicitly, hence returning None.
2025-04-15 01:02:40,293:INFO:Engine for model 'huber_cds_dt' has not been set explicitly, hence returning None.
2025-04-15 01:02:40,294:INFO:Engine for model 'omp_cds_dt' has not been set explicitly, hence returning None.
2025-04-15 01:02:40,295:INFO:Engine for model 'knn_cds_dt' has not been set explicitly, hence returning None.
2025-04-15 01:02:40,295:INFO:Engine for model 'dt_cds_dt' has not been set explicitly, hence returning None.
2025-04-15 01:02:40,295:INFO:Engine for model 'rf_cds_dt' has not been set explicitly, hence returning None.
2025-04-15 01:02:40,297:INFO:Engine for model 'et_cds_dt' has not been set explicitly, hence returning None.
2025-04-15 01:02:40,298:INFO:Engine for model 'gbr_cds_dt' has not been set explicitly, hence returning None.
2025-04-15 01:02:40,299:INFO:Engine for model 'ada_cds_dt' has not been set explicitly, hence returning None.
2025-04-15 01:02:40,299:INFO:Engine for model 'xgboost_cds_dt' has not been set explicitly, hence returning None.
2025-04-15 01:02:40,299:WARNING:
'xgboost' is a soft dependency and not included in the pycaret installation. Please run: `pip install xgboost` to install.
Alternately, you can install this by running `pip install pycaret[models]`
2025-04-15 01:02:40,299:WARNING:
'xgboost' is a soft dependency and not included in the pycaret installation. Please run: `pip install xgboost` to install.
Alternately, you can install this by running `pip install pycaret[models]`
2025-04-15 01:02:40,299:INFO:Engine for model 'lightgbm_cds_dt' has not been set explicitly, hence returning None.
2025-04-15 01:02:40,300:INFO:Engine for model 'catboost_cds_dt' has not been set explicitly, hence returning None.
2025-04-15 01:02:40,300:WARNING:
'catboost' is a soft dependency and not included in the pycaret installation. Please run: `pip install catboost` to install.
Alternately, you can install this by running `pip install pycaret[models]`
2025-04-15 01:02:40,300:WARNING:
'catboost' is a soft dependency and not included in the pycaret installation. Please run: `pip install catboost` to install.
Alternately, you can install this by running `pip install pycaret[models]`
2025-04-15 01:02:40,304:WARNING:
'prophet' is a soft dependency and not included in the pycaret installation. Please run: `pip install prophet` to install.
2025-04-15 01:02:40,306:INFO:Engine for model 'llar_cds_dt' has not been set explicitly, hence returning None.
2025-04-15 01:02:40,306:INFO:Engine for model 'br_cds_dt' has not been set explicitly, hence returning None.
2025-04-15 01:02:40,306:INFO:Engine for model 'huber_cds_dt' has not been set explicitly, hence returning None.
2025-04-15 01:02:40,308:INFO:Engine for model 'omp_cds_dt' has not been set explicitly, hence returning None.
2025-04-15 01:02:40,309:INFO:Engine for model 'knn_cds_dt' has not been set explicitly, hence returning None.
2025-04-15 01:02:40,310:INFO:Engine for model 'dt_cds_dt' has not been set explicitly, hence returning None.
2025-04-15 01:02:40,310:INFO:Engine for model 'rf_cds_dt' has not been set explicitly, hence returning None.
2025-04-15 01:02:40,310:INFO:Engine for model 'et_cds_dt' has not been set explicitly, hence returning None.
2025-04-15 01:02:40,310:INFO:Engine for model 'gbr_cds_dt' has not been set explicitly, hence returning None.
2025-04-15 01:02:40,311:INFO:Engine for model 'ada_cds_dt' has not been set explicitly, hence returning None.
2025-04-15 01:02:40,311:INFO:Engine for model 'xgboost_cds_dt' has not been set explicitly, hence returning None.
2025-04-15 01:02:40,311:WARNING:
'xgboost' is a soft dependency and not included in the pycaret installation. Please run: `pip install xgboost` to install.
Alternately, you can install this by running `pip install pycaret[models]`
2025-04-15 01:02:40,311:WARNING:
'xgboost' is a soft dependency and not included in the pycaret installation. Please run: `pip install xgboost` to install.
Alternately, you can install this by running `pip install pycaret[models]`
2025-04-15 01:02:40,311:INFO:Engine for model 'lightgbm_cds_dt' has not been set explicitly, hence returning None.
2025-04-15 01:02:40,311:INFO:Engine for model 'catboost_cds_dt' has not been set explicitly, hence returning None.
2025-04-15 01:02:40,311:WARNING:
'catboost' is a soft dependency and not included in the pycaret installation. Please run: `pip install catboost` to install.
Alternately, you can install this by running `pip install pycaret[models]`
2025-04-15 01:02:40,311:WARNING:
'catboost' is a soft dependency and not included in the pycaret installation. Please run: `pip install catboost` to install.
Alternately, you can install this by running `pip install pycaret[models]`
2025-04-15 01:02:40,311:INFO:Engine successfully changes for model 'lar_cds_dt' to 'sklearn'.
2025-04-15 01:02:40,315:WARNING:
'prophet' is a soft dependency and not included in the pycaret installation. Please run: `pip install prophet` to install.
2025-04-15 01:02:40,316:INFO:Engine for model 'llar_cds_dt' has not been set explicitly, hence returning None.
2025-04-15 01:02:40,316:INFO:Engine for model 'br_cds_dt' has not been set explicitly, hence returning None.
2025-04-15 01:02:40,316:INFO:Engine for model 'huber_cds_dt' has not been set explicitly, hence returning None.
2025-04-15 01:02:40,317:INFO:Engine for model 'omp_cds_dt' has not been set explicitly, hence returning None.
2025-04-15 01:02:40,319:INFO:Engine for model 'knn_cds_dt' has not been set explicitly, hence returning None.
2025-04-15 01:02:40,319:INFO:Engine for model 'dt_cds_dt' has not been set explicitly, hence returning None.
2025-04-15 01:02:40,320:INFO:Engine for model 'rf_cds_dt' has not been set explicitly, hence returning None.
2025-04-15 01:02:40,320:INFO:Engine for model 'et_cds_dt' has not been set explicitly, hence returning None.
2025-04-15 01:02:40,321:INFO:Engine for model 'gbr_cds_dt' has not been set explicitly, hence returning None.
2025-04-15 01:02:40,321:INFO:Engine for model 'ada_cds_dt' has not been set explicitly, hence returning None.
2025-04-15 01:02:40,321:INFO:Engine for model 'xgboost_cds_dt' has not been set explicitly, hence returning None.
2025-04-15 01:02:40,321:WARNING:
'xgboost' is a soft dependency and not included in the pycaret installation. Please run: `pip install xgboost` to install.
Alternately, you can install this by running `pip install pycaret[models]`
2025-04-15 01:02:40,321:WARNING:
'xgboost' is a soft dependency and not included in the pycaret installation. Please run: `pip install xgboost` to install.
Alternately, you can install this by running `pip install pycaret[models]`
2025-04-15 01:02:40,321:INFO:Engine for model 'lightgbm_cds_dt' has not been set explicitly, hence returning None.
2025-04-15 01:02:40,322:INFO:Engine for model 'catboost_cds_dt' has not been set explicitly, hence returning None.
2025-04-15 01:02:40,322:WARNING:
'catboost' is a soft dependency and not included in the pycaret installation. Please run: `pip install catboost` to install.
Alternately, you can install this by running `pip install pycaret[models]`
2025-04-15 01:02:40,322:WARNING:
'catboost' is a soft dependency and not included in the pycaret installation. Please run: `pip install catboost` to install.
Alternately, you can install this by running `pip install pycaret[models]`
2025-04-15 01:02:40,341:WARNING:
'prophet' is a soft dependency and not included in the pycaret installation. Please run: `pip install prophet` to install.
2025-04-15 01:02:40,343:INFO:Engine for model 'llar_cds_dt' has not been set explicitly, hence returning None.
2025-04-15 01:02:40,344:INFO:Engine for model 'br_cds_dt' has not been set explicitly, hence returning None.
2025-04-15 01:02:40,344:INFO:Engine for model 'huber_cds_dt' has not been set explicitly, hence returning None.
2025-04-15 01:02:40,346:INFO:Engine for model 'omp_cds_dt' has not been set explicitly, hence returning None.
2025-04-15 01:02:40,351:INFO:Engine for model 'knn_cds_dt' has not been set explicitly, hence returning None.
2025-04-15 01:02:40,351:INFO:Engine for model 'dt_cds_dt' has not been set explicitly, hence returning None.
2025-04-15 01:02:40,352:INFO:Engine for model 'rf_cds_dt' has not been set explicitly, hence returning None.
2025-04-15 01:02:40,352:INFO:Engine for model 'et_cds_dt' has not been set explicitly, hence returning None.
2025-04-15 01:02:40,353:INFO:Engine for model 'gbr_cds_dt' has not been set explicitly, hence returning None.
2025-04-15 01:02:40,353:INFO:Engine for model 'ada_cds_dt' has not been set explicitly, hence returning None.
2025-04-15 01:02:40,353:INFO:Engine for model 'xgboost_cds_dt' has not been set explicitly, hence returning None.
2025-04-15 01:02:40,353:WARNING:
'xgboost' is a soft dependency and not included in the pycaret installation. Please run: `pip install xgboost` to install.
Alternately, you can install this by running `pip install pycaret[models]`
2025-04-15 01:02:40,353:WARNING:
'xgboost' is a soft dependency and not included in the pycaret installation. Please run: `pip install xgboost` to install.
Alternately, you can install this by running `pip install pycaret[models]`
2025-04-15 01:02:40,353:INFO:Engine for model 'lightgbm_cds_dt' has not been set explicitly, hence returning None.
2025-04-15 01:02:40,353:INFO:Engine for model 'catboost_cds_dt' has not been set explicitly, hence returning None.
2025-04-15 01:02:40,353:WARNING:
'catboost' is a soft dependency and not included in the pycaret installation. Please run: `pip install catboost` to install.
Alternately, you can install this by running `pip install pycaret[models]`
2025-04-15 01:02:40,353:WARNING:
'catboost' is a soft dependency and not included in the pycaret installation. Please run: `pip install catboost` to install.
Alternately, you can install this by running `pip install pycaret[models]`
2025-04-15 01:02:40,354:INFO:Engine successfully changes for model 'llar_cds_dt' to 'sklearn'.
2025-04-15 01:02:40,357:WARNING:
'prophet' is a soft dependency and not included in the pycaret installation. Please run: `pip install prophet` to install.
2025-04-15 01:02:40,358:INFO:Engine for model 'br_cds_dt' has not been set explicitly, hence returning None.
2025-04-15 01:02:40,358:INFO:Engine for model 'huber_cds_dt' has not been set explicitly, hence returning None.
2025-04-15 01:02:40,359:INFO:Engine for model 'omp_cds_dt' has not been set explicitly, hence returning None.
2025-04-15 01:02:40,361:INFO:Engine for model 'knn_cds_dt' has not been set explicitly, hence returning None.
2025-04-15 01:02:40,362:INFO:Engine for model 'dt_cds_dt' has not been set explicitly, hence returning None.
2025-04-15 01:02:40,362:INFO:Engine for model 'rf_cds_dt' has not been set explicitly, hence returning None.
2025-04-15 01:02:40,363:INFO:Engine for model 'et_cds_dt' has not been set explicitly, hence returning None.
2025-04-15 01:02:40,363:INFO:Engine for model 'gbr_cds_dt' has not been set explicitly, hence returning None.
2025-04-15 01:02:40,363:INFO:Engine for model 'ada_cds_dt' has not been set explicitly, hence returning None.
2025-04-15 01:02:40,364:INFO:Engine for model 'xgboost_cds_dt' has not been set explicitly, hence returning None.
2025-04-15 01:02:40,364:WARNING:
'xgboost' is a soft dependency and not included in the pycaret installation. Please run: `pip install xgboost` to install.
Alternately, you can install this by running `pip install pycaret[models]`
2025-04-15 01:02:40,364:WARNING:
'xgboost' is a soft dependency and not included in the pycaret installation. Please run: `pip install xgboost` to install.
Alternately, you can install this by running `pip install pycaret[models]`
2025-04-15 01:02:40,364:INFO:Engine for model 'lightgbm_cds_dt' has not been set explicitly, hence returning None.
2025-04-15 01:02:40,364:INFO:Engine for model 'catboost_cds_dt' has not been set explicitly, hence returning None.
2025-04-15 01:02:40,364:WARNING:
'catboost' is a soft dependency and not included in the pycaret installation. Please run: `pip install catboost` to install.
Alternately, you can install this by running `pip install pycaret[models]`
2025-04-15 01:02:40,365:WARNING:
'catboost' is a soft dependency and not included in the pycaret installation. Please run: `pip install catboost` to install.
Alternately, you can install this by running `pip install pycaret[models]`
2025-04-15 01:02:40,367:WARNING:
'prophet' is a soft dependency and not included in the pycaret installation. Please run: `pip install prophet` to install.
2025-04-15 01:02:40,369:INFO:Engine for model 'br_cds_dt' has not been set explicitly, hence returning None.
2025-04-15 01:02:40,370:INFO:Engine for model 'huber_cds_dt' has not been set explicitly, hence returning None.
2025-04-15 01:02:40,371:INFO:Engine for model 'omp_cds_dt' has not been set explicitly, hence returning None.
2025-04-15 01:02:40,372:INFO:Engine for model 'knn_cds_dt' has not been set explicitly, hence returning None.
2025-04-15 01:02:40,372:INFO:Engine for model 'dt_cds_dt' has not been set explicitly, hence returning None.
2025-04-15 01:02:40,372:INFO:Engine for model 'rf_cds_dt' has not been set explicitly, hence returning None.
2025-04-15 01:02:40,372:INFO:Engine for model 'et_cds_dt' has not been set explicitly, hence returning None.
2025-04-15 01:02:40,372:INFO:Engine for model 'gbr_cds_dt' has not been set explicitly, hence returning None.
2025-04-15 01:02:40,372:INFO:Engine for model 'ada_cds_dt' has not been set explicitly, hence returning None.
2025-04-15 01:02:40,372:INFO:Engine for model 'xgboost_cds_dt' has not been set explicitly, hence returning None.
2025-04-15 01:02:40,372:WARNING:
'xgboost' is a soft dependency and not included in the pycaret installation. Please run: `pip install xgboost` to install.
Alternately, you can install this by running `pip install pycaret[models]`
2025-04-15 01:02:40,372:WARNING:
'xgboost' is a soft dependency and not included in the pycaret installation. Please run: `pip install xgboost` to install.
Alternately, you can install this by running `pip install pycaret[models]`
2025-04-15 01:02:40,372:INFO:Engine for model 'lightgbm_cds_dt' has not been set explicitly, hence returning None.
2025-04-15 01:02:40,372:INFO:Engine for model 'catboost_cds_dt' has not been set explicitly, hence returning None.
2025-04-15 01:02:40,372:WARNING:
'catboost' is a soft dependency and not included in the pycaret installation. Please run: `pip install catboost` to install.
Alternately, you can install this by running `pip install pycaret[models]`
2025-04-15 01:02:40,372:WARNING:
'catboost' is a soft dependency and not included in the pycaret installation. Please run: `pip install catboost` to install.
Alternately, you can install this by running `pip install pycaret[models]`
2025-04-15 01:02:40,373:INFO:Engine successfully changes for model 'br_cds_dt' to 'sklearn'.
2025-04-15 01:02:40,374:WARNING:
'prophet' is a soft dependency and not included in the pycaret installation. Please run: `pip install prophet` to install.
2025-04-15 01:02:40,375:INFO:Engine for model 'huber_cds_dt' has not been set explicitly, hence returning None.
2025-04-15 01:02:40,380:INFO:Engine for model 'omp_cds_dt' has not been set explicitly, hence returning None.
2025-04-15 01:02:40,381:INFO:Engine for model 'knn_cds_dt' has not been set explicitly, hence returning None.
2025-04-15 01:02:40,381:INFO:Engine for model 'dt_cds_dt' has not been set explicitly, hence returning None.
2025-04-15 01:02:40,381:INFO:Engine for model 'rf_cds_dt' has not been set explicitly, hence returning None.
2025-04-15 01:02:40,381:INFO:Engine for model 'et_cds_dt' has not been set explicitly, hence returning None.
2025-04-15 01:02:40,383:INFO:Engine for model 'gbr_cds_dt' has not been set explicitly, hence returning None.
2025-04-15 01:02:40,383:INFO:Engine for model 'ada_cds_dt' has not been set explicitly, hence returning None.
2025-04-15 01:02:40,383:INFO:Engine for model 'xgboost_cds_dt' has not been set explicitly, hence returning None.
2025-04-15 01:02:40,383:WARNING:
'xgboost' is a soft dependency and not included in the pycaret installation. Please run: `pip install xgboost` to install.
Alternately, you can install this by running `pip install pycaret[models]`
2025-04-15 01:02:40,383:WARNING:
'xgboost' is a soft dependency and not included in the pycaret installation. Please run: `pip install xgboost` to install.
Alternately, you can install this by running `pip install pycaret[models]`
2025-04-15 01:02:40,383:INFO:Engine for model 'lightgbm_cds_dt' has not been set explicitly, hence returning None.
2025-04-15 01:02:40,383:INFO:Engine for model 'catboost_cds_dt' has not been set explicitly, hence returning None.
2025-04-15 01:02:40,383:WARNING:
'catboost' is a soft dependency and not included in the pycaret installation. Please run: `pip install catboost` to install.
Alternately, you can install this by running `pip install pycaret[models]`
2025-04-15 01:02:40,383:WARNING:
'catboost' is a soft dependency and not included in the pycaret installation. Please run: `pip install catboost` to install.
Alternately, you can install this by running `pip install pycaret[models]`
2025-04-15 01:02:40,385:WARNING:
'prophet' is a soft dependency and not included in the pycaret installation. Please run: `pip install prophet` to install.
2025-04-15 01:02:40,386:INFO:Engine for model 'huber_cds_dt' has not been set explicitly, hence returning None.
2025-04-15 01:02:40,387:INFO:Engine for model 'omp_cds_dt' has not been set explicitly, hence returning None.
2025-04-15 01:02:40,387:INFO:Engine for model 'knn_cds_dt' has not been set explicitly, hence returning None.
2025-04-15 01:02:40,388:INFO:Engine for model 'dt_cds_dt' has not been set explicitly, hence returning None.
2025-04-15 01:02:40,388:INFO:Engine for model 'rf_cds_dt' has not been set explicitly, hence returning None.
2025-04-15 01:02:40,388:INFO:Engine for model 'et_cds_dt' has not been set explicitly, hence returning None.
2025-04-15 01:02:40,388:INFO:Engine for model 'gbr_cds_dt' has not been set explicitly, hence returning None.
2025-04-15 01:02:40,388:INFO:Engine for model 'ada_cds_dt' has not been set explicitly, hence returning None.
2025-04-15 01:02:40,388:INFO:Engine for model 'xgboost_cds_dt' has not been set explicitly, hence returning None.
2025-04-15 01:02:40,388:WARNING:
'xgboost' is a soft dependency and not included in the pycaret installation. Please run: `pip install xgboost` to install.
Alternately, you can install this by running `pip install pycaret[models]`
2025-04-15 01:02:40,388:WARNING:
'xgboost' is a soft dependency and not included in the pycaret installation. Please run: `pip install xgboost` to install.
Alternately, you can install this by running `pip install pycaret[models]`
2025-04-15 01:02:40,388:INFO:Engine for model 'lightgbm_cds_dt' has not been set explicitly, hence returning None.
2025-04-15 01:02:40,389:INFO:Engine for model 'catboost_cds_dt' has not been set explicitly, hence returning None.
2025-04-15 01:02:40,389:WARNING:
'catboost' is a soft dependency and not included in the pycaret installation. Please run: `pip install catboost` to install.
Alternately, you can install this by running `pip install pycaret[models]`
2025-04-15 01:02:40,389:WARNING:
'catboost' is a soft dependency and not included in the pycaret installation. Please run: `pip install catboost` to install.
Alternately, you can install this by running `pip install pycaret[models]`
2025-04-15 01:02:40,389:INFO:Engine successfully changes for model 'huber_cds_dt' to 'sklearn'.
2025-04-15 01:02:40,390:WARNING:
'prophet' is a soft dependency and not included in the pycaret installation. Please run: `pip install prophet` to install.
2025-04-15 01:02:40,394:INFO:Engine for model 'omp_cds_dt' has not been set explicitly, hence returning None.
2025-04-15 01:02:40,396:INFO:Engine for model 'knn_cds_dt' has not been set explicitly, hence returning None.
2025-04-15 01:02:40,396:INFO:Engine for model 'dt_cds_dt' has not been set explicitly, hence returning None.
2025-04-15 01:02:40,396:INFO:Engine for model 'rf_cds_dt' has not been set explicitly, hence returning None.
2025-04-15 01:02:40,396:INFO:Engine for model 'et_cds_dt' has not been set explicitly, hence returning None.
2025-04-15 01:02:40,397:INFO:Engine for model 'gbr_cds_dt' has not been set explicitly, hence returning None.
2025-04-15 01:02:40,397:INFO:Engine for model 'ada_cds_dt' has not been set explicitly, hence returning None.
2025-04-15 01:02:40,397:INFO:Engine for model 'xgboost_cds_dt' has not been set explicitly, hence returning None.
2025-04-15 01:02:40,397:WARNING:
'xgboost' is a soft dependency and not included in the pycaret installation. Please run: `pip install xgboost` to install.
Alternately, you can install this by running `pip install pycaret[models]`
2025-04-15 01:02:40,397:WARNING:
'xgboost' is a soft dependency and not included in the pycaret installation. Please run: `pip install xgboost` to install.
Alternately, you can install this by running `pip install pycaret[models]`
2025-04-15 01:02:40,397:INFO:Engine for model 'lightgbm_cds_dt' has not been set explicitly, hence returning None.
2025-04-15 01:02:40,398:INFO:Engine for model 'catboost_cds_dt' has not been set explicitly, hence returning None.
2025-04-15 01:02:40,398:WARNING:
'catboost' is a soft dependency and not included in the pycaret installation. Please run: `pip install catboost` to install.
Alternately, you can install this by running `pip install pycaret[models]`
2025-04-15 01:02:40,398:WARNING:
'catboost' is a soft dependency and not included in the pycaret installation. Please run: `pip install catboost` to install.
Alternately, you can install this by running `pip install pycaret[models]`
2025-04-15 01:02:40,399:WARNING:
'prophet' is a soft dependency and not included in the pycaret installation. Please run: `pip install prophet` to install.
2025-04-15 01:02:40,400:INFO:Engine for model 'omp_cds_dt' has not been set explicitly, hence returning None.
2025-04-15 01:02:40,401:INFO:Engine for model 'knn_cds_dt' has not been set explicitly, hence returning None.
2025-04-15 01:02:40,401:INFO:Engine for model 'dt_cds_dt' has not been set explicitly, hence returning None.
2025-04-15 01:02:40,401:INFO:Engine for model 'rf_cds_dt' has not been set explicitly, hence returning None.
2025-04-15 01:02:40,401:INFO:Engine for model 'et_cds_dt' has not been set explicitly, hence returning None.
2025-04-15 01:02:40,402:INFO:Engine for model 'gbr_cds_dt' has not been set explicitly, hence returning None.
2025-04-15 01:02:40,402:INFO:Engine for model 'ada_cds_dt' has not been set explicitly, hence returning None.
2025-04-15 01:02:40,402:INFO:Engine for model 'xgboost_cds_dt' has not been set explicitly, hence returning None.
2025-04-15 01:02:40,402:WARNING:
'xgboost' is a soft dependency and not included in the pycaret installation. Please run: `pip install xgboost` to install.
Alternately, you can install this by running `pip install pycaret[models]`
2025-04-15 01:02:40,402:WARNING:
'xgboost' is a soft dependency and not included in the pycaret installation. Please run: `pip install xgboost` to install.
Alternately, you can install this by running `pip install pycaret[models]`
2025-04-15 01:02:40,402:INFO:Engine for model 'lightgbm_cds_dt' has not been set explicitly, hence returning None.
2025-04-15 01:02:40,403:INFO:Engine for model 'catboost_cds_dt' has not been set explicitly, hence returning None.
2025-04-15 01:02:40,403:WARNING:
'catboost' is a soft dependency and not included in the pycaret installation. Please run: `pip install catboost` to install.
Alternately, you can install this by running `pip install pycaret[models]`
2025-04-15 01:02:40,403:WARNING:
'catboost' is a soft dependency and not included in the pycaret installation. Please run: `pip install catboost` to install.
Alternately, you can install this by running `pip install pycaret[models]`
2025-04-15 01:02:40,403:INFO:Engine successfully changes for model 'par_cds_dt' to 'sklearn'.
2025-04-15 01:02:40,404:WARNING:
'prophet' is a soft dependency and not included in the pycaret installation. Please run: `pip install prophet` to install.
2025-04-15 01:02:40,405:INFO:Engine for model 'omp_cds_dt' has not been set explicitly, hence returning None.
2025-04-15 01:02:40,406:INFO:Engine for model 'knn_cds_dt' has not been set explicitly, hence returning None.
2025-04-15 01:02:40,406:INFO:Engine for model 'dt_cds_dt' has not been set explicitly, hence returning None.
2025-04-15 01:02:40,406:INFO:Engine for model 'rf_cds_dt' has not been set explicitly, hence returning None.
2025-04-15 01:02:40,406:INFO:Engine for model 'et_cds_dt' has not been set explicitly, hence returning None.
2025-04-15 01:02:40,406:INFO:Engine for model 'gbr_cds_dt' has not been set explicitly, hence returning None.
2025-04-15 01:02:40,406:INFO:Engine for model 'ada_cds_dt' has not been set explicitly, hence returning None.
2025-04-15 01:02:40,406:INFO:Engine for model 'xgboost_cds_dt' has not been set explicitly, hence returning None.
2025-04-15 01:02:40,407:WARNING:
'xgboost' is a soft dependency and not included in the pycaret installation. Please run: `pip install xgboost` to install.
Alternately, you can install this by running `pip install pycaret[models]`
2025-04-15 01:02:40,407:WARNING:
'xgboost' is a soft dependency and not included in the pycaret installation. Please run: `pip install xgboost` to install.
Alternately, you can install this by running `pip install pycaret[models]`
2025-04-15 01:02:40,407:INFO:Engine for model 'lightgbm_cds_dt' has not been set explicitly, hence returning None.
2025-04-15 01:02:40,407:INFO:Engine for model 'catboost_cds_dt' has not been set explicitly, hence returning None.
2025-04-15 01:02:40,408:WARNING:
'catboost' is a soft dependency and not included in the pycaret installation. Please run: `pip install catboost` to install.
Alternately, you can install this by running `pip install pycaret[models]`
2025-04-15 01:02:40,408:WARNING:
'catboost' is a soft dependency and not included in the pycaret installation. Please run: `pip install catboost` to install.
Alternately, you can install this by running `pip install pycaret[models]`
2025-04-15 01:02:40,411:WARNING:
'prophet' is a soft dependency and not included in the pycaret installation. Please run: `pip install prophet` to install.
2025-04-15 01:02:40,413:INFO:Engine for model 'omp_cds_dt' has not been set explicitly, hence returning None.
2025-04-15 01:02:40,414:INFO:Engine for model 'knn_cds_dt' has not been set explicitly, hence returning None.
2025-04-15 01:02:40,415:INFO:Engine for model 'dt_cds_dt' has not been set explicitly, hence returning None.
2025-04-15 01:02:40,415:INFO:Engine for model 'rf_cds_dt' has not been set explicitly, hence returning None.
2025-04-15 01:02:40,415:INFO:Engine for model 'et_cds_dt' has not been set explicitly, hence returning None.
2025-04-15 01:02:40,415:INFO:Engine for model 'gbr_cds_dt' has not been set explicitly, hence returning None.
2025-04-15 01:02:40,416:INFO:Engine for model 'ada_cds_dt' has not been set explicitly, hence returning None.
2025-04-15 01:02:40,416:INFO:Engine for model 'xgboost_cds_dt' has not been set explicitly, hence returning None.
2025-04-15 01:02:40,416:WARNING:
'xgboost' is a soft dependency and not included in the pycaret installation. Please run: `pip install xgboost` to install.
Alternately, you can install this by running `pip install pycaret[models]`
2025-04-15 01:02:40,416:WARNING:
'xgboost' is a soft dependency and not included in the pycaret installation. Please run: `pip install xgboost` to install.
Alternately, you can install this by running `pip install pycaret[models]`
2025-04-15 01:02:40,416:INFO:Engine for model 'lightgbm_cds_dt' has not been set explicitly, hence returning None.
2025-04-15 01:02:40,416:INFO:Engine for model 'catboost_cds_dt' has not been set explicitly, hence returning None.
2025-04-15 01:02:40,416:WARNING:
'catboost' is a soft dependency and not included in the pycaret installation. Please run: `pip install catboost` to install.
Alternately, you can install this by running `pip install pycaret[models]`
2025-04-15 01:02:40,416:WARNING:
'catboost' is a soft dependency and not included in the pycaret installation. Please run: `pip install catboost` to install.
Alternately, you can install this by running `pip install pycaret[models]`
2025-04-15 01:02:40,416:INFO:Engine successfully changes for model 'omp_cds_dt' to 'sklearn'.
2025-04-15 01:02:40,418:WARNING:
'prophet' is a soft dependency and not included in the pycaret installation. Please run: `pip install prophet` to install.
2025-04-15 01:02:40,420:INFO:Engine for model 'knn_cds_dt' has not been set explicitly, hence returning None.
2025-04-15 01:02:40,420:INFO:Engine for model 'dt_cds_dt' has not been set explicitly, hence returning None.
2025-04-15 01:02:40,421:INFO:Engine for model 'rf_cds_dt' has not been set explicitly, hence returning None.
2025-04-15 01:02:40,421:INFO:Engine for model 'et_cds_dt' has not been set explicitly, hence returning None.
2025-04-15 01:02:40,421:INFO:Engine for model 'gbr_cds_dt' has not been set explicitly, hence returning None.
2025-04-15 01:02:40,421:INFO:Engine for model 'ada_cds_dt' has not been set explicitly, hence returning None.
2025-04-15 01:02:40,421:INFO:Engine for model 'xgboost_cds_dt' has not been set explicitly, hence returning None.
2025-04-15 01:02:40,421:WARNING:
'xgboost' is a soft dependency and not included in the pycaret installation. Please run: `pip install xgboost` to install.
Alternately, you can install this by running `pip install pycaret[models]`
2025-04-15 01:02:40,421:WARNING:
'xgboost' is a soft dependency and not included in the pycaret installation. Please run: `pip install xgboost` to install.
Alternately, you can install this by running `pip install pycaret[models]`
2025-04-15 01:02:40,421:INFO:Engine for model 'lightgbm_cds_dt' has not been set explicitly, hence returning None.
2025-04-15 01:02:40,421:INFO:Engine for model 'catboost_cds_dt' has not been set explicitly, hence returning None.
2025-04-15 01:02:40,422:WARNING:
'catboost' is a soft dependency and not included in the pycaret installation. Please run: `pip install catboost` to install.
Alternately, you can install this by running `pip install pycaret[models]`
2025-04-15 01:02:40,422:WARNING:
'catboost' is a soft dependency and not included in the pycaret installation. Please run: `pip install catboost` to install.
Alternately, you can install this by running `pip install pycaret[models]`
2025-04-15 01:02:40,423:WARNING:
'prophet' is a soft dependency and not included in the pycaret installation. Please run: `pip install prophet` to install.
2025-04-15 01:02:40,425:INFO:Engine for model 'knn_cds_dt' has not been set explicitly, hence returning None.
2025-04-15 01:02:40,426:INFO:Engine for model 'dt_cds_dt' has not been set explicitly, hence returning None.
2025-04-15 01:02:40,427:INFO:Engine for model 'rf_cds_dt' has not been set explicitly, hence returning None.
2025-04-15 01:02:40,427:INFO:Engine for model 'et_cds_dt' has not been set explicitly, hence returning None.
2025-04-15 01:02:40,428:INFO:Engine for model 'gbr_cds_dt' has not been set explicitly, hence returning None.
2025-04-15 01:02:40,429:INFO:Engine for model 'ada_cds_dt' has not been set explicitly, hence returning None.
2025-04-15 01:02:40,429:INFO:Engine for model 'xgboost_cds_dt' has not been set explicitly, hence returning None.
2025-04-15 01:02:40,429:WARNING:
'xgboost' is a soft dependency and not included in the pycaret installation. Please run: `pip install xgboost` to install.
Alternately, you can install this by running `pip install pycaret[models]`
2025-04-15 01:02:40,429:WARNING:
'xgboost' is a soft dependency and not included in the pycaret installation. Please run: `pip install xgboost` to install.
Alternately, you can install this by running `pip install pycaret[models]`
2025-04-15 01:02:40,429:INFO:Engine for model 'lightgbm_cds_dt' has not been set explicitly, hence returning None.
2025-04-15 01:02:40,429:INFO:Engine for model 'catboost_cds_dt' has not been set explicitly, hence returning None.
2025-04-15 01:02:40,429:WARNING:
'catboost' is a soft dependency and not included in the pycaret installation. Please run: `pip install catboost` to install.
Alternately, you can install this by running `pip install pycaret[models]`
2025-04-15 01:02:40,429:WARNING:
'catboost' is a soft dependency and not included in the pycaret installation. Please run: `pip install catboost` to install.
Alternately, you can install this by running `pip install pycaret[models]`
2025-04-15 01:02:40,429:INFO:Engine successfully changes for model 'knn_cds_dt' to 'sklearn'.
2025-04-15 01:02:40,431:WARNING:
'prophet' is a soft dependency and not included in the pycaret installation. Please run: `pip install prophet` to install.
2025-04-15 01:02:40,435:INFO:Engine for model 'dt_cds_dt' has not been set explicitly, hence returning None.
2025-04-15 01:02:40,435:INFO:Engine for model 'rf_cds_dt' has not been set explicitly, hence returning None.
2025-04-15 01:02:40,436:INFO:Engine for model 'et_cds_dt' has not been set explicitly, hence returning None.
2025-04-15 01:02:40,437:INFO:Engine for model 'gbr_cds_dt' has not been set explicitly, hence returning None.
2025-04-15 01:02:40,437:INFO:Engine for model 'ada_cds_dt' has not been set explicitly, hence returning None.
2025-04-15 01:02:40,437:INFO:Engine for model 'xgboost_cds_dt' has not been set explicitly, hence returning None.
2025-04-15 01:02:40,437:WARNING:
'xgboost' is a soft dependency and not included in the pycaret installation. Please run: `pip install xgboost` to install.
Alternately, you can install this by running `pip install pycaret[models]`
2025-04-15 01:02:40,437:WARNING:
'xgboost' is a soft dependency and not included in the pycaret installation. Please run: `pip install xgboost` to install.
Alternately, you can install this by running `pip install pycaret[models]`
2025-04-15 01:02:40,437:INFO:Engine for model 'lightgbm_cds_dt' has not been set explicitly, hence returning None.
2025-04-15 01:02:40,437:INFO:Engine for model 'catboost_cds_dt' has not been set explicitly, hence returning None.
2025-04-15 01:02:40,437:WARNING:
'catboost' is a soft dependency and not included in the pycaret installation. Please run: `pip install catboost` to install.
Alternately, you can install this by running `pip install pycaret[models]`
2025-04-15 01:02:40,437:WARNING:
'catboost' is a soft dependency and not included in the pycaret installation. Please run: `pip install catboost` to install.
Alternately, you can install this by running `pip install pycaret[models]`
2025-04-15 01:02:40,438:WARNING:
'prophet' is a soft dependency and not included in the pycaret installation. Please run: `pip install prophet` to install.
2025-04-15 01:02:40,440:INFO:Engine for model 'dt_cds_dt' has not been set explicitly, hence returning None.
2025-04-15 01:02:40,441:INFO:Engine for model 'rf_cds_dt' has not been set explicitly, hence returning None.
2025-04-15 01:02:40,441:INFO:Engine for model 'et_cds_dt' has not been set explicitly, hence returning None.
2025-04-15 01:02:40,441:INFO:Engine for model 'gbr_cds_dt' has not been set explicitly, hence returning None.
2025-04-15 01:02:40,441:INFO:Engine for model 'ada_cds_dt' has not been set explicitly, hence returning None.
2025-04-15 01:02:40,442:INFO:Engine for model 'xgboost_cds_dt' has not been set explicitly, hence returning None.
2025-04-15 01:02:40,442:WARNING:
'xgboost' is a soft dependency and not included in the pycaret installation. Please run: `pip install xgboost` to install.
Alternately, you can install this by running `pip install pycaret[models]`
2025-04-15 01:02:40,442:WARNING:
'xgboost' is a soft dependency and not included in the pycaret installation. Please run: `pip install xgboost` to install.
Alternately, you can install this by running `pip install pycaret[models]`
2025-04-15 01:02:40,442:INFO:Engine for model 'lightgbm_cds_dt' has not been set explicitly, hence returning None.
2025-04-15 01:02:40,442:INFO:Engine for model 'catboost_cds_dt' has not been set explicitly, hence returning None.
2025-04-15 01:02:40,442:WARNING:
'catboost' is a soft dependency and not included in the pycaret installation. Please run: `pip install catboost` to install.
Alternately, you can install this by running `pip install pycaret[models]`
2025-04-15 01:02:40,442:WARNING:
'catboost' is a soft dependency and not included in the pycaret installation. Please run: `pip install catboost` to install.
Alternately, you can install this by running `pip install pycaret[models]`
2025-04-15 01:02:40,443:INFO:Engine successfully changes for model 'dt_cds_dt' to 'sklearn'.
2025-04-15 01:02:40,445:WARNING:
'prophet' is a soft dependency and not included in the pycaret installation. Please run: `pip install prophet` to install.
2025-04-15 01:02:40,447:INFO:Engine for model 'rf_cds_dt' has not been set explicitly, hence returning None.
2025-04-15 01:02:40,447:INFO:Engine for model 'et_cds_dt' has not been set explicitly, hence returning None.
2025-04-15 01:02:40,447:INFO:Engine for model 'gbr_cds_dt' has not been set explicitly, hence returning None.
2025-04-15 01:02:40,447:INFO:Engine for model 'ada_cds_dt' has not been set explicitly, hence returning None.
2025-04-15 01:02:40,447:INFO:Engine for model 'xgboost_cds_dt' has not been set explicitly, hence returning None.
2025-04-15 01:02:40,447:WARNING:
'xgboost' is a soft dependency and not included in the pycaret installation. Please run: `pip install xgboost` to install.
Alternately, you can install this by running `pip install pycaret[models]`
2025-04-15 01:02:40,447:WARNING:
'xgboost' is a soft dependency and not included in the pycaret installation. Please run: `pip install xgboost` to install.
Alternately, you can install this by running `pip install pycaret[models]`
2025-04-15 01:02:40,447:INFO:Engine for model 'lightgbm_cds_dt' has not been set explicitly, hence returning None.
2025-04-15 01:02:40,447:INFO:Engine for model 'catboost_cds_dt' has not been set explicitly, hence returning None.
2025-04-15 01:02:40,447:WARNING:
'catboost' is a soft dependency and not included in the pycaret installation. Please run: `pip install catboost` to install.
Alternately, you can install this by running `pip install pycaret[models]`
2025-04-15 01:02:40,447:WARNING:
'catboost' is a soft dependency and not included in the pycaret installation. Please run: `pip install catboost` to install.
Alternately, you can install this by running `pip install pycaret[models]`
2025-04-15 01:02:40,449:WARNING:
'prophet' is a soft dependency and not included in the pycaret installation. Please run: `pip install prophet` to install.
2025-04-15 01:02:40,451:INFO:Engine for model 'rf_cds_dt' has not been set explicitly, hence returning None.
2025-04-15 01:02:40,451:INFO:Engine for model 'et_cds_dt' has not been set explicitly, hence returning None.
2025-04-15 01:02:40,452:INFO:Engine for model 'gbr_cds_dt' has not been set explicitly, hence returning None.
2025-04-15 01:02:40,452:INFO:Engine for model 'ada_cds_dt' has not been set explicitly, hence returning None.
2025-04-15 01:02:40,452:INFO:Engine for model 'xgboost_cds_dt' has not been set explicitly, hence returning None.
2025-04-15 01:02:40,452:WARNING:
'xgboost' is a soft dependency and not included in the pycaret installation. Please run: `pip install xgboost` to install.
Alternately, you can install this by running `pip install pycaret[models]`
2025-04-15 01:02:40,452:WARNING:
'xgboost' is a soft dependency and not included in the pycaret installation. Please run: `pip install xgboost` to install.
Alternately, you can install this by running `pip install pycaret[models]`
2025-04-15 01:02:40,452:INFO:Engine for model 'lightgbm_cds_dt' has not been set explicitly, hence returning None.
2025-04-15 01:02:40,452:INFO:Engine for model 'catboost_cds_dt' has not been set explicitly, hence returning None.
2025-04-15 01:02:40,452:WARNING:
'catboost' is a soft dependency and not included in the pycaret installation. Please run: `pip install catboost` to install.
Alternately, you can install this by running `pip install pycaret[models]`
2025-04-15 01:02:40,452:WARNING:
'catboost' is a soft dependency and not included in the pycaret installation. Please run: `pip install catboost` to install.
Alternately, you can install this by running `pip install pycaret[models]`
2025-04-15 01:02:40,452:INFO:Engine successfully changes for model 'rf_cds_dt' to 'sklearn'.
2025-04-15 01:02:40,454:WARNING:
'prophet' is a soft dependency and not included in the pycaret installation. Please run: `pip install prophet` to install.
2025-04-15 01:02:40,456:INFO:Engine for model 'et_cds_dt' has not been set explicitly, hence returning None.
2025-04-15 01:02:40,456:INFO:Engine for model 'gbr_cds_dt' has not been set explicitly, hence returning None.
2025-04-15 01:02:40,456:INFO:Engine for model 'ada_cds_dt' has not been set explicitly, hence returning None.
2025-04-15 01:02:40,456:INFO:Engine for model 'xgboost_cds_dt' has not been set explicitly, hence returning None.
2025-04-15 01:02:40,456:WARNING:
'xgboost' is a soft dependency and not included in the pycaret installation. Please run: `pip install xgboost` to install.
Alternately, you can install this by running `pip install pycaret[models]`
2025-04-15 01:02:40,456:WARNING:
'xgboost' is a soft dependency and not included in the pycaret installation. Please run: `pip install xgboost` to install.
Alternately, you can install this by running `pip install pycaret[models]`
2025-04-15 01:02:40,456:INFO:Engine for model 'lightgbm_cds_dt' has not been set explicitly, hence returning None.
2025-04-15 01:02:40,456:INFO:Engine for model 'catboost_cds_dt' has not been set explicitly, hence returning None.
2025-04-15 01:02:40,456:WARNING:
'catboost' is a soft dependency and not included in the pycaret installation. Please run: `pip install catboost` to install.
Alternately, you can install this by running `pip install pycaret[models]`
2025-04-15 01:02:40,456:WARNING:
'catboost' is a soft dependency and not included in the pycaret installation. Please run: `pip install catboost` to install.
Alternately, you can install this by running `pip install pycaret[models]`
2025-04-15 01:02:40,459:WARNING:
'prophet' is a soft dependency and not included in the pycaret installation. Please run: `pip install prophet` to install.
2025-04-15 01:02:40,464:INFO:Engine for model 'et_cds_dt' has not been set explicitly, hence returning None.
2025-04-15 01:02:40,464:INFO:Engine for model 'gbr_cds_dt' has not been set explicitly, hence returning None.
2025-04-15 01:02:40,464:INFO:Engine for model 'ada_cds_dt' has not been set explicitly, hence returning None.
2025-04-15 01:02:40,464:INFO:Engine for model 'xgboost_cds_dt' has not been set explicitly, hence returning None.
2025-04-15 01:02:40,464:WARNING:
'xgboost' is a soft dependency and not included in the pycaret installation. Please run: `pip install xgboost` to install.
Alternately, you can install this by running `pip install pycaret[models]`
2025-04-15 01:02:40,464:WARNING:
'xgboost' is a soft dependency and not included in the pycaret installation. Please run: `pip install xgboost` to install.
Alternately, you can install this by running `pip install pycaret[models]`
2025-04-15 01:02:40,464:INFO:Engine for model 'lightgbm_cds_dt' has not been set explicitly, hence returning None.
2025-04-15 01:02:40,464:INFO:Engine for model 'catboost_cds_dt' has not been set explicitly, hence returning None.
2025-04-15 01:02:40,464:WARNING:
'catboost' is a soft dependency and not included in the pycaret installation. Please run: `pip install catboost` to install.
Alternately, you can install this by running `pip install pycaret[models]`
2025-04-15 01:02:40,465:WARNING:
'catboost' is a soft dependency and not included in the pycaret installation. Please run: `pip install catboost` to install.
Alternately, you can install this by running `pip install pycaret[models]`
2025-04-15 01:02:40,465:INFO:Engine successfully changes for model 'et_cds_dt' to 'sklearn'.
2025-04-15 01:02:40,466:WARNING:
'prophet' is a soft dependency and not included in the pycaret installation. Please run: `pip install prophet` to install.
2025-04-15 01:02:40,468:INFO:Engine for model 'gbr_cds_dt' has not been set explicitly, hence returning None.
2025-04-15 01:02:40,469:INFO:Engine for model 'ada_cds_dt' has not been set explicitly, hence returning None.
2025-04-15 01:02:40,469:INFO:Engine for model 'xgboost_cds_dt' has not been set explicitly, hence returning None.
2025-04-15 01:02:40,469:WARNING:
'xgboost' is a soft dependency and not included in the pycaret installation. Please run: `pip install xgboost` to install.
Alternately, you can install this by running `pip install pycaret[models]`
2025-04-15 01:02:40,469:WARNING:
'xgboost' is a soft dependency and not included in the pycaret installation. Please run: `pip install xgboost` to install.
Alternately, you can install this by running `pip install pycaret[models]`
2025-04-15 01:02:40,469:INFO:Engine for model 'lightgbm_cds_dt' has not been set explicitly, hence returning None.
2025-04-15 01:02:40,469:INFO:Engine for model 'catboost_cds_dt' has not been set explicitly, hence returning None.
2025-04-15 01:02:40,469:WARNING:
'catboost' is a soft dependency and not included in the pycaret installation. Please run: `pip install catboost` to install.
Alternately, you can install this by running `pip install pycaret[models]`
2025-04-15 01:02:40,469:WARNING:
'catboost' is a soft dependency and not included in the pycaret installation. Please run: `pip install catboost` to install.
Alternately, you can install this by running `pip install pycaret[models]`
2025-04-15 01:02:40,471:WARNING:
'prophet' is a soft dependency and not included in the pycaret installation. Please run: `pip install prophet` to install.
2025-04-15 01:02:40,473:INFO:Engine for model 'gbr_cds_dt' has not been set explicitly, hence returning None.
2025-04-15 01:02:40,473:INFO:Engine for model 'ada_cds_dt' has not been set explicitly, hence returning None.
2025-04-15 01:02:40,473:INFO:Engine for model 'xgboost_cds_dt' has not been set explicitly, hence returning None.
2025-04-15 01:02:40,473:WARNING:
'xgboost' is a soft dependency and not included in the pycaret installation. Please run: `pip install xgboost` to install.
Alternately, you can install this by running `pip install pycaret[models]`
2025-04-15 01:02:40,473:WARNING:
'xgboost' is a soft dependency and not included in the pycaret installation. Please run: `pip install xgboost` to install.
Alternately, you can install this by running `pip install pycaret[models]`
2025-04-15 01:02:40,473:INFO:Engine for model 'lightgbm_cds_dt' has not been set explicitly, hence returning None.
2025-04-15 01:02:40,473:INFO:Engine for model 'catboost_cds_dt' has not been set explicitly, hence returning None.
2025-04-15 01:02:40,473:WARNING:
'catboost' is a soft dependency and not included in the pycaret installation. Please run: `pip install catboost` to install.
Alternately, you can install this by running `pip install pycaret[models]`
2025-04-15 01:02:40,473:WARNING:
'catboost' is a soft dependency and not included in the pycaret installation. Please run: `pip install catboost` to install.
Alternately, you can install this by running `pip install pycaret[models]`
2025-04-15 01:02:40,474:INFO:Engine successfully changes for model 'gbr_cds_dt' to 'sklearn'.
2025-04-15 01:02:40,476:WARNING:
'prophet' is a soft dependency and not included in the pycaret installation. Please run: `pip install prophet` to install.
2025-04-15 01:02:40,478:INFO:Engine for model 'ada_cds_dt' has not been set explicitly, hence returning None.
2025-04-15 01:02:40,478:INFO:Engine for model 'xgboost_cds_dt' has not been set explicitly, hence returning None.
2025-04-15 01:02:40,478:WARNING:
'xgboost' is a soft dependency and not included in the pycaret installation. Please run: `pip install xgboost` to install.
Alternately, you can install this by running `pip install pycaret[models]`
2025-04-15 01:02:40,479:WARNING:
'xgboost' is a soft dependency and not included in the pycaret installation. Please run: `pip install xgboost` to install.
Alternately, you can install this by running `pip install pycaret[models]`
2025-04-15 01:02:40,479:INFO:Engine for model 'lightgbm_cds_dt' has not been set explicitly, hence returning None.
2025-04-15 01:02:40,479:INFO:Engine for model 'catboost_cds_dt' has not been set explicitly, hence returning None.
2025-04-15 01:02:40,479:WARNING:
'catboost' is a soft dependency and not included in the pycaret installation. Please run: `pip install catboost` to install.
Alternately, you can install this by running `pip install pycaret[models]`
2025-04-15 01:02:40,479:WARNING:
'catboost' is a soft dependency and not included in the pycaret installation. Please run: `pip install catboost` to install.
Alternately, you can install this by running `pip install pycaret[models]`
2025-04-15 01:02:40,480:WARNING:
'prophet' is a soft dependency and not included in the pycaret installation. Please run: `pip install prophet` to install.
2025-04-15 01:02:40,483:INFO:Engine for model 'ada_cds_dt' has not been set explicitly, hence returning None.
2025-04-15 01:02:40,483:INFO:Engine for model 'xgboost_cds_dt' has not been set explicitly, hence returning None.
2025-04-15 01:02:40,483:WARNING:
'xgboost' is a soft dependency and not included in the pycaret installation. Please run: `pip install xgboost` to install.
Alternately, you can install this by running `pip install pycaret[models]`
2025-04-15 01:02:40,483:WARNING:
'xgboost' is a soft dependency and not included in the pycaret installation. Please run: `pip install xgboost` to install.
Alternately, you can install this by running `pip install pycaret[models]`
2025-04-15 01:02:40,483:INFO:Engine for model 'lightgbm_cds_dt' has not been set explicitly, hence returning None.
2025-04-15 01:02:40,483:INFO:Engine for model 'catboost_cds_dt' has not been set explicitly, hence returning None.
2025-04-15 01:02:40,483:WARNING:
'catboost' is a soft dependency and not included in the pycaret installation. Please run: `pip install catboost` to install.
Alternately, you can install this by running `pip install pycaret[models]`
2025-04-15 01:02:40,483:WARNING:
'catboost' is a soft dependency and not included in the pycaret installation. Please run: `pip install catboost` to install.
Alternately, you can install this by running `pip install pycaret[models]`
2025-04-15 01:02:40,483:INFO:Engine successfully changes for model 'ada_cds_dt' to 'sklearn'.
2025-04-15 01:02:40,484:WARNING:
'prophet' is a soft dependency and not included in the pycaret installation. Please run: `pip install prophet` to install.
2025-04-15 01:02:40,487:INFO:Engine for model 'xgboost_cds_dt' has not been set explicitly, hence returning None.
2025-04-15 01:02:40,488:WARNING:
'xgboost' is a soft dependency and not included in the pycaret installation. Please run: `pip install xgboost` to install.
Alternately, you can install this by running `pip install pycaret[models]`
2025-04-15 01:02:40,488:WARNING:
'xgboost' is a soft dependency and not included in the pycaret installation. Please run: `pip install xgboost` to install.
Alternately, you can install this by running `pip install pycaret[models]`
2025-04-15 01:02:40,488:INFO:Engine for model 'lightgbm_cds_dt' has not been set explicitly, hence returning None.
2025-04-15 01:02:40,488:INFO:Engine for model 'catboost_cds_dt' has not been set explicitly, hence returning None.
2025-04-15 01:02:40,488:WARNING:
'catboost' is a soft dependency and not included in the pycaret installation. Please run: `pip install catboost` to install.
Alternately, you can install this by running `pip install pycaret[models]`
2025-04-15 01:02:40,488:WARNING:
'catboost' is a soft dependency and not included in the pycaret installation. Please run: `pip install catboost` to install.
Alternately, you can install this by running `pip install pycaret[models]`
2025-04-15 01:02:40,489:WARNING:
'prophet' is a soft dependency and not included in the pycaret installation. Please run: `pip install prophet` to install.
2025-04-15 01:02:40,493:INFO:Engine for model 'xgboost_cds_dt' has not been set explicitly, hence returning None.
2025-04-15 01:02:40,493:WARNING:
'xgboost' is a soft dependency and not included in the pycaret installation. Please run: `pip install xgboost` to install.
Alternately, you can install this by running `pip install pycaret[models]`
2025-04-15 01:02:40,493:WARNING:
'xgboost' is a soft dependency and not included in the pycaret installation. Please run: `pip install xgboost` to install.
Alternately, you can install this by running `pip install pycaret[models]`
2025-04-15 01:02:40,493:INFO:Engine for model 'lightgbm_cds_dt' has not been set explicitly, hence returning None.
2025-04-15 01:02:40,493:INFO:Engine for model 'catboost_cds_dt' has not been set explicitly, hence returning None.
2025-04-15 01:02:40,493:WARNING:
'catboost' is a soft dependency and not included in the pycaret installation. Please run: `pip install catboost` to install.
Alternately, you can install this by running `pip install pycaret[models]`
2025-04-15 01:02:40,493:WARNING:
'catboost' is a soft dependency and not included in the pycaret installation. Please run: `pip install catboost` to install.
Alternately, you can install this by running `pip install pycaret[models]`
2025-04-15 01:02:40,493:INFO:Engine successfully changes for model 'xgboost_cds_dt' to 'sklearn'.
2025-04-15 01:02:40,494:WARNING:
'prophet' is a soft dependency and not included in the pycaret installation. Please run: `pip install prophet` to install.
2025-04-15 01:02:40,497:WARNING:
'xgboost' is a soft dependency and not included in the pycaret installation. Please run: `pip install xgboost` to install.
Alternately, you can install this by running `pip install pycaret[models]`
2025-04-15 01:02:40,497:WARNING:
'xgboost' is a soft dependency and not included in the pycaret installation. Please run: `pip install xgboost` to install.
Alternately, you can install this by running `pip install pycaret[models]`
2025-04-15 01:02:40,497:INFO:Engine for model 'lightgbm_cds_dt' has not been set explicitly, hence returning None.
2025-04-15 01:02:40,497:INFO:Engine for model 'catboost_cds_dt' has not been set explicitly, hence returning None.
2025-04-15 01:02:40,497:WARNING:
'catboost' is a soft dependency and not included in the pycaret installation. Please run: `pip install catboost` to install.
Alternately, you can install this by running `pip install pycaret[models]`
2025-04-15 01:02:40,497:WARNING:
'catboost' is a soft dependency and not included in the pycaret installation. Please run: `pip install catboost` to install.
Alternately, you can install this by running `pip install pycaret[models]`
2025-04-15 01:02:40,498:WARNING:
'prophet' is a soft dependency and not included in the pycaret installation. Please run: `pip install prophet` to install.
2025-04-15 01:02:40,501:WARNING:
'xgboost' is a soft dependency and not included in the pycaret installation. Please run: `pip install xgboost` to install.
Alternately, you can install this by running `pip install pycaret[models]`
2025-04-15 01:02:40,501:WARNING:
'xgboost' is a soft dependency and not included in the pycaret installation. Please run: `pip install xgboost` to install.
Alternately, you can install this by running `pip install pycaret[models]`
2025-04-15 01:02:40,501:INFO:Engine for model 'lightgbm_cds_dt' has not been set explicitly, hence returning None.
2025-04-15 01:02:40,501:INFO:Engine for model 'catboost_cds_dt' has not been set explicitly, hence returning None.
2025-04-15 01:02:40,501:WARNING:
'catboost' is a soft dependency and not included in the pycaret installation. Please run: `pip install catboost` to install.
Alternately, you can install this by running `pip install pycaret[models]`
2025-04-15 01:02:40,501:WARNING:
'catboost' is a soft dependency and not included in the pycaret installation. Please run: `pip install catboost` to install.
Alternately, you can install this by running `pip install pycaret[models]`
2025-04-15 01:02:40,501:INFO:Engine successfully changes for model 'lightgbm_cds_dt' to 'sklearn'.
2025-04-15 01:02:40,502:WARNING:
'prophet' is a soft dependency and not included in the pycaret installation. Please run: `pip install prophet` to install.
2025-04-15 01:02:40,504:WARNING:
'xgboost' is a soft dependency and not included in the pycaret installation. Please run: `pip install xgboost` to install.
Alternately, you can install this by running `pip install pycaret[models]`
2025-04-15 01:02:40,504:WARNING:
'xgboost' is a soft dependency and not included in the pycaret installation. Please run: `pip install xgboost` to install.
Alternately, you can install this by running `pip install pycaret[models]`
2025-04-15 01:02:40,504:INFO:Engine for model 'catboost_cds_dt' has not been set explicitly, hence returning None.
2025-04-15 01:02:40,504:WARNING:
'catboost' is a soft dependency and not included in the pycaret installation. Please run: `pip install catboost` to install.
Alternately, you can install this by running `pip install pycaret[models]`
2025-04-15 01:02:40,505:WARNING:
'catboost' is a soft dependency and not included in the pycaret installation. Please run: `pip install catboost` to install.
Alternately, you can install this by running `pip install pycaret[models]`
2025-04-15 01:02:40,506:WARNING:
'prophet' is a soft dependency and not included in the pycaret installation. Please run: `pip install prophet` to install.
2025-04-15 01:02:40,508:WARNING:
'xgboost' is a soft dependency and not included in the pycaret installation. Please run: `pip install xgboost` to install.
Alternately, you can install this by running `pip install pycaret[models]`
2025-04-15 01:02:40,508:WARNING:
'xgboost' is a soft dependency and not included in the pycaret installation. Please run: `pip install xgboost` to install.
Alternately, you can install this by running `pip install pycaret[models]`
2025-04-15 01:02:40,508:INFO:Engine for model 'catboost_cds_dt' has not been set explicitly, hence returning None.
2025-04-15 01:02:40,508:WARNING:
'catboost' is a soft dependency and not included in the pycaret installation. Please run: `pip install catboost` to install.
Alternately, you can install this by running `pip install pycaret[models]`
2025-04-15 01:02:40,508:WARNING:
'catboost' is a soft dependency and not included in the pycaret installation. Please run: `pip install catboost` to install.
Alternately, you can install this by running `pip install pycaret[models]`
2025-04-15 01:02:40,509:INFO:Engine successfully changes for model 'catboost_cds_dt' to 'sklearn'.
2025-04-15 01:02:40,510:WARNING:
'prophet' is a soft dependency and not included in the pycaret installation. Please run: `pip install prophet` to install.
2025-04-15 01:02:40,512:WARNING:
'xgboost' is a soft dependency and not included in the pycaret installation. Please run: `pip install xgboost` to install.
Alternately, you can install this by running `pip install pycaret[models]`
2025-04-15 01:02:40,512:WARNING:
'xgboost' is a soft dependency and not included in the pycaret installation. Please run: `pip install xgboost` to install.
Alternately, you can install this by running `pip install pycaret[models]`
2025-04-15 01:02:40,512:WARNING:
'catboost' is a soft dependency and not included in the pycaret installation. Please run: `pip install catboost` to install.
Alternately, you can install this by running `pip install pycaret[models]`
2025-04-15 01:02:40,512:WARNING:
'catboost' is a soft dependency and not included in the pycaret installation. Please run: `pip install catboost` to install.
Alternately, you can install this by running `pip install pycaret[models]`
2025-04-15 01:02:40,513:WARNING:
'prophet' is a soft dependency and not included in the pycaret installation. Please run: `pip install prophet` to install.
2025-04-15 01:02:40,516:WARNING:
'xgboost' is a soft dependency and not included in the pycaret installation. Please run: `pip install xgboost` to install.
Alternately, you can install this by running `pip install pycaret[models]`
2025-04-15 01:02:40,516:WARNING:
'xgboost' is a soft dependency and not included in the pycaret installation. Please run: `pip install xgboost` to install.
Alternately, you can install this by running `pip install pycaret[models]`
2025-04-15 01:02:40,516:WARNING:
'catboost' is a soft dependency and not included in the pycaret installation. Please run: `pip install catboost` to install.
Alternately, you can install this by running `pip install pycaret[models]`
2025-04-15 01:02:40,516:WARNING:
'catboost' is a soft dependency and not included in the pycaret installation. Please run: `pip install catboost` to install.
Alternately, you can install this by running `pip install pycaret[models]`
2025-04-15 01:02:40,518:WARNING:
'prophet' is a soft dependency and not included in the pycaret installation. Please run: `pip install prophet` to install.
2025-04-15 01:02:40,520:WARNING:
'xgboost' is a soft dependency and not included in the pycaret installation. Please run: `pip install xgboost` to install.
Alternately, you can install this by running `pip install pycaret[models]`
2025-04-15 01:02:40,520:WARNING:
'xgboost' is a soft dependency and not included in the pycaret installation. Please run: `pip install xgboost` to install.
Alternately, you can install this by running `pip install pycaret[models]`
2025-04-15 01:02:40,520:WARNING:
'catboost' is a soft dependency and not included in the pycaret installation. Please run: `pip install catboost` to install.
Alternately, you can install this by running `pip install pycaret[models]`
2025-04-15 01:02:40,520:WARNING:
'catboost' is a soft dependency and not included in the pycaret installation. Please run: `pip install catboost` to install.
Alternately, you can install this by running `pip install pycaret[models]`
2025-04-15 01:02:40,521:WARNING:
'prophet' is a soft dependency and not included in the pycaret installation. Please run: `pip install prophet` to install.
2025-04-15 01:02:40,523:WARNING:
'xgboost' is a soft dependency and not included in the pycaret installation. Please run: `pip install xgboost` to install.
Alternately, you can install this by running `pip install pycaret[models]`
2025-04-15 01:02:40,523:WARNING:
'xgboost' is a soft dependency and not included in the pycaret installation. Please run: `pip install xgboost` to install.
Alternately, you can install this by running `pip install pycaret[models]`
2025-04-15 01:02:40,523:WARNING:
'catboost' is a soft dependency and not included in the pycaret installation. Please run: `pip install catboost` to install.
Alternately, you can install this by running `pip install pycaret[models]`
2025-04-15 01:02:40,523:WARNING:
'catboost' is a soft dependency and not included in the pycaret installation. Please run: `pip install catboost` to install.
Alternately, you can install this by running `pip install pycaret[models]`
2025-04-15 01:02:40,524:INFO:setup() successfully completed in 0.88s...............
2025-04-15 01:02:40,524:INFO:Initializing compare_models()
2025-04-15 01:02:40,524:INFO:compare_models(self=<pycaret.time_series.forecasting.oop.TSForecastingExperiment object at 0x3062f9390>, include=['ets', 'exp_smooth'], exclude=None, fold=None, round=4, cross_validation=True, sort=RMSE, n_select=1, budget_time=None, turbo=True, errors=ignore, fit_kwargs=None, groups=None, experiment_custom_tags=None, probability_threshold=None, verbose=False, parallel=None, caller_params={'self': <pycaret.time_series.forecasting.oop.TSForecastingExperiment object at 0x3062f9390>, 'include': ['ets', 'exp_smooth'], 'exclude': None, 'fold': None, 'round': 4, 'cross_validation': True, 'sort': 'RMSE', 'n_select': 1, 'budget_time': None, 'turbo': True, 'errors': 'ignore', 'fit_kwargs': None, 'experiment_custom_tags': None, 'engine': None, 'verbose': False, 'parallel': None, '__class__': <class 'pycaret.time_series.forecasting.oop.TSForecastingExperiment'>})
2025-04-15 01:02:40,524:INFO:Checking exceptions
2025-04-15 01:02:40,525:INFO:Preparing display monitor
2025-04-15 01:02:40,528:INFO:Initializing ETS
2025-04-15 01:02:40,528:INFO:Total runtime is 2.09808349609375e-06 minutes
2025-04-15 01:02:40,528:INFO:SubProcess create_model() called ==================================
2025-04-15 01:02:40,528:INFO:Initializing create_model()
2025-04-15 01:02:40,528:INFO:create_model(self=<pycaret.time_series.forecasting.oop.TSForecastingExperiment object at 0x3062f9390>, estimator=ets, fold=None, round=4, cross_validation=True, predict=True, fit_kwargs={}, groups=None, refit=False, probability_threshold=None, experiment_custom_tags=None, verbose=False, system=False, add_to_model_list=True, metrics=None, display=<pycaret.internal.display.display.CommonDisplay object at 0x1582a4290>, model_only=True, return_train_score=False, error_score=0.0, kwargs={})
2025-04-15 01:02:40,528:INFO:Checking exceptions
2025-04-15 01:02:40,528:INFO:Importing libraries
2025-04-15 01:02:40,528:INFO:Copying training dataset
2025-04-15 01:02:40,529:INFO:Defining folds
2025-04-15 01:02:40,529:INFO:Declaring metric variables
2025-04-15 01:02:40,529:INFO:Importing untrained model
2025-04-15 01:02:40,530:INFO:ETS Imported successfully
2025-04-15 01:02:40,531:INFO:Starting cross validation
2025-04-15 01:02:40,532:INFO:Cross validating with ExpandingWindowSplitter(fh=ForecastingHorizon([ 1,  2,  3,  4,  5,  6,  7,  8,  9, 10, 11, 12, 13, 14, 15, 16, 17, 18,
       19, 20, 21, 22, 23, 24, 25, 26, 27, 28, 29, 30],
      dtype='int64', is_relative=True),
                        initial_window=1341, step_length=30), n_jobs=-1
2025-04-15 01:02:46,661:WARNING:/opt/anaconda3/envs/LSTM/lib/python3.11/site-packages/sklearn/metrics/_regression.py:483: FutureWarning: 'squared' is deprecated in version 1.4 and will be removed in 1.6. To calculate the root mean squared error, use the function'root_mean_squared_error'.
  warnings.warn(

2025-04-15 01:02:46,661:WARNING:/opt/anaconda3/envs/LSTM/lib/python3.11/site-packages/sklearn/metrics/_regression.py:483: FutureWarning: 'squared' is deprecated in version 1.4 and will be removed in 1.6. To calculate the root mean squared error, use the function'root_mean_squared_error'.
  warnings.warn(

2025-04-15 01:02:46,661:WARNING:/opt/anaconda3/envs/LSTM/lib/python3.11/site-packages/sklearn/metrics/_regression.py:483: FutureWarning: 'squared' is deprecated in version 1.4 and will be removed in 1.6. To calculate the root mean squared error, use the function'root_mean_squared_error'.
  warnings.warn(

2025-04-15 01:02:46,661:WARNING:/opt/anaconda3/envs/LSTM/lib/python3.11/site-packages/sklearn/metrics/_regression.py:483: FutureWarning: 'squared' is deprecated in version 1.4 and will be removed in 1.6. To calculate the root mean squared error, use the function'root_mean_squared_error'.
  warnings.warn(

2025-04-15 01:02:46,682:WARNING:/opt/anaconda3/envs/LSTM/lib/python3.11/site-packages/sklearn/metrics/_regression.py:483: FutureWarning: 'squared' is deprecated in version 1.4 and will be removed in 1.6. To calculate the root mean squared error, use the function'root_mean_squared_error'.
  warnings.warn(

2025-04-15 01:02:46,682:WARNING:/opt/anaconda3/envs/LSTM/lib/python3.11/site-packages/sklearn/metrics/_regression.py:483: FutureWarning: 'squared' is deprecated in version 1.4 and will be removed in 1.6. To calculate the root mean squared error, use the function'root_mean_squared_error'.
  warnings.warn(

2025-04-15 01:02:46,699:INFO:Calculating mean and std
2025-04-15 01:02:46,701:INFO:Creating metrics dataframe
2025-04-15 01:02:46,718:INFO:Uploading results into container
2025-04-15 01:02:46,719:INFO:Uploading model into container now
2025-04-15 01:02:46,720:INFO:_master_model_container: 1
2025-04-15 01:02:46,720:INFO:_display_container: 2
2025-04-15 01:02:46,721:INFO:AutoETS(seasonal='mul', sp=33, trend='add')
2025-04-15 01:02:46,721:INFO:create_model() successfully completed......................................
2025-04-15 01:02:46,992:INFO:SubProcess create_model() end ==================================
2025-04-15 01:02:46,992:INFO:Creating metrics dataframe
2025-04-15 01:02:46,996:INFO:Initializing Exponential Smoothing
2025-04-15 01:02:46,996:INFO:Total runtime is 0.107795512676239 minutes
2025-04-15 01:02:46,996:INFO:SubProcess create_model() called ==================================
2025-04-15 01:02:46,996:INFO:Initializing create_model()
2025-04-15 01:02:46,996:INFO:create_model(self=<pycaret.time_series.forecasting.oop.TSForecastingExperiment object at 0x3062f9390>, estimator=exp_smooth, fold=None, round=4, cross_validation=True, predict=True, fit_kwargs={}, groups=None, refit=False, probability_threshold=None, experiment_custom_tags=None, verbose=False, system=False, add_to_model_list=True, metrics=None, display=<pycaret.internal.display.display.CommonDisplay object at 0x1582a4290>, model_only=True, return_train_score=False, error_score=0.0, kwargs={})
2025-04-15 01:02:46,996:INFO:Checking exceptions
2025-04-15 01:02:46,996:INFO:Importing libraries
2025-04-15 01:02:46,996:INFO:Copying training dataset
2025-04-15 01:02:46,997:INFO:Defining folds
2025-04-15 01:02:46,997:INFO:Declaring metric variables
2025-04-15 01:02:46,997:INFO:Importing untrained model
2025-04-15 01:02:46,998:INFO:Exponential Smoothing Imported successfully
2025-04-15 01:02:46,998:INFO:Starting cross validation
2025-04-15 01:02:46,999:INFO:Cross validating with ExpandingWindowSplitter(fh=ForecastingHorizon([ 1,  2,  3,  4,  5,  6,  7,  8,  9, 10, 11, 12, 13, 14, 15, 16, 17, 18,
       19, 20, 21, 22, 23, 24, 25, 26, 27, 28, 29, 30],
      dtype='int64', is_relative=True),
                        initial_window=1341, step_length=30), n_jobs=-1
2025-04-15 01:02:47,267:WARNING:/opt/anaconda3/envs/LSTM/lib/python3.11/site-packages/statsmodels/tsa/holtwinters/model.py:918: ConvergenceWarning: Optimization failed to converge. Check mle_retvals.
  warnings.warn(

2025-04-15 01:02:47,287:WARNING:/opt/anaconda3/envs/LSTM/lib/python3.11/site-packages/sklearn/metrics/_regression.py:483: FutureWarning: 'squared' is deprecated in version 1.4 and will be removed in 1.6. To calculate the root mean squared error, use the function'root_mean_squared_error'.
  warnings.warn(

2025-04-15 01:02:47,287:WARNING:/opt/anaconda3/envs/LSTM/lib/python3.11/site-packages/sklearn/metrics/_regression.py:483: FutureWarning: 'squared' is deprecated in version 1.4 and will be removed in 1.6. To calculate the root mean squared error, use the function'root_mean_squared_error'.
  warnings.warn(

2025-04-15 01:02:48,778:WARNING:/opt/anaconda3/envs/LSTM/lib/python3.11/site-packages/statsmodels/tsa/holtwinters/model.py:918: ConvergenceWarning: Optimization failed to converge. Check mle_retvals.
  warnings.warn(

2025-04-15 01:02:48,784:WARNING:/opt/anaconda3/envs/LSTM/lib/python3.11/site-packages/statsmodels/tsa/holtwinters/model.py:918: ConvergenceWarning: Optimization failed to converge. Check mle_retvals.
  warnings.warn(

2025-04-15 01:02:48,805:WARNING:/opt/anaconda3/envs/LSTM/lib/python3.11/site-packages/sklearn/metrics/_regression.py:483: FutureWarning: 'squared' is deprecated in version 1.4 and will be removed in 1.6. To calculate the root mean squared error, use the function'root_mean_squared_error'.
  warnings.warn(

2025-04-15 01:02:48,805:WARNING:/opt/anaconda3/envs/LSTM/lib/python3.11/site-packages/sklearn/metrics/_regression.py:483: FutureWarning: 'squared' is deprecated in version 1.4 and will be removed in 1.6. To calculate the root mean squared error, use the function'root_mean_squared_error'.
  warnings.warn(

2025-04-15 01:02:48,814:WARNING:/opt/anaconda3/envs/LSTM/lib/python3.11/site-packages/sklearn/metrics/_regression.py:483: FutureWarning: 'squared' is deprecated in version 1.4 and will be removed in 1.6. To calculate the root mean squared error, use the function'root_mean_squared_error'.
  warnings.warn(

2025-04-15 01:02:48,815:WARNING:/opt/anaconda3/envs/LSTM/lib/python3.11/site-packages/sklearn/metrics/_regression.py:483: FutureWarning: 'squared' is deprecated in version 1.4 and will be removed in 1.6. To calculate the root mean squared error, use the function'root_mean_squared_error'.
  warnings.warn(

2025-04-15 01:02:48,828:INFO:Calculating mean and std
2025-04-15 01:02:48,834:INFO:Creating metrics dataframe
2025-04-15 01:02:48,855:INFO:Uploading results into container
2025-04-15 01:02:48,855:INFO:Uploading model into container now
2025-04-15 01:02:48,855:INFO:_master_model_container: 2
2025-04-15 01:02:48,855:INFO:_display_container: 2
2025-04-15 01:02:48,856:INFO:ExponentialSmoothing(seasonal='mul', sp=33, trend='add')
2025-04-15 01:02:48,856:INFO:create_model() successfully completed......................................
2025-04-15 01:02:49,021:INFO:SubProcess create_model() end ==================================
2025-04-15 01:02:49,021:INFO:Creating metrics dataframe
2025-04-15 01:02:49,023:INFO:Initializing create_model()
2025-04-15 01:02:49,023:INFO:create_model(self=<pycaret.time_series.forecasting.oop.TSForecastingExperiment object at 0x3062f9390>, estimator=AutoETS(seasonal='mul', sp=33, trend='add'), fold=None, round=4, cross_validation=False, predict=False, fit_kwargs={}, groups=None, refit=True, probability_threshold=None, experiment_custom_tags=None, verbose=False, system=False, add_to_model_list=True, metrics=None, display=None, model_only=True, return_train_score=False, error_score=0.0, kwargs={})
2025-04-15 01:02:49,023:INFO:Checking exceptions
2025-04-15 01:02:49,024:INFO:Importing libraries
2025-04-15 01:02:49,025:INFO:Copying training dataset
2025-04-15 01:02:49,026:INFO:Defining folds
2025-04-15 01:02:49,026:INFO:Declaring metric variables
2025-04-15 01:02:49,026:INFO:Importing untrained model
2025-04-15 01:02:49,026:INFO:Declaring custom model
2025-04-15 01:02:49,026:INFO:ETS Imported successfully
2025-04-15 01:02:49,026:INFO:Cross validation set to False
2025-04-15 01:02:49,026:INFO:Fitting Model
2025-04-15 01:02:49,788:INFO:AutoETS(seasonal='mul', sp=33, trend='add')
2025-04-15 01:02:49,788:INFO:create_model() successfully completed......................................
2025-04-15 01:02:49,996:INFO:_master_model_container: 2
2025-04-15 01:02:49,997:INFO:_display_container: 2
2025-04-15 01:02:49,997:INFO:AutoETS(seasonal='mul', sp=33, trend='add')
2025-04-15 01:02:49,997:INFO:compare_models() successfully completed......................................
2025-04-15 01:02:49,999:INFO:Initializing create_model()
2025-04-15 01:02:49,999:INFO:create_model(self=<pycaret.time_series.forecasting.oop.TSForecastingExperiment object at 0x3062f9390>, estimator=AutoETS(seasonal='mul', sp=33, trend='add'), fold=None, round=4, cross_validation=True, predict=True, fit_kwargs=None, groups=None, refit=True, probability_threshold=None, experiment_custom_tags=None, verbose=False, system=True, add_to_model_list=True, metrics=None, display=None, model_only=True, return_train_score=False, error_score=0.0, kwargs={})
2025-04-15 01:02:49,999:INFO:Checking exceptions
2025-04-15 01:02:49,999:INFO:Importing libraries
2025-04-15 01:02:49,999:INFO:Copying training dataset
2025-04-15 01:02:50,000:INFO:Defining folds
2025-04-15 01:02:50,001:INFO:Declaring metric variables
2025-04-15 01:02:50,001:INFO:Importing untrained model
2025-04-15 01:02:50,001:INFO:Declaring custom model
2025-04-15 01:02:50,001:INFO:ETS Imported successfully
2025-04-15 01:02:50,002:INFO:Starting cross validation
2025-04-15 01:02:50,003:INFO:Cross validating with ExpandingWindowSplitter(fh=ForecastingHorizon([ 1,  2,  3,  4,  5,  6,  7,  8,  9, 10, 11, 12, 13, 14, 15, 16, 17, 18,
       19, 20, 21, 22, 23, 24, 25, 26, 27, 28, 29, 30],
      dtype='int64', is_relative=True),
                        initial_window=1341, step_length=30), n_jobs=-1
2025-04-15 01:02:50,688:WARNING:/opt/anaconda3/envs/LSTM/lib/python3.11/site-packages/sklearn/metrics/_regression.py:483: FutureWarning: 'squared' is deprecated in version 1.4 and will be removed in 1.6. To calculate the root mean squared error, use the function'root_mean_squared_error'.
  warnings.warn(

2025-04-15 01:02:50,689:WARNING:/opt/anaconda3/envs/LSTM/lib/python3.11/site-packages/sklearn/metrics/_regression.py:483: FutureWarning: 'squared' is deprecated in version 1.4 and will be removed in 1.6. To calculate the root mean squared error, use the function'root_mean_squared_error'.
  warnings.warn(

2025-04-15 01:02:50,719:WARNING:/opt/anaconda3/envs/LSTM/lib/python3.11/site-packages/sklearn/metrics/_regression.py:483: FutureWarning: 'squared' is deprecated in version 1.4 and will be removed in 1.6. To calculate the root mean squared error, use the function'root_mean_squared_error'.
  warnings.warn(

2025-04-15 01:02:50,720:WARNING:/opt/anaconda3/envs/LSTM/lib/python3.11/site-packages/sklearn/metrics/_regression.py:483: FutureWarning: 'squared' is deprecated in version 1.4 and will be removed in 1.6. To calculate the root mean squared error, use the function'root_mean_squared_error'.
  warnings.warn(

2025-04-15 01:02:52,052:WARNING:/opt/anaconda3/envs/LSTM/lib/python3.11/site-packages/sklearn/metrics/_regression.py:483: FutureWarning: 'squared' is deprecated in version 1.4 and will be removed in 1.6. To calculate the root mean squared error, use the function'root_mean_squared_error'.
  warnings.warn(

2025-04-15 01:02:52,053:WARNING:/opt/anaconda3/envs/LSTM/lib/python3.11/site-packages/sklearn/metrics/_regression.py:483: FutureWarning: 'squared' is deprecated in version 1.4 and will be removed in 1.6. To calculate the root mean squared error, use the function'root_mean_squared_error'.
  warnings.warn(

2025-04-15 01:02:52,059:INFO:Calculating mean and std
2025-04-15 01:02:52,060:INFO:Creating metrics dataframe
2025-04-15 01:02:52,069:INFO:Finalizing model
2025-04-15 01:02:52,699:INFO:Uploading results into container
2025-04-15 01:02:52,699:INFO:Uploading model into container now
2025-04-15 01:02:52,700:INFO:_master_model_container: 3
2025-04-15 01:02:52,700:INFO:_display_container: 3
2025-04-15 01:02:52,700:INFO:AutoETS(seasonal='mul', sp=33, trend='add')
2025-04-15 01:02:52,700:INFO:create_model() successfully completed......................................
2025-04-15 01:03:25,574:INFO:Initializing get_config()
2025-04-15 01:03:25,575:INFO:get_config(self=<pycaret.time_series.forecasting.oop.TSForecastingExperiment object at 0x3062f9390>, variable=y_train)
2025-04-15 01:03:25,578:INFO:Variable: 'y_train' used to return the transformed values in PyCaret 2.x. From PyCaret 3.x, this will return the raw values. If you need the transformed values, call get_config with 'y_train_transformed' instead.
2025-04-15 01:03:25,585:INFO:Variable:  returned as Date
2020-01-01     7200.174316
2020-01-02     6985.470215
2020-01-03     7344.884277
2020-01-04     7410.656738
2020-01-05     7411.317383
                  ...     
2023-11-27    37254.167969
2023-11-28    37831.085938
2023-11-29    37858.492188
2023-11-30    37712.746094
2023-12-01    38688.750000
Freq: D, Name: ('Close', 'BTC-USD'), Length: 1431, dtype: float64
2025-04-15 01:03:25,585:INFO:get_config() successfully completed......................................
2025-04-15 01:04:32,056:INFO:PyCaret TSForecastingExperiment
2025-04-15 01:04:32,056:INFO:Logging name: ts-default-name
2025-04-15 01:04:32,057:INFO:ML Usecase: MLUsecase.TIME_SERIES
2025-04-15 01:04:32,057:INFO:version 3.3.2
2025-04-15 01:04:32,057:INFO:Initializing setup()
2025-04-15 01:04:32,057:INFO:self.USI: 69b0
2025-04-15 01:04:32,057:INFO:self._variable_keys: {'approach_type', 'X_transformed', 'n_jobs_param', 'pipeline', 'exp_name_log', 'exogenous_present', 'y_train_transformed', 'X_test_transformed', 'gpu_param', 'idx', 'X_test', 'index_type', 'log_plots_param', 'X', 'primary_sp_to_use', 'seed', 'enforce_pi', 'all_sps_to_use', 'seasonality_present', 'exp_id', 'significant_sps', 'memory', 'y_test', 'significant_sps_no_harmonics', 'fh', 'logging_param', 'html_param', 'candidate_sps', 'X_train', 'y_train', 'strictly_positive', 'X_train_transformed', '_ml_usecase', 'gpu_n_jobs_param', 'y', 'data', 'fold_generator', '_available_plots', 'fold_param', 'y_transformed', 'USI', 'enforce_exogenous', 'model_engines', 'y_test_transformed'}
2025-04-15 01:04:32,057:INFO:Checking environment
2025-04-15 01:04:32,057:INFO:python_version: 3.11.8
2025-04-15 01:04:32,057:INFO:python_build: ('main', 'Feb 16 2024 20:49:36')
2025-04-15 01:04:32,057:INFO:machine: arm64
2025-04-15 01:04:32,057:INFO:platform: macOS-15.3.1-arm64-arm-64bit
2025-04-15 01:04:32,057:INFO:Memory: svmem(total=17179869184, available=3200319488, percent=81.4, used=5506908160, free=97157120, active=3107520512, inactive=3100426240, wired=2399387648)
2025-04-15 01:04:32,057:INFO:Physical Core: 8
2025-04-15 01:04:32,058:INFO:Logical Core: 8
2025-04-15 01:04:32,058:INFO:Checking libraries
2025-04-15 01:04:32,058:INFO:System:
2025-04-15 01:04:32,059:INFO:    python: 3.11.8 | packaged by conda-forge | (main, Feb 16 2024, 20:49:36) [Clang 16.0.6 ]
2025-04-15 01:04:32,059:INFO:executable: /opt/anaconda3/envs/LSTM/bin/python
2025-04-15 01:04:32,059:INFO:   machine: macOS-15.3.1-arm64-arm-64bit
2025-04-15 01:04:32,059:INFO:PyCaret required dependencies:
2025-04-15 01:04:32,059:INFO:                 pip: 25.0
2025-04-15 01:04:32,059:INFO:          setuptools: 75.8.0
2025-04-15 01:04:32,060:INFO:             pycaret: 3.3.2
2025-04-15 01:04:32,060:INFO:             IPython: 8.32.0
2025-04-15 01:04:32,060:INFO:          ipywidgets: 8.1.5
2025-04-15 01:04:32,060:INFO:                tqdm: 4.67.1
2025-04-15 01:04:32,060:INFO:               numpy: 1.26.4
2025-04-15 01:04:32,060:INFO:              pandas: 2.1.4
2025-04-15 01:04:32,060:INFO:              jinja2: 3.1.5
2025-04-15 01:04:32,060:INFO:               scipy: 1.11.4
2025-04-15 01:04:32,060:INFO:              joblib: 1.3.2
2025-04-15 01:04:32,060:INFO:             sklearn: 1.4.2
2025-04-15 01:04:32,060:INFO:                pyod: 2.0.3
2025-04-15 01:04:32,060:INFO:            imblearn: 0.13.0
2025-04-15 01:04:32,060:INFO:   category_encoders: 2.7.0
2025-04-15 01:04:32,060:INFO:            lightgbm: 4.6.0
2025-04-15 01:04:32,060:INFO:               numba: 0.61.0
2025-04-15 01:04:32,060:INFO:            requests: 2.32.3
2025-04-15 01:04:32,060:INFO:          matplotlib: 3.7.5
2025-04-15 01:04:32,060:INFO:          scikitplot: 0.3.7
2025-04-15 01:04:32,060:INFO:         yellowbrick: 1.5
2025-04-15 01:04:32,060:INFO:              plotly: 5.24.1
2025-04-15 01:04:32,060:INFO:    plotly-resampler: Not installed
2025-04-15 01:04:32,060:INFO:             kaleido: 0.2.1
2025-04-15 01:04:32,060:INFO:           schemdraw: 0.15
2025-04-15 01:04:32,060:INFO:         statsmodels: 0.14.4
2025-04-15 01:04:32,060:INFO:              sktime: 0.26.0
2025-04-15 01:04:32,060:INFO:               tbats: 1.1.3
2025-04-15 01:04:32,060:INFO:            pmdarima: 2.0.4
2025-04-15 01:04:32,060:INFO:              psutil: 5.9.0
2025-04-15 01:04:32,060:INFO:          markupsafe: 3.0.2
2025-04-15 01:04:32,060:INFO:             pickle5: Not installed
2025-04-15 01:04:32,060:INFO:         cloudpickle: 3.1.1
2025-04-15 01:04:32,060:INFO:         deprecation: 2.1.0
2025-04-15 01:04:32,060:INFO:              xxhash: 3.5.0
2025-04-15 01:04:32,060:INFO:           wurlitzer: 3.1.1
2025-04-15 01:04:32,060:INFO:PyCaret optional dependencies:
2025-04-15 01:04:32,060:INFO:                shap: Not installed
2025-04-15 01:04:32,060:INFO:           interpret: Not installed
2025-04-15 01:04:32,060:INFO:                umap: Not installed
2025-04-15 01:04:32,060:INFO:     ydata_profiling: Not installed
2025-04-15 01:04:32,060:INFO:  explainerdashboard: Not installed
2025-04-15 01:04:32,060:INFO:             autoviz: Not installed
2025-04-15 01:04:32,060:INFO:           fairlearn: Not installed
2025-04-15 01:04:32,060:INFO:          deepchecks: Not installed
2025-04-15 01:04:32,060:INFO:             xgboost: Not installed
2025-04-15 01:04:32,060:INFO:            catboost: Not installed
2025-04-15 01:04:32,060:INFO:              kmodes: Not installed
2025-04-15 01:04:32,060:INFO:             mlxtend: Not installed
2025-04-15 01:04:32,060:INFO:       statsforecast: Not installed
2025-04-15 01:04:32,060:INFO:        tune_sklearn: Not installed
2025-04-15 01:04:32,060:INFO:                 ray: Not installed
2025-04-15 01:04:32,060:INFO:            hyperopt: Not installed
2025-04-15 01:04:32,060:INFO:              optuna: Not installed
2025-04-15 01:04:32,060:INFO:               skopt: Not installed
2025-04-15 01:04:32,060:INFO:              mlflow: Not installed
2025-04-15 01:04:32,060:INFO:              gradio: Not installed
2025-04-15 01:04:32,060:INFO:             fastapi: Not installed
2025-04-15 01:04:32,060:INFO:             uvicorn: Not installed
2025-04-15 01:04:32,060:INFO:              m2cgen: Not installed
2025-04-15 01:04:32,060:INFO:           evidently: Not installed
2025-04-15 01:04:32,060:INFO:               fugue: Not installed
2025-04-15 01:04:32,060:INFO:           streamlit: Not installed
2025-04-15 01:04:32,060:INFO:             prophet: Not installed
2025-04-15 01:04:32,060:INFO:None
2025-04-15 01:04:32,068:INFO:Set Forecast Horizon.
2025-04-15 01:04:32,069:INFO:Set up Train-Test Splits.
2025-04-15 01:04:32,073:INFO:Preparing preprocessing pipeline...
2025-04-15 01:04:32,073:INFO:Set up imputation for Target variable(s).
2025-04-15 01:04:32,109:INFO:Finished creating preprocessing pipeline.
2025-04-15 01:04:32,112:INFO:Pipeline: ForecastingPipeline(steps=[('forecaster',
                            TransformedTargetForecaster(steps=[('transformer_target',
                                                                TransformerPipeline(steps=[('numerical_imputer',
                                                                                            Imputer(method='ffill',
                                                                                                    random_state=123))])),
                                                               ('model',
                                                                DummyForecaster())]))])
2025-04-15 01:04:32,112:INFO:Set up Seasonal Period.
2025-04-15 01:04:32,121:INFO:Setting the seasonal component type - 'add' or 'mul'.
2025-04-15 01:04:32,121:INFO:Checking if data is strictly positive.
2025-04-15 01:04:32,148:INFO:Creating final display dataframe.
2025-04-15 01:04:32,164:INFO:Setup Display Container:                                           Description  \
0                                          session_id   
1                                              Target   
2                                            Approach   
3                                 Exogenous Variables   
4                                 Original data shape   
5                              Transformed data shape   
6                         Transformed train set shape   
7                          Transformed test set shape   
8                            Rows with missing values   
9                                      Fold Generator   
10                                        Fold Number   
11                        Enforce Prediction Interval   
12                    Splits used for hyperparameters   
13                    User Defined Seasonal Period(s)   
14                            Ignore Seasonality Test   
15                         Seasonality Detection Algo   
16                             Max Period to Consider   
17                          Seasonal Period(s) Tested   
18                     Significant Seasonal Period(s)   
19   Significant Seasonal Period(s) without Harmonics   
20                                   Remove Harmonics   
21                             Harmonics Order Method   
22                           Num Seasonalities to Use   
23                           All Seasonalities to Use   
24                                Primary Seasonality   
25                                Seasonality Present   
26                                   Seasonality Type   
27                           Target Strictly Positive   
28                                 Target White Noise   
29                                      Recommended d   
30                             Recommended Seasonal D   
31                                         Preprocess   
32                      Numerical Imputation (Target)   
33                            Transformation (Target)   
34                                   Scaling (Target)   
35  Feature Engineering (Target) - Reduced Regression   
36                                           CPU Jobs   
37                                            Use GPU   
38                                     Log Experiment   
39                                    Experiment Name   
40                                                USI   

                              Value  
0                               123  
1              ('Close', 'BTC-USD')  
2                        Univariate  
3                       Not Present  
4                         (1461, 1)  
5                         (1461, 1)  
6                         (1431, 1)  
7                           (30, 1)  
8                              0.0%  
9           ExpandingWindowSplitter  
10                                3  
11                            False  
12                              all  
13                             None  
14                            False  
15                             auto  
16                               60  
17  [33, 9, 44, 24, 31, 37, 40, 20]  
18  [33, 9, 44, 24, 31, 37, 40, 20]  
19      [33, 9, 44, 24, 31, 37, 40]  
20                            False  
21                     harmonic_max  
22                                1  
23                             [33]  
24                               33  
25                             True  
26                              mul  
27                             True  
28                               No  
29                                1  
30                                0  
31                             True  
32                            ffill  
33                             None  
34                             None  
35                            False  
36                               -1  
37                            False  
38                            False  
39                  ts-default-name  
40                             69b0  
2025-04-15 01:04:32,164:INFO:Engine successfully changes for model 'auto_arima' to 'pmdarima'.
2025-04-15 01:04:32,167:WARNING:
'prophet' is a soft dependency and not included in the pycaret installation. Please run: `pip install prophet` to install.
2025-04-15 01:04:32,167:INFO:Engine for model 'lr_cds_dt' has not been set explicitly, hence returning None.
2025-04-15 01:04:32,167:INFO:Engine for model 'en_cds_dt' has not been set explicitly, hence returning None.
2025-04-15 01:04:32,168:INFO:Engine for model 'ridge_cds_dt' has not been set explicitly, hence returning None.
2025-04-15 01:04:32,168:INFO:Engine for model 'lasso_cds_dt' has not been set explicitly, hence returning None.
2025-04-15 01:04:32,168:INFO:Engine for model 'llar_cds_dt' has not been set explicitly, hence returning None.
2025-04-15 01:04:32,169:INFO:Engine for model 'br_cds_dt' has not been set explicitly, hence returning None.
2025-04-15 01:04:32,169:INFO:Engine for model 'huber_cds_dt' has not been set explicitly, hence returning None.
2025-04-15 01:04:32,171:INFO:Engine for model 'omp_cds_dt' has not been set explicitly, hence returning None.
2025-04-15 01:04:32,173:INFO:Engine for model 'knn_cds_dt' has not been set explicitly, hence returning None.
2025-04-15 01:04:32,175:INFO:Engine for model 'dt_cds_dt' has not been set explicitly, hence returning None.
2025-04-15 01:04:32,175:INFO:Engine for model 'rf_cds_dt' has not been set explicitly, hence returning None.
2025-04-15 01:04:32,176:INFO:Engine for model 'et_cds_dt' has not been set explicitly, hence returning None.
2025-04-15 01:04:32,176:INFO:Engine for model 'gbr_cds_dt' has not been set explicitly, hence returning None.
2025-04-15 01:04:32,177:INFO:Engine for model 'ada_cds_dt' has not been set explicitly, hence returning None.
2025-04-15 01:04:32,178:INFO:Engine for model 'xgboost_cds_dt' has not been set explicitly, hence returning None.
2025-04-15 01:04:32,178:WARNING:
'xgboost' is a soft dependency and not included in the pycaret installation. Please run: `pip install xgboost` to install.
Alternately, you can install this by running `pip install pycaret[models]`
2025-04-15 01:04:32,178:WARNING:
'xgboost' is a soft dependency and not included in the pycaret installation. Please run: `pip install xgboost` to install.
Alternately, you can install this by running `pip install pycaret[models]`
2025-04-15 01:04:32,178:INFO:Engine for model 'lightgbm_cds_dt' has not been set explicitly, hence returning None.
2025-04-15 01:04:32,178:INFO:Engine for model 'catboost_cds_dt' has not been set explicitly, hence returning None.
2025-04-15 01:04:32,178:WARNING:
'catboost' is a soft dependency and not included in the pycaret installation. Please run: `pip install catboost` to install.
Alternately, you can install this by running `pip install pycaret[models]`
2025-04-15 01:04:32,178:WARNING:
'catboost' is a soft dependency and not included in the pycaret installation. Please run: `pip install catboost` to install.
Alternately, you can install this by running `pip install pycaret[models]`
2025-04-15 01:04:32,181:WARNING:
'prophet' is a soft dependency and not included in the pycaret installation. Please run: `pip install prophet` to install.
2025-04-15 01:04:32,181:INFO:Engine for model 'lr_cds_dt' has not been set explicitly, hence returning None.
2025-04-15 01:04:32,181:INFO:Engine for model 'en_cds_dt' has not been set explicitly, hence returning None.
2025-04-15 01:04:32,182:INFO:Engine for model 'ridge_cds_dt' has not been set explicitly, hence returning None.
2025-04-15 01:04:32,182:INFO:Engine for model 'lasso_cds_dt' has not been set explicitly, hence returning None.
2025-04-15 01:04:32,182:INFO:Engine for model 'llar_cds_dt' has not been set explicitly, hence returning None.
2025-04-15 01:04:32,182:INFO:Engine for model 'br_cds_dt' has not been set explicitly, hence returning None.
2025-04-15 01:04:32,183:INFO:Engine for model 'huber_cds_dt' has not been set explicitly, hence returning None.
2025-04-15 01:04:32,183:INFO:Engine for model 'omp_cds_dt' has not been set explicitly, hence returning None.
2025-04-15 01:04:32,184:INFO:Engine for model 'knn_cds_dt' has not been set explicitly, hence returning None.
2025-04-15 01:04:32,184:INFO:Engine for model 'dt_cds_dt' has not been set explicitly, hence returning None.
2025-04-15 01:04:32,184:INFO:Engine for model 'rf_cds_dt' has not been set explicitly, hence returning None.
2025-04-15 01:04:32,185:INFO:Engine for model 'et_cds_dt' has not been set explicitly, hence returning None.
2025-04-15 01:04:32,185:INFO:Engine for model 'gbr_cds_dt' has not been set explicitly, hence returning None.
2025-04-15 01:04:32,185:INFO:Engine for model 'ada_cds_dt' has not been set explicitly, hence returning None.
2025-04-15 01:04:32,185:INFO:Engine for model 'xgboost_cds_dt' has not been set explicitly, hence returning None.
2025-04-15 01:04:32,185:WARNING:
'xgboost' is a soft dependency and not included in the pycaret installation. Please run: `pip install xgboost` to install.
Alternately, you can install this by running `pip install pycaret[models]`
2025-04-15 01:04:32,185:WARNING:
'xgboost' is a soft dependency and not included in the pycaret installation. Please run: `pip install xgboost` to install.
Alternately, you can install this by running `pip install pycaret[models]`
2025-04-15 01:04:32,185:INFO:Engine for model 'lightgbm_cds_dt' has not been set explicitly, hence returning None.
2025-04-15 01:04:32,185:INFO:Engine for model 'catboost_cds_dt' has not been set explicitly, hence returning None.
2025-04-15 01:04:32,185:WARNING:
'catboost' is a soft dependency and not included in the pycaret installation. Please run: `pip install catboost` to install.
Alternately, you can install this by running `pip install pycaret[models]`
2025-04-15 01:04:32,186:WARNING:
'catboost' is a soft dependency and not included in the pycaret installation. Please run: `pip install catboost` to install.
Alternately, you can install this by running `pip install pycaret[models]`
2025-04-15 01:04:32,186:INFO:Engine successfully changes for model 'lr_cds_dt' to 'sklearn'.
2025-04-15 01:04:32,187:WARNING:
'prophet' is a soft dependency and not included in the pycaret installation. Please run: `pip install prophet` to install.
2025-04-15 01:04:32,188:INFO:Engine for model 'en_cds_dt' has not been set explicitly, hence returning None.
2025-04-15 01:04:32,188:INFO:Engine for model 'ridge_cds_dt' has not been set explicitly, hence returning None.
2025-04-15 01:04:32,188:INFO:Engine for model 'lasso_cds_dt' has not been set explicitly, hence returning None.
2025-04-15 01:04:32,188:INFO:Engine for model 'llar_cds_dt' has not been set explicitly, hence returning None.
2025-04-15 01:04:32,190:INFO:Engine for model 'br_cds_dt' has not been set explicitly, hence returning None.
2025-04-15 01:04:32,191:INFO:Engine for model 'huber_cds_dt' has not been set explicitly, hence returning None.
2025-04-15 01:04:32,193:INFO:Engine for model 'omp_cds_dt' has not been set explicitly, hence returning None.
2025-04-15 01:04:32,195:INFO:Engine for model 'knn_cds_dt' has not been set explicitly, hence returning None.
2025-04-15 01:04:32,195:INFO:Engine for model 'dt_cds_dt' has not been set explicitly, hence returning None.
2025-04-15 01:04:32,195:INFO:Engine for model 'rf_cds_dt' has not been set explicitly, hence returning None.
2025-04-15 01:04:32,196:INFO:Engine for model 'et_cds_dt' has not been set explicitly, hence returning None.
2025-04-15 01:04:32,196:INFO:Engine for model 'gbr_cds_dt' has not been set explicitly, hence returning None.
2025-04-15 01:04:32,197:INFO:Engine for model 'ada_cds_dt' has not been set explicitly, hence returning None.
2025-04-15 01:04:32,197:INFO:Engine for model 'xgboost_cds_dt' has not been set explicitly, hence returning None.
2025-04-15 01:04:32,197:WARNING:
'xgboost' is a soft dependency and not included in the pycaret installation. Please run: `pip install xgboost` to install.
Alternately, you can install this by running `pip install pycaret[models]`
2025-04-15 01:04:32,198:WARNING:
'xgboost' is a soft dependency and not included in the pycaret installation. Please run: `pip install xgboost` to install.
Alternately, you can install this by running `pip install pycaret[models]`
2025-04-15 01:04:32,198:INFO:Engine for model 'lightgbm_cds_dt' has not been set explicitly, hence returning None.
2025-04-15 01:04:32,198:INFO:Engine for model 'catboost_cds_dt' has not been set explicitly, hence returning None.
2025-04-15 01:04:32,198:WARNING:
'catboost' is a soft dependency and not included in the pycaret installation. Please run: `pip install catboost` to install.
Alternately, you can install this by running `pip install pycaret[models]`
2025-04-15 01:04:32,198:WARNING:
'catboost' is a soft dependency and not included in the pycaret installation. Please run: `pip install catboost` to install.
Alternately, you can install this by running `pip install pycaret[models]`
2025-04-15 01:04:32,200:WARNING:
'prophet' is a soft dependency and not included in the pycaret installation. Please run: `pip install prophet` to install.
2025-04-15 01:04:32,200:INFO:Engine for model 'en_cds_dt' has not been set explicitly, hence returning None.
2025-04-15 01:04:32,200:INFO:Engine for model 'ridge_cds_dt' has not been set explicitly, hence returning None.
2025-04-15 01:04:32,200:INFO:Engine for model 'lasso_cds_dt' has not been set explicitly, hence returning None.
2025-04-15 01:04:32,201:INFO:Engine for model 'llar_cds_dt' has not been set explicitly, hence returning None.
2025-04-15 01:04:32,201:INFO:Engine for model 'br_cds_dt' has not been set explicitly, hence returning None.
2025-04-15 01:04:32,201:INFO:Engine for model 'huber_cds_dt' has not been set explicitly, hence returning None.
2025-04-15 01:04:32,203:INFO:Engine for model 'omp_cds_dt' has not been set explicitly, hence returning None.
2025-04-15 01:04:32,205:INFO:Engine for model 'knn_cds_dt' has not been set explicitly, hence returning None.
2025-04-15 01:04:32,205:INFO:Engine for model 'dt_cds_dt' has not been set explicitly, hence returning None.
2025-04-15 01:04:32,208:INFO:Engine for model 'rf_cds_dt' has not been set explicitly, hence returning None.
2025-04-15 01:04:32,209:INFO:Engine for model 'et_cds_dt' has not been set explicitly, hence returning None.
2025-04-15 01:04:32,209:INFO:Engine for model 'gbr_cds_dt' has not been set explicitly, hence returning None.
2025-04-15 01:04:32,209:INFO:Engine for model 'ada_cds_dt' has not been set explicitly, hence returning None.
2025-04-15 01:04:32,209:INFO:Engine for model 'xgboost_cds_dt' has not been set explicitly, hence returning None.
2025-04-15 01:04:32,209:WARNING:
'xgboost' is a soft dependency and not included in the pycaret installation. Please run: `pip install xgboost` to install.
Alternately, you can install this by running `pip install pycaret[models]`
2025-04-15 01:04:32,209:WARNING:
'xgboost' is a soft dependency and not included in the pycaret installation. Please run: `pip install xgboost` to install.
Alternately, you can install this by running `pip install pycaret[models]`
2025-04-15 01:04:32,209:INFO:Engine for model 'lightgbm_cds_dt' has not been set explicitly, hence returning None.
2025-04-15 01:04:32,210:INFO:Engine for model 'catboost_cds_dt' has not been set explicitly, hence returning None.
2025-04-15 01:04:32,210:WARNING:
'catboost' is a soft dependency and not included in the pycaret installation. Please run: `pip install catboost` to install.
Alternately, you can install this by running `pip install pycaret[models]`
2025-04-15 01:04:32,210:WARNING:
'catboost' is a soft dependency and not included in the pycaret installation. Please run: `pip install catboost` to install.
Alternately, you can install this by running `pip install pycaret[models]`
2025-04-15 01:04:32,210:INFO:Engine successfully changes for model 'en_cds_dt' to 'sklearn'.
2025-04-15 01:04:32,212:WARNING:
'prophet' is a soft dependency and not included in the pycaret installation. Please run: `pip install prophet` to install.
2025-04-15 01:04:32,212:INFO:Engine for model 'ridge_cds_dt' has not been set explicitly, hence returning None.
2025-04-15 01:04:32,212:INFO:Engine for model 'lasso_cds_dt' has not been set explicitly, hence returning None.
2025-04-15 01:04:32,212:INFO:Engine for model 'llar_cds_dt' has not been set explicitly, hence returning None.
2025-04-15 01:04:32,213:INFO:Engine for model 'br_cds_dt' has not been set explicitly, hence returning None.
2025-04-15 01:04:32,213:INFO:Engine for model 'huber_cds_dt' has not been set explicitly, hence returning None.
2025-04-15 01:04:32,214:INFO:Engine for model 'omp_cds_dt' has not been set explicitly, hence returning None.
2025-04-15 01:04:32,215:INFO:Engine for model 'knn_cds_dt' has not been set explicitly, hence returning None.
2025-04-15 01:04:32,215:INFO:Engine for model 'dt_cds_dt' has not been set explicitly, hence returning None.
2025-04-15 01:04:32,216:INFO:Engine for model 'rf_cds_dt' has not been set explicitly, hence returning None.
2025-04-15 01:04:32,216:INFO:Engine for model 'et_cds_dt' has not been set explicitly, hence returning None.
2025-04-15 01:04:32,216:INFO:Engine for model 'gbr_cds_dt' has not been set explicitly, hence returning None.
2025-04-15 01:04:32,216:INFO:Engine for model 'ada_cds_dt' has not been set explicitly, hence returning None.
2025-04-15 01:04:32,217:INFO:Engine for model 'xgboost_cds_dt' has not been set explicitly, hence returning None.
2025-04-15 01:04:32,217:WARNING:
'xgboost' is a soft dependency and not included in the pycaret installation. Please run: `pip install xgboost` to install.
Alternately, you can install this by running `pip install pycaret[models]`
2025-04-15 01:04:32,217:WARNING:
'xgboost' is a soft dependency and not included in the pycaret installation. Please run: `pip install xgboost` to install.
Alternately, you can install this by running `pip install pycaret[models]`
2025-04-15 01:04:32,217:INFO:Engine for model 'lightgbm_cds_dt' has not been set explicitly, hence returning None.
2025-04-15 01:04:32,218:INFO:Engine for model 'catboost_cds_dt' has not been set explicitly, hence returning None.
2025-04-15 01:04:32,218:WARNING:
'catboost' is a soft dependency and not included in the pycaret installation. Please run: `pip install catboost` to install.
Alternately, you can install this by running `pip install pycaret[models]`
2025-04-15 01:04:32,218:WARNING:
'catboost' is a soft dependency and not included in the pycaret installation. Please run: `pip install catboost` to install.
Alternately, you can install this by running `pip install pycaret[models]`
2025-04-15 01:04:32,220:WARNING:
'prophet' is a soft dependency and not included in the pycaret installation. Please run: `pip install prophet` to install.
2025-04-15 01:04:32,220:INFO:Engine for model 'ridge_cds_dt' has not been set explicitly, hence returning None.
2025-04-15 01:04:32,220:INFO:Engine for model 'lasso_cds_dt' has not been set explicitly, hence returning None.
2025-04-15 01:04:32,220:INFO:Engine for model 'llar_cds_dt' has not been set explicitly, hence returning None.
2025-04-15 01:04:32,220:INFO:Engine for model 'br_cds_dt' has not been set explicitly, hence returning None.
2025-04-15 01:04:32,220:INFO:Engine for model 'huber_cds_dt' has not been set explicitly, hence returning None.
2025-04-15 01:04:32,223:INFO:Engine for model 'omp_cds_dt' has not been set explicitly, hence returning None.
2025-04-15 01:04:32,224:INFO:Engine for model 'knn_cds_dt' has not been set explicitly, hence returning None.
2025-04-15 01:04:32,224:INFO:Engine for model 'dt_cds_dt' has not been set explicitly, hence returning None.
2025-04-15 01:04:32,224:INFO:Engine for model 'rf_cds_dt' has not been set explicitly, hence returning None.
2025-04-15 01:04:32,224:INFO:Engine for model 'et_cds_dt' has not been set explicitly, hence returning None.
2025-04-15 01:04:32,225:INFO:Engine for model 'gbr_cds_dt' has not been set explicitly, hence returning None.
2025-04-15 01:04:32,225:INFO:Engine for model 'ada_cds_dt' has not been set explicitly, hence returning None.
2025-04-15 01:04:32,225:INFO:Engine for model 'xgboost_cds_dt' has not been set explicitly, hence returning None.
2025-04-15 01:04:32,225:WARNING:
'xgboost' is a soft dependency and not included in the pycaret installation. Please run: `pip install xgboost` to install.
Alternately, you can install this by running `pip install pycaret[models]`
2025-04-15 01:04:32,225:WARNING:
'xgboost' is a soft dependency and not included in the pycaret installation. Please run: `pip install xgboost` to install.
Alternately, you can install this by running `pip install pycaret[models]`
2025-04-15 01:04:32,225:INFO:Engine for model 'lightgbm_cds_dt' has not been set explicitly, hence returning None.
2025-04-15 01:04:32,225:INFO:Engine for model 'catboost_cds_dt' has not been set explicitly, hence returning None.
2025-04-15 01:04:32,225:WARNING:
'catboost' is a soft dependency and not included in the pycaret installation. Please run: `pip install catboost` to install.
Alternately, you can install this by running `pip install pycaret[models]`
2025-04-15 01:04:32,225:WARNING:
'catboost' is a soft dependency and not included in the pycaret installation. Please run: `pip install catboost` to install.
Alternately, you can install this by running `pip install pycaret[models]`
2025-04-15 01:04:32,225:INFO:Engine successfully changes for model 'ridge_cds_dt' to 'sklearn'.
2025-04-15 01:04:32,227:WARNING:
'prophet' is a soft dependency and not included in the pycaret installation. Please run: `pip install prophet` to install.
2025-04-15 01:04:32,227:INFO:Engine for model 'lasso_cds_dt' has not been set explicitly, hence returning None.
2025-04-15 01:04:32,227:INFO:Engine for model 'llar_cds_dt' has not been set explicitly, hence returning None.
2025-04-15 01:04:32,227:INFO:Engine for model 'br_cds_dt' has not been set explicitly, hence returning None.
2025-04-15 01:04:32,227:INFO:Engine for model 'huber_cds_dt' has not been set explicitly, hence returning None.
2025-04-15 01:04:32,228:INFO:Engine for model 'omp_cds_dt' has not been set explicitly, hence returning None.
2025-04-15 01:04:32,228:INFO:Engine for model 'knn_cds_dt' has not been set explicitly, hence returning None.
2025-04-15 01:04:32,229:INFO:Engine for model 'dt_cds_dt' has not been set explicitly, hence returning None.
2025-04-15 01:04:32,229:INFO:Engine for model 'rf_cds_dt' has not been set explicitly, hence returning None.
2025-04-15 01:04:32,230:INFO:Engine for model 'et_cds_dt' has not been set explicitly, hence returning None.
2025-04-15 01:04:32,230:INFO:Engine for model 'gbr_cds_dt' has not been set explicitly, hence returning None.
2025-04-15 01:04:32,230:INFO:Engine for model 'ada_cds_dt' has not been set explicitly, hence returning None.
2025-04-15 01:04:32,230:INFO:Engine for model 'xgboost_cds_dt' has not been set explicitly, hence returning None.
2025-04-15 01:04:32,230:WARNING:
'xgboost' is a soft dependency and not included in the pycaret installation. Please run: `pip install xgboost` to install.
Alternately, you can install this by running `pip install pycaret[models]`
2025-04-15 01:04:32,230:WARNING:
'xgboost' is a soft dependency and not included in the pycaret installation. Please run: `pip install xgboost` to install.
Alternately, you can install this by running `pip install pycaret[models]`
2025-04-15 01:04:32,230:INFO:Engine for model 'lightgbm_cds_dt' has not been set explicitly, hence returning None.
2025-04-15 01:04:32,230:INFO:Engine for model 'catboost_cds_dt' has not been set explicitly, hence returning None.
2025-04-15 01:04:32,230:WARNING:
'catboost' is a soft dependency and not included in the pycaret installation. Please run: `pip install catboost` to install.
Alternately, you can install this by running `pip install pycaret[models]`
2025-04-15 01:04:32,230:WARNING:
'catboost' is a soft dependency and not included in the pycaret installation. Please run: `pip install catboost` to install.
Alternately, you can install this by running `pip install pycaret[models]`
2025-04-15 01:04:32,231:WARNING:
'prophet' is a soft dependency and not included in the pycaret installation. Please run: `pip install prophet` to install.
2025-04-15 01:04:32,232:INFO:Engine for model 'lasso_cds_dt' has not been set explicitly, hence returning None.
2025-04-15 01:04:32,232:INFO:Engine for model 'llar_cds_dt' has not been set explicitly, hence returning None.
2025-04-15 01:04:32,232:INFO:Engine for model 'br_cds_dt' has not been set explicitly, hence returning None.
2025-04-15 01:04:32,232:INFO:Engine for model 'huber_cds_dt' has not been set explicitly, hence returning None.
2025-04-15 01:04:32,233:INFO:Engine for model 'omp_cds_dt' has not been set explicitly, hence returning None.
2025-04-15 01:04:32,234:INFO:Engine for model 'knn_cds_dt' has not been set explicitly, hence returning None.
2025-04-15 01:04:32,234:INFO:Engine for model 'dt_cds_dt' has not been set explicitly, hence returning None.
2025-04-15 01:04:32,234:INFO:Engine for model 'rf_cds_dt' has not been set explicitly, hence returning None.
2025-04-15 01:04:32,234:INFO:Engine for model 'et_cds_dt' has not been set explicitly, hence returning None.
2025-04-15 01:04:32,234:INFO:Engine for model 'gbr_cds_dt' has not been set explicitly, hence returning None.
2025-04-15 01:04:32,234:INFO:Engine for model 'ada_cds_dt' has not been set explicitly, hence returning None.
2025-04-15 01:04:32,235:INFO:Engine for model 'xgboost_cds_dt' has not been set explicitly, hence returning None.
2025-04-15 01:04:32,235:WARNING:
'xgboost' is a soft dependency and not included in the pycaret installation. Please run: `pip install xgboost` to install.
Alternately, you can install this by running `pip install pycaret[models]`
2025-04-15 01:04:32,235:WARNING:
'xgboost' is a soft dependency and not included in the pycaret installation. Please run: `pip install xgboost` to install.
Alternately, you can install this by running `pip install pycaret[models]`
2025-04-15 01:04:32,235:INFO:Engine for model 'lightgbm_cds_dt' has not been set explicitly, hence returning None.
2025-04-15 01:04:32,235:INFO:Engine for model 'catboost_cds_dt' has not been set explicitly, hence returning None.
2025-04-15 01:04:32,235:WARNING:
'catboost' is a soft dependency and not included in the pycaret installation. Please run: `pip install catboost` to install.
Alternately, you can install this by running `pip install pycaret[models]`
2025-04-15 01:04:32,235:WARNING:
'catboost' is a soft dependency and not included in the pycaret installation. Please run: `pip install catboost` to install.
Alternately, you can install this by running `pip install pycaret[models]`
2025-04-15 01:04:32,235:INFO:Engine successfully changes for model 'lasso_cds_dt' to 'sklearn'.
2025-04-15 01:04:32,236:WARNING:
'prophet' is a soft dependency and not included in the pycaret installation. Please run: `pip install prophet` to install.
2025-04-15 01:04:32,236:INFO:Engine for model 'llar_cds_dt' has not been set explicitly, hence returning None.
2025-04-15 01:04:32,236:INFO:Engine for model 'br_cds_dt' has not been set explicitly, hence returning None.
2025-04-15 01:04:32,237:INFO:Engine for model 'huber_cds_dt' has not been set explicitly, hence returning None.
2025-04-15 01:04:32,237:INFO:Engine for model 'omp_cds_dt' has not been set explicitly, hence returning None.
2025-04-15 01:04:32,241:INFO:Engine for model 'knn_cds_dt' has not been set explicitly, hence returning None.
2025-04-15 01:04:32,241:INFO:Engine for model 'dt_cds_dt' has not been set explicitly, hence returning None.
2025-04-15 01:04:32,241:INFO:Engine for model 'rf_cds_dt' has not been set explicitly, hence returning None.
2025-04-15 01:04:32,242:INFO:Engine for model 'et_cds_dt' has not been set explicitly, hence returning None.
2025-04-15 01:04:32,244:INFO:Engine for model 'gbr_cds_dt' has not been set explicitly, hence returning None.
2025-04-15 01:04:32,244:INFO:Engine for model 'ada_cds_dt' has not been set explicitly, hence returning None.
2025-04-15 01:04:32,245:INFO:Engine for model 'xgboost_cds_dt' has not been set explicitly, hence returning None.
2025-04-15 01:04:32,245:WARNING:
'xgboost' is a soft dependency and not included in the pycaret installation. Please run: `pip install xgboost` to install.
Alternately, you can install this by running `pip install pycaret[models]`
2025-04-15 01:04:32,245:WARNING:
'xgboost' is a soft dependency and not included in the pycaret installation. Please run: `pip install xgboost` to install.
Alternately, you can install this by running `pip install pycaret[models]`
2025-04-15 01:04:32,245:INFO:Engine for model 'lightgbm_cds_dt' has not been set explicitly, hence returning None.
2025-04-15 01:04:32,245:INFO:Engine for model 'catboost_cds_dt' has not been set explicitly, hence returning None.
2025-04-15 01:04:32,245:WARNING:
'catboost' is a soft dependency and not included in the pycaret installation. Please run: `pip install catboost` to install.
Alternately, you can install this by running `pip install pycaret[models]`
2025-04-15 01:04:32,245:WARNING:
'catboost' is a soft dependency and not included in the pycaret installation. Please run: `pip install catboost` to install.
Alternately, you can install this by running `pip install pycaret[models]`
2025-04-15 01:04:32,247:WARNING:
'prophet' is a soft dependency and not included in the pycaret installation. Please run: `pip install prophet` to install.
2025-04-15 01:04:32,248:INFO:Engine for model 'llar_cds_dt' has not been set explicitly, hence returning None.
2025-04-15 01:04:32,249:INFO:Engine for model 'br_cds_dt' has not been set explicitly, hence returning None.
2025-04-15 01:04:32,249:INFO:Engine for model 'huber_cds_dt' has not been set explicitly, hence returning None.
2025-04-15 01:04:32,249:INFO:Engine for model 'omp_cds_dt' has not been set explicitly, hence returning None.
2025-04-15 01:04:32,250:INFO:Engine for model 'knn_cds_dt' has not been set explicitly, hence returning None.
2025-04-15 01:04:32,250:INFO:Engine for model 'dt_cds_dt' has not been set explicitly, hence returning None.
2025-04-15 01:04:32,250:INFO:Engine for model 'rf_cds_dt' has not been set explicitly, hence returning None.
2025-04-15 01:04:32,250:INFO:Engine for model 'et_cds_dt' has not been set explicitly, hence returning None.
2025-04-15 01:04:32,251:INFO:Engine for model 'gbr_cds_dt' has not been set explicitly, hence returning None.
2025-04-15 01:04:32,251:INFO:Engine for model 'ada_cds_dt' has not been set explicitly, hence returning None.
2025-04-15 01:04:32,251:INFO:Engine for model 'xgboost_cds_dt' has not been set explicitly, hence returning None.
2025-04-15 01:04:32,251:WARNING:
'xgboost' is a soft dependency and not included in the pycaret installation. Please run: `pip install xgboost` to install.
Alternately, you can install this by running `pip install pycaret[models]`
2025-04-15 01:04:32,251:WARNING:
'xgboost' is a soft dependency and not included in the pycaret installation. Please run: `pip install xgboost` to install.
Alternately, you can install this by running `pip install pycaret[models]`
2025-04-15 01:04:32,251:INFO:Engine for model 'lightgbm_cds_dt' has not been set explicitly, hence returning None.
2025-04-15 01:04:32,252:INFO:Engine for model 'catboost_cds_dt' has not been set explicitly, hence returning None.
2025-04-15 01:04:32,252:WARNING:
'catboost' is a soft dependency and not included in the pycaret installation. Please run: `pip install catboost` to install.
Alternately, you can install this by running `pip install pycaret[models]`
2025-04-15 01:04:32,252:WARNING:
'catboost' is a soft dependency and not included in the pycaret installation. Please run: `pip install catboost` to install.
Alternately, you can install this by running `pip install pycaret[models]`
2025-04-15 01:04:32,252:INFO:Engine successfully changes for model 'lar_cds_dt' to 'sklearn'.
2025-04-15 01:04:32,254:WARNING:
'prophet' is a soft dependency and not included in the pycaret installation. Please run: `pip install prophet` to install.
2025-04-15 01:04:32,255:INFO:Engine for model 'llar_cds_dt' has not been set explicitly, hence returning None.
2025-04-15 01:04:32,255:INFO:Engine for model 'br_cds_dt' has not been set explicitly, hence returning None.
2025-04-15 01:04:32,255:INFO:Engine for model 'huber_cds_dt' has not been set explicitly, hence returning None.
2025-04-15 01:04:32,258:INFO:Engine for model 'omp_cds_dt' has not been set explicitly, hence returning None.
2025-04-15 01:04:32,258:INFO:Engine for model 'knn_cds_dt' has not been set explicitly, hence returning None.
2025-04-15 01:04:32,259:INFO:Engine for model 'dt_cds_dt' has not been set explicitly, hence returning None.
2025-04-15 01:04:32,259:INFO:Engine for model 'rf_cds_dt' has not been set explicitly, hence returning None.
2025-04-15 01:04:32,260:INFO:Engine for model 'et_cds_dt' has not been set explicitly, hence returning None.
2025-04-15 01:04:32,260:INFO:Engine for model 'gbr_cds_dt' has not been set explicitly, hence returning None.
2025-04-15 01:04:32,261:INFO:Engine for model 'ada_cds_dt' has not been set explicitly, hence returning None.
2025-04-15 01:04:32,262:INFO:Engine for model 'xgboost_cds_dt' has not been set explicitly, hence returning None.
2025-04-15 01:04:32,262:WARNING:
'xgboost' is a soft dependency and not included in the pycaret installation. Please run: `pip install xgboost` to install.
Alternately, you can install this by running `pip install pycaret[models]`
2025-04-15 01:04:32,262:WARNING:
'xgboost' is a soft dependency and not included in the pycaret installation. Please run: `pip install xgboost` to install.
Alternately, you can install this by running `pip install pycaret[models]`
2025-04-15 01:04:32,262:INFO:Engine for model 'lightgbm_cds_dt' has not been set explicitly, hence returning None.
2025-04-15 01:04:32,262:INFO:Engine for model 'catboost_cds_dt' has not been set explicitly, hence returning None.
2025-04-15 01:04:32,262:WARNING:
'catboost' is a soft dependency and not included in the pycaret installation. Please run: `pip install catboost` to install.
Alternately, you can install this by running `pip install pycaret[models]`
2025-04-15 01:04:32,262:WARNING:
'catboost' is a soft dependency and not included in the pycaret installation. Please run: `pip install catboost` to install.
Alternately, you can install this by running `pip install pycaret[models]`
2025-04-15 01:04:32,266:WARNING:
'prophet' is a soft dependency and not included in the pycaret installation. Please run: `pip install prophet` to install.
2025-04-15 01:04:32,267:INFO:Engine for model 'llar_cds_dt' has not been set explicitly, hence returning None.
2025-04-15 01:04:32,268:INFO:Engine for model 'br_cds_dt' has not been set explicitly, hence returning None.
2025-04-15 01:04:32,268:INFO:Engine for model 'huber_cds_dt' has not been set explicitly, hence returning None.
2025-04-15 01:04:32,269:INFO:Engine for model 'omp_cds_dt' has not been set explicitly, hence returning None.
2025-04-15 01:04:32,270:INFO:Engine for model 'knn_cds_dt' has not been set explicitly, hence returning None.
2025-04-15 01:04:32,270:INFO:Engine for model 'dt_cds_dt' has not been set explicitly, hence returning None.
2025-04-15 01:04:32,270:INFO:Engine for model 'rf_cds_dt' has not been set explicitly, hence returning None.
2025-04-15 01:04:32,270:INFO:Engine for model 'et_cds_dt' has not been set explicitly, hence returning None.
2025-04-15 01:04:32,270:INFO:Engine for model 'gbr_cds_dt' has not been set explicitly, hence returning None.
2025-04-15 01:04:32,270:INFO:Engine for model 'ada_cds_dt' has not been set explicitly, hence returning None.
2025-04-15 01:04:32,270:INFO:Engine for model 'xgboost_cds_dt' has not been set explicitly, hence returning None.
2025-04-15 01:04:32,270:WARNING:
'xgboost' is a soft dependency and not included in the pycaret installation. Please run: `pip install xgboost` to install.
Alternately, you can install this by running `pip install pycaret[models]`
2025-04-15 01:04:32,270:WARNING:
'xgboost' is a soft dependency and not included in the pycaret installation. Please run: `pip install xgboost` to install.
Alternately, you can install this by running `pip install pycaret[models]`
2025-04-15 01:04:32,270:INFO:Engine for model 'lightgbm_cds_dt' has not been set explicitly, hence returning None.
2025-04-15 01:04:32,271:INFO:Engine for model 'catboost_cds_dt' has not been set explicitly, hence returning None.
2025-04-15 01:04:32,271:WARNING:
'catboost' is a soft dependency and not included in the pycaret installation. Please run: `pip install catboost` to install.
Alternately, you can install this by running `pip install pycaret[models]`
2025-04-15 01:04:32,271:WARNING:
'catboost' is a soft dependency and not included in the pycaret installation. Please run: `pip install catboost` to install.
Alternately, you can install this by running `pip install pycaret[models]`
2025-04-15 01:04:32,271:INFO:Engine successfully changes for model 'llar_cds_dt' to 'sklearn'.
2025-04-15 01:04:32,282:WARNING:
'prophet' is a soft dependency and not included in the pycaret installation. Please run: `pip install prophet` to install.
2025-04-15 01:04:32,284:INFO:Engine for model 'br_cds_dt' has not been set explicitly, hence returning None.
2025-04-15 01:04:32,284:INFO:Engine for model 'huber_cds_dt' has not been set explicitly, hence returning None.
2025-04-15 01:04:32,286:INFO:Engine for model 'omp_cds_dt' has not been set explicitly, hence returning None.
2025-04-15 01:04:32,287:INFO:Engine for model 'knn_cds_dt' has not been set explicitly, hence returning None.
2025-04-15 01:04:32,287:INFO:Engine for model 'dt_cds_dt' has not been set explicitly, hence returning None.
2025-04-15 01:04:32,288:INFO:Engine for model 'rf_cds_dt' has not been set explicitly, hence returning None.
2025-04-15 01:04:32,288:INFO:Engine for model 'et_cds_dt' has not been set explicitly, hence returning None.
2025-04-15 01:04:32,289:INFO:Engine for model 'gbr_cds_dt' has not been set explicitly, hence returning None.
2025-04-15 01:04:32,289:INFO:Engine for model 'ada_cds_dt' has not been set explicitly, hence returning None.
2025-04-15 01:04:32,289:INFO:Engine for model 'xgboost_cds_dt' has not been set explicitly, hence returning None.
2025-04-15 01:04:32,289:WARNING:
'xgboost' is a soft dependency and not included in the pycaret installation. Please run: `pip install xgboost` to install.
Alternately, you can install this by running `pip install pycaret[models]`
2025-04-15 01:04:32,289:WARNING:
'xgboost' is a soft dependency and not included in the pycaret installation. Please run: `pip install xgboost` to install.
Alternately, you can install this by running `pip install pycaret[models]`
2025-04-15 01:04:32,289:INFO:Engine for model 'lightgbm_cds_dt' has not been set explicitly, hence returning None.
2025-04-15 01:04:32,290:INFO:Engine for model 'catboost_cds_dt' has not been set explicitly, hence returning None.
2025-04-15 01:04:32,290:WARNING:
'catboost' is a soft dependency and not included in the pycaret installation. Please run: `pip install catboost` to install.
Alternately, you can install this by running `pip install pycaret[models]`
2025-04-15 01:04:32,290:WARNING:
'catboost' is a soft dependency and not included in the pycaret installation. Please run: `pip install catboost` to install.
Alternately, you can install this by running `pip install pycaret[models]`
2025-04-15 01:04:32,291:WARNING:
'prophet' is a soft dependency and not included in the pycaret installation. Please run: `pip install prophet` to install.
2025-04-15 01:04:32,292:INFO:Engine for model 'br_cds_dt' has not been set explicitly, hence returning None.
2025-04-15 01:04:32,292:INFO:Engine for model 'huber_cds_dt' has not been set explicitly, hence returning None.
2025-04-15 01:04:32,296:INFO:Engine for model 'omp_cds_dt' has not been set explicitly, hence returning None.
2025-04-15 01:04:32,296:INFO:Engine for model 'knn_cds_dt' has not been set explicitly, hence returning None.
2025-04-15 01:04:32,296:INFO:Engine for model 'dt_cds_dt' has not been set explicitly, hence returning None.
2025-04-15 01:04:32,296:INFO:Engine for model 'rf_cds_dt' has not been set explicitly, hence returning None.
2025-04-15 01:04:32,296:INFO:Engine for model 'et_cds_dt' has not been set explicitly, hence returning None.
2025-04-15 01:04:32,297:INFO:Engine for model 'gbr_cds_dt' has not been set explicitly, hence returning None.
2025-04-15 01:04:32,297:INFO:Engine for model 'ada_cds_dt' has not been set explicitly, hence returning None.
2025-04-15 01:04:32,297:INFO:Engine for model 'xgboost_cds_dt' has not been set explicitly, hence returning None.
2025-04-15 01:04:32,297:WARNING:
'xgboost' is a soft dependency and not included in the pycaret installation. Please run: `pip install xgboost` to install.
Alternately, you can install this by running `pip install pycaret[models]`
2025-04-15 01:04:32,297:WARNING:
'xgboost' is a soft dependency and not included in the pycaret installation. Please run: `pip install xgboost` to install.
Alternately, you can install this by running `pip install pycaret[models]`
2025-04-15 01:04:32,297:INFO:Engine for model 'lightgbm_cds_dt' has not been set explicitly, hence returning None.
2025-04-15 01:04:32,297:INFO:Engine for model 'catboost_cds_dt' has not been set explicitly, hence returning None.
2025-04-15 01:04:32,297:WARNING:
'catboost' is a soft dependency and not included in the pycaret installation. Please run: `pip install catboost` to install.
Alternately, you can install this by running `pip install pycaret[models]`
2025-04-15 01:04:32,297:WARNING:
'catboost' is a soft dependency and not included in the pycaret installation. Please run: `pip install catboost` to install.
Alternately, you can install this by running `pip install pycaret[models]`
2025-04-15 01:04:32,297:INFO:Engine successfully changes for model 'br_cds_dt' to 'sklearn'.
2025-04-15 01:04:32,300:WARNING:
'prophet' is a soft dependency and not included in the pycaret installation. Please run: `pip install prophet` to install.
2025-04-15 01:04:32,301:INFO:Engine for model 'huber_cds_dt' has not been set explicitly, hence returning None.
2025-04-15 01:04:32,303:INFO:Engine for model 'omp_cds_dt' has not been set explicitly, hence returning None.
2025-04-15 01:04:32,304:INFO:Engine for model 'knn_cds_dt' has not been set explicitly, hence returning None.
2025-04-15 01:04:32,304:INFO:Engine for model 'dt_cds_dt' has not been set explicitly, hence returning None.
2025-04-15 01:04:32,305:INFO:Engine for model 'rf_cds_dt' has not been set explicitly, hence returning None.
2025-04-15 01:04:32,305:INFO:Engine for model 'et_cds_dt' has not been set explicitly, hence returning None.
2025-04-15 01:04:32,306:INFO:Engine for model 'gbr_cds_dt' has not been set explicitly, hence returning None.
2025-04-15 01:04:32,306:INFO:Engine for model 'ada_cds_dt' has not been set explicitly, hence returning None.
2025-04-15 01:04:32,306:INFO:Engine for model 'xgboost_cds_dt' has not been set explicitly, hence returning None.
2025-04-15 01:04:32,306:WARNING:
'xgboost' is a soft dependency and not included in the pycaret installation. Please run: `pip install xgboost` to install.
Alternately, you can install this by running `pip install pycaret[models]`
2025-04-15 01:04:32,306:WARNING:
'xgboost' is a soft dependency and not included in the pycaret installation. Please run: `pip install xgboost` to install.
Alternately, you can install this by running `pip install pycaret[models]`
2025-04-15 01:04:32,306:INFO:Engine for model 'lightgbm_cds_dt' has not been set explicitly, hence returning None.
2025-04-15 01:04:32,306:INFO:Engine for model 'catboost_cds_dt' has not been set explicitly, hence returning None.
2025-04-15 01:04:32,306:WARNING:
'catboost' is a soft dependency and not included in the pycaret installation. Please run: `pip install catboost` to install.
Alternately, you can install this by running `pip install pycaret[models]`
2025-04-15 01:04:32,306:WARNING:
'catboost' is a soft dependency and not included in the pycaret installation. Please run: `pip install catboost` to install.
Alternately, you can install this by running `pip install pycaret[models]`
2025-04-15 01:04:32,309:WARNING:
'prophet' is a soft dependency and not included in the pycaret installation. Please run: `pip install prophet` to install.
2025-04-15 01:04:32,312:INFO:Engine for model 'huber_cds_dt' has not been set explicitly, hence returning None.
2025-04-15 01:04:32,313:INFO:Engine for model 'omp_cds_dt' has not been set explicitly, hence returning None.
2025-04-15 01:04:32,314:INFO:Engine for model 'knn_cds_dt' has not been set explicitly, hence returning None.
2025-04-15 01:04:32,314:INFO:Engine for model 'dt_cds_dt' has not been set explicitly, hence returning None.
2025-04-15 01:04:32,314:INFO:Engine for model 'rf_cds_dt' has not been set explicitly, hence returning None.
2025-04-15 01:04:32,314:INFO:Engine for model 'et_cds_dt' has not been set explicitly, hence returning None.
2025-04-15 01:04:32,314:INFO:Engine for model 'gbr_cds_dt' has not been set explicitly, hence returning None.
2025-04-15 01:04:32,314:INFO:Engine for model 'ada_cds_dt' has not been set explicitly, hence returning None.
2025-04-15 01:04:32,314:INFO:Engine for model 'xgboost_cds_dt' has not been set explicitly, hence returning None.
2025-04-15 01:04:32,314:WARNING:
'xgboost' is a soft dependency and not included in the pycaret installation. Please run: `pip install xgboost` to install.
Alternately, you can install this by running `pip install pycaret[models]`
2025-04-15 01:04:32,314:WARNING:
'xgboost' is a soft dependency and not included in the pycaret installation. Please run: `pip install xgboost` to install.
Alternately, you can install this by running `pip install pycaret[models]`
2025-04-15 01:04:32,314:INFO:Engine for model 'lightgbm_cds_dt' has not been set explicitly, hence returning None.
2025-04-15 01:04:32,315:INFO:Engine for model 'catboost_cds_dt' has not been set explicitly, hence returning None.
2025-04-15 01:04:32,315:WARNING:
'catboost' is a soft dependency and not included in the pycaret installation. Please run: `pip install catboost` to install.
Alternately, you can install this by running `pip install pycaret[models]`
2025-04-15 01:04:32,315:WARNING:
'catboost' is a soft dependency and not included in the pycaret installation. Please run: `pip install catboost` to install.
Alternately, you can install this by running `pip install pycaret[models]`
2025-04-15 01:04:32,315:INFO:Engine successfully changes for model 'huber_cds_dt' to 'sklearn'.
2025-04-15 01:04:32,318:WARNING:
'prophet' is a soft dependency and not included in the pycaret installation. Please run: `pip install prophet` to install.
2025-04-15 01:04:32,320:INFO:Engine for model 'omp_cds_dt' has not been set explicitly, hence returning None.
2025-04-15 01:04:32,321:INFO:Engine for model 'knn_cds_dt' has not been set explicitly, hence returning None.
2025-04-15 01:04:32,321:INFO:Engine for model 'dt_cds_dt' has not been set explicitly, hence returning None.
2025-04-15 01:04:32,322:INFO:Engine for model 'rf_cds_dt' has not been set explicitly, hence returning None.
2025-04-15 01:04:32,322:INFO:Engine for model 'et_cds_dt' has not been set explicitly, hence returning None.
2025-04-15 01:04:32,323:INFO:Engine for model 'gbr_cds_dt' has not been set explicitly, hence returning None.
2025-04-15 01:04:32,323:INFO:Engine for model 'ada_cds_dt' has not been set explicitly, hence returning None.
2025-04-15 01:04:32,325:INFO:Engine for model 'xgboost_cds_dt' has not been set explicitly, hence returning None.
2025-04-15 01:04:32,325:WARNING:
'xgboost' is a soft dependency and not included in the pycaret installation. Please run: `pip install xgboost` to install.
Alternately, you can install this by running `pip install pycaret[models]`
2025-04-15 01:04:32,325:WARNING:
'xgboost' is a soft dependency and not included in the pycaret installation. Please run: `pip install xgboost` to install.
Alternately, you can install this by running `pip install pycaret[models]`
2025-04-15 01:04:32,325:INFO:Engine for model 'lightgbm_cds_dt' has not been set explicitly, hence returning None.
2025-04-15 01:04:32,327:INFO:Engine for model 'catboost_cds_dt' has not been set explicitly, hence returning None.
2025-04-15 01:04:32,327:WARNING:
'catboost' is a soft dependency and not included in the pycaret installation. Please run: `pip install catboost` to install.
Alternately, you can install this by running `pip install pycaret[models]`
2025-04-15 01:04:32,327:WARNING:
'catboost' is a soft dependency and not included in the pycaret installation. Please run: `pip install catboost` to install.
Alternately, you can install this by running `pip install pycaret[models]`
2025-04-15 01:04:32,328:WARNING:
'prophet' is a soft dependency and not included in the pycaret installation. Please run: `pip install prophet` to install.
2025-04-15 01:04:32,330:INFO:Engine for model 'omp_cds_dt' has not been set explicitly, hence returning None.
2025-04-15 01:04:32,330:INFO:Engine for model 'knn_cds_dt' has not been set explicitly, hence returning None.
2025-04-15 01:04:32,331:INFO:Engine for model 'dt_cds_dt' has not been set explicitly, hence returning None.
2025-04-15 01:04:32,331:INFO:Engine for model 'rf_cds_dt' has not been set explicitly, hence returning None.
2025-04-15 01:04:32,332:INFO:Engine for model 'et_cds_dt' has not been set explicitly, hence returning None.
2025-04-15 01:04:32,332:INFO:Engine for model 'gbr_cds_dt' has not been set explicitly, hence returning None.
2025-04-15 01:04:32,332:INFO:Engine for model 'ada_cds_dt' has not been set explicitly, hence returning None.
2025-04-15 01:04:32,332:INFO:Engine for model 'xgboost_cds_dt' has not been set explicitly, hence returning None.
2025-04-15 01:04:32,332:WARNING:
'xgboost' is a soft dependency and not included in the pycaret installation. Please run: `pip install xgboost` to install.
Alternately, you can install this by running `pip install pycaret[models]`
2025-04-15 01:04:32,333:WARNING:
'xgboost' is a soft dependency and not included in the pycaret installation. Please run: `pip install xgboost` to install.
Alternately, you can install this by running `pip install pycaret[models]`
2025-04-15 01:04:32,333:INFO:Engine for model 'lightgbm_cds_dt' has not been set explicitly, hence returning None.
2025-04-15 01:04:32,333:INFO:Engine for model 'catboost_cds_dt' has not been set explicitly, hence returning None.
2025-04-15 01:04:32,333:WARNING:
'catboost' is a soft dependency and not included in the pycaret installation. Please run: `pip install catboost` to install.
Alternately, you can install this by running `pip install pycaret[models]`
2025-04-15 01:04:32,333:WARNING:
'catboost' is a soft dependency and not included in the pycaret installation. Please run: `pip install catboost` to install.
Alternately, you can install this by running `pip install pycaret[models]`
2025-04-15 01:04:32,334:INFO:Engine successfully changes for model 'par_cds_dt' to 'sklearn'.
2025-04-15 01:04:32,337:WARNING:
'prophet' is a soft dependency and not included in the pycaret installation. Please run: `pip install prophet` to install.
2025-04-15 01:04:32,340:INFO:Engine for model 'omp_cds_dt' has not been set explicitly, hence returning None.
2025-04-15 01:04:32,344:INFO:Engine for model 'knn_cds_dt' has not been set explicitly, hence returning None.
2025-04-15 01:04:32,345:INFO:Engine for model 'dt_cds_dt' has not been set explicitly, hence returning None.
2025-04-15 01:04:32,345:INFO:Engine for model 'rf_cds_dt' has not been set explicitly, hence returning None.
2025-04-15 01:04:32,345:INFO:Engine for model 'et_cds_dt' has not been set explicitly, hence returning None.
2025-04-15 01:04:32,345:INFO:Engine for model 'gbr_cds_dt' has not been set explicitly, hence returning None.
2025-04-15 01:04:32,346:INFO:Engine for model 'ada_cds_dt' has not been set explicitly, hence returning None.
2025-04-15 01:04:32,346:INFO:Engine for model 'xgboost_cds_dt' has not been set explicitly, hence returning None.
2025-04-15 01:04:32,346:WARNING:
'xgboost' is a soft dependency and not included in the pycaret installation. Please run: `pip install xgboost` to install.
Alternately, you can install this by running `pip install pycaret[models]`
2025-04-15 01:04:32,346:WARNING:
'xgboost' is a soft dependency and not included in the pycaret installation. Please run: `pip install xgboost` to install.
Alternately, you can install this by running `pip install pycaret[models]`
2025-04-15 01:04:32,346:INFO:Engine for model 'lightgbm_cds_dt' has not been set explicitly, hence returning None.
2025-04-15 01:04:32,346:INFO:Engine for model 'catboost_cds_dt' has not been set explicitly, hence returning None.
2025-04-15 01:04:32,346:WARNING:
'catboost' is a soft dependency and not included in the pycaret installation. Please run: `pip install catboost` to install.
Alternately, you can install this by running `pip install pycaret[models]`
2025-04-15 01:04:32,346:WARNING:
'catboost' is a soft dependency and not included in the pycaret installation. Please run: `pip install catboost` to install.
Alternately, you can install this by running `pip install pycaret[models]`
2025-04-15 01:04:32,348:WARNING:
'prophet' is a soft dependency and not included in the pycaret installation. Please run: `pip install prophet` to install.
2025-04-15 01:04:32,351:INFO:Engine for model 'omp_cds_dt' has not been set explicitly, hence returning None.
2025-04-15 01:04:32,351:INFO:Engine for model 'knn_cds_dt' has not been set explicitly, hence returning None.
2025-04-15 01:04:32,351:INFO:Engine for model 'dt_cds_dt' has not been set explicitly, hence returning None.
2025-04-15 01:04:32,351:INFO:Engine for model 'rf_cds_dt' has not been set explicitly, hence returning None.
2025-04-15 01:04:32,352:INFO:Engine for model 'et_cds_dt' has not been set explicitly, hence returning None.
2025-04-15 01:04:32,352:INFO:Engine for model 'gbr_cds_dt' has not been set explicitly, hence returning None.
2025-04-15 01:04:32,352:INFO:Engine for model 'ada_cds_dt' has not been set explicitly, hence returning None.
2025-04-15 01:04:32,352:INFO:Engine for model 'xgboost_cds_dt' has not been set explicitly, hence returning None.
2025-04-15 01:04:32,352:WARNING:
'xgboost' is a soft dependency and not included in the pycaret installation. Please run: `pip install xgboost` to install.
Alternately, you can install this by running `pip install pycaret[models]`
2025-04-15 01:04:32,352:WARNING:
'xgboost' is a soft dependency and not included in the pycaret installation. Please run: `pip install xgboost` to install.
Alternately, you can install this by running `pip install pycaret[models]`
2025-04-15 01:04:32,352:INFO:Engine for model 'lightgbm_cds_dt' has not been set explicitly, hence returning None.
2025-04-15 01:04:32,352:INFO:Engine for model 'catboost_cds_dt' has not been set explicitly, hence returning None.
2025-04-15 01:04:32,352:WARNING:
'catboost' is a soft dependency and not included in the pycaret installation. Please run: `pip install catboost` to install.
Alternately, you can install this by running `pip install pycaret[models]`
2025-04-15 01:04:32,352:WARNING:
'catboost' is a soft dependency and not included in the pycaret installation. Please run: `pip install catboost` to install.
Alternately, you can install this by running `pip install pycaret[models]`
2025-04-15 01:04:32,353:INFO:Engine successfully changes for model 'omp_cds_dt' to 'sklearn'.
2025-04-15 01:04:32,354:WARNING:
'prophet' is a soft dependency and not included in the pycaret installation. Please run: `pip install prophet` to install.
2025-04-15 01:04:32,362:INFO:Engine for model 'knn_cds_dt' has not been set explicitly, hence returning None.
2025-04-15 01:04:32,363:INFO:Engine for model 'dt_cds_dt' has not been set explicitly, hence returning None.
2025-04-15 01:04:32,363:INFO:Engine for model 'rf_cds_dt' has not been set explicitly, hence returning None.
2025-04-15 01:04:32,364:INFO:Engine for model 'et_cds_dt' has not been set explicitly, hence returning None.
2025-04-15 01:04:32,364:INFO:Engine for model 'gbr_cds_dt' has not been set explicitly, hence returning None.
2025-04-15 01:04:32,364:INFO:Engine for model 'ada_cds_dt' has not been set explicitly, hence returning None.
2025-04-15 01:04:32,364:INFO:Engine for model 'xgboost_cds_dt' has not been set explicitly, hence returning None.
2025-04-15 01:04:32,364:WARNING:
'xgboost' is a soft dependency and not included in the pycaret installation. Please run: `pip install xgboost` to install.
Alternately, you can install this by running `pip install pycaret[models]`
2025-04-15 01:04:32,364:WARNING:
'xgboost' is a soft dependency and not included in the pycaret installation. Please run: `pip install xgboost` to install.
Alternately, you can install this by running `pip install pycaret[models]`
2025-04-15 01:04:32,365:INFO:Engine for model 'lightgbm_cds_dt' has not been set explicitly, hence returning None.
2025-04-15 01:04:32,365:INFO:Engine for model 'catboost_cds_dt' has not been set explicitly, hence returning None.
2025-04-15 01:04:32,365:WARNING:
'catboost' is a soft dependency and not included in the pycaret installation. Please run: `pip install catboost` to install.
Alternately, you can install this by running `pip install pycaret[models]`
2025-04-15 01:04:32,365:WARNING:
'catboost' is a soft dependency and not included in the pycaret installation. Please run: `pip install catboost` to install.
Alternately, you can install this by running `pip install pycaret[models]`
2025-04-15 01:04:32,367:WARNING:
'prophet' is a soft dependency and not included in the pycaret installation. Please run: `pip install prophet` to install.
2025-04-15 01:04:32,369:INFO:Engine for model 'knn_cds_dt' has not been set explicitly, hence returning None.
2025-04-15 01:04:32,369:INFO:Engine for model 'dt_cds_dt' has not been set explicitly, hence returning None.
2025-04-15 01:04:32,369:INFO:Engine for model 'rf_cds_dt' has not been set explicitly, hence returning None.
2025-04-15 01:04:32,369:INFO:Engine for model 'et_cds_dt' has not been set explicitly, hence returning None.
2025-04-15 01:04:32,369:INFO:Engine for model 'gbr_cds_dt' has not been set explicitly, hence returning None.
2025-04-15 01:04:32,370:INFO:Engine for model 'ada_cds_dt' has not been set explicitly, hence returning None.
2025-04-15 01:04:32,370:INFO:Engine for model 'xgboost_cds_dt' has not been set explicitly, hence returning None.
2025-04-15 01:04:32,370:WARNING:
'xgboost' is a soft dependency and not included in the pycaret installation. Please run: `pip install xgboost` to install.
Alternately, you can install this by running `pip install pycaret[models]`
2025-04-15 01:04:32,370:WARNING:
'xgboost' is a soft dependency and not included in the pycaret installation. Please run: `pip install xgboost` to install.
Alternately, you can install this by running `pip install pycaret[models]`
2025-04-15 01:04:32,370:INFO:Engine for model 'lightgbm_cds_dt' has not been set explicitly, hence returning None.
2025-04-15 01:04:32,370:INFO:Engine for model 'catboost_cds_dt' has not been set explicitly, hence returning None.
2025-04-15 01:04:32,370:WARNING:
'catboost' is a soft dependency and not included in the pycaret installation. Please run: `pip install catboost` to install.
Alternately, you can install this by running `pip install pycaret[models]`
2025-04-15 01:04:32,370:WARNING:
'catboost' is a soft dependency and not included in the pycaret installation. Please run: `pip install catboost` to install.
Alternately, you can install this by running `pip install pycaret[models]`
2025-04-15 01:04:32,370:INFO:Engine successfully changes for model 'knn_cds_dt' to 'sklearn'.
2025-04-15 01:04:32,373:WARNING:
'prophet' is a soft dependency and not included in the pycaret installation. Please run: `pip install prophet` to install.
2025-04-15 01:04:32,376:INFO:Engine for model 'dt_cds_dt' has not been set explicitly, hence returning None.
2025-04-15 01:04:32,376:INFO:Engine for model 'rf_cds_dt' has not been set explicitly, hence returning None.
2025-04-15 01:04:32,376:INFO:Engine for model 'et_cds_dt' has not been set explicitly, hence returning None.
2025-04-15 01:04:32,376:INFO:Engine for model 'gbr_cds_dt' has not been set explicitly, hence returning None.
2025-04-15 01:04:32,377:INFO:Engine for model 'ada_cds_dt' has not been set explicitly, hence returning None.
2025-04-15 01:04:32,377:INFO:Engine for model 'xgboost_cds_dt' has not been set explicitly, hence returning None.
2025-04-15 01:04:32,377:WARNING:
'xgboost' is a soft dependency and not included in the pycaret installation. Please run: `pip install xgboost` to install.
Alternately, you can install this by running `pip install pycaret[models]`
2025-04-15 01:04:32,377:WARNING:
'xgboost' is a soft dependency and not included in the pycaret installation. Please run: `pip install xgboost` to install.
Alternately, you can install this by running `pip install pycaret[models]`
2025-04-15 01:04:32,377:INFO:Engine for model 'lightgbm_cds_dt' has not been set explicitly, hence returning None.
2025-04-15 01:04:32,377:INFO:Engine for model 'catboost_cds_dt' has not been set explicitly, hence returning None.
2025-04-15 01:04:32,377:WARNING:
'catboost' is a soft dependency and not included in the pycaret installation. Please run: `pip install catboost` to install.
Alternately, you can install this by running `pip install pycaret[models]`
2025-04-15 01:04:32,377:WARNING:
'catboost' is a soft dependency and not included in the pycaret installation. Please run: `pip install catboost` to install.
Alternately, you can install this by running `pip install pycaret[models]`
2025-04-15 01:04:32,379:WARNING:
'prophet' is a soft dependency and not included in the pycaret installation. Please run: `pip install prophet` to install.
2025-04-15 01:04:32,381:INFO:Engine for model 'dt_cds_dt' has not been set explicitly, hence returning None.
2025-04-15 01:04:32,381:INFO:Engine for model 'rf_cds_dt' has not been set explicitly, hence returning None.
2025-04-15 01:04:32,381:INFO:Engine for model 'et_cds_dt' has not been set explicitly, hence returning None.
2025-04-15 01:04:32,381:INFO:Engine for model 'gbr_cds_dt' has not been set explicitly, hence returning None.
2025-04-15 01:04:32,381:INFO:Engine for model 'ada_cds_dt' has not been set explicitly, hence returning None.
2025-04-15 01:04:32,381:INFO:Engine for model 'xgboost_cds_dt' has not been set explicitly, hence returning None.
2025-04-15 01:04:32,381:WARNING:
'xgboost' is a soft dependency and not included in the pycaret installation. Please run: `pip install xgboost` to install.
Alternately, you can install this by running `pip install pycaret[models]`
2025-04-15 01:04:32,381:WARNING:
'xgboost' is a soft dependency and not included in the pycaret installation. Please run: `pip install xgboost` to install.
Alternately, you can install this by running `pip install pycaret[models]`
2025-04-15 01:04:32,381:INFO:Engine for model 'lightgbm_cds_dt' has not been set explicitly, hence returning None.
2025-04-15 01:04:32,382:INFO:Engine for model 'catboost_cds_dt' has not been set explicitly, hence returning None.
2025-04-15 01:04:32,382:WARNING:
'catboost' is a soft dependency and not included in the pycaret installation. Please run: `pip install catboost` to install.
Alternately, you can install this by running `pip install pycaret[models]`
2025-04-15 01:04:32,382:WARNING:
'catboost' is a soft dependency and not included in the pycaret installation. Please run: `pip install catboost` to install.
Alternately, you can install this by running `pip install pycaret[models]`
2025-04-15 01:04:32,383:INFO:Engine successfully changes for model 'dt_cds_dt' to 'sklearn'.
2025-04-15 01:04:32,385:WARNING:
'prophet' is a soft dependency and not included in the pycaret installation. Please run: `pip install prophet` to install.
2025-04-15 01:04:32,387:INFO:Engine for model 'rf_cds_dt' has not been set explicitly, hence returning None.
2025-04-15 01:04:32,387:INFO:Engine for model 'et_cds_dt' has not been set explicitly, hence returning None.
2025-04-15 01:04:32,387:INFO:Engine for model 'gbr_cds_dt' has not been set explicitly, hence returning None.
2025-04-15 01:04:32,387:INFO:Engine for model 'ada_cds_dt' has not been set explicitly, hence returning None.
2025-04-15 01:04:32,387:INFO:Engine for model 'xgboost_cds_dt' has not been set explicitly, hence returning None.
2025-04-15 01:04:32,387:WARNING:
'xgboost' is a soft dependency and not included in the pycaret installation. Please run: `pip install xgboost` to install.
Alternately, you can install this by running `pip install pycaret[models]`
2025-04-15 01:04:32,387:WARNING:
'xgboost' is a soft dependency and not included in the pycaret installation. Please run: `pip install xgboost` to install.
Alternately, you can install this by running `pip install pycaret[models]`
2025-04-15 01:04:32,387:INFO:Engine for model 'lightgbm_cds_dt' has not been set explicitly, hence returning None.
2025-04-15 01:04:32,387:INFO:Engine for model 'catboost_cds_dt' has not been set explicitly, hence returning None.
2025-04-15 01:04:32,387:WARNING:
'catboost' is a soft dependency and not included in the pycaret installation. Please run: `pip install catboost` to install.
Alternately, you can install this by running `pip install pycaret[models]`
2025-04-15 01:04:32,387:WARNING:
'catboost' is a soft dependency and not included in the pycaret installation. Please run: `pip install catboost` to install.
Alternately, you can install this by running `pip install pycaret[models]`
2025-04-15 01:04:32,392:WARNING:
'prophet' is a soft dependency and not included in the pycaret installation. Please run: `pip install prophet` to install.
2025-04-15 01:04:32,395:INFO:Engine for model 'rf_cds_dt' has not been set explicitly, hence returning None.
2025-04-15 01:04:32,395:INFO:Engine for model 'et_cds_dt' has not been set explicitly, hence returning None.
2025-04-15 01:04:32,395:INFO:Engine for model 'gbr_cds_dt' has not been set explicitly, hence returning None.
2025-04-15 01:04:32,395:INFO:Engine for model 'ada_cds_dt' has not been set explicitly, hence returning None.
2025-04-15 01:04:32,396:INFO:Engine for model 'xgboost_cds_dt' has not been set explicitly, hence returning None.
2025-04-15 01:04:32,396:WARNING:
'xgboost' is a soft dependency and not included in the pycaret installation. Please run: `pip install xgboost` to install.
Alternately, you can install this by running `pip install pycaret[models]`
2025-04-15 01:04:32,396:WARNING:
'xgboost' is a soft dependency and not included in the pycaret installation. Please run: `pip install xgboost` to install.
Alternately, you can install this by running `pip install pycaret[models]`
2025-04-15 01:04:32,396:INFO:Engine for model 'lightgbm_cds_dt' has not been set explicitly, hence returning None.
2025-04-15 01:04:32,396:INFO:Engine for model 'catboost_cds_dt' has not been set explicitly, hence returning None.
2025-04-15 01:04:32,396:WARNING:
'catboost' is a soft dependency and not included in the pycaret installation. Please run: `pip install catboost` to install.
Alternately, you can install this by running `pip install pycaret[models]`
2025-04-15 01:04:32,396:WARNING:
'catboost' is a soft dependency and not included in the pycaret installation. Please run: `pip install catboost` to install.
Alternately, you can install this by running `pip install pycaret[models]`
2025-04-15 01:04:32,397:INFO:Engine successfully changes for model 'rf_cds_dt' to 'sklearn'.
2025-04-15 01:04:32,401:WARNING:
'prophet' is a soft dependency and not included in the pycaret installation. Please run: `pip install prophet` to install.
2025-04-15 01:04:32,404:INFO:Engine for model 'et_cds_dt' has not been set explicitly, hence returning None.
2025-04-15 01:04:32,404:INFO:Engine for model 'gbr_cds_dt' has not been set explicitly, hence returning None.
2025-04-15 01:04:32,404:INFO:Engine for model 'ada_cds_dt' has not been set explicitly, hence returning None.
2025-04-15 01:04:32,404:INFO:Engine for model 'xgboost_cds_dt' has not been set explicitly, hence returning None.
2025-04-15 01:04:32,404:WARNING:
'xgboost' is a soft dependency and not included in the pycaret installation. Please run: `pip install xgboost` to install.
Alternately, you can install this by running `pip install pycaret[models]`
2025-04-15 01:04:32,404:WARNING:
'xgboost' is a soft dependency and not included in the pycaret installation. Please run: `pip install xgboost` to install.
Alternately, you can install this by running `pip install pycaret[models]`
2025-04-15 01:04:32,404:INFO:Engine for model 'lightgbm_cds_dt' has not been set explicitly, hence returning None.
2025-04-15 01:04:32,404:INFO:Engine for model 'catboost_cds_dt' has not been set explicitly, hence returning None.
2025-04-15 01:04:32,404:WARNING:
'catboost' is a soft dependency and not included in the pycaret installation. Please run: `pip install catboost` to install.
Alternately, you can install this by running `pip install pycaret[models]`
2025-04-15 01:04:32,404:WARNING:
'catboost' is a soft dependency and not included in the pycaret installation. Please run: `pip install catboost` to install.
Alternately, you can install this by running `pip install pycaret[models]`
2025-04-15 01:04:32,407:WARNING:
'prophet' is a soft dependency and not included in the pycaret installation. Please run: `pip install prophet` to install.
2025-04-15 01:04:32,410:INFO:Engine for model 'et_cds_dt' has not been set explicitly, hence returning None.
2025-04-15 01:04:32,410:INFO:Engine for model 'gbr_cds_dt' has not been set explicitly, hence returning None.
2025-04-15 01:04:32,410:INFO:Engine for model 'ada_cds_dt' has not been set explicitly, hence returning None.
2025-04-15 01:04:32,410:INFO:Engine for model 'xgboost_cds_dt' has not been set explicitly, hence returning None.
2025-04-15 01:04:32,410:WARNING:
'xgboost' is a soft dependency and not included in the pycaret installation. Please run: `pip install xgboost` to install.
Alternately, you can install this by running `pip install pycaret[models]`
2025-04-15 01:04:32,410:WARNING:
'xgboost' is a soft dependency and not included in the pycaret installation. Please run: `pip install xgboost` to install.
Alternately, you can install this by running `pip install pycaret[models]`
2025-04-15 01:04:32,410:INFO:Engine for model 'lightgbm_cds_dt' has not been set explicitly, hence returning None.
2025-04-15 01:04:32,410:INFO:Engine for model 'catboost_cds_dt' has not been set explicitly, hence returning None.
2025-04-15 01:04:32,410:WARNING:
'catboost' is a soft dependency and not included in the pycaret installation. Please run: `pip install catboost` to install.
Alternately, you can install this by running `pip install pycaret[models]`
2025-04-15 01:04:32,410:WARNING:
'catboost' is a soft dependency and not included in the pycaret installation. Please run: `pip install catboost` to install.
Alternately, you can install this by running `pip install pycaret[models]`
2025-04-15 01:04:32,411:INFO:Engine successfully changes for model 'et_cds_dt' to 'sklearn'.
2025-04-15 01:04:32,412:WARNING:
'prophet' is a soft dependency and not included in the pycaret installation. Please run: `pip install prophet` to install.
2025-04-15 01:04:32,414:INFO:Engine for model 'gbr_cds_dt' has not been set explicitly, hence returning None.
2025-04-15 01:04:32,414:INFO:Engine for model 'ada_cds_dt' has not been set explicitly, hence returning None.
2025-04-15 01:04:32,414:INFO:Engine for model 'xgboost_cds_dt' has not been set explicitly, hence returning None.
2025-04-15 01:04:32,414:WARNING:
'xgboost' is a soft dependency and not included in the pycaret installation. Please run: `pip install xgboost` to install.
Alternately, you can install this by running `pip install pycaret[models]`
2025-04-15 01:04:32,414:WARNING:
'xgboost' is a soft dependency and not included in the pycaret installation. Please run: `pip install xgboost` to install.
Alternately, you can install this by running `pip install pycaret[models]`
2025-04-15 01:04:32,414:INFO:Engine for model 'lightgbm_cds_dt' has not been set explicitly, hence returning None.
2025-04-15 01:04:32,415:INFO:Engine for model 'catboost_cds_dt' has not been set explicitly, hence returning None.
2025-04-15 01:04:32,415:WARNING:
'catboost' is a soft dependency and not included in the pycaret installation. Please run: `pip install catboost` to install.
Alternately, you can install this by running `pip install pycaret[models]`
2025-04-15 01:04:32,415:WARNING:
'catboost' is a soft dependency and not included in the pycaret installation. Please run: `pip install catboost` to install.
Alternately, you can install this by running `pip install pycaret[models]`
2025-04-15 01:04:32,417:WARNING:
'prophet' is a soft dependency and not included in the pycaret installation. Please run: `pip install prophet` to install.
2025-04-15 01:04:32,419:INFO:Engine for model 'gbr_cds_dt' has not been set explicitly, hence returning None.
2025-04-15 01:04:32,419:INFO:Engine for model 'ada_cds_dt' has not been set explicitly, hence returning None.
2025-04-15 01:04:32,419:INFO:Engine for model 'xgboost_cds_dt' has not been set explicitly, hence returning None.
2025-04-15 01:04:32,419:WARNING:
'xgboost' is a soft dependency and not included in the pycaret installation. Please run: `pip install xgboost` to install.
Alternately, you can install this by running `pip install pycaret[models]`
2025-04-15 01:04:32,419:WARNING:
'xgboost' is a soft dependency and not included in the pycaret installation. Please run: `pip install xgboost` to install.
Alternately, you can install this by running `pip install pycaret[models]`
2025-04-15 01:04:32,419:INFO:Engine for model 'lightgbm_cds_dt' has not been set explicitly, hence returning None.
2025-04-15 01:04:32,419:INFO:Engine for model 'catboost_cds_dt' has not been set explicitly, hence returning None.
2025-04-15 01:04:32,419:WARNING:
'catboost' is a soft dependency and not included in the pycaret installation. Please run: `pip install catboost` to install.
Alternately, you can install this by running `pip install pycaret[models]`
2025-04-15 01:04:32,419:WARNING:
'catboost' is a soft dependency and not included in the pycaret installation. Please run: `pip install catboost` to install.
Alternately, you can install this by running `pip install pycaret[models]`
2025-04-15 01:04:32,419:INFO:Engine successfully changes for model 'gbr_cds_dt' to 'sklearn'.
2025-04-15 01:04:32,421:WARNING:
'prophet' is a soft dependency and not included in the pycaret installation. Please run: `pip install prophet` to install.
2025-04-15 01:04:32,426:INFO:Engine for model 'ada_cds_dt' has not been set explicitly, hence returning None.
2025-04-15 01:04:32,426:INFO:Engine for model 'xgboost_cds_dt' has not been set explicitly, hence returning None.
2025-04-15 01:04:32,427:WARNING:
'xgboost' is a soft dependency and not included in the pycaret installation. Please run: `pip install xgboost` to install.
Alternately, you can install this by running `pip install pycaret[models]`
2025-04-15 01:04:32,427:WARNING:
'xgboost' is a soft dependency and not included in the pycaret installation. Please run: `pip install xgboost` to install.
Alternately, you can install this by running `pip install pycaret[models]`
2025-04-15 01:04:32,427:INFO:Engine for model 'lightgbm_cds_dt' has not been set explicitly, hence returning None.
2025-04-15 01:04:32,427:INFO:Engine for model 'catboost_cds_dt' has not been set explicitly, hence returning None.
2025-04-15 01:04:32,427:WARNING:
'catboost' is a soft dependency and not included in the pycaret installation. Please run: `pip install catboost` to install.
Alternately, you can install this by running `pip install pycaret[models]`
2025-04-15 01:04:32,427:WARNING:
'catboost' is a soft dependency and not included in the pycaret installation. Please run: `pip install catboost` to install.
Alternately, you can install this by running `pip install pycaret[models]`
2025-04-15 01:04:32,429:WARNING:
'prophet' is a soft dependency and not included in the pycaret installation. Please run: `pip install prophet` to install.
2025-04-15 01:04:32,431:INFO:Engine for model 'ada_cds_dt' has not been set explicitly, hence returning None.
2025-04-15 01:04:32,431:INFO:Engine for model 'xgboost_cds_dt' has not been set explicitly, hence returning None.
2025-04-15 01:04:32,431:WARNING:
'xgboost' is a soft dependency and not included in the pycaret installation. Please run: `pip install xgboost` to install.
Alternately, you can install this by running `pip install pycaret[models]`
2025-04-15 01:04:32,432:WARNING:
'xgboost' is a soft dependency and not included in the pycaret installation. Please run: `pip install xgboost` to install.
Alternately, you can install this by running `pip install pycaret[models]`
2025-04-15 01:04:32,432:INFO:Engine for model 'lightgbm_cds_dt' has not been set explicitly, hence returning None.
2025-04-15 01:04:32,432:INFO:Engine for model 'catboost_cds_dt' has not been set explicitly, hence returning None.
2025-04-15 01:04:32,432:WARNING:
'catboost' is a soft dependency and not included in the pycaret installation. Please run: `pip install catboost` to install.
Alternately, you can install this by running `pip install pycaret[models]`
2025-04-15 01:04:32,432:WARNING:
'catboost' is a soft dependency and not included in the pycaret installation. Please run: `pip install catboost` to install.
Alternately, you can install this by running `pip install pycaret[models]`
2025-04-15 01:04:32,432:INFO:Engine successfully changes for model 'ada_cds_dt' to 'sklearn'.
2025-04-15 01:04:32,433:WARNING:
'prophet' is a soft dependency and not included in the pycaret installation. Please run: `pip install prophet` to install.
2025-04-15 01:04:32,436:INFO:Engine for model 'xgboost_cds_dt' has not been set explicitly, hence returning None.
2025-04-15 01:04:32,436:WARNING:
'xgboost' is a soft dependency and not included in the pycaret installation. Please run: `pip install xgboost` to install.
Alternately, you can install this by running `pip install pycaret[models]`
2025-04-15 01:04:32,436:WARNING:
'xgboost' is a soft dependency and not included in the pycaret installation. Please run: `pip install xgboost` to install.
Alternately, you can install this by running `pip install pycaret[models]`
2025-04-15 01:04:32,436:INFO:Engine for model 'lightgbm_cds_dt' has not been set explicitly, hence returning None.
2025-04-15 01:04:32,436:INFO:Engine for model 'catboost_cds_dt' has not been set explicitly, hence returning None.
2025-04-15 01:04:32,436:WARNING:
'catboost' is a soft dependency and not included in the pycaret installation. Please run: `pip install catboost` to install.
Alternately, you can install this by running `pip install pycaret[models]`
2025-04-15 01:04:32,436:WARNING:
'catboost' is a soft dependency and not included in the pycaret installation. Please run: `pip install catboost` to install.
Alternately, you can install this by running `pip install pycaret[models]`
2025-04-15 01:04:32,438:WARNING:
'prophet' is a soft dependency and not included in the pycaret installation. Please run: `pip install prophet` to install.
2025-04-15 01:04:32,441:INFO:Engine for model 'xgboost_cds_dt' has not been set explicitly, hence returning None.
2025-04-15 01:04:32,441:WARNING:
'xgboost' is a soft dependency and not included in the pycaret installation. Please run: `pip install xgboost` to install.
Alternately, you can install this by running `pip install pycaret[models]`
2025-04-15 01:04:32,441:WARNING:
'xgboost' is a soft dependency and not included in the pycaret installation. Please run: `pip install xgboost` to install.
Alternately, you can install this by running `pip install pycaret[models]`
2025-04-15 01:04:32,441:INFO:Engine for model 'lightgbm_cds_dt' has not been set explicitly, hence returning None.
2025-04-15 01:04:32,441:INFO:Engine for model 'catboost_cds_dt' has not been set explicitly, hence returning None.
2025-04-15 01:04:32,441:WARNING:
'catboost' is a soft dependency and not included in the pycaret installation. Please run: `pip install catboost` to install.
Alternately, you can install this by running `pip install pycaret[models]`
2025-04-15 01:04:32,441:WARNING:
'catboost' is a soft dependency and not included in the pycaret installation. Please run: `pip install catboost` to install.
Alternately, you can install this by running `pip install pycaret[models]`
2025-04-15 01:04:32,441:INFO:Engine successfully changes for model 'xgboost_cds_dt' to 'sklearn'.
2025-04-15 01:04:32,442:WARNING:
'prophet' is a soft dependency and not included in the pycaret installation. Please run: `pip install prophet` to install.
2025-04-15 01:04:32,445:WARNING:
'xgboost' is a soft dependency and not included in the pycaret installation. Please run: `pip install xgboost` to install.
Alternately, you can install this by running `pip install pycaret[models]`
2025-04-15 01:04:32,445:WARNING:
'xgboost' is a soft dependency and not included in the pycaret installation. Please run: `pip install xgboost` to install.
Alternately, you can install this by running `pip install pycaret[models]`
2025-04-15 01:04:32,445:INFO:Engine for model 'lightgbm_cds_dt' has not been set explicitly, hence returning None.
2025-04-15 01:04:32,446:INFO:Engine for model 'catboost_cds_dt' has not been set explicitly, hence returning None.
2025-04-15 01:04:32,446:WARNING:
'catboost' is a soft dependency and not included in the pycaret installation. Please run: `pip install catboost` to install.
Alternately, you can install this by running `pip install pycaret[models]`
2025-04-15 01:04:32,446:WARNING:
'catboost' is a soft dependency and not included in the pycaret installation. Please run: `pip install catboost` to install.
Alternately, you can install this by running `pip install pycaret[models]`
2025-04-15 01:04:32,447:WARNING:
'prophet' is a soft dependency and not included in the pycaret installation. Please run: `pip install prophet` to install.
2025-04-15 01:04:32,451:WARNING:
'xgboost' is a soft dependency and not included in the pycaret installation. Please run: `pip install xgboost` to install.
Alternately, you can install this by running `pip install pycaret[models]`
2025-04-15 01:04:32,451:WARNING:
'xgboost' is a soft dependency and not included in the pycaret installation. Please run: `pip install xgboost` to install.
Alternately, you can install this by running `pip install pycaret[models]`
2025-04-15 01:04:32,451:INFO:Engine for model 'lightgbm_cds_dt' has not been set explicitly, hence returning None.
2025-04-15 01:04:32,451:INFO:Engine for model 'catboost_cds_dt' has not been set explicitly, hence returning None.
2025-04-15 01:04:32,451:WARNING:
'catboost' is a soft dependency and not included in the pycaret installation. Please run: `pip install catboost` to install.
Alternately, you can install this by running `pip install pycaret[models]`
2025-04-15 01:04:32,451:WARNING:
'catboost' is a soft dependency and not included in the pycaret installation. Please run: `pip install catboost` to install.
Alternately, you can install this by running `pip install pycaret[models]`
2025-04-15 01:04:32,451:INFO:Engine successfully changes for model 'lightgbm_cds_dt' to 'sklearn'.
2025-04-15 01:04:32,453:WARNING:
'prophet' is a soft dependency and not included in the pycaret installation. Please run: `pip install prophet` to install.
2025-04-15 01:04:32,455:WARNING:
'xgboost' is a soft dependency and not included in the pycaret installation. Please run: `pip install xgboost` to install.
Alternately, you can install this by running `pip install pycaret[models]`
2025-04-15 01:04:32,455:WARNING:
'xgboost' is a soft dependency and not included in the pycaret installation. Please run: `pip install xgboost` to install.
Alternately, you can install this by running `pip install pycaret[models]`
2025-04-15 01:04:32,456:INFO:Engine for model 'catboost_cds_dt' has not been set explicitly, hence returning None.
2025-04-15 01:04:32,456:WARNING:
'catboost' is a soft dependency and not included in the pycaret installation. Please run: `pip install catboost` to install.
Alternately, you can install this by running `pip install pycaret[models]`
2025-04-15 01:04:32,456:WARNING:
'catboost' is a soft dependency and not included in the pycaret installation. Please run: `pip install catboost` to install.
Alternately, you can install this by running `pip install pycaret[models]`
2025-04-15 01:04:32,458:WARNING:
'prophet' is a soft dependency and not included in the pycaret installation. Please run: `pip install prophet` to install.
2025-04-15 01:04:32,460:WARNING:
'xgboost' is a soft dependency and not included in the pycaret installation. Please run: `pip install xgboost` to install.
Alternately, you can install this by running `pip install pycaret[models]`
2025-04-15 01:04:32,461:WARNING:
'xgboost' is a soft dependency and not included in the pycaret installation. Please run: `pip install xgboost` to install.
Alternately, you can install this by running `pip install pycaret[models]`
2025-04-15 01:04:32,461:INFO:Engine for model 'catboost_cds_dt' has not been set explicitly, hence returning None.
2025-04-15 01:04:32,461:WARNING:
'catboost' is a soft dependency and not included in the pycaret installation. Please run: `pip install catboost` to install.
Alternately, you can install this by running `pip install pycaret[models]`
2025-04-15 01:04:32,461:WARNING:
'catboost' is a soft dependency and not included in the pycaret installation. Please run: `pip install catboost` to install.
Alternately, you can install this by running `pip install pycaret[models]`
2025-04-15 01:04:32,461:INFO:Engine successfully changes for model 'catboost_cds_dt' to 'sklearn'.
2025-04-15 01:04:32,462:WARNING:
'prophet' is a soft dependency and not included in the pycaret installation. Please run: `pip install prophet` to install.
2025-04-15 01:04:32,465:WARNING:
'xgboost' is a soft dependency and not included in the pycaret installation. Please run: `pip install xgboost` to install.
Alternately, you can install this by running `pip install pycaret[models]`
2025-04-15 01:04:32,465:WARNING:
'xgboost' is a soft dependency and not included in the pycaret installation. Please run: `pip install xgboost` to install.
Alternately, you can install this by running `pip install pycaret[models]`
2025-04-15 01:04:32,465:WARNING:
'catboost' is a soft dependency and not included in the pycaret installation. Please run: `pip install catboost` to install.
Alternately, you can install this by running `pip install pycaret[models]`
2025-04-15 01:04:32,465:WARNING:
'catboost' is a soft dependency and not included in the pycaret installation. Please run: `pip install catboost` to install.
Alternately, you can install this by running `pip install pycaret[models]`
2025-04-15 01:04:32,467:WARNING:
'prophet' is a soft dependency and not included in the pycaret installation. Please run: `pip install prophet` to install.
2025-04-15 01:04:32,470:WARNING:
'xgboost' is a soft dependency and not included in the pycaret installation. Please run: `pip install xgboost` to install.
Alternately, you can install this by running `pip install pycaret[models]`
2025-04-15 01:04:32,470:WARNING:
'xgboost' is a soft dependency and not included in the pycaret installation. Please run: `pip install xgboost` to install.
Alternately, you can install this by running `pip install pycaret[models]`
2025-04-15 01:04:32,470:WARNING:
'catboost' is a soft dependency and not included in the pycaret installation. Please run: `pip install catboost` to install.
Alternately, you can install this by running `pip install pycaret[models]`
2025-04-15 01:04:32,470:WARNING:
'catboost' is a soft dependency and not included in the pycaret installation. Please run: `pip install catboost` to install.
Alternately, you can install this by running `pip install pycaret[models]`
2025-04-15 01:04:32,472:WARNING:
'prophet' is a soft dependency and not included in the pycaret installation. Please run: `pip install prophet` to install.
2025-04-15 01:04:32,476:WARNING:
'xgboost' is a soft dependency and not included in the pycaret installation. Please run: `pip install xgboost` to install.
Alternately, you can install this by running `pip install pycaret[models]`
2025-04-15 01:04:32,476:WARNING:
'xgboost' is a soft dependency and not included in the pycaret installation. Please run: `pip install xgboost` to install.
Alternately, you can install this by running `pip install pycaret[models]`
2025-04-15 01:04:32,476:WARNING:
'catboost' is a soft dependency and not included in the pycaret installation. Please run: `pip install catboost` to install.
Alternately, you can install this by running `pip install pycaret[models]`
2025-04-15 01:04:32,476:WARNING:
'catboost' is a soft dependency and not included in the pycaret installation. Please run: `pip install catboost` to install.
Alternately, you can install this by running `pip install pycaret[models]`
2025-04-15 01:04:32,478:WARNING:
'prophet' is a soft dependency and not included in the pycaret installation. Please run: `pip install prophet` to install.
2025-04-15 01:04:32,480:WARNING:
'xgboost' is a soft dependency and not included in the pycaret installation. Please run: `pip install xgboost` to install.
Alternately, you can install this by running `pip install pycaret[models]`
2025-04-15 01:04:32,480:WARNING:
'xgboost' is a soft dependency and not included in the pycaret installation. Please run: `pip install xgboost` to install.
Alternately, you can install this by running `pip install pycaret[models]`
2025-04-15 01:04:32,480:WARNING:
'catboost' is a soft dependency and not included in the pycaret installation. Please run: `pip install catboost` to install.
Alternately, you can install this by running `pip install pycaret[models]`
2025-04-15 01:04:32,481:WARNING:
'catboost' is a soft dependency and not included in the pycaret installation. Please run: `pip install catboost` to install.
Alternately, you can install this by running `pip install pycaret[models]`
2025-04-15 01:04:32,481:INFO:setup() successfully completed in 0.43s...............
2025-04-15 01:04:32,481:INFO:Initializing compare_models()
2025-04-15 01:04:32,482:INFO:compare_models(self=<pycaret.time_series.forecasting.oop.TSForecastingExperiment object at 0x158396650>, include=['ets', 'exp_smooth'], exclude=None, fold=None, round=4, cross_validation=True, sort=RMSE, n_select=1, budget_time=None, turbo=True, errors=ignore, fit_kwargs=None, groups=None, experiment_custom_tags=None, probability_threshold=None, verbose=False, parallel=None, caller_params={'self': <pycaret.time_series.forecasting.oop.TSForecastingExperiment object at 0x158396650>, 'include': ['ets', 'exp_smooth'], 'exclude': None, 'fold': None, 'round': 4, 'cross_validation': True, 'sort': 'RMSE', 'n_select': 1, 'budget_time': None, 'turbo': True, 'errors': 'ignore', 'fit_kwargs': None, 'experiment_custom_tags': None, 'engine': None, 'verbose': False, 'parallel': None, '__class__': <class 'pycaret.time_series.forecasting.oop.TSForecastingExperiment'>})
2025-04-15 01:04:32,482:INFO:Checking exceptions
2025-04-15 01:04:32,483:INFO:Preparing display monitor
2025-04-15 01:04:32,486:INFO:Initializing ETS
2025-04-15 01:04:32,486:INFO:Total runtime is 1.4781951904296875e-06 minutes
2025-04-15 01:04:32,486:INFO:SubProcess create_model() called ==================================
2025-04-15 01:04:32,486:INFO:Initializing create_model()
2025-04-15 01:04:32,486:INFO:create_model(self=<pycaret.time_series.forecasting.oop.TSForecastingExperiment object at 0x158396650>, estimator=ets, fold=None, round=4, cross_validation=True, predict=True, fit_kwargs={}, groups=None, refit=False, probability_threshold=None, experiment_custom_tags=None, verbose=False, system=False, add_to_model_list=True, metrics=None, display=<pycaret.internal.display.display.CommonDisplay object at 0x1582fc5d0>, model_only=True, return_train_score=False, error_score=0.0, kwargs={})
2025-04-15 01:04:32,486:INFO:Checking exceptions
2025-04-15 01:04:32,486:INFO:Importing libraries
2025-04-15 01:04:32,486:INFO:Copying training dataset
2025-04-15 01:04:32,487:INFO:Defining folds
2025-04-15 01:04:32,487:INFO:Declaring metric variables
2025-04-15 01:04:32,487:INFO:Importing untrained model
2025-04-15 01:04:32,488:INFO:ETS Imported successfully
2025-04-15 01:04:32,492:INFO:Starting cross validation
2025-04-15 01:04:32,493:INFO:Cross validating with ExpandingWindowSplitter(fh=ForecastingHorizon([ 1,  2,  3,  4,  5,  6,  7,  8,  9, 10, 11, 12, 13, 14, 15, 16, 17, 18,
       19, 20, 21, 22, 23, 24, 25, 26, 27, 28, 29, 30],
      dtype='int64', is_relative=True),
                        initial_window=1341, step_length=30), n_jobs=-1
2025-04-15 01:04:33,674:WARNING:/opt/anaconda3/envs/LSTM/lib/python3.11/site-packages/sklearn/metrics/_regression.py:483: FutureWarning: 'squared' is deprecated in version 1.4 and will be removed in 1.6. To calculate the root mean squared error, use the function'root_mean_squared_error'.
  warnings.warn(

2025-04-15 01:04:33,676:WARNING:/opt/anaconda3/envs/LSTM/lib/python3.11/site-packages/sklearn/metrics/_regression.py:483: FutureWarning: 'squared' is deprecated in version 1.4 and will be removed in 1.6. To calculate the root mean squared error, use the function'root_mean_squared_error'.
  warnings.warn(

2025-04-15 01:04:33,678:WARNING:/opt/anaconda3/envs/LSTM/lib/python3.11/site-packages/sklearn/metrics/_regression.py:483: FutureWarning: 'squared' is deprecated in version 1.4 and will be removed in 1.6. To calculate the root mean squared error, use the function'root_mean_squared_error'.
  warnings.warn(

2025-04-15 01:04:33,679:WARNING:/opt/anaconda3/envs/LSTM/lib/python3.11/site-packages/sklearn/metrics/_regression.py:483: FutureWarning: 'squared' is deprecated in version 1.4 and will be removed in 1.6. To calculate the root mean squared error, use the function'root_mean_squared_error'.
  warnings.warn(

2025-04-15 01:04:33,685:WARNING:/opt/anaconda3/envs/LSTM/lib/python3.11/site-packages/sklearn/metrics/_regression.py:483: FutureWarning: 'squared' is deprecated in version 1.4 and will be removed in 1.6. To calculate the root mean squared error, use the function'root_mean_squared_error'.
  warnings.warn(

2025-04-15 01:04:33,685:WARNING:/opt/anaconda3/envs/LSTM/lib/python3.11/site-packages/sklearn/metrics/_regression.py:483: FutureWarning: 'squared' is deprecated in version 1.4 and will be removed in 1.6. To calculate the root mean squared error, use the function'root_mean_squared_error'.
  warnings.warn(

2025-04-15 01:04:33,700:INFO:Calculating mean and std
2025-04-15 01:04:33,700:INFO:Creating metrics dataframe
2025-04-15 01:04:33,701:INFO:Uploading results into container
2025-04-15 01:04:33,701:INFO:Uploading model into container now
2025-04-15 01:04:33,702:INFO:_master_model_container: 1
2025-04-15 01:04:33,702:INFO:_display_container: 2
2025-04-15 01:04:33,702:INFO:AutoETS(seasonal='mul', sp=33, trend='add')
2025-04-15 01:04:33,702:INFO:create_model() successfully completed......................................
2025-04-15 01:04:33,902:INFO:SubProcess create_model() end ==================================
2025-04-15 01:04:33,902:INFO:Creating metrics dataframe
2025-04-15 01:04:33,903:INFO:Initializing Exponential Smoothing
2025-04-15 01:04:33,903:INFO:Total runtime is 0.023622429370880126 minutes
2025-04-15 01:04:33,903:INFO:SubProcess create_model() called ==================================
2025-04-15 01:04:33,904:INFO:Initializing create_model()
2025-04-15 01:04:33,904:INFO:create_model(self=<pycaret.time_series.forecasting.oop.TSForecastingExperiment object at 0x158396650>, estimator=exp_smooth, fold=None, round=4, cross_validation=True, predict=True, fit_kwargs={}, groups=None, refit=False, probability_threshold=None, experiment_custom_tags=None, verbose=False, system=False, add_to_model_list=True, metrics=None, display=<pycaret.internal.display.display.CommonDisplay object at 0x1582fc5d0>, model_only=True, return_train_score=False, error_score=0.0, kwargs={})
2025-04-15 01:04:33,904:INFO:Checking exceptions
2025-04-15 01:04:33,904:INFO:Importing libraries
2025-04-15 01:04:33,904:INFO:Copying training dataset
2025-04-15 01:04:33,904:INFO:Defining folds
2025-04-15 01:04:33,905:INFO:Declaring metric variables
2025-04-15 01:04:33,905:INFO:Importing untrained model
2025-04-15 01:04:33,905:INFO:Exponential Smoothing Imported successfully
2025-04-15 01:04:33,906:INFO:Starting cross validation
2025-04-15 01:04:33,907:INFO:Cross validating with ExpandingWindowSplitter(fh=ForecastingHorizon([ 1,  2,  3,  4,  5,  6,  7,  8,  9, 10, 11, 12, 13, 14, 15, 16, 17, 18,
       19, 20, 21, 22, 23, 24, 25, 26, 27, 28, 29, 30],
      dtype='int64', is_relative=True),
                        initial_window=1341, step_length=30), n_jobs=-1
2025-04-15 01:04:34,177:WARNING:/opt/anaconda3/envs/LSTM/lib/python3.11/site-packages/statsmodels/tsa/holtwinters/model.py:918: ConvergenceWarning: Optimization failed to converge. Check mle_retvals.
  warnings.warn(

2025-04-15 01:04:34,178:WARNING:/opt/anaconda3/envs/LSTM/lib/python3.11/site-packages/statsmodels/tsa/holtwinters/model.py:918: ConvergenceWarning: Optimization failed to converge. Check mle_retvals.
  warnings.warn(

2025-04-15 01:04:34,202:WARNING:/opt/anaconda3/envs/LSTM/lib/python3.11/site-packages/sklearn/metrics/_regression.py:483: FutureWarning: 'squared' is deprecated in version 1.4 and will be removed in 1.6. To calculate the root mean squared error, use the function'root_mean_squared_error'.
  warnings.warn(

2025-04-15 01:04:34,202:WARNING:/opt/anaconda3/envs/LSTM/lib/python3.11/site-packages/sklearn/metrics/_regression.py:483: FutureWarning: 'squared' is deprecated in version 1.4 and will be removed in 1.6. To calculate the root mean squared error, use the function'root_mean_squared_error'.
  warnings.warn(

2025-04-15 01:04:34,203:WARNING:/opt/anaconda3/envs/LSTM/lib/python3.11/site-packages/sklearn/metrics/_regression.py:483: FutureWarning: 'squared' is deprecated in version 1.4 and will be removed in 1.6. To calculate the root mean squared error, use the function'root_mean_squared_error'.
  warnings.warn(

2025-04-15 01:04:34,203:WARNING:/opt/anaconda3/envs/LSTM/lib/python3.11/site-packages/sklearn/metrics/_regression.py:483: FutureWarning: 'squared' is deprecated in version 1.4 and will be removed in 1.6. To calculate the root mean squared error, use the function'root_mean_squared_error'.
  warnings.warn(

2025-04-15 01:04:35,665:WARNING:/opt/anaconda3/envs/LSTM/lib/python3.11/site-packages/statsmodels/tsa/holtwinters/model.py:918: ConvergenceWarning: Optimization failed to converge. Check mle_retvals.
  warnings.warn(

2025-04-15 01:04:35,685:WARNING:/opt/anaconda3/envs/LSTM/lib/python3.11/site-packages/sklearn/metrics/_regression.py:483: FutureWarning: 'squared' is deprecated in version 1.4 and will be removed in 1.6. To calculate the root mean squared error, use the function'root_mean_squared_error'.
  warnings.warn(

2025-04-15 01:04:35,686:WARNING:/opt/anaconda3/envs/LSTM/lib/python3.11/site-packages/sklearn/metrics/_regression.py:483: FutureWarning: 'squared' is deprecated in version 1.4 and will be removed in 1.6. To calculate the root mean squared error, use the function'root_mean_squared_error'.
  warnings.warn(

2025-04-15 01:04:35,695:INFO:Calculating mean and std
2025-04-15 01:04:35,695:INFO:Creating metrics dataframe
2025-04-15 01:04:35,698:INFO:Uploading results into container
2025-04-15 01:04:35,698:INFO:Uploading model into container now
2025-04-15 01:04:35,698:INFO:_master_model_container: 2
2025-04-15 01:04:35,698:INFO:_display_container: 2
2025-04-15 01:04:35,698:INFO:ExponentialSmoothing(seasonal='mul', sp=33, trend='add')
2025-04-15 01:04:35,698:INFO:create_model() successfully completed......................................
2025-04-15 01:04:35,819:INFO:SubProcess create_model() end ==================================
2025-04-15 01:04:35,819:INFO:Creating metrics dataframe
2025-04-15 01:04:35,822:INFO:Initializing create_model()
2025-04-15 01:04:35,822:INFO:create_model(self=<pycaret.time_series.forecasting.oop.TSForecastingExperiment object at 0x158396650>, estimator=AutoETS(seasonal='mul', sp=33, trend='add'), fold=None, round=4, cross_validation=False, predict=False, fit_kwargs={}, groups=None, refit=True, probability_threshold=None, experiment_custom_tags=None, verbose=False, system=False, add_to_model_list=True, metrics=None, display=None, model_only=True, return_train_score=False, error_score=0.0, kwargs={})
2025-04-15 01:04:35,822:INFO:Checking exceptions
2025-04-15 01:04:35,823:INFO:Importing libraries
2025-04-15 01:04:35,823:INFO:Copying training dataset
2025-04-15 01:04:35,824:INFO:Defining folds
2025-04-15 01:04:35,824:INFO:Declaring metric variables
2025-04-15 01:04:35,824:INFO:Importing untrained model
2025-04-15 01:04:35,824:INFO:Declaring custom model
2025-04-15 01:04:35,825:INFO:ETS Imported successfully
2025-04-15 01:04:35,825:INFO:Cross validation set to False
2025-04-15 01:04:35,825:INFO:Fitting Model
2025-04-15 01:04:36,327:INFO:AutoETS(seasonal='mul', sp=33, trend='add')
2025-04-15 01:04:36,327:INFO:create_model() successfully completed......................................
2025-04-15 01:04:36,436:INFO:_master_model_container: 2
2025-04-15 01:04:36,436:INFO:_display_container: 2
2025-04-15 01:04:36,437:INFO:AutoETS(seasonal='mul', sp=33, trend='add')
2025-04-15 01:04:36,437:INFO:compare_models() successfully completed......................................
2025-04-15 01:04:36,438:INFO:Initializing create_model()
2025-04-15 01:04:36,439:INFO:create_model(self=<pycaret.time_series.forecasting.oop.TSForecastingExperiment object at 0x158396650>, estimator=AutoETS(seasonal='mul', sp=33, trend='add'), fold=None, round=4, cross_validation=True, predict=True, fit_kwargs=None, groups=None, refit=True, probability_threshold=None, experiment_custom_tags=None, verbose=False, system=True, add_to_model_list=True, metrics=None, display=None, model_only=True, return_train_score=False, error_score=0.0, kwargs={})
2025-04-15 01:04:36,439:INFO:Checking exceptions
2025-04-15 01:04:36,440:INFO:Importing libraries
2025-04-15 01:04:36,440:INFO:Copying training dataset
2025-04-15 01:04:36,441:INFO:Defining folds
2025-04-15 01:04:36,441:INFO:Declaring metric variables
2025-04-15 01:04:36,441:INFO:Importing untrained model
2025-04-15 01:04:36,441:INFO:Declaring custom model
2025-04-15 01:04:36,442:INFO:ETS Imported successfully
2025-04-15 01:04:36,442:INFO:Starting cross validation
2025-04-15 01:04:36,443:INFO:Cross validating with ExpandingWindowSplitter(fh=ForecastingHorizon([ 1,  2,  3,  4,  5,  6,  7,  8,  9, 10, 11, 12, 13, 14, 15, 16, 17, 18,
       19, 20, 21, 22, 23, 24, 25, 26, 27, 28, 29, 30],
      dtype='int64', is_relative=True),
                        initial_window=1341, step_length=30), n_jobs=-1
2025-04-15 01:04:37,107:WARNING:/opt/anaconda3/envs/LSTM/lib/python3.11/site-packages/sklearn/metrics/_regression.py:483: FutureWarning: 'squared' is deprecated in version 1.4 and will be removed in 1.6. To calculate the root mean squared error, use the function'root_mean_squared_error'.
  warnings.warn(

2025-04-15 01:04:37,108:WARNING:/opt/anaconda3/envs/LSTM/lib/python3.11/site-packages/sklearn/metrics/_regression.py:483: FutureWarning: 'squared' is deprecated in version 1.4 and will be removed in 1.6. To calculate the root mean squared error, use the function'root_mean_squared_error'.
  warnings.warn(

2025-04-15 01:04:37,129:WARNING:/opt/anaconda3/envs/LSTM/lib/python3.11/site-packages/sklearn/metrics/_regression.py:483: FutureWarning: 'squared' is deprecated in version 1.4 and will be removed in 1.6. To calculate the root mean squared error, use the function'root_mean_squared_error'.
  warnings.warn(

2025-04-15 01:04:37,129:WARNING:/opt/anaconda3/envs/LSTM/lib/python3.11/site-packages/sklearn/metrics/_regression.py:483: FutureWarning: 'squared' is deprecated in version 1.4 and will be removed in 1.6. To calculate the root mean squared error, use the function'root_mean_squared_error'.
  warnings.warn(

2025-04-15 01:04:37,144:WARNING:/opt/anaconda3/envs/LSTM/lib/python3.11/site-packages/sklearn/metrics/_regression.py:483: FutureWarning: 'squared' is deprecated in version 1.4 and will be removed in 1.6. To calculate the root mean squared error, use the function'root_mean_squared_error'.
  warnings.warn(

2025-04-15 01:04:37,144:WARNING:/opt/anaconda3/envs/LSTM/lib/python3.11/site-packages/sklearn/metrics/_regression.py:483: FutureWarning: 'squared' is deprecated in version 1.4 and will be removed in 1.6. To calculate the root mean squared error, use the function'root_mean_squared_error'.
  warnings.warn(

2025-04-15 01:04:37,149:INFO:Calculating mean and std
2025-04-15 01:04:37,149:INFO:Creating metrics dataframe
2025-04-15 01:04:37,150:INFO:Finalizing model
2025-04-15 01:04:37,680:INFO:Uploading results into container
2025-04-15 01:04:37,680:INFO:Uploading model into container now
2025-04-15 01:04:37,681:INFO:_master_model_container: 3
2025-04-15 01:04:37,681:INFO:_display_container: 3
2025-04-15 01:04:37,681:INFO:AutoETS(seasonal='mul', sp=33, trend='add')
2025-04-15 01:04:37,681:INFO:create_model() successfully completed......................................
2025-04-15 01:04:41,570:INFO:Initializing get_config()
2025-04-15 01:04:41,570:INFO:get_config(self=<pycaret.time_series.forecasting.oop.TSForecastingExperiment object at 0x158396650>, variable=y_train)
2025-04-15 01:04:41,570:INFO:Variable: 'y_train' used to return the transformed values in PyCaret 2.x. From PyCaret 3.x, this will return the raw values. If you need the transformed values, call get_config with 'y_train_transformed' instead.
2025-04-15 01:04:41,572:INFO:Variable:  returned as Date
2020-01-01     7200.174316
2020-01-02     6985.470215
2020-01-03     7344.884277
2020-01-04     7410.656738
2020-01-05     7411.317383
                  ...     
2023-11-27    37254.167969
2023-11-28    37831.085938
2023-11-29    37858.492188
2023-11-30    37712.746094
2023-12-01    38688.750000
Freq: D, Name: ('Close', 'BTC-USD'), Length: 1431, dtype: float64
2025-04-15 01:04:41,572:INFO:get_config() successfully completed......................................
2025-04-15 01:16:10,848:WARNING:
'prophet' is a soft dependency and not included in the pycaret installation. Please run: `pip install prophet` to install.
2025-04-15 01:18:23,838:INFO:PyCaret TSForecastingExperiment
2025-04-15 01:18:23,839:INFO:Logging name: ts-default-name
2025-04-15 01:18:23,839:INFO:ML Usecase: MLUsecase.TIME_SERIES
2025-04-15 01:18:23,839:INFO:version 3.3.2
2025-04-15 01:18:23,839:INFO:Initializing setup()
2025-04-15 01:18:23,839:INFO:self.USI: b239
2025-04-15 01:18:23,839:INFO:self._variable_keys: {'data', 'html_param', 'X_train', 'strictly_positive', 'idx', 'logging_param', 'primary_sp_to_use', 'memory', 'log_plots_param', 'y_test_transformed', 'gpu_n_jobs_param', '_available_plots', 'seed', 'approach_type', 'X_train_transformed', 'enforce_exogenous', 'fold_generator', 'y_train_transformed', 'significant_sps_no_harmonics', 'model_engines', 'y_transformed', 'pipeline', 'index_type', 'y_train', 'all_sps_to_use', 'y_test', 'X', 'significant_sps', 'exp_name_log', 'fh', 'candidate_sps', '_ml_usecase', 'X_transformed', 'X_test', 'y', 'n_jobs_param', 'X_test_transformed', 'gpu_param', 'exp_id', 'enforce_pi', 'USI', 'seasonality_present', 'exogenous_present', 'fold_param'}
2025-04-15 01:18:23,839:INFO:Checking environment
2025-04-15 01:18:23,840:INFO:python_version: 3.11.8
2025-04-15 01:18:23,842:INFO:python_build: ('main', 'Feb 16 2024 20:49:36')
2025-04-15 01:18:23,844:INFO:machine: arm64
2025-04-15 01:18:23,845:INFO:platform: macOS-15.3.1-arm64-arm-64bit
2025-04-15 01:18:23,846:INFO:Memory: svmem(total=17179869184, available=3881222144, percent=77.4, used=6261719040, free=56180736, active=3839901696, inactive=3820453888, wired=2421817344)
2025-04-15 01:18:23,846:INFO:Physical Core: 8
2025-04-15 01:18:23,846:INFO:Logical Core: 8
2025-04-15 01:18:23,846:INFO:Checking libraries
2025-04-15 01:18:23,846:INFO:System:
2025-04-15 01:18:23,847:INFO:    python: 3.11.8 | packaged by conda-forge | (main, Feb 16 2024, 20:49:36) [Clang 16.0.6 ]
2025-04-15 01:18:23,847:INFO:executable: /opt/anaconda3/envs/LSTM/bin/python
2025-04-15 01:18:23,847:INFO:   machine: macOS-15.3.1-arm64-arm-64bit
2025-04-15 01:18:23,847:INFO:PyCaret required dependencies:
2025-04-15 01:18:23,892:INFO:                 pip: 25.0
2025-04-15 01:18:23,892:INFO:          setuptools: 75.8.0
2025-04-15 01:18:23,892:INFO:             pycaret: 3.3.2
2025-04-15 01:18:23,892:INFO:             IPython: 8.32.0
2025-04-15 01:18:23,892:INFO:          ipywidgets: 8.1.5
2025-04-15 01:18:23,892:INFO:                tqdm: 4.67.1
2025-04-15 01:18:23,893:INFO:               numpy: 1.26.4
2025-04-15 01:18:23,893:INFO:              pandas: 2.1.4
2025-04-15 01:18:23,893:INFO:              jinja2: 3.1.5
2025-04-15 01:18:23,893:INFO:               scipy: 1.11.4
2025-04-15 01:18:23,893:INFO:              joblib: 1.3.2
2025-04-15 01:18:23,893:INFO:             sklearn: 1.4.2
2025-04-15 01:18:23,893:INFO:                pyod: 2.0.3
2025-04-15 01:18:23,893:INFO:            imblearn: 0.13.0
2025-04-15 01:18:23,893:INFO:   category_encoders: 2.7.0
2025-04-15 01:18:23,893:INFO:            lightgbm: 4.6.0
2025-04-15 01:18:23,893:INFO:               numba: 0.61.0
2025-04-15 01:18:23,893:INFO:            requests: 2.32.3
2025-04-15 01:18:23,893:INFO:          matplotlib: 3.7.5
2025-04-15 01:18:23,893:INFO:          scikitplot: 0.3.7
2025-04-15 01:18:23,893:INFO:         yellowbrick: 1.5
2025-04-15 01:18:23,893:INFO:              plotly: 5.24.1
2025-04-15 01:18:23,893:INFO:    plotly-resampler: Not installed
2025-04-15 01:18:23,893:INFO:             kaleido: 0.2.1
2025-04-15 01:18:23,893:INFO:           schemdraw: 0.15
2025-04-15 01:18:23,893:INFO:         statsmodels: 0.14.4
2025-04-15 01:18:23,893:INFO:              sktime: 0.26.0
2025-04-15 01:18:23,893:INFO:               tbats: 1.1.3
2025-04-15 01:18:23,893:INFO:            pmdarima: 2.0.4
2025-04-15 01:18:23,893:INFO:              psutil: 5.9.0
2025-04-15 01:18:23,893:INFO:          markupsafe: 3.0.2
2025-04-15 01:18:23,893:INFO:             pickle5: Not installed
2025-04-15 01:18:23,893:INFO:         cloudpickle: 3.1.1
2025-04-15 01:18:23,893:INFO:         deprecation: 2.1.0
2025-04-15 01:18:23,893:INFO:              xxhash: 3.5.0
2025-04-15 01:18:23,893:INFO:           wurlitzer: 3.1.1
2025-04-15 01:18:23,893:INFO:PyCaret optional dependencies:
2025-04-15 01:18:23,900:INFO:                shap: Not installed
2025-04-15 01:18:23,900:INFO:           interpret: Not installed
2025-04-15 01:18:23,900:INFO:                umap: Not installed
2025-04-15 01:18:23,900:INFO:     ydata_profiling: Not installed
2025-04-15 01:18:23,900:INFO:  explainerdashboard: Not installed
2025-04-15 01:18:23,900:INFO:             autoviz: Not installed
2025-04-15 01:18:23,900:INFO:           fairlearn: Not installed
2025-04-15 01:18:23,900:INFO:          deepchecks: Not installed
2025-04-15 01:18:23,900:INFO:             xgboost: Not installed
2025-04-15 01:18:23,900:INFO:            catboost: Not installed
2025-04-15 01:18:23,900:INFO:              kmodes: Not installed
2025-04-15 01:18:23,900:INFO:             mlxtend: Not installed
2025-04-15 01:18:23,900:INFO:       statsforecast: Not installed
2025-04-15 01:18:23,900:INFO:        tune_sklearn: Not installed
2025-04-15 01:18:23,900:INFO:                 ray: Not installed
2025-04-15 01:18:23,900:INFO:            hyperopt: Not installed
2025-04-15 01:18:23,900:INFO:              optuna: Not installed
2025-04-15 01:18:23,900:INFO:               skopt: Not installed
2025-04-15 01:18:23,900:INFO:              mlflow: Not installed
2025-04-15 01:18:23,900:INFO:              gradio: Not installed
2025-04-15 01:18:23,900:INFO:             fastapi: Not installed
2025-04-15 01:18:23,900:INFO:             uvicorn: Not installed
2025-04-15 01:18:23,900:INFO:              m2cgen: Not installed
2025-04-15 01:18:23,900:INFO:           evidently: Not installed
2025-04-15 01:18:23,900:INFO:               fugue: Not installed
2025-04-15 01:18:23,900:INFO:           streamlit: Not installed
2025-04-15 01:18:23,900:INFO:             prophet: Not installed
2025-04-15 01:18:23,900:INFO:None
2025-04-15 01:18:23,906:INFO:Set Forecast Horizon.
2025-04-15 01:18:23,907:INFO:Set up Train-Test Splits.
2025-04-15 01:18:23,914:INFO:Preparing preprocessing pipeline...
2025-04-15 01:18:23,914:INFO:Set up imputation for Target variable(s).
2025-04-15 01:18:23,954:INFO:Finished creating preprocessing pipeline.
2025-04-15 01:18:23,959:INFO:Pipeline: ForecastingPipeline(steps=[('forecaster',
                            TransformedTargetForecaster(steps=[('transformer_target',
                                                                TransformerPipeline(steps=[('numerical_imputer',
                                                                                            Imputer(method='ffill',
                                                                                                    random_state=123))])),
                                                               ('model',
                                                                DummyForecaster())]))])
2025-04-15 01:18:23,959:INFO:Set up Seasonal Period.
2025-04-15 01:18:23,970:INFO:Setting the seasonal component type - 'add' or 'mul'.
2025-04-15 01:18:23,971:INFO:Checking if data is strictly positive.
2025-04-15 01:18:24,028:INFO:Creating final display dataframe.
2025-04-15 01:18:24,058:INFO:Setup Display Container:                                           Description  \
0                                          session_id   
1                                              Target   
2                                            Approach   
3                                 Exogenous Variables   
4                                 Original data shape   
5                              Transformed data shape   
6                         Transformed train set shape   
7                          Transformed test set shape   
8                            Rows with missing values   
9                                      Fold Generator   
10                                        Fold Number   
11                        Enforce Prediction Interval   
12                    Splits used for hyperparameters   
13                    User Defined Seasonal Period(s)   
14                            Ignore Seasonality Test   
15                         Seasonality Detection Algo   
16                             Max Period to Consider   
17                          Seasonal Period(s) Tested   
18                     Significant Seasonal Period(s)   
19   Significant Seasonal Period(s) without Harmonics   
20                                   Remove Harmonics   
21                             Harmonics Order Method   
22                           Num Seasonalities to Use   
23                           All Seasonalities to Use   
24                                Primary Seasonality   
25                                Seasonality Present   
26                                   Seasonality Type   
27                           Target Strictly Positive   
28                                 Target White Noise   
29                                      Recommended d   
30                             Recommended Seasonal D   
31                                         Preprocess   
32                      Numerical Imputation (Target)   
33                            Transformation (Target)   
34                                   Scaling (Target)   
35  Feature Engineering (Target) - Reduced Regression   
36                                           CPU Jobs   
37                                            Use GPU   
38                                     Log Experiment   
39                                    Experiment Name   
40                                                USI   

                              Value  
0                               123  
1              ('Close', 'BTC-USD')  
2                        Univariate  
3                       Not Present  
4                         (1461, 1)  
5                         (1461, 1)  
6                         (1431, 1)  
7                           (30, 1)  
8                              0.0%  
9           ExpandingWindowSplitter  
10                                3  
11                            False  
12                              all  
13                             None  
14                            False  
15                             auto  
16                               60  
17  [33, 9, 44, 24, 31, 37, 40, 20]  
18  [33, 9, 44, 24, 31, 37, 40, 20]  
19      [33, 9, 44, 24, 31, 37, 40]  
20                            False  
21                     harmonic_max  
22                                1  
23                             [33]  
24                               33  
25                             True  
26                              mul  
27                             True  
28                               No  
29                                1  
30                                0  
31                             True  
32                            ffill  
33                             None  
34                             None  
35                            False  
36                               -1  
37                            False  
38                            False  
39                  ts-default-name  
40                             b239  
2025-04-15 01:18:24,058:INFO:Engine successfully changes for model 'auto_arima' to 'pmdarima'.
2025-04-15 01:18:24,132:WARNING:
'prophet' is a soft dependency and not included in the pycaret installation. Please run: `pip install prophet` to install.
2025-04-15 01:18:24,132:INFO:Engine for model 'lr_cds_dt' has not been set explicitly, hence returning None.
2025-04-15 01:18:24,132:INFO:Engine for model 'en_cds_dt' has not been set explicitly, hence returning None.
2025-04-15 01:18:24,133:INFO:Engine for model 'ridge_cds_dt' has not been set explicitly, hence returning None.
2025-04-15 01:18:24,133:INFO:Engine for model 'lasso_cds_dt' has not been set explicitly, hence returning None.
2025-04-15 01:18:24,133:INFO:Engine for model 'llar_cds_dt' has not been set explicitly, hence returning None.
2025-04-15 01:18:24,134:INFO:Engine for model 'br_cds_dt' has not been set explicitly, hence returning None.
2025-04-15 01:18:24,134:INFO:Engine for model 'huber_cds_dt' has not been set explicitly, hence returning None.
2025-04-15 01:18:24,135:INFO:Engine for model 'omp_cds_dt' has not been set explicitly, hence returning None.
2025-04-15 01:18:24,135:INFO:Engine for model 'knn_cds_dt' has not been set explicitly, hence returning None.
2025-04-15 01:18:24,136:INFO:Engine for model 'dt_cds_dt' has not been set explicitly, hence returning None.
2025-04-15 01:18:24,136:INFO:Engine for model 'rf_cds_dt' has not been set explicitly, hence returning None.
2025-04-15 01:18:24,136:INFO:Engine for model 'et_cds_dt' has not been set explicitly, hence returning None.
2025-04-15 01:18:24,136:INFO:Engine for model 'gbr_cds_dt' has not been set explicitly, hence returning None.
2025-04-15 01:18:24,136:INFO:Engine for model 'ada_cds_dt' has not been set explicitly, hence returning None.
2025-04-15 01:18:24,136:INFO:Engine for model 'xgboost_cds_dt' has not been set explicitly, hence returning None.
2025-04-15 01:18:24,136:WARNING:
'xgboost' is a soft dependency and not included in the pycaret installation. Please run: `pip install xgboost` to install.
Alternately, you can install this by running `pip install pycaret[models]`
2025-04-15 01:18:24,136:WARNING:
'xgboost' is a soft dependency and not included in the pycaret installation. Please run: `pip install xgboost` to install.
Alternately, you can install this by running `pip install pycaret[models]`
2025-04-15 01:18:24,136:INFO:Engine for model 'lightgbm_cds_dt' has not been set explicitly, hence returning None.
2025-04-15 01:18:24,137:INFO:Engine for model 'catboost_cds_dt' has not been set explicitly, hence returning None.
2025-04-15 01:18:24,137:WARNING:
'catboost' is a soft dependency and not included in the pycaret installation. Please run: `pip install catboost` to install.
Alternately, you can install this by running `pip install pycaret[models]`
2025-04-15 01:18:24,137:WARNING:
'catboost' is a soft dependency and not included in the pycaret installation. Please run: `pip install catboost` to install.
Alternately, you can install this by running `pip install pycaret[models]`
2025-04-15 01:18:24,141:WARNING:
'prophet' is a soft dependency and not included in the pycaret installation. Please run: `pip install prophet` to install.
2025-04-15 01:18:24,141:INFO:Engine for model 'lr_cds_dt' has not been set explicitly, hence returning None.
2025-04-15 01:18:24,142:INFO:Engine for model 'en_cds_dt' has not been set explicitly, hence returning None.
2025-04-15 01:18:24,142:INFO:Engine for model 'ridge_cds_dt' has not been set explicitly, hence returning None.
2025-04-15 01:18:24,143:INFO:Engine for model 'lasso_cds_dt' has not been set explicitly, hence returning None.
2025-04-15 01:18:24,143:INFO:Engine for model 'llar_cds_dt' has not been set explicitly, hence returning None.
2025-04-15 01:18:24,143:INFO:Engine for model 'br_cds_dt' has not been set explicitly, hence returning None.
2025-04-15 01:18:24,144:INFO:Engine for model 'huber_cds_dt' has not been set explicitly, hence returning None.
2025-04-15 01:18:24,146:INFO:Engine for model 'omp_cds_dt' has not been set explicitly, hence returning None.
2025-04-15 01:18:24,147:INFO:Engine for model 'knn_cds_dt' has not been set explicitly, hence returning None.
2025-04-15 01:18:24,147:INFO:Engine for model 'dt_cds_dt' has not been set explicitly, hence returning None.
2025-04-15 01:18:24,148:INFO:Engine for model 'rf_cds_dt' has not been set explicitly, hence returning None.
2025-04-15 01:18:24,148:INFO:Engine for model 'et_cds_dt' has not been set explicitly, hence returning None.
2025-04-15 01:18:24,149:INFO:Engine for model 'gbr_cds_dt' has not been set explicitly, hence returning None.
2025-04-15 01:18:24,150:INFO:Engine for model 'ada_cds_dt' has not been set explicitly, hence returning None.
2025-04-15 01:18:24,150:INFO:Engine for model 'xgboost_cds_dt' has not been set explicitly, hence returning None.
2025-04-15 01:18:24,150:WARNING:
'xgboost' is a soft dependency and not included in the pycaret installation. Please run: `pip install xgboost` to install.
Alternately, you can install this by running `pip install pycaret[models]`
2025-04-15 01:18:24,150:WARNING:
'xgboost' is a soft dependency and not included in the pycaret installation. Please run: `pip install xgboost` to install.
Alternately, you can install this by running `pip install pycaret[models]`
2025-04-15 01:18:24,150:INFO:Engine for model 'lightgbm_cds_dt' has not been set explicitly, hence returning None.
2025-04-15 01:18:24,151:INFO:Engine for model 'catboost_cds_dt' has not been set explicitly, hence returning None.
2025-04-15 01:18:24,151:WARNING:
'catboost' is a soft dependency and not included in the pycaret installation. Please run: `pip install catboost` to install.
Alternately, you can install this by running `pip install pycaret[models]`
2025-04-15 01:18:24,151:WARNING:
'catboost' is a soft dependency and not included in the pycaret installation. Please run: `pip install catboost` to install.
Alternately, you can install this by running `pip install pycaret[models]`
2025-04-15 01:18:24,151:INFO:Engine successfully changes for model 'lr_cds_dt' to 'sklearn'.
2025-04-15 01:18:24,154:WARNING:
'prophet' is a soft dependency and not included in the pycaret installation. Please run: `pip install prophet` to install.
2025-04-15 01:18:24,154:INFO:Engine for model 'en_cds_dt' has not been set explicitly, hence returning None.
2025-04-15 01:18:24,154:INFO:Engine for model 'ridge_cds_dt' has not been set explicitly, hence returning None.
2025-04-15 01:18:24,154:INFO:Engine for model 'lasso_cds_dt' has not been set explicitly, hence returning None.
2025-04-15 01:18:24,154:INFO:Engine for model 'llar_cds_dt' has not been set explicitly, hence returning None.
2025-04-15 01:18:24,156:INFO:Engine for model 'br_cds_dt' has not been set explicitly, hence returning None.
2025-04-15 01:18:24,159:INFO:Engine for model 'huber_cds_dt' has not been set explicitly, hence returning None.
2025-04-15 01:18:24,161:INFO:Engine for model 'omp_cds_dt' has not been set explicitly, hence returning None.
2025-04-15 01:18:24,161:INFO:Engine for model 'knn_cds_dt' has not been set explicitly, hence returning None.
2025-04-15 01:18:24,161:INFO:Engine for model 'dt_cds_dt' has not been set explicitly, hence returning None.
2025-04-15 01:18:24,161:INFO:Engine for model 'rf_cds_dt' has not been set explicitly, hence returning None.
2025-04-15 01:18:24,162:INFO:Engine for model 'et_cds_dt' has not been set explicitly, hence returning None.
2025-04-15 01:18:24,162:INFO:Engine for model 'gbr_cds_dt' has not been set explicitly, hence returning None.
2025-04-15 01:18:24,162:INFO:Engine for model 'ada_cds_dt' has not been set explicitly, hence returning None.
2025-04-15 01:18:24,162:INFO:Engine for model 'xgboost_cds_dt' has not been set explicitly, hence returning None.
2025-04-15 01:18:24,162:WARNING:
'xgboost' is a soft dependency and not included in the pycaret installation. Please run: `pip install xgboost` to install.
Alternately, you can install this by running `pip install pycaret[models]`
2025-04-15 01:18:24,162:WARNING:
'xgboost' is a soft dependency and not included in the pycaret installation. Please run: `pip install xgboost` to install.
Alternately, you can install this by running `pip install pycaret[models]`
2025-04-15 01:18:24,162:INFO:Engine for model 'lightgbm_cds_dt' has not been set explicitly, hence returning None.
2025-04-15 01:18:24,162:INFO:Engine for model 'catboost_cds_dt' has not been set explicitly, hence returning None.
2025-04-15 01:18:24,162:WARNING:
'catboost' is a soft dependency and not included in the pycaret installation. Please run: `pip install catboost` to install.
Alternately, you can install this by running `pip install pycaret[models]`
2025-04-15 01:18:24,162:WARNING:
'catboost' is a soft dependency and not included in the pycaret installation. Please run: `pip install catboost` to install.
Alternately, you can install this by running `pip install pycaret[models]`
2025-04-15 01:18:24,167:WARNING:
'prophet' is a soft dependency and not included in the pycaret installation. Please run: `pip install prophet` to install.
2025-04-15 01:18:24,167:INFO:Engine for model 'en_cds_dt' has not been set explicitly, hence returning None.
2025-04-15 01:18:24,168:INFO:Engine for model 'ridge_cds_dt' has not been set explicitly, hence returning None.
2025-04-15 01:18:24,168:INFO:Engine for model 'lasso_cds_dt' has not been set explicitly, hence returning None.
2025-04-15 01:18:24,169:INFO:Engine for model 'llar_cds_dt' has not been set explicitly, hence returning None.
2025-04-15 01:18:24,169:INFO:Engine for model 'br_cds_dt' has not been set explicitly, hence returning None.
2025-04-15 01:18:24,169:INFO:Engine for model 'huber_cds_dt' has not been set explicitly, hence returning None.
2025-04-15 01:18:24,170:INFO:Engine for model 'omp_cds_dt' has not been set explicitly, hence returning None.
2025-04-15 01:18:24,171:INFO:Engine for model 'knn_cds_dt' has not been set explicitly, hence returning None.
2025-04-15 01:18:24,171:INFO:Engine for model 'dt_cds_dt' has not been set explicitly, hence returning None.
2025-04-15 01:18:24,171:INFO:Engine for model 'rf_cds_dt' has not been set explicitly, hence returning None.
2025-04-15 01:18:24,175:INFO:Engine for model 'et_cds_dt' has not been set explicitly, hence returning None.
2025-04-15 01:18:24,175:INFO:Engine for model 'gbr_cds_dt' has not been set explicitly, hence returning None.
2025-04-15 01:18:24,176:INFO:Engine for model 'ada_cds_dt' has not been set explicitly, hence returning None.
2025-04-15 01:18:24,176:INFO:Engine for model 'xgboost_cds_dt' has not been set explicitly, hence returning None.
2025-04-15 01:18:24,176:WARNING:
'xgboost' is a soft dependency and not included in the pycaret installation. Please run: `pip install xgboost` to install.
Alternately, you can install this by running `pip install pycaret[models]`
2025-04-15 01:18:24,176:WARNING:
'xgboost' is a soft dependency and not included in the pycaret installation. Please run: `pip install xgboost` to install.
Alternately, you can install this by running `pip install pycaret[models]`
2025-04-15 01:18:24,176:INFO:Engine for model 'lightgbm_cds_dt' has not been set explicitly, hence returning None.
2025-04-15 01:18:24,177:INFO:Engine for model 'catboost_cds_dt' has not been set explicitly, hence returning None.
2025-04-15 01:18:24,177:WARNING:
'catboost' is a soft dependency and not included in the pycaret installation. Please run: `pip install catboost` to install.
Alternately, you can install this by running `pip install pycaret[models]`
2025-04-15 01:18:24,177:WARNING:
'catboost' is a soft dependency and not included in the pycaret installation. Please run: `pip install catboost` to install.
Alternately, you can install this by running `pip install pycaret[models]`
2025-04-15 01:18:24,177:INFO:Engine successfully changes for model 'en_cds_dt' to 'sklearn'.
2025-04-15 01:18:24,178:WARNING:
'prophet' is a soft dependency and not included in the pycaret installation. Please run: `pip install prophet` to install.
2025-04-15 01:18:24,178:INFO:Engine for model 'ridge_cds_dt' has not been set explicitly, hence returning None.
2025-04-15 01:18:24,178:INFO:Engine for model 'lasso_cds_dt' has not been set explicitly, hence returning None.
2025-04-15 01:18:24,179:INFO:Engine for model 'llar_cds_dt' has not been set explicitly, hence returning None.
2025-04-15 01:18:24,179:INFO:Engine for model 'br_cds_dt' has not been set explicitly, hence returning None.
2025-04-15 01:18:24,179:INFO:Engine for model 'huber_cds_dt' has not been set explicitly, hence returning None.
2025-04-15 01:18:24,184:INFO:Engine for model 'omp_cds_dt' has not been set explicitly, hence returning None.
2025-04-15 01:18:24,185:INFO:Engine for model 'knn_cds_dt' has not been set explicitly, hence returning None.
2025-04-15 01:18:24,185:INFO:Engine for model 'dt_cds_dt' has not been set explicitly, hence returning None.
2025-04-15 01:18:24,185:INFO:Engine for model 'rf_cds_dt' has not been set explicitly, hence returning None.
2025-04-15 01:18:24,185:INFO:Engine for model 'et_cds_dt' has not been set explicitly, hence returning None.
2025-04-15 01:18:24,185:INFO:Engine for model 'gbr_cds_dt' has not been set explicitly, hence returning None.
2025-04-15 01:18:24,185:INFO:Engine for model 'ada_cds_dt' has not been set explicitly, hence returning None.
2025-04-15 01:18:24,185:INFO:Engine for model 'xgboost_cds_dt' has not been set explicitly, hence returning None.
2025-04-15 01:18:24,185:WARNING:
'xgboost' is a soft dependency and not included in the pycaret installation. Please run: `pip install xgboost` to install.
Alternately, you can install this by running `pip install pycaret[models]`
2025-04-15 01:18:24,185:WARNING:
'xgboost' is a soft dependency and not included in the pycaret installation. Please run: `pip install xgboost` to install.
Alternately, you can install this by running `pip install pycaret[models]`
2025-04-15 01:18:24,186:INFO:Engine for model 'lightgbm_cds_dt' has not been set explicitly, hence returning None.
2025-04-15 01:18:24,186:INFO:Engine for model 'catboost_cds_dt' has not been set explicitly, hence returning None.
2025-04-15 01:18:24,186:WARNING:
'catboost' is a soft dependency and not included in the pycaret installation. Please run: `pip install catboost` to install.
Alternately, you can install this by running `pip install pycaret[models]`
2025-04-15 01:18:24,186:WARNING:
'catboost' is a soft dependency and not included in the pycaret installation. Please run: `pip install catboost` to install.
Alternately, you can install this by running `pip install pycaret[models]`
2025-04-15 01:18:24,188:WARNING:
'prophet' is a soft dependency and not included in the pycaret installation. Please run: `pip install prophet` to install.
2025-04-15 01:18:24,189:INFO:Engine for model 'ridge_cds_dt' has not been set explicitly, hence returning None.
2025-04-15 01:18:24,189:INFO:Engine for model 'lasso_cds_dt' has not been set explicitly, hence returning None.
2025-04-15 01:18:24,190:INFO:Engine for model 'llar_cds_dt' has not been set explicitly, hence returning None.
2025-04-15 01:18:24,190:INFO:Engine for model 'br_cds_dt' has not been set explicitly, hence returning None.
2025-04-15 01:18:24,191:INFO:Engine for model 'huber_cds_dt' has not been set explicitly, hence returning None.
2025-04-15 01:18:24,193:INFO:Engine for model 'omp_cds_dt' has not been set explicitly, hence returning None.
2025-04-15 01:18:24,194:INFO:Engine for model 'knn_cds_dt' has not been set explicitly, hence returning None.
2025-04-15 01:18:24,194:INFO:Engine for model 'dt_cds_dt' has not been set explicitly, hence returning None.
2025-04-15 01:18:24,195:INFO:Engine for model 'rf_cds_dt' has not been set explicitly, hence returning None.
2025-04-15 01:18:24,195:INFO:Engine for model 'et_cds_dt' has not been set explicitly, hence returning None.
2025-04-15 01:18:24,195:INFO:Engine for model 'gbr_cds_dt' has not been set explicitly, hence returning None.
2025-04-15 01:18:24,196:INFO:Engine for model 'ada_cds_dt' has not been set explicitly, hence returning None.
2025-04-15 01:18:24,196:INFO:Engine for model 'xgboost_cds_dt' has not been set explicitly, hence returning None.
2025-04-15 01:18:24,196:WARNING:
'xgboost' is a soft dependency and not included in the pycaret installation. Please run: `pip install xgboost` to install.
Alternately, you can install this by running `pip install pycaret[models]`
2025-04-15 01:18:24,196:WARNING:
'xgboost' is a soft dependency and not included in the pycaret installation. Please run: `pip install xgboost` to install.
Alternately, you can install this by running `pip install pycaret[models]`
2025-04-15 01:18:24,196:INFO:Engine for model 'lightgbm_cds_dt' has not been set explicitly, hence returning None.
2025-04-15 01:18:24,196:INFO:Engine for model 'catboost_cds_dt' has not been set explicitly, hence returning None.
2025-04-15 01:18:24,196:WARNING:
'catboost' is a soft dependency and not included in the pycaret installation. Please run: `pip install catboost` to install.
Alternately, you can install this by running `pip install pycaret[models]`
2025-04-15 01:18:24,196:WARNING:
'catboost' is a soft dependency and not included in the pycaret installation. Please run: `pip install catboost` to install.
Alternately, you can install this by running `pip install pycaret[models]`
2025-04-15 01:18:24,196:INFO:Engine successfully changes for model 'ridge_cds_dt' to 'sklearn'.
2025-04-15 01:18:24,198:WARNING:
'prophet' is a soft dependency and not included in the pycaret installation. Please run: `pip install prophet` to install.
2025-04-15 01:18:24,198:INFO:Engine for model 'lasso_cds_dt' has not been set explicitly, hence returning None.
2025-04-15 01:18:24,198:INFO:Engine for model 'llar_cds_dt' has not been set explicitly, hence returning None.
2025-04-15 01:18:24,198:INFO:Engine for model 'br_cds_dt' has not been set explicitly, hence returning None.
2025-04-15 01:18:24,199:INFO:Engine for model 'huber_cds_dt' has not been set explicitly, hence returning None.
2025-04-15 01:18:24,199:INFO:Engine for model 'omp_cds_dt' has not been set explicitly, hence returning None.
2025-04-15 01:18:24,200:INFO:Engine for model 'knn_cds_dt' has not been set explicitly, hence returning None.
2025-04-15 01:18:24,200:INFO:Engine for model 'dt_cds_dt' has not been set explicitly, hence returning None.
2025-04-15 01:18:24,200:INFO:Engine for model 'rf_cds_dt' has not been set explicitly, hence returning None.
2025-04-15 01:18:24,201:INFO:Engine for model 'et_cds_dt' has not been set explicitly, hence returning None.
2025-04-15 01:18:24,201:INFO:Engine for model 'gbr_cds_dt' has not been set explicitly, hence returning None.
2025-04-15 01:18:24,201:INFO:Engine for model 'ada_cds_dt' has not been set explicitly, hence returning None.
2025-04-15 01:18:24,201:INFO:Engine for model 'xgboost_cds_dt' has not been set explicitly, hence returning None.
2025-04-15 01:18:24,201:WARNING:
'xgboost' is a soft dependency and not included in the pycaret installation. Please run: `pip install xgboost` to install.
Alternately, you can install this by running `pip install pycaret[models]`
2025-04-15 01:18:24,201:WARNING:
'xgboost' is a soft dependency and not included in the pycaret installation. Please run: `pip install xgboost` to install.
Alternately, you can install this by running `pip install pycaret[models]`
2025-04-15 01:18:24,201:INFO:Engine for model 'lightgbm_cds_dt' has not been set explicitly, hence returning None.
2025-04-15 01:18:24,201:INFO:Engine for model 'catboost_cds_dt' has not been set explicitly, hence returning None.
2025-04-15 01:18:24,201:WARNING:
'catboost' is a soft dependency and not included in the pycaret installation. Please run: `pip install catboost` to install.
Alternately, you can install this by running `pip install pycaret[models]`
2025-04-15 01:18:24,201:WARNING:
'catboost' is a soft dependency and not included in the pycaret installation. Please run: `pip install catboost` to install.
Alternately, you can install this by running `pip install pycaret[models]`
2025-04-15 01:18:24,203:WARNING:
'prophet' is a soft dependency and not included in the pycaret installation. Please run: `pip install prophet` to install.
2025-04-15 01:18:24,203:INFO:Engine for model 'lasso_cds_dt' has not been set explicitly, hence returning None.
2025-04-15 01:18:24,203:INFO:Engine for model 'llar_cds_dt' has not been set explicitly, hence returning None.
2025-04-15 01:18:24,204:INFO:Engine for model 'br_cds_dt' has not been set explicitly, hence returning None.
2025-04-15 01:18:24,204:INFO:Engine for model 'huber_cds_dt' has not been set explicitly, hence returning None.
2025-04-15 01:18:24,205:INFO:Engine for model 'omp_cds_dt' has not been set explicitly, hence returning None.
2025-04-15 01:18:24,206:INFO:Engine for model 'knn_cds_dt' has not been set explicitly, hence returning None.
2025-04-15 01:18:24,206:INFO:Engine for model 'dt_cds_dt' has not been set explicitly, hence returning None.
2025-04-15 01:18:24,206:INFO:Engine for model 'rf_cds_dt' has not been set explicitly, hence returning None.
2025-04-15 01:18:24,207:INFO:Engine for model 'et_cds_dt' has not been set explicitly, hence returning None.
2025-04-15 01:18:24,207:INFO:Engine for model 'gbr_cds_dt' has not been set explicitly, hence returning None.
2025-04-15 01:18:24,207:INFO:Engine for model 'ada_cds_dt' has not been set explicitly, hence returning None.
2025-04-15 01:18:24,207:INFO:Engine for model 'xgboost_cds_dt' has not been set explicitly, hence returning None.
2025-04-15 01:18:24,207:WARNING:
'xgboost' is a soft dependency and not included in the pycaret installation. Please run: `pip install xgboost` to install.
Alternately, you can install this by running `pip install pycaret[models]`
2025-04-15 01:18:24,207:WARNING:
'xgboost' is a soft dependency and not included in the pycaret installation. Please run: `pip install xgboost` to install.
Alternately, you can install this by running `pip install pycaret[models]`
2025-04-15 01:18:24,207:INFO:Engine for model 'lightgbm_cds_dt' has not been set explicitly, hence returning None.
2025-04-15 01:18:24,207:INFO:Engine for model 'catboost_cds_dt' has not been set explicitly, hence returning None.
2025-04-15 01:18:24,207:WARNING:
'catboost' is a soft dependency and not included in the pycaret installation. Please run: `pip install catboost` to install.
Alternately, you can install this by running `pip install pycaret[models]`
2025-04-15 01:18:24,207:WARNING:
'catboost' is a soft dependency and not included in the pycaret installation. Please run: `pip install catboost` to install.
Alternately, you can install this by running `pip install pycaret[models]`
2025-04-15 01:18:24,207:INFO:Engine successfully changes for model 'lasso_cds_dt' to 'sklearn'.
2025-04-15 01:18:24,216:WARNING:
'prophet' is a soft dependency and not included in the pycaret installation. Please run: `pip install prophet` to install.
2025-04-15 01:18:24,216:INFO:Engine for model 'llar_cds_dt' has not been set explicitly, hence returning None.
2025-04-15 01:18:24,216:INFO:Engine for model 'br_cds_dt' has not been set explicitly, hence returning None.
2025-04-15 01:18:24,217:INFO:Engine for model 'huber_cds_dt' has not been set explicitly, hence returning None.
2025-04-15 01:18:24,218:INFO:Engine for model 'omp_cds_dt' has not been set explicitly, hence returning None.
2025-04-15 01:18:24,221:INFO:Engine for model 'knn_cds_dt' has not been set explicitly, hence returning None.
2025-04-15 01:18:24,222:INFO:Engine for model 'dt_cds_dt' has not been set explicitly, hence returning None.
2025-04-15 01:18:24,223:INFO:Engine for model 'rf_cds_dt' has not been set explicitly, hence returning None.
2025-04-15 01:18:24,224:INFO:Engine for model 'et_cds_dt' has not been set explicitly, hence returning None.
2025-04-15 01:18:24,224:INFO:Engine for model 'gbr_cds_dt' has not been set explicitly, hence returning None.
2025-04-15 01:18:24,224:INFO:Engine for model 'ada_cds_dt' has not been set explicitly, hence returning None.
2025-04-15 01:18:24,224:INFO:Engine for model 'xgboost_cds_dt' has not been set explicitly, hence returning None.
2025-04-15 01:18:24,224:WARNING:
'xgboost' is a soft dependency and not included in the pycaret installation. Please run: `pip install xgboost` to install.
Alternately, you can install this by running `pip install pycaret[models]`
2025-04-15 01:18:24,224:WARNING:
'xgboost' is a soft dependency and not included in the pycaret installation. Please run: `pip install xgboost` to install.
Alternately, you can install this by running `pip install pycaret[models]`
2025-04-15 01:18:24,224:INFO:Engine for model 'lightgbm_cds_dt' has not been set explicitly, hence returning None.
2025-04-15 01:18:24,224:INFO:Engine for model 'catboost_cds_dt' has not been set explicitly, hence returning None.
2025-04-15 01:18:24,224:WARNING:
'catboost' is a soft dependency and not included in the pycaret installation. Please run: `pip install catboost` to install.
Alternately, you can install this by running `pip install pycaret[models]`
2025-04-15 01:18:24,224:WARNING:
'catboost' is a soft dependency and not included in the pycaret installation. Please run: `pip install catboost` to install.
Alternately, you can install this by running `pip install pycaret[models]`
2025-04-15 01:18:24,226:WARNING:
'prophet' is a soft dependency and not included in the pycaret installation. Please run: `pip install prophet` to install.
2025-04-15 01:18:24,226:INFO:Engine for model 'llar_cds_dt' has not been set explicitly, hence returning None.
2025-04-15 01:18:24,228:INFO:Engine for model 'br_cds_dt' has not been set explicitly, hence returning None.
2025-04-15 01:18:24,228:INFO:Engine for model 'huber_cds_dt' has not been set explicitly, hence returning None.
2025-04-15 01:18:24,238:INFO:Engine for model 'omp_cds_dt' has not been set explicitly, hence returning None.
2025-04-15 01:18:24,239:INFO:Engine for model 'knn_cds_dt' has not been set explicitly, hence returning None.
2025-04-15 01:18:24,240:INFO:Engine for model 'dt_cds_dt' has not been set explicitly, hence returning None.
2025-04-15 01:18:24,240:INFO:Engine for model 'rf_cds_dt' has not been set explicitly, hence returning None.
2025-04-15 01:18:24,240:INFO:Engine for model 'et_cds_dt' has not been set explicitly, hence returning None.
2025-04-15 01:18:24,241:INFO:Engine for model 'gbr_cds_dt' has not been set explicitly, hence returning None.
2025-04-15 01:18:24,241:INFO:Engine for model 'ada_cds_dt' has not been set explicitly, hence returning None.
2025-04-15 01:18:24,242:INFO:Engine for model 'xgboost_cds_dt' has not been set explicitly, hence returning None.
2025-04-15 01:18:24,242:WARNING:
'xgboost' is a soft dependency and not included in the pycaret installation. Please run: `pip install xgboost` to install.
Alternately, you can install this by running `pip install pycaret[models]`
2025-04-15 01:18:24,242:WARNING:
'xgboost' is a soft dependency and not included in the pycaret installation. Please run: `pip install xgboost` to install.
Alternately, you can install this by running `pip install pycaret[models]`
2025-04-15 01:18:24,242:INFO:Engine for model 'lightgbm_cds_dt' has not been set explicitly, hence returning None.
2025-04-15 01:18:24,242:INFO:Engine for model 'catboost_cds_dt' has not been set explicitly, hence returning None.
2025-04-15 01:18:24,242:WARNING:
'catboost' is a soft dependency and not included in the pycaret installation. Please run: `pip install catboost` to install.
Alternately, you can install this by running `pip install pycaret[models]`
2025-04-15 01:18:24,242:WARNING:
'catboost' is a soft dependency and not included in the pycaret installation. Please run: `pip install catboost` to install.
Alternately, you can install this by running `pip install pycaret[models]`
2025-04-15 01:18:24,243:INFO:Engine successfully changes for model 'lar_cds_dt' to 'sklearn'.
2025-04-15 01:18:24,246:WARNING:
'prophet' is a soft dependency and not included in the pycaret installation. Please run: `pip install prophet` to install.
2025-04-15 01:18:24,250:INFO:Engine for model 'llar_cds_dt' has not been set explicitly, hence returning None.
2025-04-15 01:18:24,250:INFO:Engine for model 'br_cds_dt' has not been set explicitly, hence returning None.
2025-04-15 01:18:24,250:INFO:Engine for model 'huber_cds_dt' has not been set explicitly, hence returning None.
2025-04-15 01:18:24,251:INFO:Engine for model 'omp_cds_dt' has not been set explicitly, hence returning None.
2025-04-15 01:18:24,251:INFO:Engine for model 'knn_cds_dt' has not been set explicitly, hence returning None.
2025-04-15 01:18:24,251:INFO:Engine for model 'dt_cds_dt' has not been set explicitly, hence returning None.
2025-04-15 01:18:24,252:INFO:Engine for model 'rf_cds_dt' has not been set explicitly, hence returning None.
2025-04-15 01:18:24,252:INFO:Engine for model 'et_cds_dt' has not been set explicitly, hence returning None.
2025-04-15 01:18:24,252:INFO:Engine for model 'gbr_cds_dt' has not been set explicitly, hence returning None.
2025-04-15 01:18:24,252:INFO:Engine for model 'ada_cds_dt' has not been set explicitly, hence returning None.
2025-04-15 01:18:24,252:INFO:Engine for model 'xgboost_cds_dt' has not been set explicitly, hence returning None.
2025-04-15 01:18:24,252:WARNING:
'xgboost' is a soft dependency and not included in the pycaret installation. Please run: `pip install xgboost` to install.
Alternately, you can install this by running `pip install pycaret[models]`
2025-04-15 01:18:24,252:WARNING:
'xgboost' is a soft dependency and not included in the pycaret installation. Please run: `pip install xgboost` to install.
Alternately, you can install this by running `pip install pycaret[models]`
2025-04-15 01:18:24,252:INFO:Engine for model 'lightgbm_cds_dt' has not been set explicitly, hence returning None.
2025-04-15 01:18:24,252:INFO:Engine for model 'catboost_cds_dt' has not been set explicitly, hence returning None.
2025-04-15 01:18:24,252:WARNING:
'catboost' is a soft dependency and not included in the pycaret installation. Please run: `pip install catboost` to install.
Alternately, you can install this by running `pip install pycaret[models]`
2025-04-15 01:18:24,252:WARNING:
'catboost' is a soft dependency and not included in the pycaret installation. Please run: `pip install catboost` to install.
Alternately, you can install this by running `pip install pycaret[models]`
2025-04-15 01:18:24,256:WARNING:
'prophet' is a soft dependency and not included in the pycaret installation. Please run: `pip install prophet` to install.
2025-04-15 01:18:24,258:INFO:Engine for model 'llar_cds_dt' has not been set explicitly, hence returning None.
2025-04-15 01:18:24,259:INFO:Engine for model 'br_cds_dt' has not been set explicitly, hence returning None.
2025-04-15 01:18:24,259:INFO:Engine for model 'huber_cds_dt' has not been set explicitly, hence returning None.
2025-04-15 01:18:24,262:INFO:Engine for model 'omp_cds_dt' has not been set explicitly, hence returning None.
2025-04-15 01:18:24,262:INFO:Engine for model 'knn_cds_dt' has not been set explicitly, hence returning None.
2025-04-15 01:18:24,262:INFO:Engine for model 'dt_cds_dt' has not been set explicitly, hence returning None.
2025-04-15 01:18:24,262:INFO:Engine for model 'rf_cds_dt' has not been set explicitly, hence returning None.
2025-04-15 01:18:24,263:INFO:Engine for model 'et_cds_dt' has not been set explicitly, hence returning None.
2025-04-15 01:18:24,263:INFO:Engine for model 'gbr_cds_dt' has not been set explicitly, hence returning None.
2025-04-15 01:18:24,263:INFO:Engine for model 'ada_cds_dt' has not been set explicitly, hence returning None.
2025-04-15 01:18:24,263:INFO:Engine for model 'xgboost_cds_dt' has not been set explicitly, hence returning None.
2025-04-15 01:18:24,263:WARNING:
'xgboost' is a soft dependency and not included in the pycaret installation. Please run: `pip install xgboost` to install.
Alternately, you can install this by running `pip install pycaret[models]`
2025-04-15 01:18:24,263:WARNING:
'xgboost' is a soft dependency and not included in the pycaret installation. Please run: `pip install xgboost` to install.
Alternately, you can install this by running `pip install pycaret[models]`
2025-04-15 01:18:24,263:INFO:Engine for model 'lightgbm_cds_dt' has not been set explicitly, hence returning None.
2025-04-15 01:18:24,263:INFO:Engine for model 'catboost_cds_dt' has not been set explicitly, hence returning None.
2025-04-15 01:18:24,263:WARNING:
'catboost' is a soft dependency and not included in the pycaret installation. Please run: `pip install catboost` to install.
Alternately, you can install this by running `pip install pycaret[models]`
2025-04-15 01:18:24,264:WARNING:
'catboost' is a soft dependency and not included in the pycaret installation. Please run: `pip install catboost` to install.
Alternately, you can install this by running `pip install pycaret[models]`
2025-04-15 01:18:24,264:INFO:Engine successfully changes for model 'llar_cds_dt' to 'sklearn'.
2025-04-15 01:18:24,268:WARNING:
'prophet' is a soft dependency and not included in the pycaret installation. Please run: `pip install prophet` to install.
2025-04-15 01:18:24,269:INFO:Engine for model 'br_cds_dt' has not been set explicitly, hence returning None.
2025-04-15 01:18:24,269:INFO:Engine for model 'huber_cds_dt' has not been set explicitly, hence returning None.
2025-04-15 01:18:24,271:INFO:Engine for model 'omp_cds_dt' has not been set explicitly, hence returning None.
2025-04-15 01:18:24,272:INFO:Engine for model 'knn_cds_dt' has not been set explicitly, hence returning None.
2025-04-15 01:18:24,272:INFO:Engine for model 'dt_cds_dt' has not been set explicitly, hence returning None.
2025-04-15 01:18:24,272:INFO:Engine for model 'rf_cds_dt' has not been set explicitly, hence returning None.
2025-04-15 01:18:24,272:INFO:Engine for model 'et_cds_dt' has not been set explicitly, hence returning None.
2025-04-15 01:18:24,272:INFO:Engine for model 'gbr_cds_dt' has not been set explicitly, hence returning None.
2025-04-15 01:18:24,272:INFO:Engine for model 'ada_cds_dt' has not been set explicitly, hence returning None.
2025-04-15 01:18:24,273:INFO:Engine for model 'xgboost_cds_dt' has not been set explicitly, hence returning None.
2025-04-15 01:18:24,273:WARNING:
'xgboost' is a soft dependency and not included in the pycaret installation. Please run: `pip install xgboost` to install.
Alternately, you can install this by running `pip install pycaret[models]`
2025-04-15 01:18:24,273:WARNING:
'xgboost' is a soft dependency and not included in the pycaret installation. Please run: `pip install xgboost` to install.
Alternately, you can install this by running `pip install pycaret[models]`
2025-04-15 01:18:24,273:INFO:Engine for model 'lightgbm_cds_dt' has not been set explicitly, hence returning None.
2025-04-15 01:18:24,273:INFO:Engine for model 'catboost_cds_dt' has not been set explicitly, hence returning None.
2025-04-15 01:18:24,273:WARNING:
'catboost' is a soft dependency and not included in the pycaret installation. Please run: `pip install catboost` to install.
Alternately, you can install this by running `pip install pycaret[models]`
2025-04-15 01:18:24,273:WARNING:
'catboost' is a soft dependency and not included in the pycaret installation. Please run: `pip install catboost` to install.
Alternately, you can install this by running `pip install pycaret[models]`
2025-04-15 01:18:24,277:WARNING:
'prophet' is a soft dependency and not included in the pycaret installation. Please run: `pip install prophet` to install.
2025-04-15 01:18:24,278:INFO:Engine for model 'br_cds_dt' has not been set explicitly, hence returning None.
2025-04-15 01:18:24,278:INFO:Engine for model 'huber_cds_dt' has not been set explicitly, hence returning None.
2025-04-15 01:18:24,279:INFO:Engine for model 'omp_cds_dt' has not been set explicitly, hence returning None.
2025-04-15 01:18:24,280:INFO:Engine for model 'knn_cds_dt' has not been set explicitly, hence returning None.
2025-04-15 01:18:24,280:INFO:Engine for model 'dt_cds_dt' has not been set explicitly, hence returning None.
2025-04-15 01:18:24,281:INFO:Engine for model 'rf_cds_dt' has not been set explicitly, hence returning None.
2025-04-15 01:18:24,281:INFO:Engine for model 'et_cds_dt' has not been set explicitly, hence returning None.
2025-04-15 01:18:24,281:INFO:Engine for model 'gbr_cds_dt' has not been set explicitly, hence returning None.
2025-04-15 01:18:24,282:INFO:Engine for model 'ada_cds_dt' has not been set explicitly, hence returning None.
2025-04-15 01:18:24,282:INFO:Engine for model 'xgboost_cds_dt' has not been set explicitly, hence returning None.
2025-04-15 01:18:24,282:WARNING:
'xgboost' is a soft dependency and not included in the pycaret installation. Please run: `pip install xgboost` to install.
Alternately, you can install this by running `pip install pycaret[models]`
2025-04-15 01:18:24,282:WARNING:
'xgboost' is a soft dependency and not included in the pycaret installation. Please run: `pip install xgboost` to install.
Alternately, you can install this by running `pip install pycaret[models]`
2025-04-15 01:18:24,282:INFO:Engine for model 'lightgbm_cds_dt' has not been set explicitly, hence returning None.
2025-04-15 01:18:24,282:INFO:Engine for model 'catboost_cds_dt' has not been set explicitly, hence returning None.
2025-04-15 01:18:24,282:WARNING:
'catboost' is a soft dependency and not included in the pycaret installation. Please run: `pip install catboost` to install.
Alternately, you can install this by running `pip install pycaret[models]`
2025-04-15 01:18:24,282:WARNING:
'catboost' is a soft dependency and not included in the pycaret installation. Please run: `pip install catboost` to install.
Alternately, you can install this by running `pip install pycaret[models]`
2025-04-15 01:18:24,283:INFO:Engine successfully changes for model 'br_cds_dt' to 'sklearn'.
2025-04-15 01:18:24,287:WARNING:
'prophet' is a soft dependency and not included in the pycaret installation. Please run: `pip install prophet` to install.
2025-04-15 01:18:24,288:INFO:Engine for model 'huber_cds_dt' has not been set explicitly, hence returning None.
2025-04-15 01:18:24,288:INFO:Engine for model 'omp_cds_dt' has not been set explicitly, hence returning None.
2025-04-15 01:18:24,289:INFO:Engine for model 'knn_cds_dt' has not been set explicitly, hence returning None.
2025-04-15 01:18:24,289:INFO:Engine for model 'dt_cds_dt' has not been set explicitly, hence returning None.
2025-04-15 01:18:24,289:INFO:Engine for model 'rf_cds_dt' has not been set explicitly, hence returning None.
2025-04-15 01:18:24,289:INFO:Engine for model 'et_cds_dt' has not been set explicitly, hence returning None.
2025-04-15 01:18:24,290:INFO:Engine for model 'gbr_cds_dt' has not been set explicitly, hence returning None.
2025-04-15 01:18:24,290:INFO:Engine for model 'ada_cds_dt' has not been set explicitly, hence returning None.
2025-04-15 01:18:24,290:INFO:Engine for model 'xgboost_cds_dt' has not been set explicitly, hence returning None.
2025-04-15 01:18:24,290:WARNING:
'xgboost' is a soft dependency and not included in the pycaret installation. Please run: `pip install xgboost` to install.
Alternately, you can install this by running `pip install pycaret[models]`
2025-04-15 01:18:24,290:WARNING:
'xgboost' is a soft dependency and not included in the pycaret installation. Please run: `pip install xgboost` to install.
Alternately, you can install this by running `pip install pycaret[models]`
2025-04-15 01:18:24,290:INFO:Engine for model 'lightgbm_cds_dt' has not been set explicitly, hence returning None.
2025-04-15 01:18:24,290:INFO:Engine for model 'catboost_cds_dt' has not been set explicitly, hence returning None.
2025-04-15 01:18:24,290:WARNING:
'catboost' is a soft dependency and not included in the pycaret installation. Please run: `pip install catboost` to install.
Alternately, you can install this by running `pip install pycaret[models]`
2025-04-15 01:18:24,290:WARNING:
'catboost' is a soft dependency and not included in the pycaret installation. Please run: `pip install catboost` to install.
Alternately, you can install this by running `pip install pycaret[models]`
2025-04-15 01:18:24,292:WARNING:
'prophet' is a soft dependency and not included in the pycaret installation. Please run: `pip install prophet` to install.
2025-04-15 01:18:24,293:INFO:Engine for model 'huber_cds_dt' has not been set explicitly, hence returning None.
2025-04-15 01:18:24,294:INFO:Engine for model 'omp_cds_dt' has not been set explicitly, hence returning None.
2025-04-15 01:18:24,295:INFO:Engine for model 'knn_cds_dt' has not been set explicitly, hence returning None.
2025-04-15 01:18:24,295:INFO:Engine for model 'dt_cds_dt' has not been set explicitly, hence returning None.
2025-04-15 01:18:24,295:INFO:Engine for model 'rf_cds_dt' has not been set explicitly, hence returning None.
2025-04-15 01:18:24,295:INFO:Engine for model 'et_cds_dt' has not been set explicitly, hence returning None.
2025-04-15 01:18:24,295:INFO:Engine for model 'gbr_cds_dt' has not been set explicitly, hence returning None.
2025-04-15 01:18:24,296:INFO:Engine for model 'ada_cds_dt' has not been set explicitly, hence returning None.
2025-04-15 01:18:24,296:INFO:Engine for model 'xgboost_cds_dt' has not been set explicitly, hence returning None.
2025-04-15 01:18:24,296:WARNING:
'xgboost' is a soft dependency and not included in the pycaret installation. Please run: `pip install xgboost` to install.
Alternately, you can install this by running `pip install pycaret[models]`
2025-04-15 01:18:24,296:WARNING:
'xgboost' is a soft dependency and not included in the pycaret installation. Please run: `pip install xgboost` to install.
Alternately, you can install this by running `pip install pycaret[models]`
2025-04-15 01:18:24,296:INFO:Engine for model 'lightgbm_cds_dt' has not been set explicitly, hence returning None.
2025-04-15 01:18:24,296:INFO:Engine for model 'catboost_cds_dt' has not been set explicitly, hence returning None.
2025-04-15 01:18:24,296:WARNING:
'catboost' is a soft dependency and not included in the pycaret installation. Please run: `pip install catboost` to install.
Alternately, you can install this by running `pip install pycaret[models]`
2025-04-15 01:18:24,296:WARNING:
'catboost' is a soft dependency and not included in the pycaret installation. Please run: `pip install catboost` to install.
Alternately, you can install this by running `pip install pycaret[models]`
2025-04-15 01:18:24,296:INFO:Engine successfully changes for model 'huber_cds_dt' to 'sklearn'.
2025-04-15 01:18:24,299:WARNING:
'prophet' is a soft dependency and not included in the pycaret installation. Please run: `pip install prophet` to install.
2025-04-15 01:18:24,301:INFO:Engine for model 'omp_cds_dt' has not been set explicitly, hence returning None.
2025-04-15 01:18:24,301:INFO:Engine for model 'knn_cds_dt' has not been set explicitly, hence returning None.
2025-04-15 01:18:24,301:INFO:Engine for model 'dt_cds_dt' has not been set explicitly, hence returning None.
2025-04-15 01:18:24,302:INFO:Engine for model 'rf_cds_dt' has not been set explicitly, hence returning None.
2025-04-15 01:18:24,302:INFO:Engine for model 'et_cds_dt' has not been set explicitly, hence returning None.
2025-04-15 01:18:24,303:INFO:Engine for model 'gbr_cds_dt' has not been set explicitly, hence returning None.
2025-04-15 01:18:24,303:INFO:Engine for model 'ada_cds_dt' has not been set explicitly, hence returning None.
2025-04-15 01:18:24,303:INFO:Engine for model 'xgboost_cds_dt' has not been set explicitly, hence returning None.
2025-04-15 01:18:24,303:WARNING:
'xgboost' is a soft dependency and not included in the pycaret installation. Please run: `pip install xgboost` to install.
Alternately, you can install this by running `pip install pycaret[models]`
2025-04-15 01:18:24,303:WARNING:
'xgboost' is a soft dependency and not included in the pycaret installation. Please run: `pip install xgboost` to install.
Alternately, you can install this by running `pip install pycaret[models]`
2025-04-15 01:18:24,303:INFO:Engine for model 'lightgbm_cds_dt' has not been set explicitly, hence returning None.
2025-04-15 01:18:24,303:INFO:Engine for model 'catboost_cds_dt' has not been set explicitly, hence returning None.
2025-04-15 01:18:24,303:WARNING:
'catboost' is a soft dependency and not included in the pycaret installation. Please run: `pip install catboost` to install.
Alternately, you can install this by running `pip install pycaret[models]`
2025-04-15 01:18:24,303:WARNING:
'catboost' is a soft dependency and not included in the pycaret installation. Please run: `pip install catboost` to install.
Alternately, you can install this by running `pip install pycaret[models]`
2025-04-15 01:18:24,304:WARNING:
'prophet' is a soft dependency and not included in the pycaret installation. Please run: `pip install prophet` to install.
2025-04-15 01:18:24,306:INFO:Engine for model 'omp_cds_dt' has not been set explicitly, hence returning None.
2025-04-15 01:18:24,306:INFO:Engine for model 'knn_cds_dt' has not been set explicitly, hence returning None.
2025-04-15 01:18:24,306:INFO:Engine for model 'dt_cds_dt' has not been set explicitly, hence returning None.
2025-04-15 01:18:24,306:INFO:Engine for model 'rf_cds_dt' has not been set explicitly, hence returning None.
2025-04-15 01:18:24,306:INFO:Engine for model 'et_cds_dt' has not been set explicitly, hence returning None.
2025-04-15 01:18:24,307:INFO:Engine for model 'gbr_cds_dt' has not been set explicitly, hence returning None.
2025-04-15 01:18:24,307:INFO:Engine for model 'ada_cds_dt' has not been set explicitly, hence returning None.
2025-04-15 01:18:24,307:INFO:Engine for model 'xgboost_cds_dt' has not been set explicitly, hence returning None.
2025-04-15 01:18:24,307:WARNING:
'xgboost' is a soft dependency and not included in the pycaret installation. Please run: `pip install xgboost` to install.
Alternately, you can install this by running `pip install pycaret[models]`
2025-04-15 01:18:24,307:WARNING:
'xgboost' is a soft dependency and not included in the pycaret installation. Please run: `pip install xgboost` to install.
Alternately, you can install this by running `pip install pycaret[models]`
2025-04-15 01:18:24,307:INFO:Engine for model 'lightgbm_cds_dt' has not been set explicitly, hence returning None.
2025-04-15 01:18:24,307:INFO:Engine for model 'catboost_cds_dt' has not been set explicitly, hence returning None.
2025-04-15 01:18:24,307:WARNING:
'catboost' is a soft dependency and not included in the pycaret installation. Please run: `pip install catboost` to install.
Alternately, you can install this by running `pip install pycaret[models]`
2025-04-15 01:18:24,307:WARNING:
'catboost' is a soft dependency and not included in the pycaret installation. Please run: `pip install catboost` to install.
Alternately, you can install this by running `pip install pycaret[models]`
2025-04-15 01:18:24,307:INFO:Engine successfully changes for model 'par_cds_dt' to 'sklearn'.
2025-04-15 01:18:24,308:WARNING:
'prophet' is a soft dependency and not included in the pycaret installation. Please run: `pip install prophet` to install.
2025-04-15 01:18:24,309:INFO:Engine for model 'omp_cds_dt' has not been set explicitly, hence returning None.
2025-04-15 01:18:24,310:INFO:Engine for model 'knn_cds_dt' has not been set explicitly, hence returning None.
2025-04-15 01:18:24,310:INFO:Engine for model 'dt_cds_dt' has not been set explicitly, hence returning None.
2025-04-15 01:18:24,310:INFO:Engine for model 'rf_cds_dt' has not been set explicitly, hence returning None.
2025-04-15 01:18:24,310:INFO:Engine for model 'et_cds_dt' has not been set explicitly, hence returning None.
2025-04-15 01:18:24,310:INFO:Engine for model 'gbr_cds_dt' has not been set explicitly, hence returning None.
2025-04-15 01:18:24,310:INFO:Engine for model 'ada_cds_dt' has not been set explicitly, hence returning None.
2025-04-15 01:18:24,311:INFO:Engine for model 'xgboost_cds_dt' has not been set explicitly, hence returning None.
2025-04-15 01:18:24,311:WARNING:
'xgboost' is a soft dependency and not included in the pycaret installation. Please run: `pip install xgboost` to install.
Alternately, you can install this by running `pip install pycaret[models]`
2025-04-15 01:18:24,311:WARNING:
'xgboost' is a soft dependency and not included in the pycaret installation. Please run: `pip install xgboost` to install.
Alternately, you can install this by running `pip install pycaret[models]`
2025-04-15 01:18:24,311:INFO:Engine for model 'lightgbm_cds_dt' has not been set explicitly, hence returning None.
2025-04-15 01:18:24,311:INFO:Engine for model 'catboost_cds_dt' has not been set explicitly, hence returning None.
2025-04-15 01:18:24,311:WARNING:
'catboost' is a soft dependency and not included in the pycaret installation. Please run: `pip install catboost` to install.
Alternately, you can install this by running `pip install pycaret[models]`
2025-04-15 01:18:24,311:WARNING:
'catboost' is a soft dependency and not included in the pycaret installation. Please run: `pip install catboost` to install.
Alternately, you can install this by running `pip install pycaret[models]`
2025-04-15 01:18:24,312:WARNING:
'prophet' is a soft dependency and not included in the pycaret installation. Please run: `pip install prophet` to install.
2025-04-15 01:18:24,313:INFO:Engine for model 'omp_cds_dt' has not been set explicitly, hence returning None.
2025-04-15 01:18:24,314:INFO:Engine for model 'knn_cds_dt' has not been set explicitly, hence returning None.
2025-04-15 01:18:24,314:INFO:Engine for model 'dt_cds_dt' has not been set explicitly, hence returning None.
2025-04-15 01:18:24,314:INFO:Engine for model 'rf_cds_dt' has not been set explicitly, hence returning None.
2025-04-15 01:18:24,314:INFO:Engine for model 'et_cds_dt' has not been set explicitly, hence returning None.
2025-04-15 01:18:24,314:INFO:Engine for model 'gbr_cds_dt' has not been set explicitly, hence returning None.
2025-04-15 01:18:24,314:INFO:Engine for model 'ada_cds_dt' has not been set explicitly, hence returning None.
2025-04-15 01:18:24,314:INFO:Engine for model 'xgboost_cds_dt' has not been set explicitly, hence returning None.
2025-04-15 01:18:24,315:WARNING:
'xgboost' is a soft dependency and not included in the pycaret installation. Please run: `pip install xgboost` to install.
Alternately, you can install this by running `pip install pycaret[models]`
2025-04-15 01:18:24,315:WARNING:
'xgboost' is a soft dependency and not included in the pycaret installation. Please run: `pip install xgboost` to install.
Alternately, you can install this by running `pip install pycaret[models]`
2025-04-15 01:18:24,315:INFO:Engine for model 'lightgbm_cds_dt' has not been set explicitly, hence returning None.
2025-04-15 01:18:24,315:INFO:Engine for model 'catboost_cds_dt' has not been set explicitly, hence returning None.
2025-04-15 01:18:24,315:WARNING:
'catboost' is a soft dependency and not included in the pycaret installation. Please run: `pip install catboost` to install.
Alternately, you can install this by running `pip install pycaret[models]`
2025-04-15 01:18:24,315:WARNING:
'catboost' is a soft dependency and not included in the pycaret installation. Please run: `pip install catboost` to install.
Alternately, you can install this by running `pip install pycaret[models]`
2025-04-15 01:18:24,315:INFO:Engine successfully changes for model 'omp_cds_dt' to 'sklearn'.
2025-04-15 01:18:24,317:WARNING:
'prophet' is a soft dependency and not included in the pycaret installation. Please run: `pip install prophet` to install.
2025-04-15 01:18:24,318:INFO:Engine for model 'knn_cds_dt' has not been set explicitly, hence returning None.
2025-04-15 01:18:24,318:INFO:Engine for model 'dt_cds_dt' has not been set explicitly, hence returning None.
2025-04-15 01:18:24,319:INFO:Engine for model 'rf_cds_dt' has not been set explicitly, hence returning None.
2025-04-15 01:18:24,319:INFO:Engine for model 'et_cds_dt' has not been set explicitly, hence returning None.
2025-04-15 01:18:24,319:INFO:Engine for model 'gbr_cds_dt' has not been set explicitly, hence returning None.
2025-04-15 01:18:24,319:INFO:Engine for model 'ada_cds_dt' has not been set explicitly, hence returning None.
2025-04-15 01:18:24,319:INFO:Engine for model 'xgboost_cds_dt' has not been set explicitly, hence returning None.
2025-04-15 01:18:24,319:WARNING:
'xgboost' is a soft dependency and not included in the pycaret installation. Please run: `pip install xgboost` to install.
Alternately, you can install this by running `pip install pycaret[models]`
2025-04-15 01:18:24,319:WARNING:
'xgboost' is a soft dependency and not included in the pycaret installation. Please run: `pip install xgboost` to install.
Alternately, you can install this by running `pip install pycaret[models]`
2025-04-15 01:18:24,319:INFO:Engine for model 'lightgbm_cds_dt' has not been set explicitly, hence returning None.
2025-04-15 01:18:24,319:INFO:Engine for model 'catboost_cds_dt' has not been set explicitly, hence returning None.
2025-04-15 01:18:24,319:WARNING:
'catboost' is a soft dependency and not included in the pycaret installation. Please run: `pip install catboost` to install.
Alternately, you can install this by running `pip install pycaret[models]`
2025-04-15 01:18:24,319:WARNING:
'catboost' is a soft dependency and not included in the pycaret installation. Please run: `pip install catboost` to install.
Alternately, you can install this by running `pip install pycaret[models]`
2025-04-15 01:18:24,321:WARNING:
'prophet' is a soft dependency and not included in the pycaret installation. Please run: `pip install prophet` to install.
2025-04-15 01:18:24,322:INFO:Engine for model 'knn_cds_dt' has not been set explicitly, hence returning None.
2025-04-15 01:18:24,322:INFO:Engine for model 'dt_cds_dt' has not been set explicitly, hence returning None.
2025-04-15 01:18:24,322:INFO:Engine for model 'rf_cds_dt' has not been set explicitly, hence returning None.
2025-04-15 01:18:24,323:INFO:Engine for model 'et_cds_dt' has not been set explicitly, hence returning None.
2025-04-15 01:18:24,323:INFO:Engine for model 'gbr_cds_dt' has not been set explicitly, hence returning None.
2025-04-15 01:18:24,323:INFO:Engine for model 'ada_cds_dt' has not been set explicitly, hence returning None.
2025-04-15 01:18:24,323:INFO:Engine for model 'xgboost_cds_dt' has not been set explicitly, hence returning None.
2025-04-15 01:18:24,323:WARNING:
'xgboost' is a soft dependency and not included in the pycaret installation. Please run: `pip install xgboost` to install.
Alternately, you can install this by running `pip install pycaret[models]`
2025-04-15 01:18:24,323:WARNING:
'xgboost' is a soft dependency and not included in the pycaret installation. Please run: `pip install xgboost` to install.
Alternately, you can install this by running `pip install pycaret[models]`
2025-04-15 01:18:24,323:INFO:Engine for model 'lightgbm_cds_dt' has not been set explicitly, hence returning None.
2025-04-15 01:18:24,323:INFO:Engine for model 'catboost_cds_dt' has not been set explicitly, hence returning None.
2025-04-15 01:18:24,323:WARNING:
'catboost' is a soft dependency and not included in the pycaret installation. Please run: `pip install catboost` to install.
Alternately, you can install this by running `pip install pycaret[models]`
2025-04-15 01:18:24,323:WARNING:
'catboost' is a soft dependency and not included in the pycaret installation. Please run: `pip install catboost` to install.
Alternately, you can install this by running `pip install pycaret[models]`
2025-04-15 01:18:24,323:INFO:Engine successfully changes for model 'knn_cds_dt' to 'sklearn'.
2025-04-15 01:18:24,325:WARNING:
'prophet' is a soft dependency and not included in the pycaret installation. Please run: `pip install prophet` to install.
2025-04-15 01:18:24,327:INFO:Engine for model 'dt_cds_dt' has not been set explicitly, hence returning None.
2025-04-15 01:18:24,328:INFO:Engine for model 'rf_cds_dt' has not been set explicitly, hence returning None.
2025-04-15 01:18:24,328:INFO:Engine for model 'et_cds_dt' has not been set explicitly, hence returning None.
2025-04-15 01:18:24,328:INFO:Engine for model 'gbr_cds_dt' has not been set explicitly, hence returning None.
2025-04-15 01:18:24,329:INFO:Engine for model 'ada_cds_dt' has not been set explicitly, hence returning None.
2025-04-15 01:18:24,329:INFO:Engine for model 'xgboost_cds_dt' has not been set explicitly, hence returning None.
2025-04-15 01:18:24,329:WARNING:
'xgboost' is a soft dependency and not included in the pycaret installation. Please run: `pip install xgboost` to install.
Alternately, you can install this by running `pip install pycaret[models]`
2025-04-15 01:18:24,329:WARNING:
'xgboost' is a soft dependency and not included in the pycaret installation. Please run: `pip install xgboost` to install.
Alternately, you can install this by running `pip install pycaret[models]`
2025-04-15 01:18:24,329:INFO:Engine for model 'lightgbm_cds_dt' has not been set explicitly, hence returning None.
2025-04-15 01:18:24,329:INFO:Engine for model 'catboost_cds_dt' has not been set explicitly, hence returning None.
2025-04-15 01:18:24,329:WARNING:
'catboost' is a soft dependency and not included in the pycaret installation. Please run: `pip install catboost` to install.
Alternately, you can install this by running `pip install pycaret[models]`
2025-04-15 01:18:24,329:WARNING:
'catboost' is a soft dependency and not included in the pycaret installation. Please run: `pip install catboost` to install.
Alternately, you can install this by running `pip install pycaret[models]`
2025-04-15 01:18:24,330:WARNING:
'prophet' is a soft dependency and not included in the pycaret installation. Please run: `pip install prophet` to install.
2025-04-15 01:18:24,334:INFO:Engine for model 'dt_cds_dt' has not been set explicitly, hence returning None.
2025-04-15 01:18:24,334:INFO:Engine for model 'rf_cds_dt' has not been set explicitly, hence returning None.
2025-04-15 01:18:24,334:INFO:Engine for model 'et_cds_dt' has not been set explicitly, hence returning None.
2025-04-15 01:18:24,334:INFO:Engine for model 'gbr_cds_dt' has not been set explicitly, hence returning None.
2025-04-15 01:18:24,335:INFO:Engine for model 'ada_cds_dt' has not been set explicitly, hence returning None.
2025-04-15 01:18:24,335:INFO:Engine for model 'xgboost_cds_dt' has not been set explicitly, hence returning None.
2025-04-15 01:18:24,335:WARNING:
'xgboost' is a soft dependency and not included in the pycaret installation. Please run: `pip install xgboost` to install.
Alternately, you can install this by running `pip install pycaret[models]`
2025-04-15 01:18:24,335:WARNING:
'xgboost' is a soft dependency and not included in the pycaret installation. Please run: `pip install xgboost` to install.
Alternately, you can install this by running `pip install pycaret[models]`
2025-04-15 01:18:24,335:INFO:Engine for model 'lightgbm_cds_dt' has not been set explicitly, hence returning None.
2025-04-15 01:18:24,335:INFO:Engine for model 'catboost_cds_dt' has not been set explicitly, hence returning None.
2025-04-15 01:18:24,335:WARNING:
'catboost' is a soft dependency and not included in the pycaret installation. Please run: `pip install catboost` to install.
Alternately, you can install this by running `pip install pycaret[models]`
2025-04-15 01:18:24,335:WARNING:
'catboost' is a soft dependency and not included in the pycaret installation. Please run: `pip install catboost` to install.
Alternately, you can install this by running `pip install pycaret[models]`
2025-04-15 01:18:24,335:INFO:Engine successfully changes for model 'dt_cds_dt' to 'sklearn'.
2025-04-15 01:18:24,336:WARNING:
'prophet' is a soft dependency and not included in the pycaret installation. Please run: `pip install prophet` to install.
2025-04-15 01:18:24,338:INFO:Engine for model 'rf_cds_dt' has not been set explicitly, hence returning None.
2025-04-15 01:18:24,339:INFO:Engine for model 'et_cds_dt' has not been set explicitly, hence returning None.
2025-04-15 01:18:24,339:INFO:Engine for model 'gbr_cds_dt' has not been set explicitly, hence returning None.
2025-04-15 01:18:24,339:INFO:Engine for model 'ada_cds_dt' has not been set explicitly, hence returning None.
2025-04-15 01:18:24,339:INFO:Engine for model 'xgboost_cds_dt' has not been set explicitly, hence returning None.
2025-04-15 01:18:24,339:WARNING:
'xgboost' is a soft dependency and not included in the pycaret installation. Please run: `pip install xgboost` to install.
Alternately, you can install this by running `pip install pycaret[models]`
2025-04-15 01:18:24,339:WARNING:
'xgboost' is a soft dependency and not included in the pycaret installation. Please run: `pip install xgboost` to install.
Alternately, you can install this by running `pip install pycaret[models]`
2025-04-15 01:18:24,339:INFO:Engine for model 'lightgbm_cds_dt' has not been set explicitly, hence returning None.
2025-04-15 01:18:24,339:INFO:Engine for model 'catboost_cds_dt' has not been set explicitly, hence returning None.
2025-04-15 01:18:24,339:WARNING:
'catboost' is a soft dependency and not included in the pycaret installation. Please run: `pip install catboost` to install.
Alternately, you can install this by running `pip install pycaret[models]`
2025-04-15 01:18:24,339:WARNING:
'catboost' is a soft dependency and not included in the pycaret installation. Please run: `pip install catboost` to install.
Alternately, you can install this by running `pip install pycaret[models]`
2025-04-15 01:18:24,340:WARNING:
'prophet' is a soft dependency and not included in the pycaret installation. Please run: `pip install prophet` to install.
2025-04-15 01:18:24,342:INFO:Engine for model 'rf_cds_dt' has not been set explicitly, hence returning None.
2025-04-15 01:18:24,343:INFO:Engine for model 'et_cds_dt' has not been set explicitly, hence returning None.
2025-04-15 01:18:24,343:INFO:Engine for model 'gbr_cds_dt' has not been set explicitly, hence returning None.
2025-04-15 01:18:24,343:INFO:Engine for model 'ada_cds_dt' has not been set explicitly, hence returning None.
2025-04-15 01:18:24,343:INFO:Engine for model 'xgboost_cds_dt' has not been set explicitly, hence returning None.
2025-04-15 01:18:24,343:WARNING:
'xgboost' is a soft dependency and not included in the pycaret installation. Please run: `pip install xgboost` to install.
Alternately, you can install this by running `pip install pycaret[models]`
2025-04-15 01:18:24,343:WARNING:
'xgboost' is a soft dependency and not included in the pycaret installation. Please run: `pip install xgboost` to install.
Alternately, you can install this by running `pip install pycaret[models]`
2025-04-15 01:18:24,343:INFO:Engine for model 'lightgbm_cds_dt' has not been set explicitly, hence returning None.
2025-04-15 01:18:24,343:INFO:Engine for model 'catboost_cds_dt' has not been set explicitly, hence returning None.
2025-04-15 01:18:24,343:WARNING:
'catboost' is a soft dependency and not included in the pycaret installation. Please run: `pip install catboost` to install.
Alternately, you can install this by running `pip install pycaret[models]`
2025-04-15 01:18:24,343:WARNING:
'catboost' is a soft dependency and not included in the pycaret installation. Please run: `pip install catboost` to install.
Alternately, you can install this by running `pip install pycaret[models]`
2025-04-15 01:18:24,343:INFO:Engine successfully changes for model 'rf_cds_dt' to 'sklearn'.
2025-04-15 01:18:24,345:WARNING:
'prophet' is a soft dependency and not included in the pycaret installation. Please run: `pip install prophet` to install.
2025-04-15 01:18:24,347:INFO:Engine for model 'et_cds_dt' has not been set explicitly, hence returning None.
2025-04-15 01:18:24,347:INFO:Engine for model 'gbr_cds_dt' has not been set explicitly, hence returning None.
2025-04-15 01:18:24,347:INFO:Engine for model 'ada_cds_dt' has not been set explicitly, hence returning None.
2025-04-15 01:18:24,348:INFO:Engine for model 'xgboost_cds_dt' has not been set explicitly, hence returning None.
2025-04-15 01:18:24,348:WARNING:
'xgboost' is a soft dependency and not included in the pycaret installation. Please run: `pip install xgboost` to install.
Alternately, you can install this by running `pip install pycaret[models]`
2025-04-15 01:18:24,348:WARNING:
'xgboost' is a soft dependency and not included in the pycaret installation. Please run: `pip install xgboost` to install.
Alternately, you can install this by running `pip install pycaret[models]`
2025-04-15 01:18:24,348:INFO:Engine for model 'lightgbm_cds_dt' has not been set explicitly, hence returning None.
2025-04-15 01:18:24,348:INFO:Engine for model 'catboost_cds_dt' has not been set explicitly, hence returning None.
2025-04-15 01:18:24,348:WARNING:
'catboost' is a soft dependency and not included in the pycaret installation. Please run: `pip install catboost` to install.
Alternately, you can install this by running `pip install pycaret[models]`
2025-04-15 01:18:24,348:WARNING:
'catboost' is a soft dependency and not included in the pycaret installation. Please run: `pip install catboost` to install.
Alternately, you can install this by running `pip install pycaret[models]`
2025-04-15 01:18:24,350:WARNING:
'prophet' is a soft dependency and not included in the pycaret installation. Please run: `pip install prophet` to install.
2025-04-15 01:18:24,352:INFO:Engine for model 'et_cds_dt' has not been set explicitly, hence returning None.
2025-04-15 01:18:24,352:INFO:Engine for model 'gbr_cds_dt' has not been set explicitly, hence returning None.
2025-04-15 01:18:24,353:INFO:Engine for model 'ada_cds_dt' has not been set explicitly, hence returning None.
2025-04-15 01:18:24,353:INFO:Engine for model 'xgboost_cds_dt' has not been set explicitly, hence returning None.
2025-04-15 01:18:24,353:WARNING:
'xgboost' is a soft dependency and not included in the pycaret installation. Please run: `pip install xgboost` to install.
Alternately, you can install this by running `pip install pycaret[models]`
2025-04-15 01:18:24,353:WARNING:
'xgboost' is a soft dependency and not included in the pycaret installation. Please run: `pip install xgboost` to install.
Alternately, you can install this by running `pip install pycaret[models]`
2025-04-15 01:18:24,353:INFO:Engine for model 'lightgbm_cds_dt' has not been set explicitly, hence returning None.
2025-04-15 01:18:24,353:INFO:Engine for model 'catboost_cds_dt' has not been set explicitly, hence returning None.
2025-04-15 01:18:24,353:WARNING:
'catboost' is a soft dependency and not included in the pycaret installation. Please run: `pip install catboost` to install.
Alternately, you can install this by running `pip install pycaret[models]`
2025-04-15 01:18:24,353:WARNING:
'catboost' is a soft dependency and not included in the pycaret installation. Please run: `pip install catboost` to install.
Alternately, you can install this by running `pip install pycaret[models]`
2025-04-15 01:18:24,353:INFO:Engine successfully changes for model 'et_cds_dt' to 'sklearn'.
2025-04-15 01:18:24,354:WARNING:
'prophet' is a soft dependency and not included in the pycaret installation. Please run: `pip install prophet` to install.
2025-04-15 01:18:24,357:INFO:Engine for model 'gbr_cds_dt' has not been set explicitly, hence returning None.
2025-04-15 01:18:24,357:INFO:Engine for model 'ada_cds_dt' has not been set explicitly, hence returning None.
2025-04-15 01:18:24,357:INFO:Engine for model 'xgboost_cds_dt' has not been set explicitly, hence returning None.
2025-04-15 01:18:24,357:WARNING:
'xgboost' is a soft dependency and not included in the pycaret installation. Please run: `pip install xgboost` to install.
Alternately, you can install this by running `pip install pycaret[models]`
2025-04-15 01:18:24,357:WARNING:
'xgboost' is a soft dependency and not included in the pycaret installation. Please run: `pip install xgboost` to install.
Alternately, you can install this by running `pip install pycaret[models]`
2025-04-15 01:18:24,357:INFO:Engine for model 'lightgbm_cds_dt' has not been set explicitly, hence returning None.
2025-04-15 01:18:24,358:INFO:Engine for model 'catboost_cds_dt' has not been set explicitly, hence returning None.
2025-04-15 01:18:24,358:WARNING:
'catboost' is a soft dependency and not included in the pycaret installation. Please run: `pip install catboost` to install.
Alternately, you can install this by running `pip install pycaret[models]`
2025-04-15 01:18:24,358:WARNING:
'catboost' is a soft dependency and not included in the pycaret installation. Please run: `pip install catboost` to install.
Alternately, you can install this by running `pip install pycaret[models]`
2025-04-15 01:18:24,359:WARNING:
'prophet' is a soft dependency and not included in the pycaret installation. Please run: `pip install prophet` to install.
2025-04-15 01:18:24,361:INFO:Engine for model 'gbr_cds_dt' has not been set explicitly, hence returning None.
2025-04-15 01:18:24,362:INFO:Engine for model 'ada_cds_dt' has not been set explicitly, hence returning None.
2025-04-15 01:18:24,362:INFO:Engine for model 'xgboost_cds_dt' has not been set explicitly, hence returning None.
2025-04-15 01:18:24,362:WARNING:
'xgboost' is a soft dependency and not included in the pycaret installation. Please run: `pip install xgboost` to install.
Alternately, you can install this by running `pip install pycaret[models]`
2025-04-15 01:18:24,362:WARNING:
'xgboost' is a soft dependency and not included in the pycaret installation. Please run: `pip install xgboost` to install.
Alternately, you can install this by running `pip install pycaret[models]`
2025-04-15 01:18:24,362:INFO:Engine for model 'lightgbm_cds_dt' has not been set explicitly, hence returning None.
2025-04-15 01:18:24,362:INFO:Engine for model 'catboost_cds_dt' has not been set explicitly, hence returning None.
2025-04-15 01:18:24,362:WARNING:
'catboost' is a soft dependency and not included in the pycaret installation. Please run: `pip install catboost` to install.
Alternately, you can install this by running `pip install pycaret[models]`
2025-04-15 01:18:24,362:WARNING:
'catboost' is a soft dependency and not included in the pycaret installation. Please run: `pip install catboost` to install.
Alternately, you can install this by running `pip install pycaret[models]`
2025-04-15 01:18:24,362:INFO:Engine successfully changes for model 'gbr_cds_dt' to 'sklearn'.
2025-04-15 01:18:24,363:WARNING:
'prophet' is a soft dependency and not included in the pycaret installation. Please run: `pip install prophet` to install.
2025-04-15 01:18:24,367:INFO:Engine for model 'ada_cds_dt' has not been set explicitly, hence returning None.
2025-04-15 01:18:24,368:INFO:Engine for model 'xgboost_cds_dt' has not been set explicitly, hence returning None.
2025-04-15 01:18:24,368:WARNING:
'xgboost' is a soft dependency and not included in the pycaret installation. Please run: `pip install xgboost` to install.
Alternately, you can install this by running `pip install pycaret[models]`
2025-04-15 01:18:24,368:WARNING:
'xgboost' is a soft dependency and not included in the pycaret installation. Please run: `pip install xgboost` to install.
Alternately, you can install this by running `pip install pycaret[models]`
2025-04-15 01:18:24,368:INFO:Engine for model 'lightgbm_cds_dt' has not been set explicitly, hence returning None.
2025-04-15 01:18:24,368:INFO:Engine for model 'catboost_cds_dt' has not been set explicitly, hence returning None.
2025-04-15 01:18:24,368:WARNING:
'catboost' is a soft dependency and not included in the pycaret installation. Please run: `pip install catboost` to install.
Alternately, you can install this by running `pip install pycaret[models]`
2025-04-15 01:18:24,368:WARNING:
'catboost' is a soft dependency and not included in the pycaret installation. Please run: `pip install catboost` to install.
Alternately, you can install this by running `pip install pycaret[models]`
2025-04-15 01:18:24,369:WARNING:
'prophet' is a soft dependency and not included in the pycaret installation. Please run: `pip install prophet` to install.
2025-04-15 01:18:24,371:INFO:Engine for model 'ada_cds_dt' has not been set explicitly, hence returning None.
2025-04-15 01:18:24,371:INFO:Engine for model 'xgboost_cds_dt' has not been set explicitly, hence returning None.
2025-04-15 01:18:24,371:WARNING:
'xgboost' is a soft dependency and not included in the pycaret installation. Please run: `pip install xgboost` to install.
Alternately, you can install this by running `pip install pycaret[models]`
2025-04-15 01:18:24,371:WARNING:
'xgboost' is a soft dependency and not included in the pycaret installation. Please run: `pip install xgboost` to install.
Alternately, you can install this by running `pip install pycaret[models]`
2025-04-15 01:18:24,372:INFO:Engine for model 'lightgbm_cds_dt' has not been set explicitly, hence returning None.
2025-04-15 01:18:24,372:INFO:Engine for model 'catboost_cds_dt' has not been set explicitly, hence returning None.
2025-04-15 01:18:24,372:WARNING:
'catboost' is a soft dependency and not included in the pycaret installation. Please run: `pip install catboost` to install.
Alternately, you can install this by running `pip install pycaret[models]`
2025-04-15 01:18:24,372:WARNING:
'catboost' is a soft dependency and not included in the pycaret installation. Please run: `pip install catboost` to install.
Alternately, you can install this by running `pip install pycaret[models]`
2025-04-15 01:18:24,372:INFO:Engine successfully changes for model 'ada_cds_dt' to 'sklearn'.
2025-04-15 01:18:24,373:WARNING:
'prophet' is a soft dependency and not included in the pycaret installation. Please run: `pip install prophet` to install.
2025-04-15 01:18:24,375:INFO:Engine for model 'xgboost_cds_dt' has not been set explicitly, hence returning None.
2025-04-15 01:18:24,375:WARNING:
'xgboost' is a soft dependency and not included in the pycaret installation. Please run: `pip install xgboost` to install.
Alternately, you can install this by running `pip install pycaret[models]`
2025-04-15 01:18:24,375:WARNING:
'xgboost' is a soft dependency and not included in the pycaret installation. Please run: `pip install xgboost` to install.
Alternately, you can install this by running `pip install pycaret[models]`
2025-04-15 01:18:24,375:INFO:Engine for model 'lightgbm_cds_dt' has not been set explicitly, hence returning None.
2025-04-15 01:18:24,375:INFO:Engine for model 'catboost_cds_dt' has not been set explicitly, hence returning None.
2025-04-15 01:18:24,375:WARNING:
'catboost' is a soft dependency and not included in the pycaret installation. Please run: `pip install catboost` to install.
Alternately, you can install this by running `pip install pycaret[models]`
2025-04-15 01:18:24,375:WARNING:
'catboost' is a soft dependency and not included in the pycaret installation. Please run: `pip install catboost` to install.
Alternately, you can install this by running `pip install pycaret[models]`
2025-04-15 01:18:24,377:WARNING:
'prophet' is a soft dependency and not included in the pycaret installation. Please run: `pip install prophet` to install.
2025-04-15 01:18:24,379:INFO:Engine for model 'xgboost_cds_dt' has not been set explicitly, hence returning None.
2025-04-15 01:18:24,379:WARNING:
'xgboost' is a soft dependency and not included in the pycaret installation. Please run: `pip install xgboost` to install.
Alternately, you can install this by running `pip install pycaret[models]`
2025-04-15 01:18:24,379:WARNING:
'xgboost' is a soft dependency and not included in the pycaret installation. Please run: `pip install xgboost` to install.
Alternately, you can install this by running `pip install pycaret[models]`
2025-04-15 01:18:24,379:INFO:Engine for model 'lightgbm_cds_dt' has not been set explicitly, hence returning None.
2025-04-15 01:18:24,379:INFO:Engine for model 'catboost_cds_dt' has not been set explicitly, hence returning None.
2025-04-15 01:18:24,379:WARNING:
'catboost' is a soft dependency and not included in the pycaret installation. Please run: `pip install catboost` to install.
Alternately, you can install this by running `pip install pycaret[models]`
2025-04-15 01:18:24,379:WARNING:
'catboost' is a soft dependency and not included in the pycaret installation. Please run: `pip install catboost` to install.
Alternately, you can install this by running `pip install pycaret[models]`
2025-04-15 01:18:24,379:INFO:Engine successfully changes for model 'xgboost_cds_dt' to 'sklearn'.
2025-04-15 01:18:24,381:WARNING:
'prophet' is a soft dependency and not included in the pycaret installation. Please run: `pip install prophet` to install.
2025-04-15 01:18:24,384:WARNING:
'xgboost' is a soft dependency and not included in the pycaret installation. Please run: `pip install xgboost` to install.
Alternately, you can install this by running `pip install pycaret[models]`
2025-04-15 01:18:24,384:WARNING:
'xgboost' is a soft dependency and not included in the pycaret installation. Please run: `pip install xgboost` to install.
Alternately, you can install this by running `pip install pycaret[models]`
2025-04-15 01:18:24,384:INFO:Engine for model 'lightgbm_cds_dt' has not been set explicitly, hence returning None.
2025-04-15 01:18:24,384:INFO:Engine for model 'catboost_cds_dt' has not been set explicitly, hence returning None.
2025-04-15 01:18:24,384:WARNING:
'catboost' is a soft dependency and not included in the pycaret installation. Please run: `pip install catboost` to install.
Alternately, you can install this by running `pip install pycaret[models]`
2025-04-15 01:18:24,384:WARNING:
'catboost' is a soft dependency and not included in the pycaret installation. Please run: `pip install catboost` to install.
Alternately, you can install this by running `pip install pycaret[models]`
2025-04-15 01:18:24,385:WARNING:
'prophet' is a soft dependency and not included in the pycaret installation. Please run: `pip install prophet` to install.
2025-04-15 01:18:24,388:WARNING:
'xgboost' is a soft dependency and not included in the pycaret installation. Please run: `pip install xgboost` to install.
Alternately, you can install this by running `pip install pycaret[models]`
2025-04-15 01:18:24,388:WARNING:
'xgboost' is a soft dependency and not included in the pycaret installation. Please run: `pip install xgboost` to install.
Alternately, you can install this by running `pip install pycaret[models]`
2025-04-15 01:18:24,388:INFO:Engine for model 'lightgbm_cds_dt' has not been set explicitly, hence returning None.
2025-04-15 01:18:24,388:INFO:Engine for model 'catboost_cds_dt' has not been set explicitly, hence returning None.
2025-04-15 01:18:24,388:WARNING:
'catboost' is a soft dependency and not included in the pycaret installation. Please run: `pip install catboost` to install.
Alternately, you can install this by running `pip install pycaret[models]`
2025-04-15 01:18:24,388:WARNING:
'catboost' is a soft dependency and not included in the pycaret installation. Please run: `pip install catboost` to install.
Alternately, you can install this by running `pip install pycaret[models]`
2025-04-15 01:18:24,388:INFO:Engine successfully changes for model 'lightgbm_cds_dt' to 'sklearn'.
2025-04-15 01:18:24,390:WARNING:
'prophet' is a soft dependency and not included in the pycaret installation. Please run: `pip install prophet` to install.
2025-04-15 01:18:24,392:WARNING:
'xgboost' is a soft dependency and not included in the pycaret installation. Please run: `pip install xgboost` to install.
Alternately, you can install this by running `pip install pycaret[models]`
2025-04-15 01:18:24,392:WARNING:
'xgboost' is a soft dependency and not included in the pycaret installation. Please run: `pip install xgboost` to install.
Alternately, you can install this by running `pip install pycaret[models]`
2025-04-15 01:18:24,392:INFO:Engine for model 'catboost_cds_dt' has not been set explicitly, hence returning None.
2025-04-15 01:18:24,392:WARNING:
'catboost' is a soft dependency and not included in the pycaret installation. Please run: `pip install catboost` to install.
Alternately, you can install this by running `pip install pycaret[models]`
2025-04-15 01:18:24,392:WARNING:
'catboost' is a soft dependency and not included in the pycaret installation. Please run: `pip install catboost` to install.
Alternately, you can install this by running `pip install pycaret[models]`
2025-04-15 01:18:24,394:WARNING:
'prophet' is a soft dependency and not included in the pycaret installation. Please run: `pip install prophet` to install.
2025-04-15 01:18:24,396:WARNING:
'xgboost' is a soft dependency and not included in the pycaret installation. Please run: `pip install xgboost` to install.
Alternately, you can install this by running `pip install pycaret[models]`
2025-04-15 01:18:24,396:WARNING:
'xgboost' is a soft dependency and not included in the pycaret installation. Please run: `pip install xgboost` to install.
Alternately, you can install this by running `pip install pycaret[models]`
2025-04-15 01:18:24,396:INFO:Engine for model 'catboost_cds_dt' has not been set explicitly, hence returning None.
2025-04-15 01:18:24,396:WARNING:
'catboost' is a soft dependency and not included in the pycaret installation. Please run: `pip install catboost` to install.
Alternately, you can install this by running `pip install pycaret[models]`
2025-04-15 01:18:24,396:WARNING:
'catboost' is a soft dependency and not included in the pycaret installation. Please run: `pip install catboost` to install.
Alternately, you can install this by running `pip install pycaret[models]`
2025-04-15 01:18:24,396:INFO:Engine successfully changes for model 'catboost_cds_dt' to 'sklearn'.
2025-04-15 01:18:24,398:WARNING:
'prophet' is a soft dependency and not included in the pycaret installation. Please run: `pip install prophet` to install.
2025-04-15 01:18:24,402:WARNING:
'xgboost' is a soft dependency and not included in the pycaret installation. Please run: `pip install xgboost` to install.
Alternately, you can install this by running `pip install pycaret[models]`
2025-04-15 01:18:24,402:WARNING:
'xgboost' is a soft dependency and not included in the pycaret installation. Please run: `pip install xgboost` to install.
Alternately, you can install this by running `pip install pycaret[models]`
2025-04-15 01:18:24,402:WARNING:
'catboost' is a soft dependency and not included in the pycaret installation. Please run: `pip install catboost` to install.
Alternately, you can install this by running `pip install pycaret[models]`
2025-04-15 01:18:24,402:WARNING:
'catboost' is a soft dependency and not included in the pycaret installation. Please run: `pip install catboost` to install.
Alternately, you can install this by running `pip install pycaret[models]`
2025-04-15 01:18:24,403:WARNING:
'prophet' is a soft dependency and not included in the pycaret installation. Please run: `pip install prophet` to install.
2025-04-15 01:18:24,406:WARNING:
'xgboost' is a soft dependency and not included in the pycaret installation. Please run: `pip install xgboost` to install.
Alternately, you can install this by running `pip install pycaret[models]`
2025-04-15 01:18:24,406:WARNING:
'xgboost' is a soft dependency and not included in the pycaret installation. Please run: `pip install xgboost` to install.
Alternately, you can install this by running `pip install pycaret[models]`
2025-04-15 01:18:24,406:WARNING:
'catboost' is a soft dependency and not included in the pycaret installation. Please run: `pip install catboost` to install.
Alternately, you can install this by running `pip install pycaret[models]`
2025-04-15 01:18:24,407:WARNING:
'catboost' is a soft dependency and not included in the pycaret installation. Please run: `pip install catboost` to install.
Alternately, you can install this by running `pip install pycaret[models]`
2025-04-15 01:18:24,408:WARNING:
'prophet' is a soft dependency and not included in the pycaret installation. Please run: `pip install prophet` to install.
2025-04-15 01:18:24,410:WARNING:
'xgboost' is a soft dependency and not included in the pycaret installation. Please run: `pip install xgboost` to install.
Alternately, you can install this by running `pip install pycaret[models]`
2025-04-15 01:18:24,410:WARNING:
'xgboost' is a soft dependency and not included in the pycaret installation. Please run: `pip install xgboost` to install.
Alternately, you can install this by running `pip install pycaret[models]`
2025-04-15 01:18:24,411:WARNING:
'catboost' is a soft dependency and not included in the pycaret installation. Please run: `pip install catboost` to install.
Alternately, you can install this by running `pip install pycaret[models]`
2025-04-15 01:18:24,411:WARNING:
'catboost' is a soft dependency and not included in the pycaret installation. Please run: `pip install catboost` to install.
Alternately, you can install this by running `pip install pycaret[models]`
2025-04-15 01:18:24,412:WARNING:
'prophet' is a soft dependency and not included in the pycaret installation. Please run: `pip install prophet` to install.
2025-04-15 01:18:24,416:WARNING:
'xgboost' is a soft dependency and not included in the pycaret installation. Please run: `pip install xgboost` to install.
Alternately, you can install this by running `pip install pycaret[models]`
2025-04-15 01:18:24,416:WARNING:
'xgboost' is a soft dependency and not included in the pycaret installation. Please run: `pip install xgboost` to install.
Alternately, you can install this by running `pip install pycaret[models]`
2025-04-15 01:18:24,417:WARNING:
'catboost' is a soft dependency and not included in the pycaret installation. Please run: `pip install catboost` to install.
Alternately, you can install this by running `pip install pycaret[models]`
2025-04-15 01:18:24,417:WARNING:
'catboost' is a soft dependency and not included in the pycaret installation. Please run: `pip install catboost` to install.
Alternately, you can install this by running `pip install pycaret[models]`
2025-04-15 01:18:24,417:INFO:setup() successfully completed in 0.58s...............
2025-04-15 01:18:24,418:INFO:Initializing compare_models()
2025-04-15 01:18:24,418:INFO:compare_models(self=<pycaret.time_series.forecasting.oop.TSForecastingExperiment object at 0x315f72f10>, include=['ets', 'exp_smooth'], exclude=None, fold=None, round=4, cross_validation=True, sort=RMSE, n_select=1, budget_time=None, turbo=True, errors=ignore, fit_kwargs=None, groups=None, experiment_custom_tags=None, probability_threshold=None, verbose=False, parallel=None, caller_params={'self': <pycaret.time_series.forecasting.oop.TSForecastingExperiment object at 0x315f72f10>, 'include': ['ets', 'exp_smooth'], 'exclude': None, 'fold': None, 'round': 4, 'cross_validation': True, 'sort': 'RMSE', 'n_select': 1, 'budget_time': None, 'turbo': True, 'errors': 'ignore', 'fit_kwargs': None, 'experiment_custom_tags': None, 'engine': None, 'verbose': False, 'parallel': None, '__class__': <class 'pycaret.time_series.forecasting.oop.TSForecastingExperiment'>})
2025-04-15 01:18:24,418:INFO:Checking exceptions
2025-04-15 01:18:24,419:INFO:Preparing display monitor
2025-04-15 01:18:24,424:INFO:Initializing ETS
2025-04-15 01:18:24,424:INFO:Total runtime is 1.148382822672526e-06 minutes
2025-04-15 01:18:24,424:INFO:SubProcess create_model() called ==================================
2025-04-15 01:18:24,424:INFO:Initializing create_model()
2025-04-15 01:18:24,424:INFO:create_model(self=<pycaret.time_series.forecasting.oop.TSForecastingExperiment object at 0x315f72f10>, estimator=ets, fold=None, round=4, cross_validation=True, predict=True, fit_kwargs={}, groups=None, refit=False, probability_threshold=None, experiment_custom_tags=None, verbose=False, system=False, add_to_model_list=True, metrics=None, display=<pycaret.internal.display.display.CommonDisplay object at 0x319efad50>, model_only=True, return_train_score=False, error_score=0.0, kwargs={})
2025-04-15 01:18:24,424:INFO:Checking exceptions
2025-04-15 01:18:24,424:INFO:Importing libraries
2025-04-15 01:18:24,424:INFO:Copying training dataset
2025-04-15 01:18:24,426:INFO:Defining folds
2025-04-15 01:18:24,426:INFO:Declaring metric variables
2025-04-15 01:18:24,426:INFO:Importing untrained model
2025-04-15 01:18:24,426:INFO:ETS Imported successfully
2025-04-15 01:18:24,427:INFO:Starting cross validation
2025-04-15 01:18:24,428:INFO:Cross validating with ExpandingWindowSplitter(fh=ForecastingHorizon([ 1,  2,  3,  4,  5,  6,  7,  8,  9, 10, 11, 12, 13, 14, 15, 16, 17, 18,
       19, 20, 21, 22, 23, 24, 25, 26, 27, 28, 29, 30],
      dtype='int64', is_relative=True),
                        initial_window=1341, step_length=30), n_jobs=-1
2025-04-15 01:18:30,315:WARNING:/opt/anaconda3/envs/LSTM/lib/python3.11/site-packages/sklearn/metrics/_regression.py:483: FutureWarning: 'squared' is deprecated in version 1.4 and will be removed in 1.6. To calculate the root mean squared error, use the function'root_mean_squared_error'.
  warnings.warn(

2025-04-15 01:18:30,316:WARNING:/opt/anaconda3/envs/LSTM/lib/python3.11/site-packages/sklearn/metrics/_regression.py:483: FutureWarning: 'squared' is deprecated in version 1.4 and will be removed in 1.6. To calculate the root mean squared error, use the function'root_mean_squared_error'.
  warnings.warn(

2025-04-15 01:18:30,327:WARNING:/opt/anaconda3/envs/LSTM/lib/python3.11/site-packages/sklearn/metrics/_regression.py:483: FutureWarning: 'squared' is deprecated in version 1.4 and will be removed in 1.6. To calculate the root mean squared error, use the function'root_mean_squared_error'.
  warnings.warn(

2025-04-15 01:18:30,327:WARNING:/opt/anaconda3/envs/LSTM/lib/python3.11/site-packages/sklearn/metrics/_regression.py:483: FutureWarning: 'squared' is deprecated in version 1.4 and will be removed in 1.6. To calculate the root mean squared error, use the function'root_mean_squared_error'.
  warnings.warn(

2025-04-15 01:18:30,329:WARNING:/opt/anaconda3/envs/LSTM/lib/python3.11/site-packages/sklearn/metrics/_regression.py:483: FutureWarning: 'squared' is deprecated in version 1.4 and will be removed in 1.6. To calculate the root mean squared error, use the function'root_mean_squared_error'.
  warnings.warn(

2025-04-15 01:18:30,330:WARNING:/opt/anaconda3/envs/LSTM/lib/python3.11/site-packages/sklearn/metrics/_regression.py:483: FutureWarning: 'squared' is deprecated in version 1.4 and will be removed in 1.6. To calculate the root mean squared error, use the function'root_mean_squared_error'.
  warnings.warn(

2025-04-15 01:18:30,342:INFO:Calculating mean and std
2025-04-15 01:18:30,344:INFO:Creating metrics dataframe
2025-04-15 01:18:30,358:INFO:Uploading results into container
2025-04-15 01:18:30,359:INFO:Uploading model into container now
2025-04-15 01:18:30,361:INFO:_master_model_container: 1
2025-04-15 01:18:30,361:INFO:_display_container: 2
2025-04-15 01:18:30,363:INFO:AutoETS(seasonal='mul', sp=33, trend='add')
2025-04-15 01:18:30,363:INFO:create_model() successfully completed......................................
2025-04-15 01:18:30,622:INFO:SubProcess create_model() end ==================================
2025-04-15 01:18:30,622:INFO:Creating metrics dataframe
2025-04-15 01:18:30,623:INFO:Initializing Exponential Smoothing
2025-04-15 01:18:30,623:INFO:Total runtime is 0.10332336823145548 minutes
2025-04-15 01:18:30,623:INFO:SubProcess create_model() called ==================================
2025-04-15 01:18:30,623:INFO:Initializing create_model()
2025-04-15 01:18:30,623:INFO:create_model(self=<pycaret.time_series.forecasting.oop.TSForecastingExperiment object at 0x315f72f10>, estimator=exp_smooth, fold=None, round=4, cross_validation=True, predict=True, fit_kwargs={}, groups=None, refit=False, probability_threshold=None, experiment_custom_tags=None, verbose=False, system=False, add_to_model_list=True, metrics=None, display=<pycaret.internal.display.display.CommonDisplay object at 0x319efad50>, model_only=True, return_train_score=False, error_score=0.0, kwargs={})
2025-04-15 01:18:30,623:INFO:Checking exceptions
2025-04-15 01:18:30,623:INFO:Importing libraries
2025-04-15 01:18:30,624:INFO:Copying training dataset
2025-04-15 01:18:30,625:INFO:Defining folds
2025-04-15 01:18:30,625:INFO:Declaring metric variables
2025-04-15 01:18:30,625:INFO:Importing untrained model
2025-04-15 01:18:30,625:INFO:Exponential Smoothing Imported successfully
2025-04-15 01:18:30,626:INFO:Starting cross validation
2025-04-15 01:18:30,626:INFO:Cross validating with ExpandingWindowSplitter(fh=ForecastingHorizon([ 1,  2,  3,  4,  5,  6,  7,  8,  9, 10, 11, 12, 13, 14, 15, 16, 17, 18,
       19, 20, 21, 22, 23, 24, 25, 26, 27, 28, 29, 30],
      dtype='int64', is_relative=True),
                        initial_window=1341, step_length=30), n_jobs=-1
2025-04-15 01:18:30,858:WARNING:/opt/anaconda3/envs/LSTM/lib/python3.11/site-packages/statsmodels/tsa/holtwinters/model.py:918: ConvergenceWarning: Optimization failed to converge. Check mle_retvals.
  warnings.warn(

2025-04-15 01:18:30,878:WARNING:/opt/anaconda3/envs/LSTM/lib/python3.11/site-packages/sklearn/metrics/_regression.py:483: FutureWarning: 'squared' is deprecated in version 1.4 and will be removed in 1.6. To calculate the root mean squared error, use the function'root_mean_squared_error'.
  warnings.warn(

2025-04-15 01:18:30,878:WARNING:/opt/anaconda3/envs/LSTM/lib/python3.11/site-packages/sklearn/metrics/_regression.py:483: FutureWarning: 'squared' is deprecated in version 1.4 and will be removed in 1.6. To calculate the root mean squared error, use the function'root_mean_squared_error'.
  warnings.warn(

2025-04-15 01:18:32,239:WARNING:/opt/anaconda3/envs/LSTM/lib/python3.11/site-packages/statsmodels/tsa/holtwinters/model.py:918: ConvergenceWarning: Optimization failed to converge. Check mle_retvals.
  warnings.warn(

2025-04-15 01:18:32,239:WARNING:/opt/anaconda3/envs/LSTM/lib/python3.11/site-packages/statsmodels/tsa/holtwinters/model.py:918: ConvergenceWarning: Optimization failed to converge. Check mle_retvals.
  warnings.warn(

2025-04-15 01:18:32,264:WARNING:/opt/anaconda3/envs/LSTM/lib/python3.11/site-packages/sklearn/metrics/_regression.py:483: FutureWarning: 'squared' is deprecated in version 1.4 and will be removed in 1.6. To calculate the root mean squared error, use the function'root_mean_squared_error'.
  warnings.warn(

2025-04-15 01:18:32,264:WARNING:/opt/anaconda3/envs/LSTM/lib/python3.11/site-packages/sklearn/metrics/_regression.py:483: FutureWarning: 'squared' is deprecated in version 1.4 and will be removed in 1.6. To calculate the root mean squared error, use the function'root_mean_squared_error'.
  warnings.warn(

2025-04-15 01:18:32,265:WARNING:/opt/anaconda3/envs/LSTM/lib/python3.11/site-packages/sklearn/metrics/_regression.py:483: FutureWarning: 'squared' is deprecated in version 1.4 and will be removed in 1.6. To calculate the root mean squared error, use the function'root_mean_squared_error'.
  warnings.warn(

2025-04-15 01:18:32,266:WARNING:/opt/anaconda3/envs/LSTM/lib/python3.11/site-packages/sklearn/metrics/_regression.py:483: FutureWarning: 'squared' is deprecated in version 1.4 and will be removed in 1.6. To calculate the root mean squared error, use the function'root_mean_squared_error'.
  warnings.warn(

2025-04-15 01:18:32,274:INFO:Calculating mean and std
2025-04-15 01:18:32,275:INFO:Creating metrics dataframe
2025-04-15 01:18:32,279:INFO:Uploading results into container
2025-04-15 01:18:32,279:INFO:Uploading model into container now
2025-04-15 01:18:32,280:INFO:_master_model_container: 2
2025-04-15 01:18:32,280:INFO:_display_container: 2
2025-04-15 01:18:32,280:INFO:ExponentialSmoothing(seasonal='mul', sp=33, trend='add')
2025-04-15 01:18:32,281:INFO:create_model() successfully completed......................................
2025-04-15 01:18:32,459:INFO:SubProcess create_model() end ==================================
2025-04-15 01:18:32,459:INFO:Creating metrics dataframe
2025-04-15 01:18:32,461:INFO:Initializing create_model()
2025-04-15 01:18:32,461:INFO:create_model(self=<pycaret.time_series.forecasting.oop.TSForecastingExperiment object at 0x315f72f10>, estimator=AutoETS(seasonal='mul', sp=33, trend='add'), fold=None, round=4, cross_validation=False, predict=False, fit_kwargs={}, groups=None, refit=True, probability_threshold=None, experiment_custom_tags=None, verbose=False, system=False, add_to_model_list=True, metrics=None, display=None, model_only=True, return_train_score=False, error_score=0.0, kwargs={})
2025-04-15 01:18:32,461:INFO:Checking exceptions
2025-04-15 01:18:32,464:INFO:Importing libraries
2025-04-15 01:18:32,464:INFO:Copying training dataset
2025-04-15 01:18:32,465:INFO:Defining folds
2025-04-15 01:18:32,466:INFO:Declaring metric variables
2025-04-15 01:18:32,466:INFO:Importing untrained model
2025-04-15 01:18:32,466:INFO:Declaring custom model
2025-04-15 01:18:32,466:INFO:ETS Imported successfully
2025-04-15 01:18:32,466:INFO:Cross validation set to False
2025-04-15 01:18:32,466:INFO:Fitting Model
2025-04-15 01:18:33,212:INFO:AutoETS(seasonal='mul', sp=33, trend='add')
2025-04-15 01:18:33,212:INFO:create_model() successfully completed......................................
2025-04-15 01:18:33,421:INFO:_master_model_container: 2
2025-04-15 01:18:33,421:INFO:_display_container: 2
2025-04-15 01:18:33,421:INFO:AutoETS(seasonal='mul', sp=33, trend='add')
2025-04-15 01:18:33,421:INFO:compare_models() successfully completed......................................
2025-04-15 01:18:33,424:INFO:Initializing create_model()
2025-04-15 01:18:33,424:INFO:create_model(self=<pycaret.time_series.forecasting.oop.TSForecastingExperiment object at 0x315f72f10>, estimator=AutoETS(seasonal='mul', sp=33, trend='add'), fold=None, round=4, cross_validation=True, predict=True, fit_kwargs=None, groups=None, refit=True, probability_threshold=None, experiment_custom_tags=None, verbose=False, system=True, add_to_model_list=True, metrics=None, display=None, model_only=True, return_train_score=False, error_score=0.0, kwargs={})
2025-04-15 01:18:33,424:INFO:Checking exceptions
2025-04-15 01:18:33,426:INFO:Importing libraries
2025-04-15 01:18:33,426:INFO:Copying training dataset
2025-04-15 01:18:33,429:INFO:Defining folds
2025-04-15 01:18:33,429:INFO:Declaring metric variables
2025-04-15 01:18:33,429:INFO:Importing untrained model
2025-04-15 01:18:33,429:INFO:Declaring custom model
2025-04-15 01:18:33,430:INFO:ETS Imported successfully
2025-04-15 01:18:33,432:INFO:Starting cross validation
2025-04-15 01:18:33,434:INFO:Cross validating with ExpandingWindowSplitter(fh=ForecastingHorizon([ 1,  2,  3,  4,  5,  6,  7,  8,  9, 10, 11, 12, 13, 14, 15, 16, 17, 18,
       19, 20, 21, 22, 23, 24, 25, 26, 27, 28, 29, 30],
      dtype='int64', is_relative=True),
                        initial_window=1341, step_length=30), n_jobs=-1
2025-04-15 01:18:34,146:WARNING:/opt/anaconda3/envs/LSTM/lib/python3.11/site-packages/sklearn/metrics/_regression.py:483: FutureWarning: 'squared' is deprecated in version 1.4 and will be removed in 1.6. To calculate the root mean squared error, use the function'root_mean_squared_error'.
  warnings.warn(

2025-04-15 01:18:34,146:WARNING:/opt/anaconda3/envs/LSTM/lib/python3.11/site-packages/sklearn/metrics/_regression.py:483: FutureWarning: 'squared' is deprecated in version 1.4 and will be removed in 1.6. To calculate the root mean squared error, use the function'root_mean_squared_error'.
  warnings.warn(

2025-04-15 01:18:34,152:WARNING:/opt/anaconda3/envs/LSTM/lib/python3.11/site-packages/sklearn/metrics/_regression.py:483: FutureWarning: 'squared' is deprecated in version 1.4 and will be removed in 1.6. To calculate the root mean squared error, use the function'root_mean_squared_error'.
  warnings.warn(

2025-04-15 01:18:34,152:WARNING:/opt/anaconda3/envs/LSTM/lib/python3.11/site-packages/sklearn/metrics/_regression.py:483: FutureWarning: 'squared' is deprecated in version 1.4 and will be removed in 1.6. To calculate the root mean squared error, use the function'root_mean_squared_error'.
  warnings.warn(

2025-04-15 01:18:34,177:WARNING:/opt/anaconda3/envs/LSTM/lib/python3.11/site-packages/sklearn/metrics/_regression.py:483: FutureWarning: 'squared' is deprecated in version 1.4 and will be removed in 1.6. To calculate the root mean squared error, use the function'root_mean_squared_error'.
  warnings.warn(

2025-04-15 01:18:34,177:WARNING:/opt/anaconda3/envs/LSTM/lib/python3.11/site-packages/sklearn/metrics/_regression.py:483: FutureWarning: 'squared' is deprecated in version 1.4 and will be removed in 1.6. To calculate the root mean squared error, use the function'root_mean_squared_error'.
  warnings.warn(

2025-04-15 01:18:34,186:INFO:Calculating mean and std
2025-04-15 01:18:34,186:INFO:Creating metrics dataframe
2025-04-15 01:18:34,187:INFO:Finalizing model
2025-04-15 01:18:34,768:INFO:Uploading results into container
2025-04-15 01:18:34,768:INFO:Uploading model into container now
2025-04-15 01:18:34,768:INFO:_master_model_container: 3
2025-04-15 01:18:34,768:INFO:_display_container: 3
2025-04-15 01:18:34,769:INFO:AutoETS(seasonal='mul', sp=33, trend='add')
2025-04-15 01:18:34,769:INFO:create_model() successfully completed......................................
2025-04-15 01:18:47,934:INFO:Initializing get_config()
2025-04-15 01:18:47,935:INFO:get_config(self=<pycaret.time_series.forecasting.oop.TSForecastingExperiment object at 0x315f72f10>, variable=y_train)
2025-04-15 01:18:47,936:INFO:Variable: 'y_train' used to return the transformed values in PyCaret 2.x. From PyCaret 3.x, this will return the raw values. If you need the transformed values, call get_config with 'y_train_transformed' instead.
2025-04-15 01:18:47,961:INFO:Variable:  returned as Date
2020-01-01     7200.174316
2020-01-02     6985.470215
2020-01-03     7344.884277
2020-01-04     7410.656738
2020-01-05     7411.317383
                  ...     
2023-11-27    37254.167969
2023-11-28    37831.085938
2023-11-29    37858.492188
2023-11-30    37712.746094
2023-12-01    38688.750000
Freq: D, Name: ('Close', 'BTC-USD'), Length: 1431, dtype: float64
2025-04-15 01:18:47,962:INFO:get_config() successfully completed......................................
