2025-04-17 17:45:40,716:WARNING:
'prophet' is a soft dependency and not included in the pycaret installation. Please run: `pip install prophet` to install.
2025-04-17 17:45:59,689:INFO:PyCaret TSForecastingExperiment
2025-04-17 17:45:59,689:INFO:Logging name: ts-default-name
2025-04-17 17:45:59,689:INFO:ML Usecase: MLUsecase.TIME_SERIES
2025-04-17 17:45:59,689:INFO:version 3.3.2
2025-04-17 17:45:59,689:INFO:Initializing setup()
2025-04-17 17:45:59,689:INFO:self.USI: e3c4
2025-04-17 17:45:59,689:INFO:self._variable_keys: {'html_param', 'pipeline', 'index_type', 'exp_id', 'model_engines', 'exp_name_log', 'memory', 'exogenous_present', 'X_train', 'candidate_sps', 'y_test_transformed', 'y_train_transformed', 'y_transformed', 'X_train_transformed', 'all_sps_to_use', 'USI', 'enforce_exogenous', 'fold_param', 'fh', 'fold_generator', 'gpu_param', 'significant_sps', 'idx', 'strictly_positive', 'X', 'X_test', 'logging_param', 'log_plots_param', 'y_test', 'significant_sps_no_harmonics', '_available_plots', 'X_transformed', '_ml_usecase', 'y', 'enforce_pi', 'seed', 'n_jobs_param', 'approach_type', 'seasonality_present', 'y_train', 'primary_sp_to_use', 'gpu_n_jobs_param', 'X_test_transformed', 'data'}
2025-04-17 17:45:59,689:INFO:Checking environment
2025-04-17 17:45:59,689:INFO:python_version: 3.11.8
2025-04-17 17:45:59,689:INFO:python_build: ('main', 'Feb 16 2024 20:49:36')
2025-04-17 17:45:59,689:INFO:machine: arm64
2025-04-17 17:45:59,689:INFO:platform: macOS-15.3.1-arm64-arm-64bit
2025-04-17 17:45:59,689:INFO:Memory: svmem(total=17179869184, available=2927886336, percent=83.0, used=4963368960, free=62521344, active=2884059136, inactive=2786787328, wired=2079309824)
2025-04-17 17:45:59,690:INFO:Physical Core: 8
2025-04-17 17:45:59,690:INFO:Logical Core: 8
2025-04-17 17:45:59,690:INFO:Checking libraries
2025-04-17 17:45:59,690:INFO:System:
2025-04-17 17:45:59,690:INFO:    python: 3.11.8 | packaged by conda-forge | (main, Feb 16 2024, 20:49:36) [Clang 16.0.6 ]
2025-04-17 17:45:59,690:INFO:executable: /opt/anaconda3/envs/LSTM/bin/python
2025-04-17 17:45:59,690:INFO:   machine: macOS-15.3.1-arm64-arm-64bit
2025-04-17 17:45:59,690:INFO:PyCaret required dependencies:
2025-04-17 17:45:59,744:INFO:                 pip: 25.0
2025-04-17 17:45:59,744:INFO:          setuptools: 75.8.0
2025-04-17 17:45:59,745:INFO:             pycaret: 3.3.2
2025-04-17 17:45:59,745:INFO:             IPython: 8.32.0
2025-04-17 17:45:59,745:INFO:          ipywidgets: 8.1.5
2025-04-17 17:45:59,745:INFO:                tqdm: 4.67.1
2025-04-17 17:45:59,745:INFO:               numpy: 1.26.4
2025-04-17 17:45:59,745:INFO:              pandas: 2.1.4
2025-04-17 17:45:59,745:INFO:              jinja2: 3.1.5
2025-04-17 17:45:59,745:INFO:               scipy: 1.11.4
2025-04-17 17:45:59,745:INFO:              joblib: 1.3.2
2025-04-17 17:45:59,745:INFO:             sklearn: 1.4.2
2025-04-17 17:45:59,745:INFO:                pyod: 2.0.3
2025-04-17 17:45:59,745:INFO:            imblearn: 0.13.0
2025-04-17 17:45:59,745:INFO:   category_encoders: 2.7.0
2025-04-17 17:45:59,745:INFO:            lightgbm: 4.6.0
2025-04-17 17:45:59,745:INFO:               numba: 0.61.0
2025-04-17 17:45:59,745:INFO:            requests: 2.32.3
2025-04-17 17:45:59,745:INFO:          matplotlib: 3.7.5
2025-04-17 17:45:59,745:INFO:          scikitplot: 0.3.7
2025-04-17 17:45:59,745:INFO:         yellowbrick: 1.5
2025-04-17 17:45:59,745:INFO:              plotly: 5.24.1
2025-04-17 17:45:59,745:INFO:    plotly-resampler: Not installed
2025-04-17 17:45:59,745:INFO:             kaleido: 0.2.1
2025-04-17 17:45:59,745:INFO:           schemdraw: 0.15
2025-04-17 17:45:59,745:INFO:         statsmodels: 0.14.4
2025-04-17 17:45:59,745:INFO:              sktime: 0.26.0
2025-04-17 17:45:59,745:INFO:               tbats: 1.1.3
2025-04-17 17:45:59,745:INFO:            pmdarima: 2.0.4
2025-04-17 17:45:59,745:INFO:              psutil: 5.9.0
2025-04-17 17:45:59,745:INFO:          markupsafe: 3.0.2
2025-04-17 17:45:59,745:INFO:             pickle5: Not installed
2025-04-17 17:45:59,745:INFO:         cloudpickle: 3.1.1
2025-04-17 17:45:59,745:INFO:         deprecation: 2.1.0
2025-04-17 17:45:59,745:INFO:              xxhash: 3.5.0
2025-04-17 17:45:59,745:INFO:           wurlitzer: 3.1.1
2025-04-17 17:45:59,745:INFO:PyCaret optional dependencies:
2025-04-17 17:45:59,800:INFO:                shap: Not installed
2025-04-17 17:45:59,801:INFO:           interpret: Not installed
2025-04-17 17:45:59,801:INFO:                umap: Not installed
2025-04-17 17:45:59,801:INFO:     ydata_profiling: Not installed
2025-04-17 17:45:59,801:INFO:  explainerdashboard: Not installed
2025-04-17 17:45:59,801:INFO:             autoviz: Not installed
2025-04-17 17:45:59,801:INFO:           fairlearn: Not installed
2025-04-17 17:45:59,801:INFO:          deepchecks: Not installed
2025-04-17 17:45:59,801:INFO:             xgboost: Not installed
2025-04-17 17:45:59,801:INFO:            catboost: Not installed
2025-04-17 17:45:59,801:INFO:              kmodes: Not installed
2025-04-17 17:45:59,801:INFO:             mlxtend: Not installed
2025-04-17 17:45:59,801:INFO:       statsforecast: Not installed
2025-04-17 17:45:59,801:INFO:        tune_sklearn: Not installed
2025-04-17 17:45:59,801:INFO:                 ray: Not installed
2025-04-17 17:45:59,801:INFO:            hyperopt: Not installed
2025-04-17 17:45:59,801:INFO:              optuna: Not installed
2025-04-17 17:45:59,801:INFO:               skopt: Not installed
2025-04-17 17:45:59,801:INFO:              mlflow: Not installed
2025-04-17 17:45:59,801:INFO:              gradio: Not installed
2025-04-17 17:45:59,801:INFO:             fastapi: Not installed
2025-04-17 17:45:59,802:INFO:             uvicorn: Not installed
2025-04-17 17:45:59,802:INFO:              m2cgen: Not installed
2025-04-17 17:45:59,802:INFO:           evidently: Not installed
2025-04-17 17:45:59,802:INFO:               fugue: Not installed
2025-04-17 17:45:59,802:INFO:           streamlit: Not installed
2025-04-17 17:45:59,802:INFO:             prophet: Not installed
2025-04-17 17:45:59,802:INFO:None
2025-04-17 17:45:59,814:INFO:Set Forecast Horizon.
2025-04-17 17:45:59,815:INFO:Set up Train-Test Splits.
2025-04-17 17:45:59,821:INFO:Preparing preprocessing pipeline...
2025-04-17 17:45:59,821:INFO:Set up imputation for Target variable(s).
2025-04-17 17:45:59,865:INFO:Finished creating preprocessing pipeline.
2025-04-17 17:45:59,870:INFO:Pipeline: ForecastingPipeline(steps=[('forecaster',
                            TransformedTargetForecaster(steps=[('transformer_target',
                                                                TransformerPipeline(steps=[('numerical_imputer',
                                                                                            Imputer(method='ffill',
                                                                                                    random_state=123))])),
                                                               ('model',
                                                                DummyForecaster())]))])
2025-04-17 17:45:59,870:INFO:Set up Seasonal Period.
2025-04-17 17:45:59,879:INFO:Setting the seasonal component type - 'add' or 'mul'.
2025-04-17 17:45:59,879:INFO:Checking if data is strictly positive.
2025-04-17 17:45:59,916:INFO:Creating final display dataframe.
2025-04-17 17:45:59,926:INFO:Setup Display Container:                                           Description  \
0                                          session_id   
1                                              Target   
2                                            Approach   
3                                 Exogenous Variables   
4                                 Original data shape   
5                              Transformed data shape   
6                         Transformed train set shape   
7                          Transformed test set shape   
8                            Rows with missing values   
9                                      Fold Generator   
10                                        Fold Number   
11                        Enforce Prediction Interval   
12                    Splits used for hyperparameters   
13                    User Defined Seasonal Period(s)   
14                            Ignore Seasonality Test   
15                         Seasonality Detection Algo   
16                             Max Period to Consider   
17                          Seasonal Period(s) Tested   
18                     Significant Seasonal Period(s)   
19   Significant Seasonal Period(s) without Harmonics   
20                                   Remove Harmonics   
21                             Harmonics Order Method   
22                           Num Seasonalities to Use   
23                           All Seasonalities to Use   
24                                Primary Seasonality   
25                                Seasonality Present   
26                                   Seasonality Type   
27                           Target Strictly Positive   
28                                 Target White Noise   
29                                      Recommended d   
30                             Recommended Seasonal D   
31                                         Preprocess   
32                      Numerical Imputation (Target)   
33                            Transformation (Target)   
34                                   Scaling (Target)   
35  Feature Engineering (Target) - Reduced Regression   
36                                           CPU Jobs   
37                                            Use GPU   
38                                     Log Experiment   
39                                    Experiment Name   
40                                                USI   

                         Value  
0                          123  
1         ('Close', 'LTC-USD')  
2                   Univariate  
3                  Not Present  
4                    (2088, 1)  
5                    (2088, 1)  
6                    (2058, 1)  
7                      (30, 1)  
8                         0.0%  
9      ExpandingWindowSplitter  
10                           3  
11                       False  
12                         all  
13                        None  
14                       False  
15                        auto  
16                          60  
17  [6, 25, 59, 4, 58, 20, 53]  
18  [6, 25, 59, 4, 58, 20, 53]  
19     [6, 25, 59, 20, 58, 53]  
20                       False  
21                harmonic_max  
22                           1  
23                         [6]  
24                           6  
25                        True  
26                         mul  
27                        True  
28                          No  
29                           1  
30                           0  
31                        True  
32                       ffill  
33                        None  
34                        None  
35                       False  
36                          -1  
37                       False  
38                       False  
39             ts-default-name  
40                        e3c4  
2025-04-17 17:45:59,926:INFO:Engine successfully changes for model 'auto_arima' to 'pmdarima'.
2025-04-17 17:45:59,950:WARNING:
'prophet' is a soft dependency and not included in the pycaret installation. Please run: `pip install prophet` to install.
2025-04-17 17:45:59,950:INFO:Engine for model 'lr_cds_dt' has not been set explicitly, hence returning None.
2025-04-17 17:45:59,951:INFO:Engine for model 'en_cds_dt' has not been set explicitly, hence returning None.
2025-04-17 17:45:59,951:INFO:Engine for model 'ridge_cds_dt' has not been set explicitly, hence returning None.
2025-04-17 17:45:59,951:INFO:Engine for model 'lasso_cds_dt' has not been set explicitly, hence returning None.
2025-04-17 17:45:59,951:INFO:Engine for model 'llar_cds_dt' has not been set explicitly, hence returning None.
2025-04-17 17:45:59,958:INFO:Engine for model 'br_cds_dt' has not been set explicitly, hence returning None.
2025-04-17 17:45:59,959:INFO:Engine for model 'huber_cds_dt' has not been set explicitly, hence returning None.
2025-04-17 17:45:59,964:INFO:Engine for model 'omp_cds_dt' has not been set explicitly, hence returning None.
2025-04-17 17:45:59,966:INFO:Engine for model 'knn_cds_dt' has not been set explicitly, hence returning None.
2025-04-17 17:45:59,967:INFO:Engine for model 'dt_cds_dt' has not been set explicitly, hence returning None.
2025-04-17 17:45:59,967:INFO:Engine for model 'rf_cds_dt' has not been set explicitly, hence returning None.
2025-04-17 17:45:59,968:INFO:Engine for model 'et_cds_dt' has not been set explicitly, hence returning None.
2025-04-17 17:45:59,968:INFO:Engine for model 'gbr_cds_dt' has not been set explicitly, hence returning None.
2025-04-17 17:45:59,968:INFO:Engine for model 'ada_cds_dt' has not been set explicitly, hence returning None.
2025-04-17 17:45:59,973:INFO:Engine for model 'xgboost_cds_dt' has not been set explicitly, hence returning None.
2025-04-17 17:45:59,974:WARNING:
'xgboost' is a soft dependency and not included in the pycaret installation. Please run: `pip install xgboost` to install.
Alternately, you can install this by running `pip install pycaret[models]`
2025-04-17 17:45:59,974:WARNING:
'xgboost' is a soft dependency and not included in the pycaret installation. Please run: `pip install xgboost` to install.
Alternately, you can install this by running `pip install pycaret[models]`
2025-04-17 17:45:59,974:INFO:Engine for model 'lightgbm_cds_dt' has not been set explicitly, hence returning None.
2025-04-17 17:45:59,974:INFO:Engine for model 'catboost_cds_dt' has not been set explicitly, hence returning None.
2025-04-17 17:45:59,974:WARNING:
'catboost' is a soft dependency and not included in the pycaret installation. Please run: `pip install catboost` to install.
Alternately, you can install this by running `pip install pycaret[models]`
2025-04-17 17:45:59,974:WARNING:
'catboost' is a soft dependency and not included in the pycaret installation. Please run: `pip install catboost` to install.
Alternately, you can install this by running `pip install pycaret[models]`
2025-04-17 17:45:59,976:WARNING:
'prophet' is a soft dependency and not included in the pycaret installation. Please run: `pip install prophet` to install.
2025-04-17 17:45:59,976:INFO:Engine for model 'lr_cds_dt' has not been set explicitly, hence returning None.
2025-04-17 17:45:59,976:INFO:Engine for model 'en_cds_dt' has not been set explicitly, hence returning None.
2025-04-17 17:45:59,976:INFO:Engine for model 'ridge_cds_dt' has not been set explicitly, hence returning None.
2025-04-17 17:45:59,976:INFO:Engine for model 'lasso_cds_dt' has not been set explicitly, hence returning None.
2025-04-17 17:45:59,976:INFO:Engine for model 'llar_cds_dt' has not been set explicitly, hence returning None.
2025-04-17 17:45:59,976:INFO:Engine for model 'br_cds_dt' has not been set explicitly, hence returning None.
2025-04-17 17:45:59,976:INFO:Engine for model 'huber_cds_dt' has not been set explicitly, hence returning None.
2025-04-17 17:45:59,977:INFO:Engine for model 'omp_cds_dt' has not been set explicitly, hence returning None.
2025-04-17 17:45:59,978:INFO:Engine for model 'knn_cds_dt' has not been set explicitly, hence returning None.
2025-04-17 17:45:59,978:INFO:Engine for model 'dt_cds_dt' has not been set explicitly, hence returning None.
2025-04-17 17:45:59,978:INFO:Engine for model 'rf_cds_dt' has not been set explicitly, hence returning None.
2025-04-17 17:45:59,978:INFO:Engine for model 'et_cds_dt' has not been set explicitly, hence returning None.
2025-04-17 17:45:59,978:INFO:Engine for model 'gbr_cds_dt' has not been set explicitly, hence returning None.
2025-04-17 17:45:59,979:INFO:Engine for model 'ada_cds_dt' has not been set explicitly, hence returning None.
2025-04-17 17:45:59,979:INFO:Engine for model 'xgboost_cds_dt' has not been set explicitly, hence returning None.
2025-04-17 17:45:59,979:WARNING:
'xgboost' is a soft dependency and not included in the pycaret installation. Please run: `pip install xgboost` to install.
Alternately, you can install this by running `pip install pycaret[models]`
2025-04-17 17:45:59,979:WARNING:
'xgboost' is a soft dependency and not included in the pycaret installation. Please run: `pip install xgboost` to install.
Alternately, you can install this by running `pip install pycaret[models]`
2025-04-17 17:45:59,979:INFO:Engine for model 'lightgbm_cds_dt' has not been set explicitly, hence returning None.
2025-04-17 17:45:59,980:INFO:Engine for model 'catboost_cds_dt' has not been set explicitly, hence returning None.
2025-04-17 17:45:59,980:WARNING:
'catboost' is a soft dependency and not included in the pycaret installation. Please run: `pip install catboost` to install.
Alternately, you can install this by running `pip install pycaret[models]`
2025-04-17 17:45:59,980:WARNING:
'catboost' is a soft dependency and not included in the pycaret installation. Please run: `pip install catboost` to install.
Alternately, you can install this by running `pip install pycaret[models]`
2025-04-17 17:45:59,980:INFO:Engine successfully changes for model 'lr_cds_dt' to 'sklearn'.
2025-04-17 17:45:59,984:WARNING:
'prophet' is a soft dependency and not included in the pycaret installation. Please run: `pip install prophet` to install.
2025-04-17 17:45:59,986:INFO:Engine for model 'en_cds_dt' has not been set explicitly, hence returning None.
2025-04-17 17:45:59,986:INFO:Engine for model 'ridge_cds_dt' has not been set explicitly, hence returning None.
2025-04-17 17:45:59,987:INFO:Engine for model 'lasso_cds_dt' has not been set explicitly, hence returning None.
2025-04-17 17:45:59,987:INFO:Engine for model 'llar_cds_dt' has not been set explicitly, hence returning None.
2025-04-17 17:45:59,987:INFO:Engine for model 'br_cds_dt' has not been set explicitly, hence returning None.
2025-04-17 17:45:59,987:INFO:Engine for model 'huber_cds_dt' has not been set explicitly, hence returning None.
2025-04-17 17:45:59,987:INFO:Engine for model 'omp_cds_dt' has not been set explicitly, hence returning None.
2025-04-17 17:45:59,988:INFO:Engine for model 'knn_cds_dt' has not been set explicitly, hence returning None.
2025-04-17 17:45:59,988:INFO:Engine for model 'dt_cds_dt' has not been set explicitly, hence returning None.
2025-04-17 17:45:59,988:INFO:Engine for model 'rf_cds_dt' has not been set explicitly, hence returning None.
2025-04-17 17:45:59,988:INFO:Engine for model 'et_cds_dt' has not been set explicitly, hence returning None.
2025-04-17 17:45:59,988:INFO:Engine for model 'gbr_cds_dt' has not been set explicitly, hence returning None.
2025-04-17 17:45:59,988:INFO:Engine for model 'ada_cds_dt' has not been set explicitly, hence returning None.
2025-04-17 17:45:59,989:INFO:Engine for model 'xgboost_cds_dt' has not been set explicitly, hence returning None.
2025-04-17 17:45:59,989:WARNING:
'xgboost' is a soft dependency and not included in the pycaret installation. Please run: `pip install xgboost` to install.
Alternately, you can install this by running `pip install pycaret[models]`
2025-04-17 17:45:59,989:WARNING:
'xgboost' is a soft dependency and not included in the pycaret installation. Please run: `pip install xgboost` to install.
Alternately, you can install this by running `pip install pycaret[models]`
2025-04-17 17:45:59,989:INFO:Engine for model 'lightgbm_cds_dt' has not been set explicitly, hence returning None.
2025-04-17 17:45:59,989:INFO:Engine for model 'catboost_cds_dt' has not been set explicitly, hence returning None.
2025-04-17 17:45:59,989:WARNING:
'catboost' is a soft dependency and not included in the pycaret installation. Please run: `pip install catboost` to install.
Alternately, you can install this by running `pip install pycaret[models]`
2025-04-17 17:45:59,989:WARNING:
'catboost' is a soft dependency and not included in the pycaret installation. Please run: `pip install catboost` to install.
Alternately, you can install this by running `pip install pycaret[models]`
2025-04-17 17:45:59,998:WARNING:
'prophet' is a soft dependency and not included in the pycaret installation. Please run: `pip install prophet` to install.
2025-04-17 17:45:59,998:INFO:Engine for model 'en_cds_dt' has not been set explicitly, hence returning None.
2025-04-17 17:45:59,998:INFO:Engine for model 'ridge_cds_dt' has not been set explicitly, hence returning None.
2025-04-17 17:45:59,998:INFO:Engine for model 'lasso_cds_dt' has not been set explicitly, hence returning None.
2025-04-17 17:45:59,998:INFO:Engine for model 'llar_cds_dt' has not been set explicitly, hence returning None.
2025-04-17 17:45:59,998:INFO:Engine for model 'br_cds_dt' has not been set explicitly, hence returning None.
2025-04-17 17:45:59,998:INFO:Engine for model 'huber_cds_dt' has not been set explicitly, hence returning None.
2025-04-17 17:45:59,999:INFO:Engine for model 'omp_cds_dt' has not been set explicitly, hence returning None.
2025-04-17 17:46:00,000:INFO:Engine for model 'knn_cds_dt' has not been set explicitly, hence returning None.
2025-04-17 17:46:00,000:INFO:Engine for model 'dt_cds_dt' has not been set explicitly, hence returning None.
2025-04-17 17:46:00,000:INFO:Engine for model 'rf_cds_dt' has not been set explicitly, hence returning None.
2025-04-17 17:46:00,000:INFO:Engine for model 'et_cds_dt' has not been set explicitly, hence returning None.
2025-04-17 17:46:00,000:INFO:Engine for model 'gbr_cds_dt' has not been set explicitly, hence returning None.
2025-04-17 17:46:00,002:INFO:Engine for model 'ada_cds_dt' has not been set explicitly, hence returning None.
2025-04-17 17:46:00,003:INFO:Engine for model 'xgboost_cds_dt' has not been set explicitly, hence returning None.
2025-04-17 17:46:00,003:WARNING:
'xgboost' is a soft dependency and not included in the pycaret installation. Please run: `pip install xgboost` to install.
Alternately, you can install this by running `pip install pycaret[models]`
2025-04-17 17:46:00,003:WARNING:
'xgboost' is a soft dependency and not included in the pycaret installation. Please run: `pip install xgboost` to install.
Alternately, you can install this by running `pip install pycaret[models]`
2025-04-17 17:46:00,003:INFO:Engine for model 'lightgbm_cds_dt' has not been set explicitly, hence returning None.
2025-04-17 17:46:00,012:INFO:Engine for model 'catboost_cds_dt' has not been set explicitly, hence returning None.
2025-04-17 17:46:00,019:WARNING:
'catboost' is a soft dependency and not included in the pycaret installation. Please run: `pip install catboost` to install.
Alternately, you can install this by running `pip install pycaret[models]`
2025-04-17 17:46:00,019:WARNING:
'catboost' is a soft dependency and not included in the pycaret installation. Please run: `pip install catboost` to install.
Alternately, you can install this by running `pip install pycaret[models]`
2025-04-17 17:46:00,019:INFO:Engine successfully changes for model 'en_cds_dt' to 'sklearn'.
2025-04-17 17:46:00,029:WARNING:
'prophet' is a soft dependency and not included in the pycaret installation. Please run: `pip install prophet` to install.
2025-04-17 17:46:00,029:INFO:Engine for model 'ridge_cds_dt' has not been set explicitly, hence returning None.
2025-04-17 17:46:00,029:INFO:Engine for model 'lasso_cds_dt' has not been set explicitly, hence returning None.
2025-04-17 17:46:00,029:INFO:Engine for model 'llar_cds_dt' has not been set explicitly, hence returning None.
2025-04-17 17:46:00,037:INFO:Engine for model 'br_cds_dt' has not been set explicitly, hence returning None.
2025-04-17 17:46:00,039:INFO:Engine for model 'huber_cds_dt' has not been set explicitly, hence returning None.
2025-04-17 17:46:00,051:INFO:Engine for model 'omp_cds_dt' has not been set explicitly, hence returning None.
2025-04-17 17:46:00,052:INFO:Engine for model 'knn_cds_dt' has not been set explicitly, hence returning None.
2025-04-17 17:46:00,055:INFO:Engine for model 'dt_cds_dt' has not been set explicitly, hence returning None.
2025-04-17 17:46:00,057:INFO:Engine for model 'rf_cds_dt' has not been set explicitly, hence returning None.
2025-04-17 17:46:00,058:INFO:Engine for model 'et_cds_dt' has not been set explicitly, hence returning None.
2025-04-17 17:46:00,060:INFO:Engine for model 'gbr_cds_dt' has not been set explicitly, hence returning None.
2025-04-17 17:46:00,060:INFO:Engine for model 'ada_cds_dt' has not been set explicitly, hence returning None.
2025-04-17 17:46:00,061:INFO:Engine for model 'xgboost_cds_dt' has not been set explicitly, hence returning None.
2025-04-17 17:46:00,061:WARNING:
'xgboost' is a soft dependency and not included in the pycaret installation. Please run: `pip install xgboost` to install.
Alternately, you can install this by running `pip install pycaret[models]`
2025-04-17 17:46:00,061:WARNING:
'xgboost' is a soft dependency and not included in the pycaret installation. Please run: `pip install xgboost` to install.
Alternately, you can install this by running `pip install pycaret[models]`
2025-04-17 17:46:00,061:INFO:Engine for model 'lightgbm_cds_dt' has not been set explicitly, hence returning None.
2025-04-17 17:46:00,061:INFO:Engine for model 'catboost_cds_dt' has not been set explicitly, hence returning None.
2025-04-17 17:46:00,061:WARNING:
'catboost' is a soft dependency and not included in the pycaret installation. Please run: `pip install catboost` to install.
Alternately, you can install this by running `pip install pycaret[models]`
2025-04-17 17:46:00,061:WARNING:
'catboost' is a soft dependency and not included in the pycaret installation. Please run: `pip install catboost` to install.
Alternately, you can install this by running `pip install pycaret[models]`
2025-04-17 17:46:00,062:WARNING:
'prophet' is a soft dependency and not included in the pycaret installation. Please run: `pip install prophet` to install.
2025-04-17 17:46:00,063:INFO:Engine for model 'ridge_cds_dt' has not been set explicitly, hence returning None.
2025-04-17 17:46:00,065:INFO:Engine for model 'lasso_cds_dt' has not been set explicitly, hence returning None.
2025-04-17 17:46:00,065:INFO:Engine for model 'llar_cds_dt' has not been set explicitly, hence returning None.
2025-04-17 17:46:00,067:INFO:Engine for model 'br_cds_dt' has not been set explicitly, hence returning None.
2025-04-17 17:46:00,067:INFO:Engine for model 'huber_cds_dt' has not been set explicitly, hence returning None.
2025-04-17 17:46:00,069:INFO:Engine for model 'omp_cds_dt' has not been set explicitly, hence returning None.
2025-04-17 17:46:00,071:INFO:Engine for model 'knn_cds_dt' has not been set explicitly, hence returning None.
2025-04-17 17:46:00,071:INFO:Engine for model 'dt_cds_dt' has not been set explicitly, hence returning None.
2025-04-17 17:46:00,071:INFO:Engine for model 'rf_cds_dt' has not been set explicitly, hence returning None.
2025-04-17 17:46:00,071:INFO:Engine for model 'et_cds_dt' has not been set explicitly, hence returning None.
2025-04-17 17:46:00,071:INFO:Engine for model 'gbr_cds_dt' has not been set explicitly, hence returning None.
2025-04-17 17:46:00,071:INFO:Engine for model 'ada_cds_dt' has not been set explicitly, hence returning None.
2025-04-17 17:46:00,071:INFO:Engine for model 'xgboost_cds_dt' has not been set explicitly, hence returning None.
2025-04-17 17:46:00,071:WARNING:
'xgboost' is a soft dependency and not included in the pycaret installation. Please run: `pip install xgboost` to install.
Alternately, you can install this by running `pip install pycaret[models]`
2025-04-17 17:46:00,071:WARNING:
'xgboost' is a soft dependency and not included in the pycaret installation. Please run: `pip install xgboost` to install.
Alternately, you can install this by running `pip install pycaret[models]`
2025-04-17 17:46:00,071:INFO:Engine for model 'lightgbm_cds_dt' has not been set explicitly, hence returning None.
2025-04-17 17:46:00,072:INFO:Engine for model 'catboost_cds_dt' has not been set explicitly, hence returning None.
2025-04-17 17:46:00,072:WARNING:
'catboost' is a soft dependency and not included in the pycaret installation. Please run: `pip install catboost` to install.
Alternately, you can install this by running `pip install pycaret[models]`
2025-04-17 17:46:00,072:WARNING:
'catboost' is a soft dependency and not included in the pycaret installation. Please run: `pip install catboost` to install.
Alternately, you can install this by running `pip install pycaret[models]`
2025-04-17 17:46:00,072:INFO:Engine successfully changes for model 'ridge_cds_dt' to 'sklearn'.
2025-04-17 17:46:00,076:WARNING:
'prophet' is a soft dependency and not included in the pycaret installation. Please run: `pip install prophet` to install.
2025-04-17 17:46:00,077:INFO:Engine for model 'lasso_cds_dt' has not been set explicitly, hence returning None.
2025-04-17 17:46:00,077:INFO:Engine for model 'llar_cds_dt' has not been set explicitly, hence returning None.
2025-04-17 17:46:00,077:INFO:Engine for model 'br_cds_dt' has not been set explicitly, hence returning None.
2025-04-17 17:46:00,078:INFO:Engine for model 'huber_cds_dt' has not been set explicitly, hence returning None.
2025-04-17 17:46:00,110:INFO:Engine for model 'omp_cds_dt' has not been set explicitly, hence returning None.
2025-04-17 17:46:00,111:INFO:Engine for model 'knn_cds_dt' has not been set explicitly, hence returning None.
2025-04-17 17:46:00,111:INFO:Engine for model 'dt_cds_dt' has not been set explicitly, hence returning None.
2025-04-17 17:46:00,112:INFO:Engine for model 'rf_cds_dt' has not been set explicitly, hence returning None.
2025-04-17 17:46:00,113:INFO:Engine for model 'et_cds_dt' has not been set explicitly, hence returning None.
2025-04-17 17:46:00,115:INFO:Engine for model 'gbr_cds_dt' has not been set explicitly, hence returning None.
2025-04-17 17:46:00,138:INFO:Engine for model 'ada_cds_dt' has not been set explicitly, hence returning None.
2025-04-17 17:46:00,140:INFO:Engine for model 'xgboost_cds_dt' has not been set explicitly, hence returning None.
2025-04-17 17:46:00,140:WARNING:
'xgboost' is a soft dependency and not included in the pycaret installation. Please run: `pip install xgboost` to install.
Alternately, you can install this by running `pip install pycaret[models]`
2025-04-17 17:46:00,140:WARNING:
'xgboost' is a soft dependency and not included in the pycaret installation. Please run: `pip install xgboost` to install.
Alternately, you can install this by running `pip install pycaret[models]`
2025-04-17 17:46:00,140:INFO:Engine for model 'lightgbm_cds_dt' has not been set explicitly, hence returning None.
2025-04-17 17:46:00,141:INFO:Engine for model 'catboost_cds_dt' has not been set explicitly, hence returning None.
2025-04-17 17:46:00,141:WARNING:
'catboost' is a soft dependency and not included in the pycaret installation. Please run: `pip install catboost` to install.
Alternately, you can install this by running `pip install pycaret[models]`
2025-04-17 17:46:00,141:WARNING:
'catboost' is a soft dependency and not included in the pycaret installation. Please run: `pip install catboost` to install.
Alternately, you can install this by running `pip install pycaret[models]`
2025-04-17 17:46:00,144:WARNING:
'prophet' is a soft dependency and not included in the pycaret installation. Please run: `pip install prophet` to install.
2025-04-17 17:46:00,145:INFO:Engine for model 'lasso_cds_dt' has not been set explicitly, hence returning None.
2025-04-17 17:46:00,146:INFO:Engine for model 'llar_cds_dt' has not been set explicitly, hence returning None.
2025-04-17 17:46:00,155:INFO:Engine for model 'br_cds_dt' has not been set explicitly, hence returning None.
2025-04-17 17:46:00,158:INFO:Engine for model 'huber_cds_dt' has not been set explicitly, hence returning None.
2025-04-17 17:46:00,163:INFO:Engine for model 'omp_cds_dt' has not been set explicitly, hence returning None.
2025-04-17 17:46:00,167:INFO:Engine for model 'knn_cds_dt' has not been set explicitly, hence returning None.
2025-04-17 17:46:00,167:INFO:Engine for model 'dt_cds_dt' has not been set explicitly, hence returning None.
2025-04-17 17:46:00,167:INFO:Engine for model 'rf_cds_dt' has not been set explicitly, hence returning None.
2025-04-17 17:46:00,167:INFO:Engine for model 'et_cds_dt' has not been set explicitly, hence returning None.
2025-04-17 17:46:00,168:INFO:Engine for model 'gbr_cds_dt' has not been set explicitly, hence returning None.
2025-04-17 17:46:00,168:INFO:Engine for model 'ada_cds_dt' has not been set explicitly, hence returning None.
2025-04-17 17:46:00,168:INFO:Engine for model 'xgboost_cds_dt' has not been set explicitly, hence returning None.
2025-04-17 17:46:00,168:WARNING:
'xgboost' is a soft dependency and not included in the pycaret installation. Please run: `pip install xgboost` to install.
Alternately, you can install this by running `pip install pycaret[models]`
2025-04-17 17:46:00,168:WARNING:
'xgboost' is a soft dependency and not included in the pycaret installation. Please run: `pip install xgboost` to install.
Alternately, you can install this by running `pip install pycaret[models]`
2025-04-17 17:46:00,168:INFO:Engine for model 'lightgbm_cds_dt' has not been set explicitly, hence returning None.
2025-04-17 17:46:00,168:INFO:Engine for model 'catboost_cds_dt' has not been set explicitly, hence returning None.
2025-04-17 17:46:00,168:WARNING:
'catboost' is a soft dependency and not included in the pycaret installation. Please run: `pip install catboost` to install.
Alternately, you can install this by running `pip install pycaret[models]`
2025-04-17 17:46:00,168:WARNING:
'catboost' is a soft dependency and not included in the pycaret installation. Please run: `pip install catboost` to install.
Alternately, you can install this by running `pip install pycaret[models]`
2025-04-17 17:46:00,172:INFO:Engine successfully changes for model 'lasso_cds_dt' to 'sklearn'.
2025-04-17 17:46:00,180:WARNING:
'prophet' is a soft dependency and not included in the pycaret installation. Please run: `pip install prophet` to install.
2025-04-17 17:46:00,183:INFO:Engine for model 'llar_cds_dt' has not been set explicitly, hence returning None.
2025-04-17 17:46:00,183:INFO:Engine for model 'br_cds_dt' has not been set explicitly, hence returning None.
2025-04-17 17:46:00,183:INFO:Engine for model 'huber_cds_dt' has not been set explicitly, hence returning None.
2025-04-17 17:46:00,186:INFO:Engine for model 'omp_cds_dt' has not been set explicitly, hence returning None.
2025-04-17 17:46:00,187:INFO:Engine for model 'knn_cds_dt' has not been set explicitly, hence returning None.
2025-04-17 17:46:00,187:INFO:Engine for model 'dt_cds_dt' has not been set explicitly, hence returning None.
2025-04-17 17:46:00,187:INFO:Engine for model 'rf_cds_dt' has not been set explicitly, hence returning None.
2025-04-17 17:46:00,187:INFO:Engine for model 'et_cds_dt' has not been set explicitly, hence returning None.
2025-04-17 17:46:00,187:INFO:Engine for model 'gbr_cds_dt' has not been set explicitly, hence returning None.
2025-04-17 17:46:00,187:INFO:Engine for model 'ada_cds_dt' has not been set explicitly, hence returning None.
2025-04-17 17:46:00,187:INFO:Engine for model 'xgboost_cds_dt' has not been set explicitly, hence returning None.
2025-04-17 17:46:00,187:WARNING:
'xgboost' is a soft dependency and not included in the pycaret installation. Please run: `pip install xgboost` to install.
Alternately, you can install this by running `pip install pycaret[models]`
2025-04-17 17:46:00,187:WARNING:
'xgboost' is a soft dependency and not included in the pycaret installation. Please run: `pip install xgboost` to install.
Alternately, you can install this by running `pip install pycaret[models]`
2025-04-17 17:46:00,187:INFO:Engine for model 'lightgbm_cds_dt' has not been set explicitly, hence returning None.
2025-04-17 17:46:00,188:INFO:Engine for model 'catboost_cds_dt' has not been set explicitly, hence returning None.
2025-04-17 17:46:00,188:WARNING:
'catboost' is a soft dependency and not included in the pycaret installation. Please run: `pip install catboost` to install.
Alternately, you can install this by running `pip install pycaret[models]`
2025-04-17 17:46:00,188:WARNING:
'catboost' is a soft dependency and not included in the pycaret installation. Please run: `pip install catboost` to install.
Alternately, you can install this by running `pip install pycaret[models]`
2025-04-17 17:46:00,191:WARNING:
'prophet' is a soft dependency and not included in the pycaret installation. Please run: `pip install prophet` to install.
2025-04-17 17:46:00,192:INFO:Engine for model 'llar_cds_dt' has not been set explicitly, hence returning None.
2025-04-17 17:46:00,192:INFO:Engine for model 'br_cds_dt' has not been set explicitly, hence returning None.
2025-04-17 17:46:00,193:INFO:Engine for model 'huber_cds_dt' has not been set explicitly, hence returning None.
2025-04-17 17:46:00,194:INFO:Engine for model 'omp_cds_dt' has not been set explicitly, hence returning None.
2025-04-17 17:46:00,195:INFO:Engine for model 'knn_cds_dt' has not been set explicitly, hence returning None.
2025-04-17 17:46:00,203:INFO:Engine for model 'dt_cds_dt' has not been set explicitly, hence returning None.
2025-04-17 17:46:00,203:INFO:Engine for model 'rf_cds_dt' has not been set explicitly, hence returning None.
2025-04-17 17:46:00,203:INFO:Engine for model 'et_cds_dt' has not been set explicitly, hence returning None.
2025-04-17 17:46:00,203:INFO:Engine for model 'gbr_cds_dt' has not been set explicitly, hence returning None.
2025-04-17 17:46:00,203:INFO:Engine for model 'ada_cds_dt' has not been set explicitly, hence returning None.
2025-04-17 17:46:00,203:INFO:Engine for model 'xgboost_cds_dt' has not been set explicitly, hence returning None.
2025-04-17 17:46:00,203:WARNING:
'xgboost' is a soft dependency and not included in the pycaret installation. Please run: `pip install xgboost` to install.
Alternately, you can install this by running `pip install pycaret[models]`
2025-04-17 17:46:00,203:WARNING:
'xgboost' is a soft dependency and not included in the pycaret installation. Please run: `pip install xgboost` to install.
Alternately, you can install this by running `pip install pycaret[models]`
2025-04-17 17:46:00,203:INFO:Engine for model 'lightgbm_cds_dt' has not been set explicitly, hence returning None.
2025-04-17 17:46:00,204:INFO:Engine for model 'catboost_cds_dt' has not been set explicitly, hence returning None.
2025-04-17 17:46:00,204:WARNING:
'catboost' is a soft dependency and not included in the pycaret installation. Please run: `pip install catboost` to install.
Alternately, you can install this by running `pip install pycaret[models]`
2025-04-17 17:46:00,204:WARNING:
'catboost' is a soft dependency and not included in the pycaret installation. Please run: `pip install catboost` to install.
Alternately, you can install this by running `pip install pycaret[models]`
2025-04-17 17:46:00,204:INFO:Engine successfully changes for model 'lar_cds_dt' to 'sklearn'.
2025-04-17 17:46:00,205:WARNING:
'prophet' is a soft dependency and not included in the pycaret installation. Please run: `pip install prophet` to install.
2025-04-17 17:46:00,205:INFO:Engine for model 'llar_cds_dt' has not been set explicitly, hence returning None.
2025-04-17 17:46:00,205:INFO:Engine for model 'br_cds_dt' has not been set explicitly, hence returning None.
2025-04-17 17:46:00,206:INFO:Engine for model 'huber_cds_dt' has not been set explicitly, hence returning None.
2025-04-17 17:46:00,208:INFO:Engine for model 'omp_cds_dt' has not been set explicitly, hence returning None.
2025-04-17 17:46:00,209:INFO:Engine for model 'knn_cds_dt' has not been set explicitly, hence returning None.
2025-04-17 17:46:00,210:INFO:Engine for model 'dt_cds_dt' has not been set explicitly, hence returning None.
2025-04-17 17:46:00,210:INFO:Engine for model 'rf_cds_dt' has not been set explicitly, hence returning None.
2025-04-17 17:46:00,211:INFO:Engine for model 'et_cds_dt' has not been set explicitly, hence returning None.
2025-04-17 17:46:00,211:INFO:Engine for model 'gbr_cds_dt' has not been set explicitly, hence returning None.
2025-04-17 17:46:00,211:INFO:Engine for model 'ada_cds_dt' has not been set explicitly, hence returning None.
2025-04-17 17:46:00,212:INFO:Engine for model 'xgboost_cds_dt' has not been set explicitly, hence returning None.
2025-04-17 17:46:00,212:WARNING:
'xgboost' is a soft dependency and not included in the pycaret installation. Please run: `pip install xgboost` to install.
Alternately, you can install this by running `pip install pycaret[models]`
2025-04-17 17:46:00,212:WARNING:
'xgboost' is a soft dependency and not included in the pycaret installation. Please run: `pip install xgboost` to install.
Alternately, you can install this by running `pip install pycaret[models]`
2025-04-17 17:46:00,212:INFO:Engine for model 'lightgbm_cds_dt' has not been set explicitly, hence returning None.
2025-04-17 17:46:00,212:INFO:Engine for model 'catboost_cds_dt' has not been set explicitly, hence returning None.
2025-04-17 17:46:00,212:WARNING:
'catboost' is a soft dependency and not included in the pycaret installation. Please run: `pip install catboost` to install.
Alternately, you can install this by running `pip install pycaret[models]`
2025-04-17 17:46:00,212:WARNING:
'catboost' is a soft dependency and not included in the pycaret installation. Please run: `pip install catboost` to install.
Alternately, you can install this by running `pip install pycaret[models]`
2025-04-17 17:46:00,214:WARNING:
'prophet' is a soft dependency and not included in the pycaret installation. Please run: `pip install prophet` to install.
2025-04-17 17:46:00,214:INFO:Engine for model 'llar_cds_dt' has not been set explicitly, hence returning None.
2025-04-17 17:46:00,215:INFO:Engine for model 'br_cds_dt' has not been set explicitly, hence returning None.
2025-04-17 17:46:00,215:INFO:Engine for model 'huber_cds_dt' has not been set explicitly, hence returning None.
2025-04-17 17:46:00,218:INFO:Engine for model 'omp_cds_dt' has not been set explicitly, hence returning None.
2025-04-17 17:46:00,218:INFO:Engine for model 'knn_cds_dt' has not been set explicitly, hence returning None.
2025-04-17 17:46:00,218:INFO:Engine for model 'dt_cds_dt' has not been set explicitly, hence returning None.
2025-04-17 17:46:00,219:INFO:Engine for model 'rf_cds_dt' has not been set explicitly, hence returning None.
2025-04-17 17:46:00,219:INFO:Engine for model 'et_cds_dt' has not been set explicitly, hence returning None.
2025-04-17 17:46:00,219:INFO:Engine for model 'gbr_cds_dt' has not been set explicitly, hence returning None.
2025-04-17 17:46:00,219:INFO:Engine for model 'ada_cds_dt' has not been set explicitly, hence returning None.
2025-04-17 17:46:00,219:INFO:Engine for model 'xgboost_cds_dt' has not been set explicitly, hence returning None.
2025-04-17 17:46:00,219:WARNING:
'xgboost' is a soft dependency and not included in the pycaret installation. Please run: `pip install xgboost` to install.
Alternately, you can install this by running `pip install pycaret[models]`
2025-04-17 17:46:00,219:WARNING:
'xgboost' is a soft dependency and not included in the pycaret installation. Please run: `pip install xgboost` to install.
Alternately, you can install this by running `pip install pycaret[models]`
2025-04-17 17:46:00,219:INFO:Engine for model 'lightgbm_cds_dt' has not been set explicitly, hence returning None.
2025-04-17 17:46:00,219:INFO:Engine for model 'catboost_cds_dt' has not been set explicitly, hence returning None.
2025-04-17 17:46:00,219:WARNING:
'catboost' is a soft dependency and not included in the pycaret installation. Please run: `pip install catboost` to install.
Alternately, you can install this by running `pip install pycaret[models]`
2025-04-17 17:46:00,219:WARNING:
'catboost' is a soft dependency and not included in the pycaret installation. Please run: `pip install catboost` to install.
Alternately, you can install this by running `pip install pycaret[models]`
2025-04-17 17:46:00,219:INFO:Engine successfully changes for model 'llar_cds_dt' to 'sklearn'.
2025-04-17 17:46:00,221:WARNING:
'prophet' is a soft dependency and not included in the pycaret installation. Please run: `pip install prophet` to install.
2025-04-17 17:46:00,221:INFO:Engine for model 'br_cds_dt' has not been set explicitly, hence returning None.
2025-04-17 17:46:00,221:INFO:Engine for model 'huber_cds_dt' has not been set explicitly, hence returning None.
2025-04-17 17:46:00,222:INFO:Engine for model 'omp_cds_dt' has not been set explicitly, hence returning None.
2025-04-17 17:46:00,222:INFO:Engine for model 'knn_cds_dt' has not been set explicitly, hence returning None.
2025-04-17 17:46:00,222:INFO:Engine for model 'dt_cds_dt' has not been set explicitly, hence returning None.
2025-04-17 17:46:00,223:INFO:Engine for model 'rf_cds_dt' has not been set explicitly, hence returning None.
2025-04-17 17:46:00,223:INFO:Engine for model 'et_cds_dt' has not been set explicitly, hence returning None.
2025-04-17 17:46:00,223:INFO:Engine for model 'gbr_cds_dt' has not been set explicitly, hence returning None.
2025-04-17 17:46:00,223:INFO:Engine for model 'ada_cds_dt' has not been set explicitly, hence returning None.
2025-04-17 17:46:00,223:INFO:Engine for model 'xgboost_cds_dt' has not been set explicitly, hence returning None.
2025-04-17 17:46:00,223:WARNING:
'xgboost' is a soft dependency and not included in the pycaret installation. Please run: `pip install xgboost` to install.
Alternately, you can install this by running `pip install pycaret[models]`
2025-04-17 17:46:00,223:WARNING:
'xgboost' is a soft dependency and not included in the pycaret installation. Please run: `pip install xgboost` to install.
Alternately, you can install this by running `pip install pycaret[models]`
2025-04-17 17:46:00,223:INFO:Engine for model 'lightgbm_cds_dt' has not been set explicitly, hence returning None.
2025-04-17 17:46:00,223:INFO:Engine for model 'catboost_cds_dt' has not been set explicitly, hence returning None.
2025-04-17 17:46:00,223:WARNING:
'catboost' is a soft dependency and not included in the pycaret installation. Please run: `pip install catboost` to install.
Alternately, you can install this by running `pip install pycaret[models]`
2025-04-17 17:46:00,223:WARNING:
'catboost' is a soft dependency and not included in the pycaret installation. Please run: `pip install catboost` to install.
Alternately, you can install this by running `pip install pycaret[models]`
2025-04-17 17:46:00,225:WARNING:
'prophet' is a soft dependency and not included in the pycaret installation. Please run: `pip install prophet` to install.
2025-04-17 17:46:00,225:INFO:Engine for model 'br_cds_dt' has not been set explicitly, hence returning None.
2025-04-17 17:46:00,226:INFO:Engine for model 'huber_cds_dt' has not been set explicitly, hence returning None.
2025-04-17 17:46:00,228:INFO:Engine for model 'omp_cds_dt' has not been set explicitly, hence returning None.
2025-04-17 17:46:00,230:INFO:Engine for model 'knn_cds_dt' has not been set explicitly, hence returning None.
2025-04-17 17:46:00,230:INFO:Engine for model 'dt_cds_dt' has not been set explicitly, hence returning None.
2025-04-17 17:46:00,230:INFO:Engine for model 'rf_cds_dt' has not been set explicitly, hence returning None.
2025-04-17 17:46:00,231:INFO:Engine for model 'et_cds_dt' has not been set explicitly, hence returning None.
2025-04-17 17:46:00,231:INFO:Engine for model 'gbr_cds_dt' has not been set explicitly, hence returning None.
2025-04-17 17:46:00,231:INFO:Engine for model 'ada_cds_dt' has not been set explicitly, hence returning None.
2025-04-17 17:46:00,232:INFO:Engine for model 'xgboost_cds_dt' has not been set explicitly, hence returning None.
2025-04-17 17:46:00,232:WARNING:
'xgboost' is a soft dependency and not included in the pycaret installation. Please run: `pip install xgboost` to install.
Alternately, you can install this by running `pip install pycaret[models]`
2025-04-17 17:46:00,232:WARNING:
'xgboost' is a soft dependency and not included in the pycaret installation. Please run: `pip install xgboost` to install.
Alternately, you can install this by running `pip install pycaret[models]`
2025-04-17 17:46:00,232:INFO:Engine for model 'lightgbm_cds_dt' has not been set explicitly, hence returning None.
2025-04-17 17:46:00,232:INFO:Engine for model 'catboost_cds_dt' has not been set explicitly, hence returning None.
2025-04-17 17:46:00,232:WARNING:
'catboost' is a soft dependency and not included in the pycaret installation. Please run: `pip install catboost` to install.
Alternately, you can install this by running `pip install pycaret[models]`
2025-04-17 17:46:00,232:WARNING:
'catboost' is a soft dependency and not included in the pycaret installation. Please run: `pip install catboost` to install.
Alternately, you can install this by running `pip install pycaret[models]`
2025-04-17 17:46:00,233:INFO:Engine successfully changes for model 'br_cds_dt' to 'sklearn'.
2025-04-17 17:46:00,241:WARNING:
'prophet' is a soft dependency and not included in the pycaret installation. Please run: `pip install prophet` to install.
2025-04-17 17:46:00,243:INFO:Engine for model 'huber_cds_dt' has not been set explicitly, hence returning None.
2025-04-17 17:46:00,245:INFO:Engine for model 'omp_cds_dt' has not been set explicitly, hence returning None.
2025-04-17 17:46:00,246:INFO:Engine for model 'knn_cds_dt' has not been set explicitly, hence returning None.
2025-04-17 17:46:00,246:INFO:Engine for model 'dt_cds_dt' has not been set explicitly, hence returning None.
2025-04-17 17:46:00,246:INFO:Engine for model 'rf_cds_dt' has not been set explicitly, hence returning None.
2025-04-17 17:46:00,246:INFO:Engine for model 'et_cds_dt' has not been set explicitly, hence returning None.
2025-04-17 17:46:00,246:INFO:Engine for model 'gbr_cds_dt' has not been set explicitly, hence returning None.
2025-04-17 17:46:00,246:INFO:Engine for model 'ada_cds_dt' has not been set explicitly, hence returning None.
2025-04-17 17:46:00,246:INFO:Engine for model 'xgboost_cds_dt' has not been set explicitly, hence returning None.
2025-04-17 17:46:00,246:WARNING:
'xgboost' is a soft dependency and not included in the pycaret installation. Please run: `pip install xgboost` to install.
Alternately, you can install this by running `pip install pycaret[models]`
2025-04-17 17:46:00,246:WARNING:
'xgboost' is a soft dependency and not included in the pycaret installation. Please run: `pip install xgboost` to install.
Alternately, you can install this by running `pip install pycaret[models]`
2025-04-17 17:46:00,246:INFO:Engine for model 'lightgbm_cds_dt' has not been set explicitly, hence returning None.
2025-04-17 17:46:00,247:INFO:Engine for model 'catboost_cds_dt' has not been set explicitly, hence returning None.
2025-04-17 17:46:00,247:WARNING:
'catboost' is a soft dependency and not included in the pycaret installation. Please run: `pip install catboost` to install.
Alternately, you can install this by running `pip install pycaret[models]`
2025-04-17 17:46:00,247:WARNING:
'catboost' is a soft dependency and not included in the pycaret installation. Please run: `pip install catboost` to install.
Alternately, you can install this by running `pip install pycaret[models]`
2025-04-17 17:46:00,248:WARNING:
'prophet' is a soft dependency and not included in the pycaret installation. Please run: `pip install prophet` to install.
2025-04-17 17:46:00,252:INFO:Engine for model 'huber_cds_dt' has not been set explicitly, hence returning None.
2025-04-17 17:46:00,253:INFO:Engine for model 'omp_cds_dt' has not been set explicitly, hence returning None.
2025-04-17 17:46:00,253:INFO:Engine for model 'knn_cds_dt' has not been set explicitly, hence returning None.
2025-04-17 17:46:00,254:INFO:Engine for model 'dt_cds_dt' has not been set explicitly, hence returning None.
2025-04-17 17:46:00,254:INFO:Engine for model 'rf_cds_dt' has not been set explicitly, hence returning None.
2025-04-17 17:46:00,254:INFO:Engine for model 'et_cds_dt' has not been set explicitly, hence returning None.
2025-04-17 17:46:00,254:INFO:Engine for model 'gbr_cds_dt' has not been set explicitly, hence returning None.
2025-04-17 17:46:00,254:INFO:Engine for model 'ada_cds_dt' has not been set explicitly, hence returning None.
2025-04-17 17:46:00,254:INFO:Engine for model 'xgboost_cds_dt' has not been set explicitly, hence returning None.
2025-04-17 17:46:00,254:WARNING:
'xgboost' is a soft dependency and not included in the pycaret installation. Please run: `pip install xgboost` to install.
Alternately, you can install this by running `pip install pycaret[models]`
2025-04-17 17:46:00,254:WARNING:
'xgboost' is a soft dependency and not included in the pycaret installation. Please run: `pip install xgboost` to install.
Alternately, you can install this by running `pip install pycaret[models]`
2025-04-17 17:46:00,254:INFO:Engine for model 'lightgbm_cds_dt' has not been set explicitly, hence returning None.
2025-04-17 17:46:00,254:INFO:Engine for model 'catboost_cds_dt' has not been set explicitly, hence returning None.
2025-04-17 17:46:00,254:WARNING:
'catboost' is a soft dependency and not included in the pycaret installation. Please run: `pip install catboost` to install.
Alternately, you can install this by running `pip install pycaret[models]`
2025-04-17 17:46:00,254:WARNING:
'catboost' is a soft dependency and not included in the pycaret installation. Please run: `pip install catboost` to install.
Alternately, you can install this by running `pip install pycaret[models]`
2025-04-17 17:46:00,255:INFO:Engine successfully changes for model 'huber_cds_dt' to 'sklearn'.
2025-04-17 17:46:00,258:WARNING:
'prophet' is a soft dependency and not included in the pycaret installation. Please run: `pip install prophet` to install.
2025-04-17 17:46:00,261:INFO:Engine for model 'omp_cds_dt' has not been set explicitly, hence returning None.
2025-04-17 17:46:00,265:INFO:Engine for model 'knn_cds_dt' has not been set explicitly, hence returning None.
2025-04-17 17:46:00,265:INFO:Engine for model 'dt_cds_dt' has not been set explicitly, hence returning None.
2025-04-17 17:46:00,265:INFO:Engine for model 'rf_cds_dt' has not been set explicitly, hence returning None.
2025-04-17 17:46:00,265:INFO:Engine for model 'et_cds_dt' has not been set explicitly, hence returning None.
2025-04-17 17:46:00,265:INFO:Engine for model 'gbr_cds_dt' has not been set explicitly, hence returning None.
2025-04-17 17:46:00,265:INFO:Engine for model 'ada_cds_dt' has not been set explicitly, hence returning None.
2025-04-17 17:46:00,265:INFO:Engine for model 'xgboost_cds_dt' has not been set explicitly, hence returning None.
2025-04-17 17:46:00,265:WARNING:
'xgboost' is a soft dependency and not included in the pycaret installation. Please run: `pip install xgboost` to install.
Alternately, you can install this by running `pip install pycaret[models]`
2025-04-17 17:46:00,265:WARNING:
'xgboost' is a soft dependency and not included in the pycaret installation. Please run: `pip install xgboost` to install.
Alternately, you can install this by running `pip install pycaret[models]`
2025-04-17 17:46:00,265:INFO:Engine for model 'lightgbm_cds_dt' has not been set explicitly, hence returning None.
2025-04-17 17:46:00,266:INFO:Engine for model 'catboost_cds_dt' has not been set explicitly, hence returning None.
2025-04-17 17:46:00,266:WARNING:
'catboost' is a soft dependency and not included in the pycaret installation. Please run: `pip install catboost` to install.
Alternately, you can install this by running `pip install pycaret[models]`
2025-04-17 17:46:00,266:WARNING:
'catboost' is a soft dependency and not included in the pycaret installation. Please run: `pip install catboost` to install.
Alternately, you can install this by running `pip install pycaret[models]`
2025-04-17 17:46:00,267:WARNING:
'prophet' is a soft dependency and not included in the pycaret installation. Please run: `pip install prophet` to install.
2025-04-17 17:46:00,268:INFO:Engine for model 'omp_cds_dt' has not been set explicitly, hence returning None.
2025-04-17 17:46:00,270:INFO:Engine for model 'knn_cds_dt' has not been set explicitly, hence returning None.
2025-04-17 17:46:00,270:INFO:Engine for model 'dt_cds_dt' has not been set explicitly, hence returning None.
2025-04-17 17:46:00,270:INFO:Engine for model 'rf_cds_dt' has not been set explicitly, hence returning None.
2025-04-17 17:46:00,271:INFO:Engine for model 'et_cds_dt' has not been set explicitly, hence returning None.
2025-04-17 17:46:00,271:INFO:Engine for model 'gbr_cds_dt' has not been set explicitly, hence returning None.
2025-04-17 17:46:00,271:INFO:Engine for model 'ada_cds_dt' has not been set explicitly, hence returning None.
2025-04-17 17:46:00,272:INFO:Engine for model 'xgboost_cds_dt' has not been set explicitly, hence returning None.
2025-04-17 17:46:00,272:WARNING:
'xgboost' is a soft dependency and not included in the pycaret installation. Please run: `pip install xgboost` to install.
Alternately, you can install this by running `pip install pycaret[models]`
2025-04-17 17:46:00,272:WARNING:
'xgboost' is a soft dependency and not included in the pycaret installation. Please run: `pip install xgboost` to install.
Alternately, you can install this by running `pip install pycaret[models]`
2025-04-17 17:46:00,272:INFO:Engine for model 'lightgbm_cds_dt' has not been set explicitly, hence returning None.
2025-04-17 17:46:00,272:INFO:Engine for model 'catboost_cds_dt' has not been set explicitly, hence returning None.
2025-04-17 17:46:00,272:WARNING:
'catboost' is a soft dependency and not included in the pycaret installation. Please run: `pip install catboost` to install.
Alternately, you can install this by running `pip install pycaret[models]`
2025-04-17 17:46:00,272:WARNING:
'catboost' is a soft dependency and not included in the pycaret installation. Please run: `pip install catboost` to install.
Alternately, you can install this by running `pip install pycaret[models]`
2025-04-17 17:46:00,273:INFO:Engine successfully changes for model 'par_cds_dt' to 'sklearn'.
2025-04-17 17:46:00,276:WARNING:
'prophet' is a soft dependency and not included in the pycaret installation. Please run: `pip install prophet` to install.
2025-04-17 17:46:00,277:INFO:Engine for model 'omp_cds_dt' has not been set explicitly, hence returning None.
2025-04-17 17:46:00,278:INFO:Engine for model 'knn_cds_dt' has not been set explicitly, hence returning None.
2025-04-17 17:46:00,278:INFO:Engine for model 'dt_cds_dt' has not been set explicitly, hence returning None.
2025-04-17 17:46:00,278:INFO:Engine for model 'rf_cds_dt' has not been set explicitly, hence returning None.
2025-04-17 17:46:00,278:INFO:Engine for model 'et_cds_dt' has not been set explicitly, hence returning None.
2025-04-17 17:46:00,279:INFO:Engine for model 'gbr_cds_dt' has not been set explicitly, hence returning None.
2025-04-17 17:46:00,279:INFO:Engine for model 'ada_cds_dt' has not been set explicitly, hence returning None.
2025-04-17 17:46:00,279:INFO:Engine for model 'xgboost_cds_dt' has not been set explicitly, hence returning None.
2025-04-17 17:46:00,280:WARNING:
'xgboost' is a soft dependency and not included in the pycaret installation. Please run: `pip install xgboost` to install.
Alternately, you can install this by running `pip install pycaret[models]`
2025-04-17 17:46:00,280:WARNING:
'xgboost' is a soft dependency and not included in the pycaret installation. Please run: `pip install xgboost` to install.
Alternately, you can install this by running `pip install pycaret[models]`
2025-04-17 17:46:00,280:INFO:Engine for model 'lightgbm_cds_dt' has not been set explicitly, hence returning None.
2025-04-17 17:46:00,280:INFO:Engine for model 'catboost_cds_dt' has not been set explicitly, hence returning None.
2025-04-17 17:46:00,280:WARNING:
'catboost' is a soft dependency and not included in the pycaret installation. Please run: `pip install catboost` to install.
Alternately, you can install this by running `pip install pycaret[models]`
2025-04-17 17:46:00,280:WARNING:
'catboost' is a soft dependency and not included in the pycaret installation. Please run: `pip install catboost` to install.
Alternately, you can install this by running `pip install pycaret[models]`
2025-04-17 17:46:00,284:WARNING:
'prophet' is a soft dependency and not included in the pycaret installation. Please run: `pip install prophet` to install.
2025-04-17 17:46:00,287:INFO:Engine for model 'omp_cds_dt' has not been set explicitly, hence returning None.
2025-04-17 17:46:00,287:INFO:Engine for model 'knn_cds_dt' has not been set explicitly, hence returning None.
2025-04-17 17:46:00,287:INFO:Engine for model 'dt_cds_dt' has not been set explicitly, hence returning None.
2025-04-17 17:46:00,287:INFO:Engine for model 'rf_cds_dt' has not been set explicitly, hence returning None.
2025-04-17 17:46:00,287:INFO:Engine for model 'et_cds_dt' has not been set explicitly, hence returning None.
2025-04-17 17:46:00,287:INFO:Engine for model 'gbr_cds_dt' has not been set explicitly, hence returning None.
2025-04-17 17:46:00,288:INFO:Engine for model 'ada_cds_dt' has not been set explicitly, hence returning None.
2025-04-17 17:46:00,288:INFO:Engine for model 'xgboost_cds_dt' has not been set explicitly, hence returning None.
2025-04-17 17:46:00,288:WARNING:
'xgboost' is a soft dependency and not included in the pycaret installation. Please run: `pip install xgboost` to install.
Alternately, you can install this by running `pip install pycaret[models]`
2025-04-17 17:46:00,288:WARNING:
'xgboost' is a soft dependency and not included in the pycaret installation. Please run: `pip install xgboost` to install.
Alternately, you can install this by running `pip install pycaret[models]`
2025-04-17 17:46:00,288:INFO:Engine for model 'lightgbm_cds_dt' has not been set explicitly, hence returning None.
2025-04-17 17:46:00,288:INFO:Engine for model 'catboost_cds_dt' has not been set explicitly, hence returning None.
2025-04-17 17:46:00,288:WARNING:
'catboost' is a soft dependency and not included in the pycaret installation. Please run: `pip install catboost` to install.
Alternately, you can install this by running `pip install pycaret[models]`
2025-04-17 17:46:00,288:WARNING:
'catboost' is a soft dependency and not included in the pycaret installation. Please run: `pip install catboost` to install.
Alternately, you can install this by running `pip install pycaret[models]`
2025-04-17 17:46:00,288:INFO:Engine successfully changes for model 'omp_cds_dt' to 'sklearn'.
2025-04-17 17:46:00,289:WARNING:
'prophet' is a soft dependency and not included in the pycaret installation. Please run: `pip install prophet` to install.
2025-04-17 17:46:00,291:INFO:Engine for model 'knn_cds_dt' has not been set explicitly, hence returning None.
2025-04-17 17:46:00,291:INFO:Engine for model 'dt_cds_dt' has not been set explicitly, hence returning None.
2025-04-17 17:46:00,291:INFO:Engine for model 'rf_cds_dt' has not been set explicitly, hence returning None.
2025-04-17 17:46:00,291:INFO:Engine for model 'et_cds_dt' has not been set explicitly, hence returning None.
2025-04-17 17:46:00,291:INFO:Engine for model 'gbr_cds_dt' has not been set explicitly, hence returning None.
2025-04-17 17:46:00,291:INFO:Engine for model 'ada_cds_dt' has not been set explicitly, hence returning None.
2025-04-17 17:46:00,292:INFO:Engine for model 'xgboost_cds_dt' has not been set explicitly, hence returning None.
2025-04-17 17:46:00,292:WARNING:
'xgboost' is a soft dependency and not included in the pycaret installation. Please run: `pip install xgboost` to install.
Alternately, you can install this by running `pip install pycaret[models]`
2025-04-17 17:46:00,292:WARNING:
'xgboost' is a soft dependency and not included in the pycaret installation. Please run: `pip install xgboost` to install.
Alternately, you can install this by running `pip install pycaret[models]`
2025-04-17 17:46:00,292:INFO:Engine for model 'lightgbm_cds_dt' has not been set explicitly, hence returning None.
2025-04-17 17:46:00,292:INFO:Engine for model 'catboost_cds_dt' has not been set explicitly, hence returning None.
2025-04-17 17:46:00,292:WARNING:
'catboost' is a soft dependency and not included in the pycaret installation. Please run: `pip install catboost` to install.
Alternately, you can install this by running `pip install pycaret[models]`
2025-04-17 17:46:00,292:WARNING:
'catboost' is a soft dependency and not included in the pycaret installation. Please run: `pip install catboost` to install.
Alternately, you can install this by running `pip install pycaret[models]`
2025-04-17 17:46:00,293:WARNING:
'prophet' is a soft dependency and not included in the pycaret installation. Please run: `pip install prophet` to install.
2025-04-17 17:46:00,295:INFO:Engine for model 'knn_cds_dt' has not been set explicitly, hence returning None.
2025-04-17 17:46:00,295:INFO:Engine for model 'dt_cds_dt' has not been set explicitly, hence returning None.
2025-04-17 17:46:00,295:INFO:Engine for model 'rf_cds_dt' has not been set explicitly, hence returning None.
2025-04-17 17:46:00,295:INFO:Engine for model 'et_cds_dt' has not been set explicitly, hence returning None.
2025-04-17 17:46:00,295:INFO:Engine for model 'gbr_cds_dt' has not been set explicitly, hence returning None.
2025-04-17 17:46:00,295:INFO:Engine for model 'ada_cds_dt' has not been set explicitly, hence returning None.
2025-04-17 17:46:00,295:INFO:Engine for model 'xgboost_cds_dt' has not been set explicitly, hence returning None.
2025-04-17 17:46:00,295:WARNING:
'xgboost' is a soft dependency and not included in the pycaret installation. Please run: `pip install xgboost` to install.
Alternately, you can install this by running `pip install pycaret[models]`
2025-04-17 17:46:00,295:WARNING:
'xgboost' is a soft dependency and not included in the pycaret installation. Please run: `pip install xgboost` to install.
Alternately, you can install this by running `pip install pycaret[models]`
2025-04-17 17:46:00,295:INFO:Engine for model 'lightgbm_cds_dt' has not been set explicitly, hence returning None.
2025-04-17 17:46:00,295:INFO:Engine for model 'catboost_cds_dt' has not been set explicitly, hence returning None.
2025-04-17 17:46:00,296:WARNING:
'catboost' is a soft dependency and not included in the pycaret installation. Please run: `pip install catboost` to install.
Alternately, you can install this by running `pip install pycaret[models]`
2025-04-17 17:46:00,296:WARNING:
'catboost' is a soft dependency and not included in the pycaret installation. Please run: `pip install catboost` to install.
Alternately, you can install this by running `pip install pycaret[models]`
2025-04-17 17:46:00,296:INFO:Engine successfully changes for model 'knn_cds_dt' to 'sklearn'.
2025-04-17 17:46:00,303:WARNING:
'prophet' is a soft dependency and not included in the pycaret installation. Please run: `pip install prophet` to install.
2025-04-17 17:46:00,308:INFO:Engine for model 'dt_cds_dt' has not been set explicitly, hence returning None.
2025-04-17 17:46:00,308:INFO:Engine for model 'rf_cds_dt' has not been set explicitly, hence returning None.
2025-04-17 17:46:00,309:INFO:Engine for model 'et_cds_dt' has not been set explicitly, hence returning None.
2025-04-17 17:46:00,309:INFO:Engine for model 'gbr_cds_dt' has not been set explicitly, hence returning None.
2025-04-17 17:46:00,309:INFO:Engine for model 'ada_cds_dt' has not been set explicitly, hence returning None.
2025-04-17 17:46:00,310:INFO:Engine for model 'xgboost_cds_dt' has not been set explicitly, hence returning None.
2025-04-17 17:46:00,310:WARNING:
'xgboost' is a soft dependency and not included in the pycaret installation. Please run: `pip install xgboost` to install.
Alternately, you can install this by running `pip install pycaret[models]`
2025-04-17 17:46:00,310:WARNING:
'xgboost' is a soft dependency and not included in the pycaret installation. Please run: `pip install xgboost` to install.
Alternately, you can install this by running `pip install pycaret[models]`
2025-04-17 17:46:00,310:INFO:Engine for model 'lightgbm_cds_dt' has not been set explicitly, hence returning None.
2025-04-17 17:46:00,310:INFO:Engine for model 'catboost_cds_dt' has not been set explicitly, hence returning None.
2025-04-17 17:46:00,310:WARNING:
'catboost' is a soft dependency and not included in the pycaret installation. Please run: `pip install catboost` to install.
Alternately, you can install this by running `pip install pycaret[models]`
2025-04-17 17:46:00,310:WARNING:
'catboost' is a soft dependency and not included in the pycaret installation. Please run: `pip install catboost` to install.
Alternately, you can install this by running `pip install pycaret[models]`
2025-04-17 17:46:00,313:WARNING:
'prophet' is a soft dependency and not included in the pycaret installation. Please run: `pip install prophet` to install.
2025-04-17 17:46:00,320:INFO:Engine for model 'dt_cds_dt' has not been set explicitly, hence returning None.
2025-04-17 17:46:00,320:INFO:Engine for model 'rf_cds_dt' has not been set explicitly, hence returning None.
2025-04-17 17:46:00,320:INFO:Engine for model 'et_cds_dt' has not been set explicitly, hence returning None.
2025-04-17 17:46:00,321:INFO:Engine for model 'gbr_cds_dt' has not been set explicitly, hence returning None.
2025-04-17 17:46:00,321:INFO:Engine for model 'ada_cds_dt' has not been set explicitly, hence returning None.
2025-04-17 17:46:00,322:INFO:Engine for model 'xgboost_cds_dt' has not been set explicitly, hence returning None.
2025-04-17 17:46:00,323:WARNING:
'xgboost' is a soft dependency and not included in the pycaret installation. Please run: `pip install xgboost` to install.
Alternately, you can install this by running `pip install pycaret[models]`
2025-04-17 17:46:00,323:WARNING:
'xgboost' is a soft dependency and not included in the pycaret installation. Please run: `pip install xgboost` to install.
Alternately, you can install this by running `pip install pycaret[models]`
2025-04-17 17:46:00,323:INFO:Engine for model 'lightgbm_cds_dt' has not been set explicitly, hence returning None.
2025-04-17 17:46:00,323:INFO:Engine for model 'catboost_cds_dt' has not been set explicitly, hence returning None.
2025-04-17 17:46:00,323:WARNING:
'catboost' is a soft dependency and not included in the pycaret installation. Please run: `pip install catboost` to install.
Alternately, you can install this by running `pip install pycaret[models]`
2025-04-17 17:46:00,323:WARNING:
'catboost' is a soft dependency and not included in the pycaret installation. Please run: `pip install catboost` to install.
Alternately, you can install this by running `pip install pycaret[models]`
2025-04-17 17:46:00,323:INFO:Engine successfully changes for model 'dt_cds_dt' to 'sklearn'.
2025-04-17 17:46:00,324:WARNING:
'prophet' is a soft dependency and not included in the pycaret installation. Please run: `pip install prophet` to install.
2025-04-17 17:46:00,327:INFO:Engine for model 'rf_cds_dt' has not been set explicitly, hence returning None.
2025-04-17 17:46:00,327:INFO:Engine for model 'et_cds_dt' has not been set explicitly, hence returning None.
2025-04-17 17:46:00,327:INFO:Engine for model 'gbr_cds_dt' has not been set explicitly, hence returning None.
2025-04-17 17:46:00,327:INFO:Engine for model 'ada_cds_dt' has not been set explicitly, hence returning None.
2025-04-17 17:46:00,327:INFO:Engine for model 'xgboost_cds_dt' has not been set explicitly, hence returning None.
2025-04-17 17:46:00,328:WARNING:
'xgboost' is a soft dependency and not included in the pycaret installation. Please run: `pip install xgboost` to install.
Alternately, you can install this by running `pip install pycaret[models]`
2025-04-17 17:46:00,328:WARNING:
'xgboost' is a soft dependency and not included in the pycaret installation. Please run: `pip install xgboost` to install.
Alternately, you can install this by running `pip install pycaret[models]`
2025-04-17 17:46:00,328:INFO:Engine for model 'lightgbm_cds_dt' has not been set explicitly, hence returning None.
2025-04-17 17:46:00,328:INFO:Engine for model 'catboost_cds_dt' has not been set explicitly, hence returning None.
2025-04-17 17:46:00,328:WARNING:
'catboost' is a soft dependency and not included in the pycaret installation. Please run: `pip install catboost` to install.
Alternately, you can install this by running `pip install pycaret[models]`
2025-04-17 17:46:00,328:WARNING:
'catboost' is a soft dependency and not included in the pycaret installation. Please run: `pip install catboost` to install.
Alternately, you can install this by running `pip install pycaret[models]`
2025-04-17 17:46:00,329:WARNING:
'prophet' is a soft dependency and not included in the pycaret installation. Please run: `pip install prophet` to install.
2025-04-17 17:46:00,331:INFO:Engine for model 'rf_cds_dt' has not been set explicitly, hence returning None.
2025-04-17 17:46:00,331:INFO:Engine for model 'et_cds_dt' has not been set explicitly, hence returning None.
2025-04-17 17:46:00,331:INFO:Engine for model 'gbr_cds_dt' has not been set explicitly, hence returning None.
2025-04-17 17:46:00,331:INFO:Engine for model 'ada_cds_dt' has not been set explicitly, hence returning None.
2025-04-17 17:46:00,332:INFO:Engine for model 'xgboost_cds_dt' has not been set explicitly, hence returning None.
2025-04-17 17:46:00,332:WARNING:
'xgboost' is a soft dependency and not included in the pycaret installation. Please run: `pip install xgboost` to install.
Alternately, you can install this by running `pip install pycaret[models]`
2025-04-17 17:46:00,332:WARNING:
'xgboost' is a soft dependency and not included in the pycaret installation. Please run: `pip install xgboost` to install.
Alternately, you can install this by running `pip install pycaret[models]`
2025-04-17 17:46:00,332:INFO:Engine for model 'lightgbm_cds_dt' has not been set explicitly, hence returning None.
2025-04-17 17:46:00,332:INFO:Engine for model 'catboost_cds_dt' has not been set explicitly, hence returning None.
2025-04-17 17:46:00,332:WARNING:
'catboost' is a soft dependency and not included in the pycaret installation. Please run: `pip install catboost` to install.
Alternately, you can install this by running `pip install pycaret[models]`
2025-04-17 17:46:00,332:WARNING:
'catboost' is a soft dependency and not included in the pycaret installation. Please run: `pip install catboost` to install.
Alternately, you can install this by running `pip install pycaret[models]`
2025-04-17 17:46:00,332:INFO:Engine successfully changes for model 'rf_cds_dt' to 'sklearn'.
2025-04-17 17:46:00,335:WARNING:
'prophet' is a soft dependency and not included in the pycaret installation. Please run: `pip install prophet` to install.
2025-04-17 17:46:00,340:INFO:Engine for model 'et_cds_dt' has not been set explicitly, hence returning None.
2025-04-17 17:46:00,340:INFO:Engine for model 'gbr_cds_dt' has not been set explicitly, hence returning None.
2025-04-17 17:46:00,340:INFO:Engine for model 'ada_cds_dt' has not been set explicitly, hence returning None.
2025-04-17 17:46:00,340:INFO:Engine for model 'xgboost_cds_dt' has not been set explicitly, hence returning None.
2025-04-17 17:46:00,340:WARNING:
'xgboost' is a soft dependency and not included in the pycaret installation. Please run: `pip install xgboost` to install.
Alternately, you can install this by running `pip install pycaret[models]`
2025-04-17 17:46:00,340:WARNING:
'xgboost' is a soft dependency and not included in the pycaret installation. Please run: `pip install xgboost` to install.
Alternately, you can install this by running `pip install pycaret[models]`
2025-04-17 17:46:00,340:INFO:Engine for model 'lightgbm_cds_dt' has not been set explicitly, hence returning None.
2025-04-17 17:46:00,340:INFO:Engine for model 'catboost_cds_dt' has not been set explicitly, hence returning None.
2025-04-17 17:46:00,340:WARNING:
'catboost' is a soft dependency and not included in the pycaret installation. Please run: `pip install catboost` to install.
Alternately, you can install this by running `pip install pycaret[models]`
2025-04-17 17:46:00,340:WARNING:
'catboost' is a soft dependency and not included in the pycaret installation. Please run: `pip install catboost` to install.
Alternately, you can install this by running `pip install pycaret[models]`
2025-04-17 17:46:00,342:WARNING:
'prophet' is a soft dependency and not included in the pycaret installation. Please run: `pip install prophet` to install.
2025-04-17 17:46:00,347:INFO:Engine for model 'et_cds_dt' has not been set explicitly, hence returning None.
2025-04-17 17:46:00,347:INFO:Engine for model 'gbr_cds_dt' has not been set explicitly, hence returning None.
2025-04-17 17:46:00,347:INFO:Engine for model 'ada_cds_dt' has not been set explicitly, hence returning None.
2025-04-17 17:46:00,348:INFO:Engine for model 'xgboost_cds_dt' has not been set explicitly, hence returning None.
2025-04-17 17:46:00,348:WARNING:
'xgboost' is a soft dependency and not included in the pycaret installation. Please run: `pip install xgboost` to install.
Alternately, you can install this by running `pip install pycaret[models]`
2025-04-17 17:46:00,348:WARNING:
'xgboost' is a soft dependency and not included in the pycaret installation. Please run: `pip install xgboost` to install.
Alternately, you can install this by running `pip install pycaret[models]`
2025-04-17 17:46:00,348:INFO:Engine for model 'lightgbm_cds_dt' has not been set explicitly, hence returning None.
2025-04-17 17:46:00,348:INFO:Engine for model 'catboost_cds_dt' has not been set explicitly, hence returning None.
2025-04-17 17:46:00,348:WARNING:
'catboost' is a soft dependency and not included in the pycaret installation. Please run: `pip install catboost` to install.
Alternately, you can install this by running `pip install pycaret[models]`
2025-04-17 17:46:00,348:WARNING:
'catboost' is a soft dependency and not included in the pycaret installation. Please run: `pip install catboost` to install.
Alternately, you can install this by running `pip install pycaret[models]`
2025-04-17 17:46:00,348:INFO:Engine successfully changes for model 'et_cds_dt' to 'sklearn'.
2025-04-17 17:46:00,349:WARNING:
'prophet' is a soft dependency and not included in the pycaret installation. Please run: `pip install prophet` to install.
2025-04-17 17:46:00,351:INFO:Engine for model 'gbr_cds_dt' has not been set explicitly, hence returning None.
2025-04-17 17:46:00,351:INFO:Engine for model 'ada_cds_dt' has not been set explicitly, hence returning None.
2025-04-17 17:46:00,351:INFO:Engine for model 'xgboost_cds_dt' has not been set explicitly, hence returning None.
2025-04-17 17:46:00,351:WARNING:
'xgboost' is a soft dependency and not included in the pycaret installation. Please run: `pip install xgboost` to install.
Alternately, you can install this by running `pip install pycaret[models]`
2025-04-17 17:46:00,351:WARNING:
'xgboost' is a soft dependency and not included in the pycaret installation. Please run: `pip install xgboost` to install.
Alternately, you can install this by running `pip install pycaret[models]`
2025-04-17 17:46:00,351:INFO:Engine for model 'lightgbm_cds_dt' has not been set explicitly, hence returning None.
2025-04-17 17:46:00,351:INFO:Engine for model 'catboost_cds_dt' has not been set explicitly, hence returning None.
2025-04-17 17:46:00,351:WARNING:
'catboost' is a soft dependency and not included in the pycaret installation. Please run: `pip install catboost` to install.
Alternately, you can install this by running `pip install pycaret[models]`
2025-04-17 17:46:00,351:WARNING:
'catboost' is a soft dependency and not included in the pycaret installation. Please run: `pip install catboost` to install.
Alternately, you can install this by running `pip install pycaret[models]`
2025-04-17 17:46:00,352:WARNING:
'prophet' is a soft dependency and not included in the pycaret installation. Please run: `pip install prophet` to install.
2025-04-17 17:46:00,354:INFO:Engine for model 'gbr_cds_dt' has not been set explicitly, hence returning None.
2025-04-17 17:46:00,354:INFO:Engine for model 'ada_cds_dt' has not been set explicitly, hence returning None.
2025-04-17 17:46:00,355:INFO:Engine for model 'xgboost_cds_dt' has not been set explicitly, hence returning None.
2025-04-17 17:46:00,355:WARNING:
'xgboost' is a soft dependency and not included in the pycaret installation. Please run: `pip install xgboost` to install.
Alternately, you can install this by running `pip install pycaret[models]`
2025-04-17 17:46:00,355:WARNING:
'xgboost' is a soft dependency and not included in the pycaret installation. Please run: `pip install xgboost` to install.
Alternately, you can install this by running `pip install pycaret[models]`
2025-04-17 17:46:00,355:INFO:Engine for model 'lightgbm_cds_dt' has not been set explicitly, hence returning None.
2025-04-17 17:46:00,355:INFO:Engine for model 'catboost_cds_dt' has not been set explicitly, hence returning None.
2025-04-17 17:46:00,355:WARNING:
'catboost' is a soft dependency and not included in the pycaret installation. Please run: `pip install catboost` to install.
Alternately, you can install this by running `pip install pycaret[models]`
2025-04-17 17:46:00,355:WARNING:
'catboost' is a soft dependency and not included in the pycaret installation. Please run: `pip install catboost` to install.
Alternately, you can install this by running `pip install pycaret[models]`
2025-04-17 17:46:00,356:INFO:Engine successfully changes for model 'gbr_cds_dt' to 'sklearn'.
2025-04-17 17:46:00,360:WARNING:
'prophet' is a soft dependency and not included in the pycaret installation. Please run: `pip install prophet` to install.
2025-04-17 17:46:00,365:INFO:Engine for model 'ada_cds_dt' has not been set explicitly, hence returning None.
2025-04-17 17:46:00,365:INFO:Engine for model 'xgboost_cds_dt' has not been set explicitly, hence returning None.
2025-04-17 17:46:00,365:WARNING:
'xgboost' is a soft dependency and not included in the pycaret installation. Please run: `pip install xgboost` to install.
Alternately, you can install this by running `pip install pycaret[models]`
2025-04-17 17:46:00,365:WARNING:
'xgboost' is a soft dependency and not included in the pycaret installation. Please run: `pip install xgboost` to install.
Alternately, you can install this by running `pip install pycaret[models]`
2025-04-17 17:46:00,365:INFO:Engine for model 'lightgbm_cds_dt' has not been set explicitly, hence returning None.
2025-04-17 17:46:00,366:INFO:Engine for model 'catboost_cds_dt' has not been set explicitly, hence returning None.
2025-04-17 17:46:00,366:WARNING:
'catboost' is a soft dependency and not included in the pycaret installation. Please run: `pip install catboost` to install.
Alternately, you can install this by running `pip install pycaret[models]`
2025-04-17 17:46:00,366:WARNING:
'catboost' is a soft dependency and not included in the pycaret installation. Please run: `pip install catboost` to install.
Alternately, you can install this by running `pip install pycaret[models]`
2025-04-17 17:46:00,369:WARNING:
'prophet' is a soft dependency and not included in the pycaret installation. Please run: `pip install prophet` to install.
2025-04-17 17:46:00,372:INFO:Engine for model 'ada_cds_dt' has not been set explicitly, hence returning None.
2025-04-17 17:46:00,372:INFO:Engine for model 'xgboost_cds_dt' has not been set explicitly, hence returning None.
2025-04-17 17:46:00,372:WARNING:
'xgboost' is a soft dependency and not included in the pycaret installation. Please run: `pip install xgboost` to install.
Alternately, you can install this by running `pip install pycaret[models]`
2025-04-17 17:46:00,372:WARNING:
'xgboost' is a soft dependency and not included in the pycaret installation. Please run: `pip install xgboost` to install.
Alternately, you can install this by running `pip install pycaret[models]`
2025-04-17 17:46:00,372:INFO:Engine for model 'lightgbm_cds_dt' has not been set explicitly, hence returning None.
2025-04-17 17:46:00,373:INFO:Engine for model 'catboost_cds_dt' has not been set explicitly, hence returning None.
2025-04-17 17:46:00,373:WARNING:
'catboost' is a soft dependency and not included in the pycaret installation. Please run: `pip install catboost` to install.
Alternately, you can install this by running `pip install pycaret[models]`
2025-04-17 17:46:00,373:WARNING:
'catboost' is a soft dependency and not included in the pycaret installation. Please run: `pip install catboost` to install.
Alternately, you can install this by running `pip install pycaret[models]`
2025-04-17 17:46:00,374:INFO:Engine successfully changes for model 'ada_cds_dt' to 'sklearn'.
2025-04-17 17:46:00,378:WARNING:
'prophet' is a soft dependency and not included in the pycaret installation. Please run: `pip install prophet` to install.
2025-04-17 17:46:00,384:INFO:Engine for model 'xgboost_cds_dt' has not been set explicitly, hence returning None.
2025-04-17 17:46:00,384:WARNING:
'xgboost' is a soft dependency and not included in the pycaret installation. Please run: `pip install xgboost` to install.
Alternately, you can install this by running `pip install pycaret[models]`
2025-04-17 17:46:00,384:WARNING:
'xgboost' is a soft dependency and not included in the pycaret installation. Please run: `pip install xgboost` to install.
Alternately, you can install this by running `pip install pycaret[models]`
2025-04-17 17:46:00,384:INFO:Engine for model 'lightgbm_cds_dt' has not been set explicitly, hence returning None.
2025-04-17 17:46:00,385:INFO:Engine for model 'catboost_cds_dt' has not been set explicitly, hence returning None.
2025-04-17 17:46:00,385:WARNING:
'catboost' is a soft dependency and not included in the pycaret installation. Please run: `pip install catboost` to install.
Alternately, you can install this by running `pip install pycaret[models]`
2025-04-17 17:46:00,385:WARNING:
'catboost' is a soft dependency and not included in the pycaret installation. Please run: `pip install catboost` to install.
Alternately, you can install this by running `pip install pycaret[models]`
2025-04-17 17:46:00,386:WARNING:
'prophet' is a soft dependency and not included in the pycaret installation. Please run: `pip install prophet` to install.
2025-04-17 17:46:00,388:INFO:Engine for model 'xgboost_cds_dt' has not been set explicitly, hence returning None.
2025-04-17 17:46:00,388:WARNING:
'xgboost' is a soft dependency and not included in the pycaret installation. Please run: `pip install xgboost` to install.
Alternately, you can install this by running `pip install pycaret[models]`
2025-04-17 17:46:00,388:WARNING:
'xgboost' is a soft dependency and not included in the pycaret installation. Please run: `pip install xgboost` to install.
Alternately, you can install this by running `pip install pycaret[models]`
2025-04-17 17:46:00,388:INFO:Engine for model 'lightgbm_cds_dt' has not been set explicitly, hence returning None.
2025-04-17 17:46:00,388:INFO:Engine for model 'catboost_cds_dt' has not been set explicitly, hence returning None.
2025-04-17 17:46:00,388:WARNING:
'catboost' is a soft dependency and not included in the pycaret installation. Please run: `pip install catboost` to install.
Alternately, you can install this by running `pip install pycaret[models]`
2025-04-17 17:46:00,388:WARNING:
'catboost' is a soft dependency and not included in the pycaret installation. Please run: `pip install catboost` to install.
Alternately, you can install this by running `pip install pycaret[models]`
2025-04-17 17:46:00,388:INFO:Engine successfully changes for model 'xgboost_cds_dt' to 'sklearn'.
2025-04-17 17:46:00,393:WARNING:
'prophet' is a soft dependency and not included in the pycaret installation. Please run: `pip install prophet` to install.
2025-04-17 17:46:00,397:WARNING:
'xgboost' is a soft dependency and not included in the pycaret installation. Please run: `pip install xgboost` to install.
Alternately, you can install this by running `pip install pycaret[models]`
2025-04-17 17:46:00,397:WARNING:
'xgboost' is a soft dependency and not included in the pycaret installation. Please run: `pip install xgboost` to install.
Alternately, you can install this by running `pip install pycaret[models]`
2025-04-17 17:46:00,397:INFO:Engine for model 'lightgbm_cds_dt' has not been set explicitly, hence returning None.
2025-04-17 17:46:00,397:INFO:Engine for model 'catboost_cds_dt' has not been set explicitly, hence returning None.
2025-04-17 17:46:00,397:WARNING:
'catboost' is a soft dependency and not included in the pycaret installation. Please run: `pip install catboost` to install.
Alternately, you can install this by running `pip install pycaret[models]`
2025-04-17 17:46:00,397:WARNING:
'catboost' is a soft dependency and not included in the pycaret installation. Please run: `pip install catboost` to install.
Alternately, you can install this by running `pip install pycaret[models]`
2025-04-17 17:46:00,399:WARNING:
'prophet' is a soft dependency and not included in the pycaret installation. Please run: `pip install prophet` to install.
2025-04-17 17:46:00,403:WARNING:
'xgboost' is a soft dependency and not included in the pycaret installation. Please run: `pip install xgboost` to install.
Alternately, you can install this by running `pip install pycaret[models]`
2025-04-17 17:46:00,403:WARNING:
'xgboost' is a soft dependency and not included in the pycaret installation. Please run: `pip install xgboost` to install.
Alternately, you can install this by running `pip install pycaret[models]`
2025-04-17 17:46:00,403:INFO:Engine for model 'lightgbm_cds_dt' has not been set explicitly, hence returning None.
2025-04-17 17:46:00,404:INFO:Engine for model 'catboost_cds_dt' has not been set explicitly, hence returning None.
2025-04-17 17:46:00,404:WARNING:
'catboost' is a soft dependency and not included in the pycaret installation. Please run: `pip install catboost` to install.
Alternately, you can install this by running `pip install pycaret[models]`
2025-04-17 17:46:00,404:WARNING:
'catboost' is a soft dependency and not included in the pycaret installation. Please run: `pip install catboost` to install.
Alternately, you can install this by running `pip install pycaret[models]`
2025-04-17 17:46:00,404:INFO:Engine successfully changes for model 'lightgbm_cds_dt' to 'sklearn'.
2025-04-17 17:46:00,408:WARNING:
'prophet' is a soft dependency and not included in the pycaret installation. Please run: `pip install prophet` to install.
2025-04-17 17:46:00,414:WARNING:
'xgboost' is a soft dependency and not included in the pycaret installation. Please run: `pip install xgboost` to install.
Alternately, you can install this by running `pip install pycaret[models]`
2025-04-17 17:46:00,414:WARNING:
'xgboost' is a soft dependency and not included in the pycaret installation. Please run: `pip install xgboost` to install.
Alternately, you can install this by running `pip install pycaret[models]`
2025-04-17 17:46:00,414:INFO:Engine for model 'catboost_cds_dt' has not been set explicitly, hence returning None.
2025-04-17 17:46:00,414:WARNING:
'catboost' is a soft dependency and not included in the pycaret installation. Please run: `pip install catboost` to install.
Alternately, you can install this by running `pip install pycaret[models]`
2025-04-17 17:46:00,414:WARNING:
'catboost' is a soft dependency and not included in the pycaret installation. Please run: `pip install catboost` to install.
Alternately, you can install this by running `pip install pycaret[models]`
2025-04-17 17:46:00,415:WARNING:
'prophet' is a soft dependency and not included in the pycaret installation. Please run: `pip install prophet` to install.
2025-04-17 17:46:00,420:WARNING:
'xgboost' is a soft dependency and not included in the pycaret installation. Please run: `pip install xgboost` to install.
Alternately, you can install this by running `pip install pycaret[models]`
2025-04-17 17:46:00,421:WARNING:
'xgboost' is a soft dependency and not included in the pycaret installation. Please run: `pip install xgboost` to install.
Alternately, you can install this by running `pip install pycaret[models]`
2025-04-17 17:46:00,421:INFO:Engine for model 'catboost_cds_dt' has not been set explicitly, hence returning None.
2025-04-17 17:46:00,421:WARNING:
'catboost' is a soft dependency and not included in the pycaret installation. Please run: `pip install catboost` to install.
Alternately, you can install this by running `pip install pycaret[models]`
2025-04-17 17:46:00,421:WARNING:
'catboost' is a soft dependency and not included in the pycaret installation. Please run: `pip install catboost` to install.
Alternately, you can install this by running `pip install pycaret[models]`
2025-04-17 17:46:00,421:INFO:Engine successfully changes for model 'catboost_cds_dt' to 'sklearn'.
2025-04-17 17:46:00,426:WARNING:
'prophet' is a soft dependency and not included in the pycaret installation. Please run: `pip install prophet` to install.
2025-04-17 17:46:00,430:WARNING:
'xgboost' is a soft dependency and not included in the pycaret installation. Please run: `pip install xgboost` to install.
Alternately, you can install this by running `pip install pycaret[models]`
2025-04-17 17:46:00,430:WARNING:
'xgboost' is a soft dependency and not included in the pycaret installation. Please run: `pip install xgboost` to install.
Alternately, you can install this by running `pip install pycaret[models]`
2025-04-17 17:46:00,430:WARNING:
'catboost' is a soft dependency and not included in the pycaret installation. Please run: `pip install catboost` to install.
Alternately, you can install this by running `pip install pycaret[models]`
2025-04-17 17:46:00,430:WARNING:
'catboost' is a soft dependency and not included in the pycaret installation. Please run: `pip install catboost` to install.
Alternately, you can install this by running `pip install pycaret[models]`
2025-04-17 17:46:00,432:WARNING:
'prophet' is a soft dependency and not included in the pycaret installation. Please run: `pip install prophet` to install.
2025-04-17 17:46:00,436:WARNING:
'xgboost' is a soft dependency and not included in the pycaret installation. Please run: `pip install xgboost` to install.
Alternately, you can install this by running `pip install pycaret[models]`
2025-04-17 17:46:00,436:WARNING:
'xgboost' is a soft dependency and not included in the pycaret installation. Please run: `pip install xgboost` to install.
Alternately, you can install this by running `pip install pycaret[models]`
2025-04-17 17:46:00,436:WARNING:
'catboost' is a soft dependency and not included in the pycaret installation. Please run: `pip install catboost` to install.
Alternately, you can install this by running `pip install pycaret[models]`
2025-04-17 17:46:00,436:WARNING:
'catboost' is a soft dependency and not included in the pycaret installation. Please run: `pip install catboost` to install.
Alternately, you can install this by running `pip install pycaret[models]`
2025-04-17 17:46:00,440:WARNING:
'prophet' is a soft dependency and not included in the pycaret installation. Please run: `pip install prophet` to install.
2025-04-17 17:46:00,447:WARNING:
'xgboost' is a soft dependency and not included in the pycaret installation. Please run: `pip install xgboost` to install.
Alternately, you can install this by running `pip install pycaret[models]`
2025-04-17 17:46:00,447:WARNING:
'xgboost' is a soft dependency and not included in the pycaret installation. Please run: `pip install xgboost` to install.
Alternately, you can install this by running `pip install pycaret[models]`
2025-04-17 17:46:00,447:WARNING:
'catboost' is a soft dependency and not included in the pycaret installation. Please run: `pip install catboost` to install.
Alternately, you can install this by running `pip install pycaret[models]`
2025-04-17 17:46:00,447:WARNING:
'catboost' is a soft dependency and not included in the pycaret installation. Please run: `pip install catboost` to install.
Alternately, you can install this by running `pip install pycaret[models]`
2025-04-17 17:46:00,451:WARNING:
'prophet' is a soft dependency and not included in the pycaret installation. Please run: `pip install prophet` to install.
2025-04-17 17:46:00,459:WARNING:
'xgboost' is a soft dependency and not included in the pycaret installation. Please run: `pip install xgboost` to install.
Alternately, you can install this by running `pip install pycaret[models]`
2025-04-17 17:46:00,460:WARNING:
'xgboost' is a soft dependency and not included in the pycaret installation. Please run: `pip install xgboost` to install.
Alternately, you can install this by running `pip install pycaret[models]`
2025-04-17 17:46:00,460:WARNING:
'catboost' is a soft dependency and not included in the pycaret installation. Please run: `pip install catboost` to install.
Alternately, you can install this by running `pip install pycaret[models]`
2025-04-17 17:46:00,460:WARNING:
'catboost' is a soft dependency and not included in the pycaret installation. Please run: `pip install catboost` to install.
Alternately, you can install this by running `pip install pycaret[models]`
2025-04-17 17:46:00,463:INFO:setup() successfully completed in 0.77s...............
2025-04-17 17:46:00,464:INFO:Initializing compare_models()
2025-04-17 17:46:00,464:INFO:compare_models(self=<pycaret.time_series.forecasting.oop.TSForecastingExperiment object at 0x314d671d0>, include=['ets', 'exp_smooth'], exclude=None, fold=None, round=4, cross_validation=True, sort=RMSE, n_select=1, budget_time=None, turbo=True, errors=ignore, fit_kwargs=None, groups=None, experiment_custom_tags=None, probability_threshold=None, verbose=False, parallel=None, caller_params={'self': <pycaret.time_series.forecasting.oop.TSForecastingExperiment object at 0x314d671d0>, 'include': ['ets', 'exp_smooth'], 'exclude': None, 'fold': None, 'round': 4, 'cross_validation': True, 'sort': 'RMSE', 'n_select': 1, 'budget_time': None, 'turbo': True, 'errors': 'ignore', 'fit_kwargs': None, 'experiment_custom_tags': None, 'engine': None, 'verbose': False, 'parallel': None, '__class__': <class 'pycaret.time_series.forecasting.oop.TSForecastingExperiment'>})
2025-04-17 17:46:00,464:INFO:Checking exceptions
2025-04-17 17:46:00,467:INFO:Preparing display monitor
2025-04-17 17:46:00,470:INFO:Initializing ETS
2025-04-17 17:46:00,470:INFO:Total runtime is 2.002716064453125e-06 minutes
2025-04-17 17:46:00,470:INFO:SubProcess create_model() called ==================================
2025-04-17 17:46:00,470:INFO:Initializing create_model()
2025-04-17 17:46:00,470:INFO:create_model(self=<pycaret.time_series.forecasting.oop.TSForecastingExperiment object at 0x314d671d0>, estimator=ets, fold=None, round=4, cross_validation=True, predict=True, fit_kwargs={}, groups=None, refit=False, probability_threshold=None, experiment_custom_tags=None, verbose=False, system=False, add_to_model_list=True, metrics=None, display=<pycaret.internal.display.display.CommonDisplay object at 0x3180b1850>, model_only=True, return_train_score=False, error_score=0.0, kwargs={})
2025-04-17 17:46:00,470:INFO:Checking exceptions
2025-04-17 17:46:00,470:INFO:Importing libraries
2025-04-17 17:46:00,470:INFO:Copying training dataset
2025-04-17 17:46:00,474:INFO:Defining folds
2025-04-17 17:46:00,474:INFO:Declaring metric variables
2025-04-17 17:46:00,474:INFO:Importing untrained model
2025-04-17 17:46:00,475:INFO:ETS Imported successfully
2025-04-17 17:46:00,477:INFO:Starting cross validation
2025-04-17 17:46:00,478:INFO:Cross validating with ExpandingWindowSplitter(fh=ForecastingHorizon([ 1,  2,  3,  4,  5,  6,  7,  8,  9, 10, 11, 12, 13, 14, 15, 16, 17, 18,
       19, 20, 21, 22, 23, 24, 25, 26, 27, 28, 29, 30],
      dtype='int64', is_relative=True),
                        initial_window=1968, step_length=30), n_jobs=-1
2025-04-17 17:46:09,472:WARNING:/opt/anaconda3/envs/LSTM/lib/python3.11/site-packages/sklearn/metrics/_regression.py:483: FutureWarning: 'squared' is deprecated in version 1.4 and will be removed in 1.6. To calculate the root mean squared error, use the function'root_mean_squared_error'.
  warnings.warn(

2025-04-17 17:46:09,473:WARNING:/opt/anaconda3/envs/LSTM/lib/python3.11/site-packages/sklearn/metrics/_regression.py:483: FutureWarning: 'squared' is deprecated in version 1.4 and will be removed in 1.6. To calculate the root mean squared error, use the function'root_mean_squared_error'.
  warnings.warn(

2025-04-17 17:46:09,847:WARNING:/opt/anaconda3/envs/LSTM/lib/python3.11/site-packages/sklearn/metrics/_regression.py:483: FutureWarning: 'squared' is deprecated in version 1.4 and will be removed in 1.6. To calculate the root mean squared error, use the function'root_mean_squared_error'.
  warnings.warn(

2025-04-17 17:46:09,847:WARNING:/opt/anaconda3/envs/LSTM/lib/python3.11/site-packages/sklearn/metrics/_regression.py:483: FutureWarning: 'squared' is deprecated in version 1.4 and will be removed in 1.6. To calculate the root mean squared error, use the function'root_mean_squared_error'.
  warnings.warn(

2025-04-17 17:46:10,171:WARNING:/opt/anaconda3/envs/LSTM/lib/python3.11/site-packages/sklearn/metrics/_regression.py:483: FutureWarning: 'squared' is deprecated in version 1.4 and will be removed in 1.6. To calculate the root mean squared error, use the function'root_mean_squared_error'.
  warnings.warn(

2025-04-17 17:46:10,171:WARNING:/opt/anaconda3/envs/LSTM/lib/python3.11/site-packages/sklearn/metrics/_regression.py:483: FutureWarning: 'squared' is deprecated in version 1.4 and will be removed in 1.6. To calculate the root mean squared error, use the function'root_mean_squared_error'.
  warnings.warn(

2025-04-17 17:46:10,189:INFO:Calculating mean and std
2025-04-17 17:46:10,190:INFO:Creating metrics dataframe
2025-04-17 17:46:10,202:INFO:Uploading results into container
2025-04-17 17:46:10,202:INFO:Uploading model into container now
2025-04-17 17:46:10,203:INFO:_master_model_container: 1
2025-04-17 17:46:10,203:INFO:_display_container: 2
2025-04-17 17:46:10,203:INFO:AutoETS(seasonal='mul', sp=6, trend='add')
2025-04-17 17:46:10,203:INFO:create_model() successfully completed......................................
2025-04-17 17:46:10,502:INFO:SubProcess create_model() end ==================================
2025-04-17 17:46:10,502:INFO:Creating metrics dataframe
2025-04-17 17:46:10,504:INFO:Initializing Exponential Smoothing
2025-04-17 17:46:10,504:INFO:Total runtime is 0.16723403533299763 minutes
2025-04-17 17:46:10,504:INFO:SubProcess create_model() called ==================================
2025-04-17 17:46:10,504:INFO:Initializing create_model()
2025-04-17 17:46:10,504:INFO:create_model(self=<pycaret.time_series.forecasting.oop.TSForecastingExperiment object at 0x314d671d0>, estimator=exp_smooth, fold=None, round=4, cross_validation=True, predict=True, fit_kwargs={}, groups=None, refit=False, probability_threshold=None, experiment_custom_tags=None, verbose=False, system=False, add_to_model_list=True, metrics=None, display=<pycaret.internal.display.display.CommonDisplay object at 0x3180b1850>, model_only=True, return_train_score=False, error_score=0.0, kwargs={})
2025-04-17 17:46:10,504:INFO:Checking exceptions
2025-04-17 17:46:10,504:INFO:Importing libraries
2025-04-17 17:46:10,504:INFO:Copying training dataset
2025-04-17 17:46:10,505:INFO:Defining folds
2025-04-17 17:46:10,505:INFO:Declaring metric variables
2025-04-17 17:46:10,505:INFO:Importing untrained model
2025-04-17 17:46:10,507:INFO:Exponential Smoothing Imported successfully
2025-04-17 17:46:10,510:INFO:Starting cross validation
2025-04-17 17:46:10,510:INFO:Cross validating with ExpandingWindowSplitter(fh=ForecastingHorizon([ 1,  2,  3,  4,  5,  6,  7,  8,  9, 10, 11, 12, 13, 14, 15, 16, 17, 18,
       19, 20, 21, 22, 23, 24, 25, 26, 27, 28, 29, 30],
      dtype='int64', is_relative=True),
                        initial_window=1968, step_length=30), n_jobs=-1
2025-04-17 17:46:12,751:WARNING:/opt/anaconda3/envs/LSTM/lib/python3.11/site-packages/sklearn/metrics/_regression.py:483: FutureWarning: 'squared' is deprecated in version 1.4 and will be removed in 1.6. To calculate the root mean squared error, use the function'root_mean_squared_error'.
  warnings.warn(

2025-04-17 17:46:12,751:WARNING:/opt/anaconda3/envs/LSTM/lib/python3.11/site-packages/sklearn/metrics/_regression.py:483: FutureWarning: 'squared' is deprecated in version 1.4 and will be removed in 1.6. To calculate the root mean squared error, use the function'root_mean_squared_error'.
  warnings.warn(

2025-04-17 17:46:12,769:WARNING:/opt/anaconda3/envs/LSTM/lib/python3.11/site-packages/sklearn/metrics/_regression.py:483: FutureWarning: 'squared' is deprecated in version 1.4 and will be removed in 1.6. To calculate the root mean squared error, use the function'root_mean_squared_error'.
  warnings.warn(

2025-04-17 17:46:12,769:WARNING:/opt/anaconda3/envs/LSTM/lib/python3.11/site-packages/sklearn/metrics/_regression.py:483: FutureWarning: 'squared' is deprecated in version 1.4 and will be removed in 1.6. To calculate the root mean squared error, use the function'root_mean_squared_error'.
  warnings.warn(

2025-04-17 17:46:12,771:WARNING:/opt/anaconda3/envs/LSTM/lib/python3.11/site-packages/sklearn/metrics/_regression.py:483: FutureWarning: 'squared' is deprecated in version 1.4 and will be removed in 1.6. To calculate the root mean squared error, use the function'root_mean_squared_error'.
  warnings.warn(

2025-04-17 17:46:12,772:WARNING:/opt/anaconda3/envs/LSTM/lib/python3.11/site-packages/sklearn/metrics/_regression.py:483: FutureWarning: 'squared' is deprecated in version 1.4 and will be removed in 1.6. To calculate the root mean squared error, use the function'root_mean_squared_error'.
  warnings.warn(

2025-04-17 17:46:12,802:INFO:Calculating mean and std
2025-04-17 17:46:12,803:INFO:Creating metrics dataframe
2025-04-17 17:46:12,808:INFO:Uploading results into container
2025-04-17 17:46:12,808:INFO:Uploading model into container now
2025-04-17 17:46:12,808:INFO:_master_model_container: 2
2025-04-17 17:46:12,808:INFO:_display_container: 2
2025-04-17 17:46:12,808:INFO:ExponentialSmoothing(seasonal='mul', sp=6, trend='add')
2025-04-17 17:46:12,808:INFO:create_model() successfully completed......................................
2025-04-17 17:46:12,959:INFO:SubProcess create_model() end ==================================
2025-04-17 17:46:12,959:INFO:Creating metrics dataframe
2025-04-17 17:46:12,961:INFO:Initializing create_model()
2025-04-17 17:46:12,961:INFO:create_model(self=<pycaret.time_series.forecasting.oop.TSForecastingExperiment object at 0x314d671d0>, estimator=AutoETS(seasonal='mul', sp=6, trend='add'), fold=None, round=4, cross_validation=False, predict=False, fit_kwargs={}, groups=None, refit=True, probability_threshold=None, experiment_custom_tags=None, verbose=False, system=False, add_to_model_list=True, metrics=None, display=None, model_only=True, return_train_score=False, error_score=0.0, kwargs={})
2025-04-17 17:46:12,961:INFO:Checking exceptions
2025-04-17 17:46:12,962:INFO:Importing libraries
2025-04-17 17:46:12,962:INFO:Copying training dataset
2025-04-17 17:46:12,963:INFO:Defining folds
2025-04-17 17:46:12,963:INFO:Declaring metric variables
2025-04-17 17:46:12,963:INFO:Importing untrained model
2025-04-17 17:46:12,963:INFO:Declaring custom model
2025-04-17 17:46:12,963:INFO:ETS Imported successfully
2025-04-17 17:46:12,963:INFO:Cross validation set to False
2025-04-17 17:46:12,963:INFO:Fitting Model
2025-04-17 17:46:13,182:INFO:AutoETS(seasonal='mul', sp=6, trend='add')
2025-04-17 17:46:13,183:INFO:create_model() successfully completed......................................
2025-04-17 17:46:13,340:INFO:_master_model_container: 2
2025-04-17 17:46:13,340:INFO:_display_container: 2
2025-04-17 17:46:13,341:INFO:AutoETS(seasonal='mul', sp=6, trend='add')
2025-04-17 17:46:13,341:INFO:compare_models() successfully completed......................................
2025-04-17 17:46:13,342:INFO:Initializing create_model()
2025-04-17 17:46:13,342:INFO:create_model(self=<pycaret.time_series.forecasting.oop.TSForecastingExperiment object at 0x314d671d0>, estimator=AutoETS(seasonal='mul', sp=6, trend='add'), fold=None, round=4, cross_validation=True, predict=True, fit_kwargs=None, groups=None, refit=True, probability_threshold=None, experiment_custom_tags=None, verbose=False, system=True, add_to_model_list=True, metrics=None, display=None, model_only=True, return_train_score=False, error_score=0.0, kwargs={})
2025-04-17 17:46:13,342:INFO:Checking exceptions
2025-04-17 17:46:13,343:INFO:Importing libraries
2025-04-17 17:46:13,343:INFO:Copying training dataset
2025-04-17 17:46:13,344:INFO:Defining folds
2025-04-17 17:46:13,344:INFO:Declaring metric variables
2025-04-17 17:46:13,344:INFO:Importing untrained model
2025-04-17 17:46:13,344:INFO:Declaring custom model
2025-04-17 17:46:13,346:INFO:ETS Imported successfully
2025-04-17 17:46:13,348:INFO:Starting cross validation
2025-04-17 17:46:13,349:INFO:Cross validating with ExpandingWindowSplitter(fh=ForecastingHorizon([ 1,  2,  3,  4,  5,  6,  7,  8,  9, 10, 11, 12, 13, 14, 15, 16, 17, 18,
       19, 20, 21, 22, 23, 24, 25, 26, 27, 28, 29, 30],
      dtype='int64', is_relative=True),
                        initial_window=1968, step_length=30), n_jobs=-1
2025-04-17 17:46:13,719:WARNING:/opt/anaconda3/envs/LSTM/lib/python3.11/site-packages/sklearn/metrics/_regression.py:483: FutureWarning: 'squared' is deprecated in version 1.4 and will be removed in 1.6. To calculate the root mean squared error, use the function'root_mean_squared_error'.
  warnings.warn(

2025-04-17 17:46:13,719:WARNING:/opt/anaconda3/envs/LSTM/lib/python3.11/site-packages/sklearn/metrics/_regression.py:483: FutureWarning: 'squared' is deprecated in version 1.4 and will be removed in 1.6. To calculate the root mean squared error, use the function'root_mean_squared_error'.
  warnings.warn(

2025-04-17 17:46:13,722:WARNING:/opt/anaconda3/envs/LSTM/lib/python3.11/site-packages/sklearn/metrics/_regression.py:483: FutureWarning: 'squared' is deprecated in version 1.4 and will be removed in 1.6. To calculate the root mean squared error, use the function'root_mean_squared_error'.
  warnings.warn(

2025-04-17 17:46:13,723:WARNING:/opt/anaconda3/envs/LSTM/lib/python3.11/site-packages/sklearn/metrics/_regression.py:483: FutureWarning: 'squared' is deprecated in version 1.4 and will be removed in 1.6. To calculate the root mean squared error, use the function'root_mean_squared_error'.
  warnings.warn(

2025-04-17 17:46:15,139:WARNING:/opt/anaconda3/envs/LSTM/lib/python3.11/site-packages/sklearn/metrics/_regression.py:483: FutureWarning: 'squared' is deprecated in version 1.4 and will be removed in 1.6. To calculate the root mean squared error, use the function'root_mean_squared_error'.
  warnings.warn(

2025-04-17 17:46:15,140:WARNING:/opt/anaconda3/envs/LSTM/lib/python3.11/site-packages/sklearn/metrics/_regression.py:483: FutureWarning: 'squared' is deprecated in version 1.4 and will be removed in 1.6. To calculate the root mean squared error, use the function'root_mean_squared_error'.
  warnings.warn(

2025-04-17 17:46:15,155:INFO:Calculating mean and std
2025-04-17 17:46:15,156:INFO:Creating metrics dataframe
2025-04-17 17:46:15,160:INFO:Finalizing model
2025-04-17 17:46:15,350:INFO:Uploading results into container
2025-04-17 17:46:15,350:INFO:Uploading model into container now
2025-04-17 17:46:15,351:INFO:_master_model_container: 3
2025-04-17 17:46:15,351:INFO:_display_container: 3
2025-04-17 17:46:15,351:INFO:AutoETS(seasonal='mul', sp=6, trend='add')
2025-04-17 17:46:15,351:INFO:create_model() successfully completed......................................
2025-04-17 17:46:15,532:INFO:Initializing get_config()
2025-04-17 17:46:15,533:INFO:get_config(self=<pycaret.time_series.forecasting.oop.TSForecastingExperiment object at 0x314d671d0>, variable=y_train)
2025-04-17 17:46:15,533:INFO:Variable: 'y_train' used to return the transformed values in PyCaret 2.x. From PyCaret 3.x, this will return the raw values. If you need the transformed values, call get_config with 'y_train_transformed' instead.
2025-04-17 17:46:15,537:INFO:Variable:  returned as Date
2017-11-09    64.269699
2017-11-10    59.260101
2017-11-11    62.303299
2017-11-12    59.005402
2017-11-13    61.396500
                ...    
2023-06-24    89.744026
2023-06-25    88.275169
2023-06-26    87.275703
2023-06-27    87.998276
2023-06-28    83.061150
Freq: D, Name: ('Close', 'LTC-USD'), Length: 2058, dtype: float64
2025-04-17 17:46:15,537:INFO:get_config() successfully completed......................................
2025-04-17 18:01:44,677:WARNING:
'prophet' is a soft dependency and not included in the pycaret installation. Please run: `pip install prophet` to install.
2025-04-17 18:01:50,599:INFO:PyCaret TSForecastingExperiment
2025-04-17 18:01:50,599:INFO:Logging name: ts-default-name
2025-04-17 18:01:50,599:INFO:ML Usecase: MLUsecase.TIME_SERIES
2025-04-17 18:01:50,599:INFO:version 3.3.2
2025-04-17 18:01:50,599:INFO:Initializing setup()
2025-04-17 18:01:50,599:INFO:self.USI: ad35
2025-04-17 18:01:50,599:INFO:self._variable_keys: {'index_type', 'n_jobs_param', 'log_plots_param', 'X_test_transformed', 'gpu_n_jobs_param', 'significant_sps', '_available_plots', 'y_train', 'primary_sp_to_use', 'y_transformed', '_ml_usecase', 'X_train', 'model_engines', 'X', 'seasonality_present', 'significant_sps_no_harmonics', 'strictly_positive', 'USI', 'memory', 'enforce_exogenous', 'seed', 'html_param', 'X_train_transformed', 'X_test', 'y_train_transformed', 'pipeline', 'logging_param', 'fold_generator', 'exogenous_present', 'y_test_transformed', 'gpu_param', 'data', 'idx', 'all_sps_to_use', 'enforce_pi', 'fh', 'exp_name_log', 'fold_param', 'X_transformed', 'y_test', 'candidate_sps', 'exp_id', 'y', 'approach_type'}
2025-04-17 18:01:50,599:INFO:Checking environment
2025-04-17 18:01:50,599:INFO:python_version: 3.11.8
2025-04-17 18:01:50,599:INFO:python_build: ('main', 'Feb 16 2024 20:49:36')
2025-04-17 18:01:50,599:INFO:machine: arm64
2025-04-17 18:01:50,599:INFO:platform: macOS-15.3.1-arm64-arm-64bit
2025-04-17 18:01:50,599:INFO:Memory: svmem(total=17179869184, available=2926379008, percent=83.0, used=5069225984, free=70221824, active=2874818560, inactive=2736603136, wired=2194407424)
2025-04-17 18:01:50,599:INFO:Physical Core: 8
2025-04-17 18:01:50,599:INFO:Logical Core: 8
2025-04-17 18:01:50,600:INFO:Checking libraries
2025-04-17 18:01:50,600:INFO:System:
2025-04-17 18:01:50,600:INFO:    python: 3.11.8 | packaged by conda-forge | (main, Feb 16 2024, 20:49:36) [Clang 16.0.6 ]
2025-04-17 18:01:50,600:INFO:executable: /opt/anaconda3/envs/LSTM/bin/python
2025-04-17 18:01:50,600:INFO:   machine: macOS-15.3.1-arm64-arm-64bit
2025-04-17 18:01:50,600:INFO:PyCaret required dependencies:
2025-04-17 18:01:50,638:INFO:                 pip: 25.0
2025-04-17 18:01:50,639:INFO:          setuptools: 75.8.0
2025-04-17 18:01:50,639:INFO:             pycaret: 3.3.2
2025-04-17 18:01:50,639:INFO:             IPython: 8.32.0
2025-04-17 18:01:50,639:INFO:          ipywidgets: 8.1.5
2025-04-17 18:01:50,639:INFO:                tqdm: 4.67.1
2025-04-17 18:01:50,639:INFO:               numpy: 1.26.4
2025-04-17 18:01:50,639:INFO:              pandas: 2.1.4
2025-04-17 18:01:50,639:INFO:              jinja2: 3.1.5
2025-04-17 18:01:50,639:INFO:               scipy: 1.11.4
2025-04-17 18:01:50,639:INFO:              joblib: 1.3.2
2025-04-17 18:01:50,639:INFO:             sklearn: 1.4.2
2025-04-17 18:01:50,639:INFO:                pyod: 2.0.3
2025-04-17 18:01:50,639:INFO:            imblearn: 0.13.0
2025-04-17 18:01:50,639:INFO:   category_encoders: 2.7.0
2025-04-17 18:01:50,639:INFO:            lightgbm: 4.6.0
2025-04-17 18:01:50,639:INFO:               numba: 0.61.0
2025-04-17 18:01:50,639:INFO:            requests: 2.32.3
2025-04-17 18:01:50,639:INFO:          matplotlib: 3.7.5
2025-04-17 18:01:50,639:INFO:          scikitplot: 0.3.7
2025-04-17 18:01:50,639:INFO:         yellowbrick: 1.5
2025-04-17 18:01:50,640:INFO:              plotly: 5.24.1
2025-04-17 18:01:50,640:INFO:    plotly-resampler: Not installed
2025-04-17 18:01:50,640:INFO:             kaleido: 0.2.1
2025-04-17 18:01:50,640:INFO:           schemdraw: 0.15
2025-04-17 18:01:50,640:INFO:         statsmodels: 0.14.4
2025-04-17 18:01:50,640:INFO:              sktime: 0.26.0
2025-04-17 18:01:50,640:INFO:               tbats: 1.1.3
2025-04-17 18:01:50,640:INFO:            pmdarima: 2.0.4
2025-04-17 18:01:50,640:INFO:              psutil: 5.9.0
2025-04-17 18:01:50,640:INFO:          markupsafe: 3.0.2
2025-04-17 18:01:50,640:INFO:             pickle5: Not installed
2025-04-17 18:01:50,640:INFO:         cloudpickle: 3.1.1
2025-04-17 18:01:50,640:INFO:         deprecation: 2.1.0
2025-04-17 18:01:50,640:INFO:              xxhash: 3.5.0
2025-04-17 18:01:50,640:INFO:           wurlitzer: 3.1.1
2025-04-17 18:01:50,640:INFO:PyCaret optional dependencies:
2025-04-17 18:01:50,712:INFO:                shap: Not installed
2025-04-17 18:01:50,713:INFO:           interpret: Not installed
2025-04-17 18:01:50,713:INFO:                umap: Not installed
2025-04-17 18:01:50,713:INFO:     ydata_profiling: Not installed
2025-04-17 18:01:50,713:INFO:  explainerdashboard: Not installed
2025-04-17 18:01:50,713:INFO:             autoviz: Not installed
2025-04-17 18:01:50,713:INFO:           fairlearn: Not installed
2025-04-17 18:01:50,713:INFO:          deepchecks: Not installed
2025-04-17 18:01:50,713:INFO:             xgboost: Not installed
2025-04-17 18:01:50,713:INFO:            catboost: Not installed
2025-04-17 18:01:50,713:INFO:              kmodes: Not installed
2025-04-17 18:01:50,713:INFO:             mlxtend: Not installed
2025-04-17 18:01:50,713:INFO:       statsforecast: Not installed
2025-04-17 18:01:50,713:INFO:        tune_sklearn: Not installed
2025-04-17 18:01:50,713:INFO:                 ray: Not installed
2025-04-17 18:01:50,713:INFO:            hyperopt: Not installed
2025-04-17 18:01:50,713:INFO:              optuna: Not installed
2025-04-17 18:01:50,713:INFO:               skopt: Not installed
2025-04-17 18:01:50,713:INFO:              mlflow: Not installed
2025-04-17 18:01:50,713:INFO:              gradio: Not installed
2025-04-17 18:01:50,713:INFO:             fastapi: Not installed
2025-04-17 18:01:50,713:INFO:             uvicorn: Not installed
2025-04-17 18:01:50,714:INFO:              m2cgen: Not installed
2025-04-17 18:01:50,714:INFO:           evidently: Not installed
2025-04-17 18:01:50,714:INFO:               fugue: Not installed
2025-04-17 18:01:50,714:INFO:           streamlit: Not installed
2025-04-17 18:01:50,714:INFO:             prophet: Not installed
2025-04-17 18:01:50,714:INFO:None
2025-04-17 18:01:50,729:INFO:Set Forecast Horizon.
2025-04-17 18:01:50,729:INFO:Set up Train-Test Splits.
2025-04-17 18:01:50,749:INFO:Preparing preprocessing pipeline...
2025-04-17 18:01:50,749:INFO:Set up imputation for Target variable(s).
2025-04-17 18:01:50,807:INFO:Finished creating preprocessing pipeline.
2025-04-17 18:01:50,816:INFO:Pipeline: ForecastingPipeline(steps=[('forecaster',
                            TransformedTargetForecaster(steps=[('transformer_target',
                                                                TransformerPipeline(steps=[('numerical_imputer',
                                                                                            Imputer(method='ffill',
                                                                                                    random_state=123))])),
                                                               ('model',
                                                                DummyForecaster())]))])
2025-04-17 18:01:50,816:INFO:Set up Seasonal Period.
2025-04-17 18:01:50,833:INFO:Setting the seasonal component type - 'add' or 'mul'.
2025-04-17 18:01:50,833:INFO:Checking if data is strictly positive.
2025-04-17 18:01:50,875:INFO:Creating final display dataframe.
2025-04-17 18:01:50,924:INFO:Setup Display Container:                                           Description  \
0                                          session_id   
1                                              Target   
2                                            Approach   
3                                 Exogenous Variables   
4                                 Original data shape   
5                              Transformed data shape   
6                         Transformed train set shape   
7                          Transformed test set shape   
8                            Rows with missing values   
9                                      Fold Generator   
10                                        Fold Number   
11                        Enforce Prediction Interval   
12                    Splits used for hyperparameters   
13                    User Defined Seasonal Period(s)   
14                            Ignore Seasonality Test   
15                         Seasonality Detection Algo   
16                             Max Period to Consider   
17                          Seasonal Period(s) Tested   
18                     Significant Seasonal Period(s)   
19   Significant Seasonal Period(s) without Harmonics   
20                                   Remove Harmonics   
21                             Harmonics Order Method   
22                           Num Seasonalities to Use   
23                           All Seasonalities to Use   
24                                Primary Seasonality   
25                                Seasonality Present   
26                                   Seasonality Type   
27                           Target Strictly Positive   
28                                 Target White Noise   
29                                      Recommended d   
30                             Recommended Seasonal D   
31                                         Preprocess   
32                      Numerical Imputation (Target)   
33                            Transformation (Target)   
34                                   Scaling (Target)   
35  Feature Engineering (Target) - Reduced Regression   
36                                           CPU Jobs   
37                                            Use GPU   
38                                     Log Experiment   
39                                    Experiment Name   
40                                                USI   

                         Value  
0                          123  
1         ('Close', 'LTC-USD')  
2                   Univariate  
3                  Not Present  
4                    (2088, 1)  
5                    (2088, 1)  
6                    (2058, 1)  
7                      (30, 1)  
8                         0.0%  
9      ExpandingWindowSplitter  
10                           3  
11                       False  
12                         all  
13                        None  
14                       False  
15                        auto  
16                          60  
17  [6, 25, 59, 4, 58, 20, 53]  
18  [6, 25, 59, 4, 58, 20, 53]  
19     [6, 25, 59, 20, 58, 53]  
20                       False  
21                harmonic_max  
22                           1  
23                         [6]  
24                           6  
25                        True  
26                         mul  
27                        True  
28                          No  
29                           1  
30                           0  
31                        True  
32                       ffill  
33                        None  
34                        None  
35                       False  
36                          -1  
37                       False  
38                       False  
39             ts-default-name  
40                        ad35  
2025-04-17 18:01:50,924:INFO:Engine successfully changes for model 'auto_arima' to 'pmdarima'.
2025-04-17 18:01:50,953:WARNING:
'prophet' is a soft dependency and not included in the pycaret installation. Please run: `pip install prophet` to install.
2025-04-17 18:01:50,953:INFO:Engine for model 'lr_cds_dt' has not been set explicitly, hence returning None.
2025-04-17 18:01:50,954:INFO:Engine for model 'en_cds_dt' has not been set explicitly, hence returning None.
2025-04-17 18:01:50,954:INFO:Engine for model 'ridge_cds_dt' has not been set explicitly, hence returning None.
2025-04-17 18:01:50,954:INFO:Engine for model 'lasso_cds_dt' has not been set explicitly, hence returning None.
2025-04-17 18:01:50,954:INFO:Engine for model 'llar_cds_dt' has not been set explicitly, hence returning None.
2025-04-17 18:01:50,954:INFO:Engine for model 'br_cds_dt' has not been set explicitly, hence returning None.
2025-04-17 18:01:50,955:INFO:Engine for model 'huber_cds_dt' has not been set explicitly, hence returning None.
2025-04-17 18:01:50,955:INFO:Engine for model 'omp_cds_dt' has not been set explicitly, hence returning None.
2025-04-17 18:01:50,956:INFO:Engine for model 'knn_cds_dt' has not been set explicitly, hence returning None.
2025-04-17 18:01:50,956:INFO:Engine for model 'dt_cds_dt' has not been set explicitly, hence returning None.
2025-04-17 18:01:50,956:INFO:Engine for model 'rf_cds_dt' has not been set explicitly, hence returning None.
2025-04-17 18:01:50,956:INFO:Engine for model 'et_cds_dt' has not been set explicitly, hence returning None.
2025-04-17 18:01:50,956:INFO:Engine for model 'gbr_cds_dt' has not been set explicitly, hence returning None.
2025-04-17 18:01:50,956:INFO:Engine for model 'ada_cds_dt' has not been set explicitly, hence returning None.
2025-04-17 18:01:50,957:INFO:Engine for model 'xgboost_cds_dt' has not been set explicitly, hence returning None.
2025-04-17 18:01:50,957:WARNING:
'xgboost' is a soft dependency and not included in the pycaret installation. Please run: `pip install xgboost` to install.
Alternately, you can install this by running `pip install pycaret[models]`
2025-04-17 18:01:50,957:WARNING:
'xgboost' is a soft dependency and not included in the pycaret installation. Please run: `pip install xgboost` to install.
Alternately, you can install this by running `pip install pycaret[models]`
2025-04-17 18:01:50,957:INFO:Engine for model 'lightgbm_cds_dt' has not been set explicitly, hence returning None.
2025-04-17 18:01:50,957:INFO:Engine for model 'catboost_cds_dt' has not been set explicitly, hence returning None.
2025-04-17 18:01:50,957:WARNING:
'catboost' is a soft dependency and not included in the pycaret installation. Please run: `pip install catboost` to install.
Alternately, you can install this by running `pip install pycaret[models]`
2025-04-17 18:01:50,957:WARNING:
'catboost' is a soft dependency and not included in the pycaret installation. Please run: `pip install catboost` to install.
Alternately, you can install this by running `pip install pycaret[models]`
2025-04-17 18:01:50,958:WARNING:
'prophet' is a soft dependency and not included in the pycaret installation. Please run: `pip install prophet` to install.
2025-04-17 18:01:50,958:INFO:Engine for model 'lr_cds_dt' has not been set explicitly, hence returning None.
2025-04-17 18:01:50,958:INFO:Engine for model 'en_cds_dt' has not been set explicitly, hence returning None.
2025-04-17 18:01:50,958:INFO:Engine for model 'ridge_cds_dt' has not been set explicitly, hence returning None.
2025-04-17 18:01:50,959:INFO:Engine for model 'lasso_cds_dt' has not been set explicitly, hence returning None.
2025-04-17 18:01:50,959:INFO:Engine for model 'llar_cds_dt' has not been set explicitly, hence returning None.
2025-04-17 18:01:50,959:INFO:Engine for model 'br_cds_dt' has not been set explicitly, hence returning None.
2025-04-17 18:01:50,959:INFO:Engine for model 'huber_cds_dt' has not been set explicitly, hence returning None.
2025-04-17 18:01:50,959:INFO:Engine for model 'omp_cds_dt' has not been set explicitly, hence returning None.
2025-04-17 18:01:50,960:INFO:Engine for model 'knn_cds_dt' has not been set explicitly, hence returning None.
2025-04-17 18:01:50,960:INFO:Engine for model 'dt_cds_dt' has not been set explicitly, hence returning None.
2025-04-17 18:01:50,960:INFO:Engine for model 'rf_cds_dt' has not been set explicitly, hence returning None.
2025-04-17 18:01:50,960:INFO:Engine for model 'et_cds_dt' has not been set explicitly, hence returning None.
2025-04-17 18:01:50,960:INFO:Engine for model 'gbr_cds_dt' has not been set explicitly, hence returning None.
2025-04-17 18:01:50,960:INFO:Engine for model 'ada_cds_dt' has not been set explicitly, hence returning None.
2025-04-17 18:01:50,960:INFO:Engine for model 'xgboost_cds_dt' has not been set explicitly, hence returning None.
2025-04-17 18:01:50,960:WARNING:
'xgboost' is a soft dependency and not included in the pycaret installation. Please run: `pip install xgboost` to install.
Alternately, you can install this by running `pip install pycaret[models]`
2025-04-17 18:01:50,961:WARNING:
'xgboost' is a soft dependency and not included in the pycaret installation. Please run: `pip install xgboost` to install.
Alternately, you can install this by running `pip install pycaret[models]`
2025-04-17 18:01:50,961:INFO:Engine for model 'lightgbm_cds_dt' has not been set explicitly, hence returning None.
2025-04-17 18:01:50,961:INFO:Engine for model 'catboost_cds_dt' has not been set explicitly, hence returning None.
2025-04-17 18:01:50,961:WARNING:
'catboost' is a soft dependency and not included in the pycaret installation. Please run: `pip install catboost` to install.
Alternately, you can install this by running `pip install pycaret[models]`
2025-04-17 18:01:50,961:WARNING:
'catboost' is a soft dependency and not included in the pycaret installation. Please run: `pip install catboost` to install.
Alternately, you can install this by running `pip install pycaret[models]`
2025-04-17 18:01:50,961:INFO:Engine successfully changes for model 'lr_cds_dt' to 'sklearn'.
2025-04-17 18:01:50,962:WARNING:
'prophet' is a soft dependency and not included in the pycaret installation. Please run: `pip install prophet` to install.
2025-04-17 18:01:50,962:INFO:Engine for model 'en_cds_dt' has not been set explicitly, hence returning None.
2025-04-17 18:01:50,962:INFO:Engine for model 'ridge_cds_dt' has not been set explicitly, hence returning None.
2025-04-17 18:01:50,962:INFO:Engine for model 'lasso_cds_dt' has not been set explicitly, hence returning None.
2025-04-17 18:01:50,962:INFO:Engine for model 'llar_cds_dt' has not been set explicitly, hence returning None.
2025-04-17 18:01:50,962:INFO:Engine for model 'br_cds_dt' has not been set explicitly, hence returning None.
2025-04-17 18:01:50,963:INFO:Engine for model 'huber_cds_dt' has not been set explicitly, hence returning None.
2025-04-17 18:01:50,963:INFO:Engine for model 'omp_cds_dt' has not been set explicitly, hence returning None.
2025-04-17 18:01:51,004:INFO:Engine for model 'knn_cds_dt' has not been set explicitly, hence returning None.
2025-04-17 18:01:51,012:INFO:Engine for model 'dt_cds_dt' has not been set explicitly, hence returning None.
2025-04-17 18:01:51,012:INFO:Engine for model 'rf_cds_dt' has not been set explicitly, hence returning None.
2025-04-17 18:01:51,013:INFO:Engine for model 'et_cds_dt' has not been set explicitly, hence returning None.
2025-04-17 18:01:51,013:INFO:Engine for model 'gbr_cds_dt' has not been set explicitly, hence returning None.
2025-04-17 18:01:51,013:INFO:Engine for model 'ada_cds_dt' has not been set explicitly, hence returning None.
2025-04-17 18:01:51,013:INFO:Engine for model 'xgboost_cds_dt' has not been set explicitly, hence returning None.
2025-04-17 18:01:51,013:WARNING:
'xgboost' is a soft dependency and not included in the pycaret installation. Please run: `pip install xgboost` to install.
Alternately, you can install this by running `pip install pycaret[models]`
2025-04-17 18:01:51,013:WARNING:
'xgboost' is a soft dependency and not included in the pycaret installation. Please run: `pip install xgboost` to install.
Alternately, you can install this by running `pip install pycaret[models]`
2025-04-17 18:01:51,013:INFO:Engine for model 'lightgbm_cds_dt' has not been set explicitly, hence returning None.
2025-04-17 18:01:51,013:INFO:Engine for model 'catboost_cds_dt' has not been set explicitly, hence returning None.
2025-04-17 18:01:51,013:WARNING:
'catboost' is a soft dependency and not included in the pycaret installation. Please run: `pip install catboost` to install.
Alternately, you can install this by running `pip install pycaret[models]`
2025-04-17 18:01:51,013:WARNING:
'catboost' is a soft dependency and not included in the pycaret installation. Please run: `pip install catboost` to install.
Alternately, you can install this by running `pip install pycaret[models]`
2025-04-17 18:01:51,015:WARNING:
'prophet' is a soft dependency and not included in the pycaret installation. Please run: `pip install prophet` to install.
2025-04-17 18:01:51,015:INFO:Engine for model 'en_cds_dt' has not been set explicitly, hence returning None.
2025-04-17 18:01:51,015:INFO:Engine for model 'ridge_cds_dt' has not been set explicitly, hence returning None.
2025-04-17 18:01:51,015:INFO:Engine for model 'lasso_cds_dt' has not been set explicitly, hence returning None.
2025-04-17 18:01:51,015:INFO:Engine for model 'llar_cds_dt' has not been set explicitly, hence returning None.
2025-04-17 18:01:51,015:INFO:Engine for model 'br_cds_dt' has not been set explicitly, hence returning None.
2025-04-17 18:01:51,015:INFO:Engine for model 'huber_cds_dt' has not been set explicitly, hence returning None.
2025-04-17 18:01:51,016:INFO:Engine for model 'omp_cds_dt' has not been set explicitly, hence returning None.
2025-04-17 18:01:51,016:INFO:Engine for model 'knn_cds_dt' has not been set explicitly, hence returning None.
2025-04-17 18:01:51,016:INFO:Engine for model 'dt_cds_dt' has not been set explicitly, hence returning None.
2025-04-17 18:01:51,017:INFO:Engine for model 'rf_cds_dt' has not been set explicitly, hence returning None.
2025-04-17 18:01:51,017:INFO:Engine for model 'et_cds_dt' has not been set explicitly, hence returning None.
2025-04-17 18:01:51,017:INFO:Engine for model 'gbr_cds_dt' has not been set explicitly, hence returning None.
2025-04-17 18:01:51,017:INFO:Engine for model 'ada_cds_dt' has not been set explicitly, hence returning None.
2025-04-17 18:01:51,017:INFO:Engine for model 'xgboost_cds_dt' has not been set explicitly, hence returning None.
2025-04-17 18:01:51,017:WARNING:
'xgboost' is a soft dependency and not included in the pycaret installation. Please run: `pip install xgboost` to install.
Alternately, you can install this by running `pip install pycaret[models]`
2025-04-17 18:01:51,017:WARNING:
'xgboost' is a soft dependency and not included in the pycaret installation. Please run: `pip install xgboost` to install.
Alternately, you can install this by running `pip install pycaret[models]`
2025-04-17 18:01:51,017:INFO:Engine for model 'lightgbm_cds_dt' has not been set explicitly, hence returning None.
2025-04-17 18:01:51,017:INFO:Engine for model 'catboost_cds_dt' has not been set explicitly, hence returning None.
2025-04-17 18:01:51,017:WARNING:
'catboost' is a soft dependency and not included in the pycaret installation. Please run: `pip install catboost` to install.
Alternately, you can install this by running `pip install pycaret[models]`
2025-04-17 18:01:51,017:WARNING:
'catboost' is a soft dependency and not included in the pycaret installation. Please run: `pip install catboost` to install.
Alternately, you can install this by running `pip install pycaret[models]`
2025-04-17 18:01:51,017:INFO:Engine successfully changes for model 'en_cds_dt' to 'sklearn'.
2025-04-17 18:01:51,018:WARNING:
'prophet' is a soft dependency and not included in the pycaret installation. Please run: `pip install prophet` to install.
2025-04-17 18:01:51,019:INFO:Engine for model 'ridge_cds_dt' has not been set explicitly, hence returning None.
2025-04-17 18:01:51,019:INFO:Engine for model 'lasso_cds_dt' has not been set explicitly, hence returning None.
2025-04-17 18:01:51,019:INFO:Engine for model 'llar_cds_dt' has not been set explicitly, hence returning None.
2025-04-17 18:01:51,019:INFO:Engine for model 'br_cds_dt' has not been set explicitly, hence returning None.
2025-04-17 18:01:51,019:INFO:Engine for model 'huber_cds_dt' has not been set explicitly, hence returning None.
2025-04-17 18:01:51,039:INFO:Engine for model 'omp_cds_dt' has not been set explicitly, hence returning None.
2025-04-17 18:01:51,040:INFO:Engine for model 'knn_cds_dt' has not been set explicitly, hence returning None.
2025-04-17 18:01:51,040:INFO:Engine for model 'dt_cds_dt' has not been set explicitly, hence returning None.
2025-04-17 18:01:51,041:INFO:Engine for model 'rf_cds_dt' has not been set explicitly, hence returning None.
2025-04-17 18:01:51,041:INFO:Engine for model 'et_cds_dt' has not been set explicitly, hence returning None.
2025-04-17 18:01:51,042:INFO:Engine for model 'gbr_cds_dt' has not been set explicitly, hence returning None.
2025-04-17 18:01:51,042:INFO:Engine for model 'ada_cds_dt' has not been set explicitly, hence returning None.
2025-04-17 18:01:51,043:INFO:Engine for model 'xgboost_cds_dt' has not been set explicitly, hence returning None.
2025-04-17 18:01:51,043:WARNING:
'xgboost' is a soft dependency and not included in the pycaret installation. Please run: `pip install xgboost` to install.
Alternately, you can install this by running `pip install pycaret[models]`
2025-04-17 18:01:51,043:WARNING:
'xgboost' is a soft dependency and not included in the pycaret installation. Please run: `pip install xgboost` to install.
Alternately, you can install this by running `pip install pycaret[models]`
2025-04-17 18:01:51,043:INFO:Engine for model 'lightgbm_cds_dt' has not been set explicitly, hence returning None.
2025-04-17 18:01:51,043:INFO:Engine for model 'catboost_cds_dt' has not been set explicitly, hence returning None.
2025-04-17 18:01:51,043:WARNING:
'catboost' is a soft dependency and not included in the pycaret installation. Please run: `pip install catboost` to install.
Alternately, you can install this by running `pip install pycaret[models]`
2025-04-17 18:01:51,043:WARNING:
'catboost' is a soft dependency and not included in the pycaret installation. Please run: `pip install catboost` to install.
Alternately, you can install this by running `pip install pycaret[models]`
2025-04-17 18:01:51,044:WARNING:
'prophet' is a soft dependency and not included in the pycaret installation. Please run: `pip install prophet` to install.
2025-04-17 18:01:51,044:INFO:Engine for model 'ridge_cds_dt' has not been set explicitly, hence returning None.
2025-04-17 18:01:51,045:INFO:Engine for model 'lasso_cds_dt' has not been set explicitly, hence returning None.
2025-04-17 18:01:51,045:INFO:Engine for model 'llar_cds_dt' has not been set explicitly, hence returning None.
2025-04-17 18:01:51,045:INFO:Engine for model 'br_cds_dt' has not been set explicitly, hence returning None.
2025-04-17 18:01:51,045:INFO:Engine for model 'huber_cds_dt' has not been set explicitly, hence returning None.
2025-04-17 18:01:51,046:INFO:Engine for model 'omp_cds_dt' has not been set explicitly, hence returning None.
2025-04-17 18:01:51,046:INFO:Engine for model 'knn_cds_dt' has not been set explicitly, hence returning None.
2025-04-17 18:01:51,046:INFO:Engine for model 'dt_cds_dt' has not been set explicitly, hence returning None.
2025-04-17 18:01:51,046:INFO:Engine for model 'rf_cds_dt' has not been set explicitly, hence returning None.
2025-04-17 18:01:51,046:INFO:Engine for model 'et_cds_dt' has not been set explicitly, hence returning None.
2025-04-17 18:01:51,047:INFO:Engine for model 'gbr_cds_dt' has not been set explicitly, hence returning None.
2025-04-17 18:01:51,047:INFO:Engine for model 'ada_cds_dt' has not been set explicitly, hence returning None.
2025-04-17 18:01:51,047:INFO:Engine for model 'xgboost_cds_dt' has not been set explicitly, hence returning None.
2025-04-17 18:01:51,047:WARNING:
'xgboost' is a soft dependency and not included in the pycaret installation. Please run: `pip install xgboost` to install.
Alternately, you can install this by running `pip install pycaret[models]`
2025-04-17 18:01:51,047:WARNING:
'xgboost' is a soft dependency and not included in the pycaret installation. Please run: `pip install xgboost` to install.
Alternately, you can install this by running `pip install pycaret[models]`
2025-04-17 18:01:51,047:INFO:Engine for model 'lightgbm_cds_dt' has not been set explicitly, hence returning None.
2025-04-17 18:01:51,047:INFO:Engine for model 'catboost_cds_dt' has not been set explicitly, hence returning None.
2025-04-17 18:01:51,047:WARNING:
'catboost' is a soft dependency and not included in the pycaret installation. Please run: `pip install catboost` to install.
Alternately, you can install this by running `pip install pycaret[models]`
2025-04-17 18:01:51,047:WARNING:
'catboost' is a soft dependency and not included in the pycaret installation. Please run: `pip install catboost` to install.
Alternately, you can install this by running `pip install pycaret[models]`
2025-04-17 18:01:51,048:INFO:Engine successfully changes for model 'ridge_cds_dt' to 'sklearn'.
2025-04-17 18:01:51,064:WARNING:
'prophet' is a soft dependency and not included in the pycaret installation. Please run: `pip install prophet` to install.
2025-04-17 18:01:51,065:INFO:Engine for model 'lasso_cds_dt' has not been set explicitly, hence returning None.
2025-04-17 18:01:51,066:INFO:Engine for model 'llar_cds_dt' has not been set explicitly, hence returning None.
2025-04-17 18:01:51,066:INFO:Engine for model 'br_cds_dt' has not been set explicitly, hence returning None.
2025-04-17 18:01:51,066:INFO:Engine for model 'huber_cds_dt' has not been set explicitly, hence returning None.
2025-04-17 18:01:51,068:INFO:Engine for model 'omp_cds_dt' has not been set explicitly, hence returning None.
2025-04-17 18:01:51,069:INFO:Engine for model 'knn_cds_dt' has not been set explicitly, hence returning None.
2025-04-17 18:01:51,070:INFO:Engine for model 'dt_cds_dt' has not been set explicitly, hence returning None.
2025-04-17 18:01:51,070:INFO:Engine for model 'rf_cds_dt' has not been set explicitly, hence returning None.
2025-04-17 18:01:51,102:INFO:Engine for model 'et_cds_dt' has not been set explicitly, hence returning None.
2025-04-17 18:01:51,102:INFO:Engine for model 'gbr_cds_dt' has not been set explicitly, hence returning None.
2025-04-17 18:01:51,102:INFO:Engine for model 'ada_cds_dt' has not been set explicitly, hence returning None.
2025-04-17 18:01:51,107:INFO:Engine for model 'xgboost_cds_dt' has not been set explicitly, hence returning None.
2025-04-17 18:01:51,107:WARNING:
'xgboost' is a soft dependency and not included in the pycaret installation. Please run: `pip install xgboost` to install.
Alternately, you can install this by running `pip install pycaret[models]`
2025-04-17 18:01:51,107:WARNING:
'xgboost' is a soft dependency and not included in the pycaret installation. Please run: `pip install xgboost` to install.
Alternately, you can install this by running `pip install pycaret[models]`
2025-04-17 18:01:51,107:INFO:Engine for model 'lightgbm_cds_dt' has not been set explicitly, hence returning None.
2025-04-17 18:01:51,107:INFO:Engine for model 'catboost_cds_dt' has not been set explicitly, hence returning None.
2025-04-17 18:01:51,107:WARNING:
'catboost' is a soft dependency and not included in the pycaret installation. Please run: `pip install catboost` to install.
Alternately, you can install this by running `pip install pycaret[models]`
2025-04-17 18:01:51,107:WARNING:
'catboost' is a soft dependency and not included in the pycaret installation. Please run: `pip install catboost` to install.
Alternately, you can install this by running `pip install pycaret[models]`
2025-04-17 18:01:51,111:WARNING:
'prophet' is a soft dependency and not included in the pycaret installation. Please run: `pip install prophet` to install.
2025-04-17 18:01:51,111:INFO:Engine for model 'lasso_cds_dt' has not been set explicitly, hence returning None.
2025-04-17 18:01:51,111:INFO:Engine for model 'llar_cds_dt' has not been set explicitly, hence returning None.
2025-04-17 18:01:51,111:INFO:Engine for model 'br_cds_dt' has not been set explicitly, hence returning None.
2025-04-17 18:01:51,111:INFO:Engine for model 'huber_cds_dt' has not been set explicitly, hence returning None.
2025-04-17 18:01:51,112:INFO:Engine for model 'omp_cds_dt' has not been set explicitly, hence returning None.
2025-04-17 18:01:51,112:INFO:Engine for model 'knn_cds_dt' has not been set explicitly, hence returning None.
2025-04-17 18:01:51,112:INFO:Engine for model 'dt_cds_dt' has not been set explicitly, hence returning None.
2025-04-17 18:01:51,113:INFO:Engine for model 'rf_cds_dt' has not been set explicitly, hence returning None.
2025-04-17 18:01:51,113:INFO:Engine for model 'et_cds_dt' has not been set explicitly, hence returning None.
2025-04-17 18:01:51,113:INFO:Engine for model 'gbr_cds_dt' has not been set explicitly, hence returning None.
2025-04-17 18:01:51,113:INFO:Engine for model 'ada_cds_dt' has not been set explicitly, hence returning None.
2025-04-17 18:01:51,113:INFO:Engine for model 'xgboost_cds_dt' has not been set explicitly, hence returning None.
2025-04-17 18:01:51,113:WARNING:
'xgboost' is a soft dependency and not included in the pycaret installation. Please run: `pip install xgboost` to install.
Alternately, you can install this by running `pip install pycaret[models]`
2025-04-17 18:01:51,113:WARNING:
'xgboost' is a soft dependency and not included in the pycaret installation. Please run: `pip install xgboost` to install.
Alternately, you can install this by running `pip install pycaret[models]`
2025-04-17 18:01:51,113:INFO:Engine for model 'lightgbm_cds_dt' has not been set explicitly, hence returning None.
2025-04-17 18:01:51,113:INFO:Engine for model 'catboost_cds_dt' has not been set explicitly, hence returning None.
2025-04-17 18:01:51,113:WARNING:
'catboost' is a soft dependency and not included in the pycaret installation. Please run: `pip install catboost` to install.
Alternately, you can install this by running `pip install pycaret[models]`
2025-04-17 18:01:51,113:WARNING:
'catboost' is a soft dependency and not included in the pycaret installation. Please run: `pip install catboost` to install.
Alternately, you can install this by running `pip install pycaret[models]`
2025-04-17 18:01:51,113:INFO:Engine successfully changes for model 'lasso_cds_dt' to 'sklearn'.
2025-04-17 18:01:51,115:WARNING:
'prophet' is a soft dependency and not included in the pycaret installation. Please run: `pip install prophet` to install.
2025-04-17 18:01:51,115:INFO:Engine for model 'llar_cds_dt' has not been set explicitly, hence returning None.
2025-04-17 18:01:51,115:INFO:Engine for model 'br_cds_dt' has not been set explicitly, hence returning None.
2025-04-17 18:01:51,115:INFO:Engine for model 'huber_cds_dt' has not been set explicitly, hence returning None.
2025-04-17 18:01:51,117:INFO:Engine for model 'omp_cds_dt' has not been set explicitly, hence returning None.
2025-04-17 18:01:51,124:INFO:Engine for model 'knn_cds_dt' has not been set explicitly, hence returning None.
2025-04-17 18:01:51,124:INFO:Engine for model 'dt_cds_dt' has not been set explicitly, hence returning None.
2025-04-17 18:01:51,134:INFO:Engine for model 'rf_cds_dt' has not been set explicitly, hence returning None.
2025-04-17 18:01:51,134:INFO:Engine for model 'et_cds_dt' has not been set explicitly, hence returning None.
2025-04-17 18:01:51,134:INFO:Engine for model 'gbr_cds_dt' has not been set explicitly, hence returning None.
2025-04-17 18:01:51,134:INFO:Engine for model 'ada_cds_dt' has not been set explicitly, hence returning None.
2025-04-17 18:01:51,135:INFO:Engine for model 'xgboost_cds_dt' has not been set explicitly, hence returning None.
2025-04-17 18:01:51,135:WARNING:
'xgboost' is a soft dependency and not included in the pycaret installation. Please run: `pip install xgboost` to install.
Alternately, you can install this by running `pip install pycaret[models]`
2025-04-17 18:01:51,135:WARNING:
'xgboost' is a soft dependency and not included in the pycaret installation. Please run: `pip install xgboost` to install.
Alternately, you can install this by running `pip install pycaret[models]`
2025-04-17 18:01:51,135:INFO:Engine for model 'lightgbm_cds_dt' has not been set explicitly, hence returning None.
2025-04-17 18:01:51,135:INFO:Engine for model 'catboost_cds_dt' has not been set explicitly, hence returning None.
2025-04-17 18:01:51,135:WARNING:
'catboost' is a soft dependency and not included in the pycaret installation. Please run: `pip install catboost` to install.
Alternately, you can install this by running `pip install pycaret[models]`
2025-04-17 18:01:51,135:WARNING:
'catboost' is a soft dependency and not included in the pycaret installation. Please run: `pip install catboost` to install.
Alternately, you can install this by running `pip install pycaret[models]`
2025-04-17 18:01:51,139:WARNING:
'prophet' is a soft dependency and not included in the pycaret installation. Please run: `pip install prophet` to install.
2025-04-17 18:01:51,140:INFO:Engine for model 'llar_cds_dt' has not been set explicitly, hence returning None.
2025-04-17 18:01:51,142:INFO:Engine for model 'br_cds_dt' has not been set explicitly, hence returning None.
2025-04-17 18:01:51,142:INFO:Engine for model 'huber_cds_dt' has not been set explicitly, hence returning None.
2025-04-17 18:01:51,144:INFO:Engine for model 'omp_cds_dt' has not been set explicitly, hence returning None.
2025-04-17 18:01:51,146:INFO:Engine for model 'knn_cds_dt' has not been set explicitly, hence returning None.
2025-04-17 18:01:51,147:INFO:Engine for model 'dt_cds_dt' has not been set explicitly, hence returning None.
2025-04-17 18:01:51,147:INFO:Engine for model 'rf_cds_dt' has not been set explicitly, hence returning None.
2025-04-17 18:01:51,147:INFO:Engine for model 'et_cds_dt' has not been set explicitly, hence returning None.
2025-04-17 18:01:51,148:INFO:Engine for model 'gbr_cds_dt' has not been set explicitly, hence returning None.
2025-04-17 18:01:51,148:INFO:Engine for model 'ada_cds_dt' has not been set explicitly, hence returning None.
2025-04-17 18:01:51,149:INFO:Engine for model 'xgboost_cds_dt' has not been set explicitly, hence returning None.
2025-04-17 18:01:51,149:WARNING:
'xgboost' is a soft dependency and not included in the pycaret installation. Please run: `pip install xgboost` to install.
Alternately, you can install this by running `pip install pycaret[models]`
2025-04-17 18:01:51,149:WARNING:
'xgboost' is a soft dependency and not included in the pycaret installation. Please run: `pip install xgboost` to install.
Alternately, you can install this by running `pip install pycaret[models]`
2025-04-17 18:01:51,149:INFO:Engine for model 'lightgbm_cds_dt' has not been set explicitly, hence returning None.
2025-04-17 18:01:51,149:INFO:Engine for model 'catboost_cds_dt' has not been set explicitly, hence returning None.
2025-04-17 18:01:51,149:WARNING:
'catboost' is a soft dependency and not included in the pycaret installation. Please run: `pip install catboost` to install.
Alternately, you can install this by running `pip install pycaret[models]`
2025-04-17 18:01:51,149:WARNING:
'catboost' is a soft dependency and not included in the pycaret installation. Please run: `pip install catboost` to install.
Alternately, you can install this by running `pip install pycaret[models]`
2025-04-17 18:01:51,149:INFO:Engine successfully changes for model 'lar_cds_dt' to 'sklearn'.
2025-04-17 18:01:51,150:WARNING:
'prophet' is a soft dependency and not included in the pycaret installation. Please run: `pip install prophet` to install.
2025-04-17 18:01:51,151:INFO:Engine for model 'llar_cds_dt' has not been set explicitly, hence returning None.
2025-04-17 18:01:51,151:INFO:Engine for model 'br_cds_dt' has not been set explicitly, hence returning None.
2025-04-17 18:01:51,151:INFO:Engine for model 'huber_cds_dt' has not been set explicitly, hence returning None.
2025-04-17 18:01:51,152:INFO:Engine for model 'omp_cds_dt' has not been set explicitly, hence returning None.
2025-04-17 18:01:51,152:INFO:Engine for model 'knn_cds_dt' has not been set explicitly, hence returning None.
2025-04-17 18:01:51,153:INFO:Engine for model 'dt_cds_dt' has not been set explicitly, hence returning None.
2025-04-17 18:01:51,153:INFO:Engine for model 'rf_cds_dt' has not been set explicitly, hence returning None.
2025-04-17 18:01:51,153:INFO:Engine for model 'et_cds_dt' has not been set explicitly, hence returning None.
2025-04-17 18:01:51,154:INFO:Engine for model 'gbr_cds_dt' has not been set explicitly, hence returning None.
2025-04-17 18:01:51,155:INFO:Engine for model 'ada_cds_dt' has not been set explicitly, hence returning None.
2025-04-17 18:01:51,156:INFO:Engine for model 'xgboost_cds_dt' has not been set explicitly, hence returning None.
2025-04-17 18:01:51,156:WARNING:
'xgboost' is a soft dependency and not included in the pycaret installation. Please run: `pip install xgboost` to install.
Alternately, you can install this by running `pip install pycaret[models]`
2025-04-17 18:01:51,156:WARNING:
'xgboost' is a soft dependency and not included in the pycaret installation. Please run: `pip install xgboost` to install.
Alternately, you can install this by running `pip install pycaret[models]`
2025-04-17 18:01:51,156:INFO:Engine for model 'lightgbm_cds_dt' has not been set explicitly, hence returning None.
2025-04-17 18:01:51,157:INFO:Engine for model 'catboost_cds_dt' has not been set explicitly, hence returning None.
2025-04-17 18:01:51,157:WARNING:
'catboost' is a soft dependency and not included in the pycaret installation. Please run: `pip install catboost` to install.
Alternately, you can install this by running `pip install pycaret[models]`
2025-04-17 18:01:51,157:WARNING:
'catboost' is a soft dependency and not included in the pycaret installation. Please run: `pip install catboost` to install.
Alternately, you can install this by running `pip install pycaret[models]`
2025-04-17 18:01:51,160:WARNING:
'prophet' is a soft dependency and not included in the pycaret installation. Please run: `pip install prophet` to install.
2025-04-17 18:01:51,161:INFO:Engine for model 'llar_cds_dt' has not been set explicitly, hence returning None.
2025-04-17 18:01:51,161:INFO:Engine for model 'br_cds_dt' has not been set explicitly, hence returning None.
2025-04-17 18:01:51,161:INFO:Engine for model 'huber_cds_dt' has not been set explicitly, hence returning None.
2025-04-17 18:01:51,162:INFO:Engine for model 'omp_cds_dt' has not been set explicitly, hence returning None.
2025-04-17 18:01:51,162:INFO:Engine for model 'knn_cds_dt' has not been set explicitly, hence returning None.
2025-04-17 18:01:51,162:INFO:Engine for model 'dt_cds_dt' has not been set explicitly, hence returning None.
2025-04-17 18:01:51,163:INFO:Engine for model 'rf_cds_dt' has not been set explicitly, hence returning None.
2025-04-17 18:01:51,163:INFO:Engine for model 'et_cds_dt' has not been set explicitly, hence returning None.
2025-04-17 18:01:51,163:INFO:Engine for model 'gbr_cds_dt' has not been set explicitly, hence returning None.
2025-04-17 18:01:51,163:INFO:Engine for model 'ada_cds_dt' has not been set explicitly, hence returning None.
2025-04-17 18:01:51,163:INFO:Engine for model 'xgboost_cds_dt' has not been set explicitly, hence returning None.
2025-04-17 18:01:51,163:WARNING:
'xgboost' is a soft dependency and not included in the pycaret installation. Please run: `pip install xgboost` to install.
Alternately, you can install this by running `pip install pycaret[models]`
2025-04-17 18:01:51,163:WARNING:
'xgboost' is a soft dependency and not included in the pycaret installation. Please run: `pip install xgboost` to install.
Alternately, you can install this by running `pip install pycaret[models]`
2025-04-17 18:01:51,163:INFO:Engine for model 'lightgbm_cds_dt' has not been set explicitly, hence returning None.
2025-04-17 18:01:51,163:INFO:Engine for model 'catboost_cds_dt' has not been set explicitly, hence returning None.
2025-04-17 18:01:51,163:WARNING:
'catboost' is a soft dependency and not included in the pycaret installation. Please run: `pip install catboost` to install.
Alternately, you can install this by running `pip install pycaret[models]`
2025-04-17 18:01:51,163:WARNING:
'catboost' is a soft dependency and not included in the pycaret installation. Please run: `pip install catboost` to install.
Alternately, you can install this by running `pip install pycaret[models]`
2025-04-17 18:01:51,163:INFO:Engine successfully changes for model 'llar_cds_dt' to 'sklearn'.
2025-04-17 18:01:51,164:WARNING:
'prophet' is a soft dependency and not included in the pycaret installation. Please run: `pip install prophet` to install.
2025-04-17 18:01:51,165:INFO:Engine for model 'br_cds_dt' has not been set explicitly, hence returning None.
2025-04-17 18:01:51,165:INFO:Engine for model 'huber_cds_dt' has not been set explicitly, hence returning None.
2025-04-17 18:01:51,166:INFO:Engine for model 'omp_cds_dt' has not been set explicitly, hence returning None.
2025-04-17 18:01:51,166:INFO:Engine for model 'knn_cds_dt' has not been set explicitly, hence returning None.
2025-04-17 18:01:51,166:INFO:Engine for model 'dt_cds_dt' has not been set explicitly, hence returning None.
2025-04-17 18:01:51,166:INFO:Engine for model 'rf_cds_dt' has not been set explicitly, hence returning None.
2025-04-17 18:01:51,166:INFO:Engine for model 'et_cds_dt' has not been set explicitly, hence returning None.
2025-04-17 18:01:51,166:INFO:Engine for model 'gbr_cds_dt' has not been set explicitly, hence returning None.
2025-04-17 18:01:51,166:INFO:Engine for model 'ada_cds_dt' has not been set explicitly, hence returning None.
2025-04-17 18:01:51,167:INFO:Engine for model 'xgboost_cds_dt' has not been set explicitly, hence returning None.
2025-04-17 18:01:51,167:WARNING:
'xgboost' is a soft dependency and not included in the pycaret installation. Please run: `pip install xgboost` to install.
Alternately, you can install this by running `pip install pycaret[models]`
2025-04-17 18:01:51,167:WARNING:
'xgboost' is a soft dependency and not included in the pycaret installation. Please run: `pip install xgboost` to install.
Alternately, you can install this by running `pip install pycaret[models]`
2025-04-17 18:01:51,167:INFO:Engine for model 'lightgbm_cds_dt' has not been set explicitly, hence returning None.
2025-04-17 18:01:51,167:INFO:Engine for model 'catboost_cds_dt' has not been set explicitly, hence returning None.
2025-04-17 18:01:51,167:WARNING:
'catboost' is a soft dependency and not included in the pycaret installation. Please run: `pip install catboost` to install.
Alternately, you can install this by running `pip install pycaret[models]`
2025-04-17 18:01:51,167:WARNING:
'catboost' is a soft dependency and not included in the pycaret installation. Please run: `pip install catboost` to install.
Alternately, you can install this by running `pip install pycaret[models]`
2025-04-17 18:01:51,168:WARNING:
'prophet' is a soft dependency and not included in the pycaret installation. Please run: `pip install prophet` to install.
2025-04-17 18:01:51,169:INFO:Engine for model 'br_cds_dt' has not been set explicitly, hence returning None.
2025-04-17 18:01:51,169:INFO:Engine for model 'huber_cds_dt' has not been set explicitly, hence returning None.
2025-04-17 18:01:51,170:INFO:Engine for model 'omp_cds_dt' has not been set explicitly, hence returning None.
2025-04-17 18:01:51,171:INFO:Engine for model 'knn_cds_dt' has not been set explicitly, hence returning None.
2025-04-17 18:01:51,172:INFO:Engine for model 'dt_cds_dt' has not been set explicitly, hence returning None.
2025-04-17 18:01:51,172:INFO:Engine for model 'rf_cds_dt' has not been set explicitly, hence returning None.
2025-04-17 18:01:51,172:INFO:Engine for model 'et_cds_dt' has not been set explicitly, hence returning None.
2025-04-17 18:01:51,173:INFO:Engine for model 'gbr_cds_dt' has not been set explicitly, hence returning None.
2025-04-17 18:01:51,173:INFO:Engine for model 'ada_cds_dt' has not been set explicitly, hence returning None.
2025-04-17 18:01:51,173:INFO:Engine for model 'xgboost_cds_dt' has not been set explicitly, hence returning None.
2025-04-17 18:01:51,175:WARNING:
'xgboost' is a soft dependency and not included in the pycaret installation. Please run: `pip install xgboost` to install.
Alternately, you can install this by running `pip install pycaret[models]`
2025-04-17 18:01:51,175:WARNING:
'xgboost' is a soft dependency and not included in the pycaret installation. Please run: `pip install xgboost` to install.
Alternately, you can install this by running `pip install pycaret[models]`
2025-04-17 18:01:51,175:INFO:Engine for model 'lightgbm_cds_dt' has not been set explicitly, hence returning None.
2025-04-17 18:01:51,175:INFO:Engine for model 'catboost_cds_dt' has not been set explicitly, hence returning None.
2025-04-17 18:01:51,175:WARNING:
'catboost' is a soft dependency and not included in the pycaret installation. Please run: `pip install catboost` to install.
Alternately, you can install this by running `pip install pycaret[models]`
2025-04-17 18:01:51,175:WARNING:
'catboost' is a soft dependency and not included in the pycaret installation. Please run: `pip install catboost` to install.
Alternately, you can install this by running `pip install pycaret[models]`
2025-04-17 18:01:51,175:INFO:Engine successfully changes for model 'br_cds_dt' to 'sklearn'.
2025-04-17 18:01:51,177:WARNING:
'prophet' is a soft dependency and not included in the pycaret installation. Please run: `pip install prophet` to install.
2025-04-17 18:01:51,178:INFO:Engine for model 'huber_cds_dt' has not been set explicitly, hence returning None.
2025-04-17 18:01:51,179:INFO:Engine for model 'omp_cds_dt' has not been set explicitly, hence returning None.
2025-04-17 18:01:51,187:INFO:Engine for model 'knn_cds_dt' has not been set explicitly, hence returning None.
2025-04-17 18:01:51,190:INFO:Engine for model 'dt_cds_dt' has not been set explicitly, hence returning None.
2025-04-17 18:01:51,190:INFO:Engine for model 'rf_cds_dt' has not been set explicitly, hence returning None.
2025-04-17 18:01:51,191:INFO:Engine for model 'et_cds_dt' has not been set explicitly, hence returning None.
2025-04-17 18:01:51,191:INFO:Engine for model 'gbr_cds_dt' has not been set explicitly, hence returning None.
2025-04-17 18:01:51,191:INFO:Engine for model 'ada_cds_dt' has not been set explicitly, hence returning None.
2025-04-17 18:01:51,191:INFO:Engine for model 'xgboost_cds_dt' has not been set explicitly, hence returning None.
2025-04-17 18:01:51,191:WARNING:
'xgboost' is a soft dependency and not included in the pycaret installation. Please run: `pip install xgboost` to install.
Alternately, you can install this by running `pip install pycaret[models]`
2025-04-17 18:01:51,191:WARNING:
'xgboost' is a soft dependency and not included in the pycaret installation. Please run: `pip install xgboost` to install.
Alternately, you can install this by running `pip install pycaret[models]`
2025-04-17 18:01:51,191:INFO:Engine for model 'lightgbm_cds_dt' has not been set explicitly, hence returning None.
2025-04-17 18:01:51,191:INFO:Engine for model 'catboost_cds_dt' has not been set explicitly, hence returning None.
2025-04-17 18:01:51,191:WARNING:
'catboost' is a soft dependency and not included in the pycaret installation. Please run: `pip install catboost` to install.
Alternately, you can install this by running `pip install pycaret[models]`
2025-04-17 18:01:51,191:WARNING:
'catboost' is a soft dependency and not included in the pycaret installation. Please run: `pip install catboost` to install.
Alternately, you can install this by running `pip install pycaret[models]`
2025-04-17 18:01:51,195:WARNING:
'prophet' is a soft dependency and not included in the pycaret installation. Please run: `pip install prophet` to install.
2025-04-17 18:01:51,196:INFO:Engine for model 'huber_cds_dt' has not been set explicitly, hence returning None.
2025-04-17 18:01:51,198:INFO:Engine for model 'omp_cds_dt' has not been set explicitly, hence returning None.
2025-04-17 18:01:51,200:INFO:Engine for model 'knn_cds_dt' has not been set explicitly, hence returning None.
2025-04-17 18:01:51,200:INFO:Engine for model 'dt_cds_dt' has not been set explicitly, hence returning None.
2025-04-17 18:01:51,201:INFO:Engine for model 'rf_cds_dt' has not been set explicitly, hence returning None.
2025-04-17 18:01:51,202:INFO:Engine for model 'et_cds_dt' has not been set explicitly, hence returning None.
2025-04-17 18:01:51,202:INFO:Engine for model 'gbr_cds_dt' has not been set explicitly, hence returning None.
2025-04-17 18:01:51,202:INFO:Engine for model 'ada_cds_dt' has not been set explicitly, hence returning None.
2025-04-17 18:01:51,203:INFO:Engine for model 'xgboost_cds_dt' has not been set explicitly, hence returning None.
2025-04-17 18:01:51,203:WARNING:
'xgboost' is a soft dependency and not included in the pycaret installation. Please run: `pip install xgboost` to install.
Alternately, you can install this by running `pip install pycaret[models]`
2025-04-17 18:01:51,203:WARNING:
'xgboost' is a soft dependency and not included in the pycaret installation. Please run: `pip install xgboost` to install.
Alternately, you can install this by running `pip install pycaret[models]`
2025-04-17 18:01:51,203:INFO:Engine for model 'lightgbm_cds_dt' has not been set explicitly, hence returning None.
2025-04-17 18:01:51,204:INFO:Engine for model 'catboost_cds_dt' has not been set explicitly, hence returning None.
2025-04-17 18:01:51,204:WARNING:
'catboost' is a soft dependency and not included in the pycaret installation. Please run: `pip install catboost` to install.
Alternately, you can install this by running `pip install pycaret[models]`
2025-04-17 18:01:51,204:WARNING:
'catboost' is a soft dependency and not included in the pycaret installation. Please run: `pip install catboost` to install.
Alternately, you can install this by running `pip install pycaret[models]`
2025-04-17 18:01:51,204:INFO:Engine successfully changes for model 'huber_cds_dt' to 'sklearn'.
2025-04-17 18:01:51,208:WARNING:
'prophet' is a soft dependency and not included in the pycaret installation. Please run: `pip install prophet` to install.
2025-04-17 18:01:51,210:INFO:Engine for model 'omp_cds_dt' has not been set explicitly, hence returning None.
2025-04-17 18:01:51,210:INFO:Engine for model 'knn_cds_dt' has not been set explicitly, hence returning None.
2025-04-17 18:01:51,210:INFO:Engine for model 'dt_cds_dt' has not been set explicitly, hence returning None.
2025-04-17 18:01:51,211:INFO:Engine for model 'rf_cds_dt' has not been set explicitly, hence returning None.
2025-04-17 18:01:51,211:INFO:Engine for model 'et_cds_dt' has not been set explicitly, hence returning None.
2025-04-17 18:01:51,211:INFO:Engine for model 'gbr_cds_dt' has not been set explicitly, hence returning None.
2025-04-17 18:01:51,211:INFO:Engine for model 'ada_cds_dt' has not been set explicitly, hence returning None.
2025-04-17 18:01:51,211:INFO:Engine for model 'xgboost_cds_dt' has not been set explicitly, hence returning None.
2025-04-17 18:01:51,211:WARNING:
'xgboost' is a soft dependency and not included in the pycaret installation. Please run: `pip install xgboost` to install.
Alternately, you can install this by running `pip install pycaret[models]`
2025-04-17 18:01:51,211:WARNING:
'xgboost' is a soft dependency and not included in the pycaret installation. Please run: `pip install xgboost` to install.
Alternately, you can install this by running `pip install pycaret[models]`
2025-04-17 18:01:51,211:INFO:Engine for model 'lightgbm_cds_dt' has not been set explicitly, hence returning None.
2025-04-17 18:01:51,211:INFO:Engine for model 'catboost_cds_dt' has not been set explicitly, hence returning None.
2025-04-17 18:01:51,211:WARNING:
'catboost' is a soft dependency and not included in the pycaret installation. Please run: `pip install catboost` to install.
Alternately, you can install this by running `pip install pycaret[models]`
2025-04-17 18:01:51,211:WARNING:
'catboost' is a soft dependency and not included in the pycaret installation. Please run: `pip install catboost` to install.
Alternately, you can install this by running `pip install pycaret[models]`
2025-04-17 18:01:51,213:WARNING:
'prophet' is a soft dependency and not included in the pycaret installation. Please run: `pip install prophet` to install.
2025-04-17 18:01:51,214:INFO:Engine for model 'omp_cds_dt' has not been set explicitly, hence returning None.
2025-04-17 18:01:51,215:INFO:Engine for model 'knn_cds_dt' has not been set explicitly, hence returning None.
2025-04-17 18:01:51,215:INFO:Engine for model 'dt_cds_dt' has not been set explicitly, hence returning None.
2025-04-17 18:01:51,215:INFO:Engine for model 'rf_cds_dt' has not been set explicitly, hence returning None.
2025-04-17 18:01:51,215:INFO:Engine for model 'et_cds_dt' has not been set explicitly, hence returning None.
2025-04-17 18:01:51,215:INFO:Engine for model 'gbr_cds_dt' has not been set explicitly, hence returning None.
2025-04-17 18:01:51,215:INFO:Engine for model 'ada_cds_dt' has not been set explicitly, hence returning None.
2025-04-17 18:01:51,216:INFO:Engine for model 'xgboost_cds_dt' has not been set explicitly, hence returning None.
2025-04-17 18:01:51,216:WARNING:
'xgboost' is a soft dependency and not included in the pycaret installation. Please run: `pip install xgboost` to install.
Alternately, you can install this by running `pip install pycaret[models]`
2025-04-17 18:01:51,216:WARNING:
'xgboost' is a soft dependency and not included in the pycaret installation. Please run: `pip install xgboost` to install.
Alternately, you can install this by running `pip install pycaret[models]`
2025-04-17 18:01:51,216:INFO:Engine for model 'lightgbm_cds_dt' has not been set explicitly, hence returning None.
2025-04-17 18:01:51,216:INFO:Engine for model 'catboost_cds_dt' has not been set explicitly, hence returning None.
2025-04-17 18:01:51,216:WARNING:
'catboost' is a soft dependency and not included in the pycaret installation. Please run: `pip install catboost` to install.
Alternately, you can install this by running `pip install pycaret[models]`
2025-04-17 18:01:51,216:WARNING:
'catboost' is a soft dependency and not included in the pycaret installation. Please run: `pip install catboost` to install.
Alternately, you can install this by running `pip install pycaret[models]`
2025-04-17 18:01:51,217:INFO:Engine successfully changes for model 'par_cds_dt' to 'sklearn'.
2025-04-17 18:01:51,220:WARNING:
'prophet' is a soft dependency and not included in the pycaret installation. Please run: `pip install prophet` to install.
2025-04-17 18:01:51,222:INFO:Engine for model 'omp_cds_dt' has not been set explicitly, hence returning None.
2025-04-17 18:01:51,222:INFO:Engine for model 'knn_cds_dt' has not been set explicitly, hence returning None.
2025-04-17 18:01:51,222:INFO:Engine for model 'dt_cds_dt' has not been set explicitly, hence returning None.
2025-04-17 18:01:51,222:INFO:Engine for model 'rf_cds_dt' has not been set explicitly, hence returning None.
2025-04-17 18:01:51,222:INFO:Engine for model 'et_cds_dt' has not been set explicitly, hence returning None.
2025-04-17 18:01:51,223:INFO:Engine for model 'gbr_cds_dt' has not been set explicitly, hence returning None.
2025-04-17 18:01:51,223:INFO:Engine for model 'ada_cds_dt' has not been set explicitly, hence returning None.
2025-04-17 18:01:51,223:INFO:Engine for model 'xgboost_cds_dt' has not been set explicitly, hence returning None.
2025-04-17 18:01:51,223:WARNING:
'xgboost' is a soft dependency and not included in the pycaret installation. Please run: `pip install xgboost` to install.
Alternately, you can install this by running `pip install pycaret[models]`
2025-04-17 18:01:51,223:WARNING:
'xgboost' is a soft dependency and not included in the pycaret installation. Please run: `pip install xgboost` to install.
Alternately, you can install this by running `pip install pycaret[models]`
2025-04-17 18:01:51,223:INFO:Engine for model 'lightgbm_cds_dt' has not been set explicitly, hence returning None.
2025-04-17 18:01:51,224:INFO:Engine for model 'catboost_cds_dt' has not been set explicitly, hence returning None.
2025-04-17 18:01:51,224:WARNING:
'catboost' is a soft dependency and not included in the pycaret installation. Please run: `pip install catboost` to install.
Alternately, you can install this by running `pip install pycaret[models]`
2025-04-17 18:01:51,224:WARNING:
'catboost' is a soft dependency and not included in the pycaret installation. Please run: `pip install catboost` to install.
Alternately, you can install this by running `pip install pycaret[models]`
2025-04-17 18:01:51,226:WARNING:
'prophet' is a soft dependency and not included in the pycaret installation. Please run: `pip install prophet` to install.
2025-04-17 18:01:51,228:INFO:Engine for model 'omp_cds_dt' has not been set explicitly, hence returning None.
2025-04-17 18:01:51,228:INFO:Engine for model 'knn_cds_dt' has not been set explicitly, hence returning None.
2025-04-17 18:01:51,228:INFO:Engine for model 'dt_cds_dt' has not been set explicitly, hence returning None.
2025-04-17 18:01:51,228:INFO:Engine for model 'rf_cds_dt' has not been set explicitly, hence returning None.
2025-04-17 18:01:51,228:INFO:Engine for model 'et_cds_dt' has not been set explicitly, hence returning None.
2025-04-17 18:01:51,229:INFO:Engine for model 'gbr_cds_dt' has not been set explicitly, hence returning None.
2025-04-17 18:01:51,229:INFO:Engine for model 'ada_cds_dt' has not been set explicitly, hence returning None.
2025-04-17 18:01:51,229:INFO:Engine for model 'xgboost_cds_dt' has not been set explicitly, hence returning None.
2025-04-17 18:01:51,229:WARNING:
'xgboost' is a soft dependency and not included in the pycaret installation. Please run: `pip install xgboost` to install.
Alternately, you can install this by running `pip install pycaret[models]`
2025-04-17 18:01:51,229:WARNING:
'xgboost' is a soft dependency and not included in the pycaret installation. Please run: `pip install xgboost` to install.
Alternately, you can install this by running `pip install pycaret[models]`
2025-04-17 18:01:51,229:INFO:Engine for model 'lightgbm_cds_dt' has not been set explicitly, hence returning None.
2025-04-17 18:01:51,229:INFO:Engine for model 'catboost_cds_dt' has not been set explicitly, hence returning None.
2025-04-17 18:01:51,229:WARNING:
'catboost' is a soft dependency and not included in the pycaret installation. Please run: `pip install catboost` to install.
Alternately, you can install this by running `pip install pycaret[models]`
2025-04-17 18:01:51,229:WARNING:
'catboost' is a soft dependency and not included in the pycaret installation. Please run: `pip install catboost` to install.
Alternately, you can install this by running `pip install pycaret[models]`
2025-04-17 18:01:51,229:INFO:Engine successfully changes for model 'omp_cds_dt' to 'sklearn'.
2025-04-17 18:01:51,231:WARNING:
'prophet' is a soft dependency and not included in the pycaret installation. Please run: `pip install prophet` to install.
2025-04-17 18:01:51,236:INFO:Engine for model 'knn_cds_dt' has not been set explicitly, hence returning None.
2025-04-17 18:01:51,236:INFO:Engine for model 'dt_cds_dt' has not been set explicitly, hence returning None.
2025-04-17 18:01:51,236:INFO:Engine for model 'rf_cds_dt' has not been set explicitly, hence returning None.
2025-04-17 18:01:51,237:INFO:Engine for model 'et_cds_dt' has not been set explicitly, hence returning None.
2025-04-17 18:01:51,238:INFO:Engine for model 'gbr_cds_dt' has not been set explicitly, hence returning None.
2025-04-17 18:01:51,238:INFO:Engine for model 'ada_cds_dt' has not been set explicitly, hence returning None.
2025-04-17 18:01:51,238:INFO:Engine for model 'xgboost_cds_dt' has not been set explicitly, hence returning None.
2025-04-17 18:01:51,238:WARNING:
'xgboost' is a soft dependency and not included in the pycaret installation. Please run: `pip install xgboost` to install.
Alternately, you can install this by running `pip install pycaret[models]`
2025-04-17 18:01:51,238:WARNING:
'xgboost' is a soft dependency and not included in the pycaret installation. Please run: `pip install xgboost` to install.
Alternately, you can install this by running `pip install pycaret[models]`
2025-04-17 18:01:51,238:INFO:Engine for model 'lightgbm_cds_dt' has not been set explicitly, hence returning None.
2025-04-17 18:01:51,239:INFO:Engine for model 'catboost_cds_dt' has not been set explicitly, hence returning None.
2025-04-17 18:01:51,239:WARNING:
'catboost' is a soft dependency and not included in the pycaret installation. Please run: `pip install catboost` to install.
Alternately, you can install this by running `pip install pycaret[models]`
2025-04-17 18:01:51,239:WARNING:
'catboost' is a soft dependency and not included in the pycaret installation. Please run: `pip install catboost` to install.
Alternately, you can install this by running `pip install pycaret[models]`
2025-04-17 18:01:51,242:WARNING:
'prophet' is a soft dependency and not included in the pycaret installation. Please run: `pip install prophet` to install.
2025-04-17 18:01:51,243:INFO:Engine for model 'knn_cds_dt' has not been set explicitly, hence returning None.
2025-04-17 18:01:51,244:INFO:Engine for model 'dt_cds_dt' has not been set explicitly, hence returning None.
2025-04-17 18:01:51,244:INFO:Engine for model 'rf_cds_dt' has not been set explicitly, hence returning None.
2025-04-17 18:01:51,244:INFO:Engine for model 'et_cds_dt' has not been set explicitly, hence returning None.
2025-04-17 18:01:51,244:INFO:Engine for model 'gbr_cds_dt' has not been set explicitly, hence returning None.
2025-04-17 18:01:51,244:INFO:Engine for model 'ada_cds_dt' has not been set explicitly, hence returning None.
2025-04-17 18:01:51,244:INFO:Engine for model 'xgboost_cds_dt' has not been set explicitly, hence returning None.
2025-04-17 18:01:51,244:WARNING:
'xgboost' is a soft dependency and not included in the pycaret installation. Please run: `pip install xgboost` to install.
Alternately, you can install this by running `pip install pycaret[models]`
2025-04-17 18:01:51,244:WARNING:
'xgboost' is a soft dependency and not included in the pycaret installation. Please run: `pip install xgboost` to install.
Alternately, you can install this by running `pip install pycaret[models]`
2025-04-17 18:01:51,244:INFO:Engine for model 'lightgbm_cds_dt' has not been set explicitly, hence returning None.
2025-04-17 18:01:51,244:INFO:Engine for model 'catboost_cds_dt' has not been set explicitly, hence returning None.
2025-04-17 18:01:51,244:WARNING:
'catboost' is a soft dependency and not included in the pycaret installation. Please run: `pip install catboost` to install.
Alternately, you can install this by running `pip install pycaret[models]`
2025-04-17 18:01:51,244:WARNING:
'catboost' is a soft dependency and not included in the pycaret installation. Please run: `pip install catboost` to install.
Alternately, you can install this by running `pip install pycaret[models]`
2025-04-17 18:01:51,245:INFO:Engine successfully changes for model 'knn_cds_dt' to 'sklearn'.
2025-04-17 18:01:51,246:WARNING:
'prophet' is a soft dependency and not included in the pycaret installation. Please run: `pip install prophet` to install.
2025-04-17 18:01:51,247:INFO:Engine for model 'dt_cds_dt' has not been set explicitly, hence returning None.
2025-04-17 18:01:51,247:INFO:Engine for model 'rf_cds_dt' has not been set explicitly, hence returning None.
2025-04-17 18:01:51,248:INFO:Engine for model 'et_cds_dt' has not been set explicitly, hence returning None.
2025-04-17 18:01:51,248:INFO:Engine for model 'gbr_cds_dt' has not been set explicitly, hence returning None.
2025-04-17 18:01:51,248:INFO:Engine for model 'ada_cds_dt' has not been set explicitly, hence returning None.
2025-04-17 18:01:51,248:INFO:Engine for model 'xgboost_cds_dt' has not been set explicitly, hence returning None.
2025-04-17 18:01:51,248:WARNING:
'xgboost' is a soft dependency and not included in the pycaret installation. Please run: `pip install xgboost` to install.
Alternately, you can install this by running `pip install pycaret[models]`
2025-04-17 18:01:51,248:WARNING:
'xgboost' is a soft dependency and not included in the pycaret installation. Please run: `pip install xgboost` to install.
Alternately, you can install this by running `pip install pycaret[models]`
2025-04-17 18:01:51,248:INFO:Engine for model 'lightgbm_cds_dt' has not been set explicitly, hence returning None.
2025-04-17 18:01:51,248:INFO:Engine for model 'catboost_cds_dt' has not been set explicitly, hence returning None.
2025-04-17 18:01:51,248:WARNING:
'catboost' is a soft dependency and not included in the pycaret installation. Please run: `pip install catboost` to install.
Alternately, you can install this by running `pip install pycaret[models]`
2025-04-17 18:01:51,248:WARNING:
'catboost' is a soft dependency and not included in the pycaret installation. Please run: `pip install catboost` to install.
Alternately, you can install this by running `pip install pycaret[models]`
2025-04-17 18:01:51,252:WARNING:
'prophet' is a soft dependency and not included in the pycaret installation. Please run: `pip install prophet` to install.
2025-04-17 18:01:51,264:INFO:Engine for model 'dt_cds_dt' has not been set explicitly, hence returning None.
2025-04-17 18:01:51,265:INFO:Engine for model 'rf_cds_dt' has not been set explicitly, hence returning None.
2025-04-17 18:01:51,265:INFO:Engine for model 'et_cds_dt' has not been set explicitly, hence returning None.
2025-04-17 18:01:51,266:INFO:Engine for model 'gbr_cds_dt' has not been set explicitly, hence returning None.
2025-04-17 18:01:51,266:INFO:Engine for model 'ada_cds_dt' has not been set explicitly, hence returning None.
2025-04-17 18:01:51,267:INFO:Engine for model 'xgboost_cds_dt' has not been set explicitly, hence returning None.
2025-04-17 18:01:51,267:WARNING:
'xgboost' is a soft dependency and not included in the pycaret installation. Please run: `pip install xgboost` to install.
Alternately, you can install this by running `pip install pycaret[models]`
2025-04-17 18:01:51,267:WARNING:
'xgboost' is a soft dependency and not included in the pycaret installation. Please run: `pip install xgboost` to install.
Alternately, you can install this by running `pip install pycaret[models]`
2025-04-17 18:01:51,267:INFO:Engine for model 'lightgbm_cds_dt' has not been set explicitly, hence returning None.
2025-04-17 18:01:51,268:INFO:Engine for model 'catboost_cds_dt' has not been set explicitly, hence returning None.
2025-04-17 18:01:51,268:WARNING:
'catboost' is a soft dependency and not included in the pycaret installation. Please run: `pip install catboost` to install.
Alternately, you can install this by running `pip install pycaret[models]`
2025-04-17 18:01:51,268:WARNING:
'catboost' is a soft dependency and not included in the pycaret installation. Please run: `pip install catboost` to install.
Alternately, you can install this by running `pip install pycaret[models]`
2025-04-17 18:01:51,268:INFO:Engine successfully changes for model 'dt_cds_dt' to 'sklearn'.
2025-04-17 18:01:51,273:WARNING:
'prophet' is a soft dependency and not included in the pycaret installation. Please run: `pip install prophet` to install.
2025-04-17 18:01:51,278:INFO:Engine for model 'rf_cds_dt' has not been set explicitly, hence returning None.
2025-04-17 18:01:51,280:INFO:Engine for model 'et_cds_dt' has not been set explicitly, hence returning None.
2025-04-17 18:01:51,281:INFO:Engine for model 'gbr_cds_dt' has not been set explicitly, hence returning None.
2025-04-17 18:01:51,282:INFO:Engine for model 'ada_cds_dt' has not been set explicitly, hence returning None.
2025-04-17 18:01:51,282:INFO:Engine for model 'xgboost_cds_dt' has not been set explicitly, hence returning None.
2025-04-17 18:01:51,282:WARNING:
'xgboost' is a soft dependency and not included in the pycaret installation. Please run: `pip install xgboost` to install.
Alternately, you can install this by running `pip install pycaret[models]`
2025-04-17 18:01:51,282:WARNING:
'xgboost' is a soft dependency and not included in the pycaret installation. Please run: `pip install xgboost` to install.
Alternately, you can install this by running `pip install pycaret[models]`
2025-04-17 18:01:51,282:INFO:Engine for model 'lightgbm_cds_dt' has not been set explicitly, hence returning None.
2025-04-17 18:01:51,283:INFO:Engine for model 'catboost_cds_dt' has not been set explicitly, hence returning None.
2025-04-17 18:01:51,283:WARNING:
'catboost' is a soft dependency and not included in the pycaret installation. Please run: `pip install catboost` to install.
Alternately, you can install this by running `pip install pycaret[models]`
2025-04-17 18:01:51,283:WARNING:
'catboost' is a soft dependency and not included in the pycaret installation. Please run: `pip install catboost` to install.
Alternately, you can install this by running `pip install pycaret[models]`
2025-04-17 18:01:51,289:WARNING:
'prophet' is a soft dependency and not included in the pycaret installation. Please run: `pip install prophet` to install.
2025-04-17 18:01:51,295:INFO:Engine for model 'rf_cds_dt' has not been set explicitly, hence returning None.
2025-04-17 18:01:51,295:INFO:Engine for model 'et_cds_dt' has not been set explicitly, hence returning None.
2025-04-17 18:01:51,295:INFO:Engine for model 'gbr_cds_dt' has not been set explicitly, hence returning None.
2025-04-17 18:01:51,295:INFO:Engine for model 'ada_cds_dt' has not been set explicitly, hence returning None.
2025-04-17 18:01:51,295:INFO:Engine for model 'xgboost_cds_dt' has not been set explicitly, hence returning None.
2025-04-17 18:01:51,295:WARNING:
'xgboost' is a soft dependency and not included in the pycaret installation. Please run: `pip install xgboost` to install.
Alternately, you can install this by running `pip install pycaret[models]`
2025-04-17 18:01:51,295:WARNING:
'xgboost' is a soft dependency and not included in the pycaret installation. Please run: `pip install xgboost` to install.
Alternately, you can install this by running `pip install pycaret[models]`
2025-04-17 18:01:51,295:INFO:Engine for model 'lightgbm_cds_dt' has not been set explicitly, hence returning None.
2025-04-17 18:01:51,296:INFO:Engine for model 'catboost_cds_dt' has not been set explicitly, hence returning None.
2025-04-17 18:01:51,296:WARNING:
'catboost' is a soft dependency and not included in the pycaret installation. Please run: `pip install catboost` to install.
Alternately, you can install this by running `pip install pycaret[models]`
2025-04-17 18:01:51,296:WARNING:
'catboost' is a soft dependency and not included in the pycaret installation. Please run: `pip install catboost` to install.
Alternately, you can install this by running `pip install pycaret[models]`
2025-04-17 18:01:51,296:INFO:Engine successfully changes for model 'rf_cds_dt' to 'sklearn'.
2025-04-17 18:01:51,297:WARNING:
'prophet' is a soft dependency and not included in the pycaret installation. Please run: `pip install prophet` to install.
2025-04-17 18:01:51,302:INFO:Engine for model 'et_cds_dt' has not been set explicitly, hence returning None.
2025-04-17 18:01:51,303:INFO:Engine for model 'gbr_cds_dt' has not been set explicitly, hence returning None.
2025-04-17 18:01:51,303:INFO:Engine for model 'ada_cds_dt' has not been set explicitly, hence returning None.
2025-04-17 18:01:51,304:INFO:Engine for model 'xgboost_cds_dt' has not been set explicitly, hence returning None.
2025-04-17 18:01:51,304:WARNING:
'xgboost' is a soft dependency and not included in the pycaret installation. Please run: `pip install xgboost` to install.
Alternately, you can install this by running `pip install pycaret[models]`
2025-04-17 18:01:51,304:WARNING:
'xgboost' is a soft dependency and not included in the pycaret installation. Please run: `pip install xgboost` to install.
Alternately, you can install this by running `pip install pycaret[models]`
2025-04-17 18:01:51,304:INFO:Engine for model 'lightgbm_cds_dt' has not been set explicitly, hence returning None.
2025-04-17 18:01:51,304:INFO:Engine for model 'catboost_cds_dt' has not been set explicitly, hence returning None.
2025-04-17 18:01:51,304:WARNING:
'catboost' is a soft dependency and not included in the pycaret installation. Please run: `pip install catboost` to install.
Alternately, you can install this by running `pip install pycaret[models]`
2025-04-17 18:01:51,304:WARNING:
'catboost' is a soft dependency and not included in the pycaret installation. Please run: `pip install catboost` to install.
Alternately, you can install this by running `pip install pycaret[models]`
2025-04-17 18:01:51,307:WARNING:
'prophet' is a soft dependency and not included in the pycaret installation. Please run: `pip install prophet` to install.
2025-04-17 18:01:51,315:INFO:Engine for model 'et_cds_dt' has not been set explicitly, hence returning None.
2025-04-17 18:01:51,315:INFO:Engine for model 'gbr_cds_dt' has not been set explicitly, hence returning None.
2025-04-17 18:01:51,315:INFO:Engine for model 'ada_cds_dt' has not been set explicitly, hence returning None.
2025-04-17 18:01:51,316:INFO:Engine for model 'xgboost_cds_dt' has not been set explicitly, hence returning None.
2025-04-17 18:01:51,316:WARNING:
'xgboost' is a soft dependency and not included in the pycaret installation. Please run: `pip install xgboost` to install.
Alternately, you can install this by running `pip install pycaret[models]`
2025-04-17 18:01:51,316:WARNING:
'xgboost' is a soft dependency and not included in the pycaret installation. Please run: `pip install xgboost` to install.
Alternately, you can install this by running `pip install pycaret[models]`
2025-04-17 18:01:51,316:INFO:Engine for model 'lightgbm_cds_dt' has not been set explicitly, hence returning None.
2025-04-17 18:01:51,316:INFO:Engine for model 'catboost_cds_dt' has not been set explicitly, hence returning None.
2025-04-17 18:01:51,316:WARNING:
'catboost' is a soft dependency and not included in the pycaret installation. Please run: `pip install catboost` to install.
Alternately, you can install this by running `pip install pycaret[models]`
2025-04-17 18:01:51,316:WARNING:
'catboost' is a soft dependency and not included in the pycaret installation. Please run: `pip install catboost` to install.
Alternately, you can install this by running `pip install pycaret[models]`
2025-04-17 18:01:51,317:INFO:Engine successfully changes for model 'et_cds_dt' to 'sklearn'.
2025-04-17 18:01:51,320:WARNING:
'prophet' is a soft dependency and not included in the pycaret installation. Please run: `pip install prophet` to install.
2025-04-17 18:01:51,326:INFO:Engine for model 'gbr_cds_dt' has not been set explicitly, hence returning None.
2025-04-17 18:01:51,326:INFO:Engine for model 'ada_cds_dt' has not been set explicitly, hence returning None.
2025-04-17 18:01:51,326:INFO:Engine for model 'xgboost_cds_dt' has not been set explicitly, hence returning None.
2025-04-17 18:01:51,326:WARNING:
'xgboost' is a soft dependency and not included in the pycaret installation. Please run: `pip install xgboost` to install.
Alternately, you can install this by running `pip install pycaret[models]`
2025-04-17 18:01:51,327:WARNING:
'xgboost' is a soft dependency and not included in the pycaret installation. Please run: `pip install xgboost` to install.
Alternately, you can install this by running `pip install pycaret[models]`
2025-04-17 18:01:51,327:INFO:Engine for model 'lightgbm_cds_dt' has not been set explicitly, hence returning None.
2025-04-17 18:01:51,327:INFO:Engine for model 'catboost_cds_dt' has not been set explicitly, hence returning None.
2025-04-17 18:01:51,327:WARNING:
'catboost' is a soft dependency and not included in the pycaret installation. Please run: `pip install catboost` to install.
Alternately, you can install this by running `pip install pycaret[models]`
2025-04-17 18:01:51,327:WARNING:
'catboost' is a soft dependency and not included in the pycaret installation. Please run: `pip install catboost` to install.
Alternately, you can install this by running `pip install pycaret[models]`
2025-04-17 18:01:51,328:WARNING:
'prophet' is a soft dependency and not included in the pycaret installation. Please run: `pip install prophet` to install.
2025-04-17 18:01:51,333:INFO:Engine for model 'gbr_cds_dt' has not been set explicitly, hence returning None.
2025-04-17 18:01:51,333:INFO:Engine for model 'ada_cds_dt' has not been set explicitly, hence returning None.
2025-04-17 18:01:51,334:INFO:Engine for model 'xgboost_cds_dt' has not been set explicitly, hence returning None.
2025-04-17 18:01:51,334:WARNING:
'xgboost' is a soft dependency and not included in the pycaret installation. Please run: `pip install xgboost` to install.
Alternately, you can install this by running `pip install pycaret[models]`
2025-04-17 18:01:51,334:WARNING:
'xgboost' is a soft dependency and not included in the pycaret installation. Please run: `pip install xgboost` to install.
Alternately, you can install this by running `pip install pycaret[models]`
2025-04-17 18:01:51,334:INFO:Engine for model 'lightgbm_cds_dt' has not been set explicitly, hence returning None.
2025-04-17 18:01:51,334:INFO:Engine for model 'catboost_cds_dt' has not been set explicitly, hence returning None.
2025-04-17 18:01:51,334:WARNING:
'catboost' is a soft dependency and not included in the pycaret installation. Please run: `pip install catboost` to install.
Alternately, you can install this by running `pip install pycaret[models]`
2025-04-17 18:01:51,334:WARNING:
'catboost' is a soft dependency and not included in the pycaret installation. Please run: `pip install catboost` to install.
Alternately, you can install this by running `pip install pycaret[models]`
2025-04-17 18:01:51,335:INFO:Engine successfully changes for model 'gbr_cds_dt' to 'sklearn'.
2025-04-17 18:01:51,339:WARNING:
'prophet' is a soft dependency and not included in the pycaret installation. Please run: `pip install prophet` to install.
2025-04-17 18:01:51,341:INFO:Engine for model 'ada_cds_dt' has not been set explicitly, hence returning None.
2025-04-17 18:01:51,341:INFO:Engine for model 'xgboost_cds_dt' has not been set explicitly, hence returning None.
2025-04-17 18:01:51,341:WARNING:
'xgboost' is a soft dependency and not included in the pycaret installation. Please run: `pip install xgboost` to install.
Alternately, you can install this by running `pip install pycaret[models]`
2025-04-17 18:01:51,341:WARNING:
'xgboost' is a soft dependency and not included in the pycaret installation. Please run: `pip install xgboost` to install.
Alternately, you can install this by running `pip install pycaret[models]`
2025-04-17 18:01:51,341:INFO:Engine for model 'lightgbm_cds_dt' has not been set explicitly, hence returning None.
2025-04-17 18:01:51,341:INFO:Engine for model 'catboost_cds_dt' has not been set explicitly, hence returning None.
2025-04-17 18:01:51,341:WARNING:
'catboost' is a soft dependency and not included in the pycaret installation. Please run: `pip install catboost` to install.
Alternately, you can install this by running `pip install pycaret[models]`
2025-04-17 18:01:51,341:WARNING:
'catboost' is a soft dependency and not included in the pycaret installation. Please run: `pip install catboost` to install.
Alternately, you can install this by running `pip install pycaret[models]`
2025-04-17 18:01:51,348:WARNING:
'prophet' is a soft dependency and not included in the pycaret installation. Please run: `pip install prophet` to install.
2025-04-17 18:01:51,355:INFO:Engine for model 'ada_cds_dt' has not been set explicitly, hence returning None.
2025-04-17 18:01:51,355:INFO:Engine for model 'xgboost_cds_dt' has not been set explicitly, hence returning None.
2025-04-17 18:01:51,355:WARNING:
'xgboost' is a soft dependency and not included in the pycaret installation. Please run: `pip install xgboost` to install.
Alternately, you can install this by running `pip install pycaret[models]`
2025-04-17 18:01:51,355:WARNING:
'xgboost' is a soft dependency and not included in the pycaret installation. Please run: `pip install xgboost` to install.
Alternately, you can install this by running `pip install pycaret[models]`
2025-04-17 18:01:51,355:INFO:Engine for model 'lightgbm_cds_dt' has not been set explicitly, hence returning None.
2025-04-17 18:01:51,355:INFO:Engine for model 'catboost_cds_dt' has not been set explicitly, hence returning None.
2025-04-17 18:01:51,355:WARNING:
'catboost' is a soft dependency and not included in the pycaret installation. Please run: `pip install catboost` to install.
Alternately, you can install this by running `pip install pycaret[models]`
2025-04-17 18:01:51,355:WARNING:
'catboost' is a soft dependency and not included in the pycaret installation. Please run: `pip install catboost` to install.
Alternately, you can install this by running `pip install pycaret[models]`
2025-04-17 18:01:51,355:INFO:Engine successfully changes for model 'ada_cds_dt' to 'sklearn'.
2025-04-17 18:01:51,356:WARNING:
'prophet' is a soft dependency and not included in the pycaret installation. Please run: `pip install prophet` to install.
2025-04-17 18:01:51,359:INFO:Engine for model 'xgboost_cds_dt' has not been set explicitly, hence returning None.
2025-04-17 18:01:51,359:WARNING:
'xgboost' is a soft dependency and not included in the pycaret installation. Please run: `pip install xgboost` to install.
Alternately, you can install this by running `pip install pycaret[models]`
2025-04-17 18:01:51,359:WARNING:
'xgboost' is a soft dependency and not included in the pycaret installation. Please run: `pip install xgboost` to install.
Alternately, you can install this by running `pip install pycaret[models]`
2025-04-17 18:01:51,359:INFO:Engine for model 'lightgbm_cds_dt' has not been set explicitly, hence returning None.
2025-04-17 18:01:51,359:INFO:Engine for model 'catboost_cds_dt' has not been set explicitly, hence returning None.
2025-04-17 18:01:51,359:WARNING:
'catboost' is a soft dependency and not included in the pycaret installation. Please run: `pip install catboost` to install.
Alternately, you can install this by running `pip install pycaret[models]`
2025-04-17 18:01:51,359:WARNING:
'catboost' is a soft dependency and not included in the pycaret installation. Please run: `pip install catboost` to install.
Alternately, you can install this by running `pip install pycaret[models]`
2025-04-17 18:01:51,360:WARNING:
'prophet' is a soft dependency and not included in the pycaret installation. Please run: `pip install prophet` to install.
2025-04-17 18:01:51,363:INFO:Engine for model 'xgboost_cds_dt' has not been set explicitly, hence returning None.
2025-04-17 18:01:51,363:WARNING:
'xgboost' is a soft dependency and not included in the pycaret installation. Please run: `pip install xgboost` to install.
Alternately, you can install this by running `pip install pycaret[models]`
2025-04-17 18:01:51,363:WARNING:
'xgboost' is a soft dependency and not included in the pycaret installation. Please run: `pip install xgboost` to install.
Alternately, you can install this by running `pip install pycaret[models]`
2025-04-17 18:01:51,363:INFO:Engine for model 'lightgbm_cds_dt' has not been set explicitly, hence returning None.
2025-04-17 18:01:51,364:INFO:Engine for model 'catboost_cds_dt' has not been set explicitly, hence returning None.
2025-04-17 18:01:51,364:WARNING:
'catboost' is a soft dependency and not included in the pycaret installation. Please run: `pip install catboost` to install.
Alternately, you can install this by running `pip install pycaret[models]`
2025-04-17 18:01:51,364:WARNING:
'catboost' is a soft dependency and not included in the pycaret installation. Please run: `pip install catboost` to install.
Alternately, you can install this by running `pip install pycaret[models]`
2025-04-17 18:01:51,364:INFO:Engine successfully changes for model 'xgboost_cds_dt' to 'sklearn'.
2025-04-17 18:01:51,366:WARNING:
'prophet' is a soft dependency and not included in the pycaret installation. Please run: `pip install prophet` to install.
2025-04-17 18:01:51,369:WARNING:
'xgboost' is a soft dependency and not included in the pycaret installation. Please run: `pip install xgboost` to install.
Alternately, you can install this by running `pip install pycaret[models]`
2025-04-17 18:01:51,369:WARNING:
'xgboost' is a soft dependency and not included in the pycaret installation. Please run: `pip install xgboost` to install.
Alternately, you can install this by running `pip install pycaret[models]`
2025-04-17 18:01:51,370:INFO:Engine for model 'lightgbm_cds_dt' has not been set explicitly, hence returning None.
2025-04-17 18:01:51,371:INFO:Engine for model 'catboost_cds_dt' has not been set explicitly, hence returning None.
2025-04-17 18:01:51,371:WARNING:
'catboost' is a soft dependency and not included in the pycaret installation. Please run: `pip install catboost` to install.
Alternately, you can install this by running `pip install pycaret[models]`
2025-04-17 18:01:51,371:WARNING:
'catboost' is a soft dependency and not included in the pycaret installation. Please run: `pip install catboost` to install.
Alternately, you can install this by running `pip install pycaret[models]`
2025-04-17 18:01:51,373:WARNING:
'prophet' is a soft dependency and not included in the pycaret installation. Please run: `pip install prophet` to install.
2025-04-17 18:01:51,376:WARNING:
'xgboost' is a soft dependency and not included in the pycaret installation. Please run: `pip install xgboost` to install.
Alternately, you can install this by running `pip install pycaret[models]`
2025-04-17 18:01:51,376:WARNING:
'xgboost' is a soft dependency and not included in the pycaret installation. Please run: `pip install xgboost` to install.
Alternately, you can install this by running `pip install pycaret[models]`
2025-04-17 18:01:51,376:INFO:Engine for model 'lightgbm_cds_dt' has not been set explicitly, hence returning None.
2025-04-17 18:01:51,376:INFO:Engine for model 'catboost_cds_dt' has not been set explicitly, hence returning None.
2025-04-17 18:01:51,376:WARNING:
'catboost' is a soft dependency and not included in the pycaret installation. Please run: `pip install catboost` to install.
Alternately, you can install this by running `pip install pycaret[models]`
2025-04-17 18:01:51,376:WARNING:
'catboost' is a soft dependency and not included in the pycaret installation. Please run: `pip install catboost` to install.
Alternately, you can install this by running `pip install pycaret[models]`
2025-04-17 18:01:51,376:INFO:Engine successfully changes for model 'lightgbm_cds_dt' to 'sklearn'.
2025-04-17 18:01:51,380:WARNING:
'prophet' is a soft dependency and not included in the pycaret installation. Please run: `pip install prophet` to install.
2025-04-17 18:01:51,386:WARNING:
'xgboost' is a soft dependency and not included in the pycaret installation. Please run: `pip install xgboost` to install.
Alternately, you can install this by running `pip install pycaret[models]`
2025-04-17 18:01:51,386:WARNING:
'xgboost' is a soft dependency and not included in the pycaret installation. Please run: `pip install xgboost` to install.
Alternately, you can install this by running `pip install pycaret[models]`
2025-04-17 18:01:51,387:INFO:Engine for model 'catboost_cds_dt' has not been set explicitly, hence returning None.
2025-04-17 18:01:51,387:WARNING:
'catboost' is a soft dependency and not included in the pycaret installation. Please run: `pip install catboost` to install.
Alternately, you can install this by running `pip install pycaret[models]`
2025-04-17 18:01:51,387:WARNING:
'catboost' is a soft dependency and not included in the pycaret installation. Please run: `pip install catboost` to install.
Alternately, you can install this by running `pip install pycaret[models]`
2025-04-17 18:01:51,389:WARNING:
'prophet' is a soft dependency and not included in the pycaret installation. Please run: `pip install prophet` to install.
2025-04-17 18:01:51,392:WARNING:
'xgboost' is a soft dependency and not included in the pycaret installation. Please run: `pip install xgboost` to install.
Alternately, you can install this by running `pip install pycaret[models]`
2025-04-17 18:01:51,392:WARNING:
'xgboost' is a soft dependency and not included in the pycaret installation. Please run: `pip install xgboost` to install.
Alternately, you can install this by running `pip install pycaret[models]`
2025-04-17 18:01:51,392:INFO:Engine for model 'catboost_cds_dt' has not been set explicitly, hence returning None.
2025-04-17 18:01:51,392:WARNING:
'catboost' is a soft dependency and not included in the pycaret installation. Please run: `pip install catboost` to install.
Alternately, you can install this by running `pip install pycaret[models]`
2025-04-17 18:01:51,392:WARNING:
'catboost' is a soft dependency and not included in the pycaret installation. Please run: `pip install catboost` to install.
Alternately, you can install this by running `pip install pycaret[models]`
2025-04-17 18:01:51,392:INFO:Engine successfully changes for model 'catboost_cds_dt' to 'sklearn'.
2025-04-17 18:01:51,395:WARNING:
'prophet' is a soft dependency and not included in the pycaret installation. Please run: `pip install prophet` to install.
2025-04-17 18:01:51,401:WARNING:
'xgboost' is a soft dependency and not included in the pycaret installation. Please run: `pip install xgboost` to install.
Alternately, you can install this by running `pip install pycaret[models]`
2025-04-17 18:01:51,402:WARNING:
'xgboost' is a soft dependency and not included in the pycaret installation. Please run: `pip install xgboost` to install.
Alternately, you can install this by running `pip install pycaret[models]`
2025-04-17 18:01:51,402:WARNING:
'catboost' is a soft dependency and not included in the pycaret installation. Please run: `pip install catboost` to install.
Alternately, you can install this by running `pip install pycaret[models]`
2025-04-17 18:01:51,402:WARNING:
'catboost' is a soft dependency and not included in the pycaret installation. Please run: `pip install catboost` to install.
Alternately, you can install this by running `pip install pycaret[models]`
2025-04-17 18:01:51,403:WARNING:
'prophet' is a soft dependency and not included in the pycaret installation. Please run: `pip install prophet` to install.
2025-04-17 18:01:51,405:WARNING:
'xgboost' is a soft dependency and not included in the pycaret installation. Please run: `pip install xgboost` to install.
Alternately, you can install this by running `pip install pycaret[models]`
2025-04-17 18:01:51,405:WARNING:
'xgboost' is a soft dependency and not included in the pycaret installation. Please run: `pip install xgboost` to install.
Alternately, you can install this by running `pip install pycaret[models]`
2025-04-17 18:01:51,406:WARNING:
'catboost' is a soft dependency and not included in the pycaret installation. Please run: `pip install catboost` to install.
Alternately, you can install this by running `pip install pycaret[models]`
2025-04-17 18:01:51,406:WARNING:
'catboost' is a soft dependency and not included in the pycaret installation. Please run: `pip install catboost` to install.
Alternately, you can install this by running `pip install pycaret[models]`
2025-04-17 18:01:51,407:WARNING:
'prophet' is a soft dependency and not included in the pycaret installation. Please run: `pip install prophet` to install.
2025-04-17 18:01:51,409:WARNING:
'xgboost' is a soft dependency and not included in the pycaret installation. Please run: `pip install xgboost` to install.
Alternately, you can install this by running `pip install pycaret[models]`
2025-04-17 18:01:51,409:WARNING:
'xgboost' is a soft dependency and not included in the pycaret installation. Please run: `pip install xgboost` to install.
Alternately, you can install this by running `pip install pycaret[models]`
2025-04-17 18:01:51,409:WARNING:
'catboost' is a soft dependency and not included in the pycaret installation. Please run: `pip install catboost` to install.
Alternately, you can install this by running `pip install pycaret[models]`
2025-04-17 18:01:51,409:WARNING:
'catboost' is a soft dependency and not included in the pycaret installation. Please run: `pip install catboost` to install.
Alternately, you can install this by running `pip install pycaret[models]`
2025-04-17 18:01:51,411:WARNING:
'prophet' is a soft dependency and not included in the pycaret installation. Please run: `pip install prophet` to install.
2025-04-17 18:01:51,413:WARNING:
'xgboost' is a soft dependency and not included in the pycaret installation. Please run: `pip install xgboost` to install.
Alternately, you can install this by running `pip install pycaret[models]`
2025-04-17 18:01:51,413:WARNING:
'xgboost' is a soft dependency and not included in the pycaret installation. Please run: `pip install xgboost` to install.
Alternately, you can install this by running `pip install pycaret[models]`
2025-04-17 18:01:51,413:WARNING:
'catboost' is a soft dependency and not included in the pycaret installation. Please run: `pip install catboost` to install.
Alternately, you can install this by running `pip install pycaret[models]`
2025-04-17 18:01:51,413:WARNING:
'catboost' is a soft dependency and not included in the pycaret installation. Please run: `pip install catboost` to install.
Alternately, you can install this by running `pip install pycaret[models]`
2025-04-17 18:01:51,414:INFO:setup() successfully completed in 0.82s...............
2025-04-17 18:01:51,416:INFO:Initializing compare_models()
2025-04-17 18:01:51,416:INFO:compare_models(self=<pycaret.time_series.forecasting.oop.TSForecastingExperiment object at 0x3180d1310>, include=['ets', 'exp_smooth'], exclude=None, fold=None, round=4, cross_validation=True, sort=RMSE, n_select=1, budget_time=None, turbo=True, errors=ignore, fit_kwargs=None, groups=None, experiment_custom_tags=None, probability_threshold=None, verbose=False, parallel=None, caller_params={'self': <pycaret.time_series.forecasting.oop.TSForecastingExperiment object at 0x3180d1310>, 'include': ['ets', 'exp_smooth'], 'exclude': None, 'fold': None, 'round': 4, 'cross_validation': True, 'sort': 'RMSE', 'n_select': 1, 'budget_time': None, 'turbo': True, 'errors': 'ignore', 'fit_kwargs': None, 'experiment_custom_tags': None, 'engine': None, 'verbose': False, 'parallel': None, '__class__': <class 'pycaret.time_series.forecasting.oop.TSForecastingExperiment'>})
2025-04-17 18:01:51,416:INFO:Checking exceptions
2025-04-17 18:01:51,417:INFO:Preparing display monitor
2025-04-17 18:01:51,420:INFO:Initializing ETS
2025-04-17 18:01:51,420:INFO:Total runtime is 2.8212865193684897e-06 minutes
2025-04-17 18:01:51,420:INFO:SubProcess create_model() called ==================================
2025-04-17 18:01:51,420:INFO:Initializing create_model()
2025-04-17 18:01:51,420:INFO:create_model(self=<pycaret.time_series.forecasting.oop.TSForecastingExperiment object at 0x3180d1310>, estimator=ets, fold=None, round=4, cross_validation=True, predict=True, fit_kwargs={}, groups=None, refit=False, probability_threshold=None, experiment_custom_tags=None, verbose=False, system=False, add_to_model_list=True, metrics=None, display=<pycaret.internal.display.display.CommonDisplay object at 0x31a4dcc50>, model_only=True, return_train_score=False, error_score=0.0, kwargs={})
2025-04-17 18:01:51,420:INFO:Checking exceptions
2025-04-17 18:01:51,421:INFO:Importing libraries
2025-04-17 18:01:51,421:INFO:Copying training dataset
2025-04-17 18:01:51,424:INFO:Defining folds
2025-04-17 18:01:51,424:INFO:Declaring metric variables
2025-04-17 18:01:51,424:INFO:Importing untrained model
2025-04-17 18:01:51,425:INFO:ETS Imported successfully
2025-04-17 18:01:51,426:INFO:Starting cross validation
2025-04-17 18:01:51,426:INFO:Cross validating with ExpandingWindowSplitter(fh=ForecastingHorizon([ 1,  2,  3,  4,  5,  6,  7,  8,  9, 10, 11, 12, 13, 14, 15, 16, 17, 18,
       19, 20, 21, 22, 23, 24, 25, 26, 27, 28, 29, 30],
      dtype='int64', is_relative=True),
                        initial_window=1968, step_length=30), n_jobs=-1
2025-04-17 18:02:00,661:WARNING:/opt/anaconda3/envs/LSTM/lib/python3.11/site-packages/sklearn/metrics/_regression.py:483: FutureWarning: 'squared' is deprecated in version 1.4 and will be removed in 1.6. To calculate the root mean squared error, use the function'root_mean_squared_error'.
  warnings.warn(

2025-04-17 18:02:00,661:WARNING:/opt/anaconda3/envs/LSTM/lib/python3.11/site-packages/sklearn/metrics/_regression.py:483: FutureWarning: 'squared' is deprecated in version 1.4 and will be removed in 1.6. To calculate the root mean squared error, use the function'root_mean_squared_error'.
  warnings.warn(

2025-04-17 18:02:01,454:WARNING:/opt/anaconda3/envs/LSTM/lib/python3.11/site-packages/sklearn/metrics/_regression.py:483: FutureWarning: 'squared' is deprecated in version 1.4 and will be removed in 1.6. To calculate the root mean squared error, use the function'root_mean_squared_error'.
  warnings.warn(

2025-04-17 18:02:01,455:WARNING:/opt/anaconda3/envs/LSTM/lib/python3.11/site-packages/sklearn/metrics/_regression.py:483: FutureWarning: 'squared' is deprecated in version 1.4 and will be removed in 1.6. To calculate the root mean squared error, use the function'root_mean_squared_error'.
  warnings.warn(

2025-04-17 18:02:01,524:WARNING:/opt/anaconda3/envs/LSTM/lib/python3.11/site-packages/sklearn/metrics/_regression.py:483: FutureWarning: 'squared' is deprecated in version 1.4 and will be removed in 1.6. To calculate the root mean squared error, use the function'root_mean_squared_error'.
  warnings.warn(

2025-04-17 18:02:01,527:WARNING:/opt/anaconda3/envs/LSTM/lib/python3.11/site-packages/sklearn/metrics/_regression.py:483: FutureWarning: 'squared' is deprecated in version 1.4 and will be removed in 1.6. To calculate the root mean squared error, use the function'root_mean_squared_error'.
  warnings.warn(

2025-04-17 18:02:01,551:INFO:Calculating mean and std
2025-04-17 18:02:01,553:INFO:Creating metrics dataframe
2025-04-17 18:02:01,571:INFO:Uploading results into container
2025-04-17 18:02:01,574:INFO:Uploading model into container now
2025-04-17 18:02:01,576:INFO:_master_model_container: 1
2025-04-17 18:02:01,577:INFO:_display_container: 2
2025-04-17 18:02:01,579:INFO:AutoETS(seasonal='mul', sp=6, trend='add')
2025-04-17 18:02:01,579:INFO:create_model() successfully completed......................................
2025-04-17 18:02:02,037:INFO:SubProcess create_model() end ==================================
2025-04-17 18:02:02,037:INFO:Creating metrics dataframe
2025-04-17 18:02:02,038:INFO:Initializing Exponential Smoothing
2025-04-17 18:02:02,038:INFO:Total runtime is 0.1769723375638326 minutes
2025-04-17 18:02:02,038:INFO:SubProcess create_model() called ==================================
2025-04-17 18:02:02,038:INFO:Initializing create_model()
2025-04-17 18:02:02,038:INFO:create_model(self=<pycaret.time_series.forecasting.oop.TSForecastingExperiment object at 0x3180d1310>, estimator=exp_smooth, fold=None, round=4, cross_validation=True, predict=True, fit_kwargs={}, groups=None, refit=False, probability_threshold=None, experiment_custom_tags=None, verbose=False, system=False, add_to_model_list=True, metrics=None, display=<pycaret.internal.display.display.CommonDisplay object at 0x31a4dcc50>, model_only=True, return_train_score=False, error_score=0.0, kwargs={})
2025-04-17 18:02:02,038:INFO:Checking exceptions
2025-04-17 18:02:02,038:INFO:Importing libraries
2025-04-17 18:02:02,038:INFO:Copying training dataset
2025-04-17 18:02:02,040:INFO:Defining folds
2025-04-17 18:02:02,040:INFO:Declaring metric variables
2025-04-17 18:02:02,040:INFO:Importing untrained model
2025-04-17 18:02:02,040:INFO:Exponential Smoothing Imported successfully
2025-04-17 18:02:02,041:INFO:Starting cross validation
2025-04-17 18:02:02,041:INFO:Cross validating with ExpandingWindowSplitter(fh=ForecastingHorizon([ 1,  2,  3,  4,  5,  6,  7,  8,  9, 10, 11, 12, 13, 14, 15, 16, 17, 18,
       19, 20, 21, 22, 23, 24, 25, 26, 27, 28, 29, 30],
      dtype='int64', is_relative=True),
                        initial_window=1968, step_length=30), n_jobs=-1
2025-04-17 18:02:05,718:WARNING:/opt/anaconda3/envs/LSTM/lib/python3.11/site-packages/sklearn/metrics/_regression.py:483: FutureWarning: 'squared' is deprecated in version 1.4 and will be removed in 1.6. To calculate the root mean squared error, use the function'root_mean_squared_error'.
  warnings.warn(

2025-04-17 18:02:05,724:WARNING:/opt/anaconda3/envs/LSTM/lib/python3.11/site-packages/sklearn/metrics/_regression.py:483: FutureWarning: 'squared' is deprecated in version 1.4 and will be removed in 1.6. To calculate the root mean squared error, use the function'root_mean_squared_error'.
  warnings.warn(

2025-04-17 18:02:05,747:WARNING:/opt/anaconda3/envs/LSTM/lib/python3.11/site-packages/sklearn/metrics/_regression.py:483: FutureWarning: 'squared' is deprecated in version 1.4 and will be removed in 1.6. To calculate the root mean squared error, use the function'root_mean_squared_error'.
  warnings.warn(

2025-04-17 18:02:05,747:WARNING:/opt/anaconda3/envs/LSTM/lib/python3.11/site-packages/sklearn/metrics/_regression.py:483: FutureWarning: 'squared' is deprecated in version 1.4 and will be removed in 1.6. To calculate the root mean squared error, use the function'root_mean_squared_error'.
  warnings.warn(

2025-04-17 18:02:05,767:WARNING:/opt/anaconda3/envs/LSTM/lib/python3.11/site-packages/sklearn/metrics/_regression.py:483: FutureWarning: 'squared' is deprecated in version 1.4 and will be removed in 1.6. To calculate the root mean squared error, use the function'root_mean_squared_error'.
  warnings.warn(

2025-04-17 18:02:05,768:WARNING:/opt/anaconda3/envs/LSTM/lib/python3.11/site-packages/sklearn/metrics/_regression.py:483: FutureWarning: 'squared' is deprecated in version 1.4 and will be removed in 1.6. To calculate the root mean squared error, use the function'root_mean_squared_error'.
  warnings.warn(

2025-04-17 18:02:05,813:INFO:Calculating mean and std
2025-04-17 18:02:05,816:INFO:Creating metrics dataframe
2025-04-17 18:02:05,830:INFO:Uploading results into container
2025-04-17 18:02:05,830:INFO:Uploading model into container now
2025-04-17 18:02:05,831:INFO:_master_model_container: 2
2025-04-17 18:02:05,831:INFO:_display_container: 2
2025-04-17 18:02:05,831:INFO:ExponentialSmoothing(seasonal='mul', sp=6, trend='add')
2025-04-17 18:02:05,831:INFO:create_model() successfully completed......................................
2025-04-17 18:02:06,233:INFO:SubProcess create_model() end ==================================
2025-04-17 18:02:06,233:INFO:Creating metrics dataframe
2025-04-17 18:02:06,235:INFO:Initializing create_model()
2025-04-17 18:02:06,235:INFO:create_model(self=<pycaret.time_series.forecasting.oop.TSForecastingExperiment object at 0x3180d1310>, estimator=AutoETS(seasonal='mul', sp=6, trend='add'), fold=None, round=4, cross_validation=False, predict=False, fit_kwargs={}, groups=None, refit=True, probability_threshold=None, experiment_custom_tags=None, verbose=False, system=False, add_to_model_list=True, metrics=None, display=None, model_only=True, return_train_score=False, error_score=0.0, kwargs={})
2025-04-17 18:02:06,235:INFO:Checking exceptions
2025-04-17 18:02:06,236:INFO:Importing libraries
2025-04-17 18:02:06,236:INFO:Copying training dataset
2025-04-17 18:02:06,239:INFO:Defining folds
2025-04-17 18:02:06,239:INFO:Declaring metric variables
2025-04-17 18:02:06,240:INFO:Importing untrained model
2025-04-17 18:02:06,240:INFO:Declaring custom model
2025-04-17 18:02:06,240:INFO:ETS Imported successfully
2025-04-17 18:02:06,241:INFO:Cross validation set to False
2025-04-17 18:02:06,241:INFO:Fitting Model
2025-04-17 18:02:06,622:INFO:AutoETS(seasonal='mul', sp=6, trend='add')
2025-04-17 18:02:06,622:INFO:create_model() successfully completed......................................
2025-04-17 18:02:06,814:INFO:_master_model_container: 2
2025-04-17 18:02:06,814:INFO:_display_container: 2
2025-04-17 18:02:06,814:INFO:AutoETS(seasonal='mul', sp=6, trend='add')
2025-04-17 18:02:06,814:INFO:compare_models() successfully completed......................................
2025-04-17 18:02:06,819:INFO:Initializing create_model()
2025-04-17 18:02:06,819:INFO:create_model(self=<pycaret.time_series.forecasting.oop.TSForecastingExperiment object at 0x3180d1310>, estimator=AutoETS(seasonal='mul', sp=6, trend='add'), fold=None, round=4, cross_validation=True, predict=True, fit_kwargs=None, groups=None, refit=True, probability_threshold=None, experiment_custom_tags=None, verbose=False, system=True, add_to_model_list=True, metrics=None, display=None, model_only=True, return_train_score=False, error_score=0.0, kwargs={})
2025-04-17 18:02:06,819:INFO:Checking exceptions
2025-04-17 18:02:06,820:INFO:Importing libraries
2025-04-17 18:02:06,824:INFO:Copying training dataset
2025-04-17 18:02:06,830:INFO:Defining folds
2025-04-17 18:02:06,830:INFO:Declaring metric variables
2025-04-17 18:02:06,831:INFO:Importing untrained model
2025-04-17 18:02:06,831:INFO:Declaring custom model
2025-04-17 18:02:06,832:INFO:ETS Imported successfully
2025-04-17 18:02:06,834:INFO:Starting cross validation
2025-04-17 18:02:06,837:INFO:Cross validating with ExpandingWindowSplitter(fh=ForecastingHorizon([ 1,  2,  3,  4,  5,  6,  7,  8,  9, 10, 11, 12, 13, 14, 15, 16, 17, 18,
       19, 20, 21, 22, 23, 24, 25, 26, 27, 28, 29, 30],
      dtype='int64', is_relative=True),
                        initial_window=1968, step_length=30), n_jobs=-1
2025-04-17 18:02:07,381:WARNING:/opt/anaconda3/envs/LSTM/lib/python3.11/site-packages/sklearn/metrics/_regression.py:483: FutureWarning: 'squared' is deprecated in version 1.4 and will be removed in 1.6. To calculate the root mean squared error, use the function'root_mean_squared_error'.
  warnings.warn(

2025-04-17 18:02:07,382:WARNING:/opt/anaconda3/envs/LSTM/lib/python3.11/site-packages/sklearn/metrics/_regression.py:483: FutureWarning: 'squared' is deprecated in version 1.4 and will be removed in 1.6. To calculate the root mean squared error, use the function'root_mean_squared_error'.
  warnings.warn(

2025-04-17 18:02:07,385:WARNING:/opt/anaconda3/envs/LSTM/lib/python3.11/site-packages/sklearn/metrics/_regression.py:483: FutureWarning: 'squared' is deprecated in version 1.4 and will be removed in 1.6. To calculate the root mean squared error, use the function'root_mean_squared_error'.
  warnings.warn(

2025-04-17 18:02:07,386:WARNING:/opt/anaconda3/envs/LSTM/lib/python3.11/site-packages/sklearn/metrics/_regression.py:483: FutureWarning: 'squared' is deprecated in version 1.4 and will be removed in 1.6. To calculate the root mean squared error, use the function'root_mean_squared_error'.
  warnings.warn(

2025-04-17 18:02:09,812:WARNING:/opt/anaconda3/envs/LSTM/lib/python3.11/site-packages/sklearn/metrics/_regression.py:483: FutureWarning: 'squared' is deprecated in version 1.4 and will be removed in 1.6. To calculate the root mean squared error, use the function'root_mean_squared_error'.
  warnings.warn(

2025-04-17 18:02:09,812:WARNING:/opt/anaconda3/envs/LSTM/lib/python3.11/site-packages/sklearn/metrics/_regression.py:483: FutureWarning: 'squared' is deprecated in version 1.4 and will be removed in 1.6. To calculate the root mean squared error, use the function'root_mean_squared_error'.
  warnings.warn(

2025-04-17 18:02:09,850:INFO:Calculating mean and std
2025-04-17 18:02:09,851:INFO:Creating metrics dataframe
2025-04-17 18:02:09,852:INFO:Finalizing model
2025-04-17 18:02:10,337:INFO:Uploading results into container
2025-04-17 18:02:10,338:INFO:Uploading model into container now
2025-04-17 18:02:10,338:INFO:_master_model_container: 3
2025-04-17 18:02:10,338:INFO:_display_container: 3
2025-04-17 18:02:10,346:INFO:AutoETS(seasonal='mul', sp=6, trend='add')
2025-04-17 18:02:10,346:INFO:create_model() successfully completed......................................
2025-04-17 18:02:10,712:INFO:Initializing get_config()
2025-04-17 18:02:10,713:INFO:get_config(self=<pycaret.time_series.forecasting.oop.TSForecastingExperiment object at 0x3180d1310>, variable=y_train)
2025-04-17 18:02:10,714:INFO:Variable: 'y_train' used to return the transformed values in PyCaret 2.x. From PyCaret 3.x, this will return the raw values. If you need the transformed values, call get_config with 'y_train_transformed' instead.
2025-04-17 18:02:10,716:INFO:Variable:  returned as Date
2017-11-09    64.269699
2017-11-10    59.260101
2017-11-11    62.303299
2017-11-12    59.005402
2017-11-13    61.396500
                ...    
2023-06-24    89.744026
2023-06-25    88.275169
2023-06-26    87.275703
2023-06-27    87.998276
2023-06-28    83.061150
Freq: D, Name: ('Close', 'LTC-USD'), Length: 2058, dtype: float64
2025-04-17 18:02:10,716:INFO:get_config() successfully completed......................................
2025-04-17 18:39:54,458:WARNING:
'prophet' is a soft dependency and not included in the pycaret installation. Please run: `pip install prophet` to install.
2025-04-17 18:40:00,007:INFO:PyCaret TSForecastingExperiment
2025-04-17 18:40:00,007:INFO:Logging name: ts-default-name
2025-04-17 18:40:00,007:INFO:ML Usecase: MLUsecase.TIME_SERIES
2025-04-17 18:40:00,007:INFO:version 3.3.2
2025-04-17 18:40:00,008:INFO:Initializing setup()
2025-04-17 18:40:00,008:INFO:self.USI: 1be7
2025-04-17 18:40:00,008:INFO:self._variable_keys: {'logging_param', 'seasonality_present', 'memory', 'y_test_transformed', 'y_train_transformed', 'data', 'html_param', '_ml_usecase', 'significant_sps', 'all_sps_to_use', 'gpu_n_jobs_param', 'enforce_exogenous', 'fold_param', 'y_train', 'X', 'USI', 'X_transformed', '_available_plots', 'log_plots_param', 'primary_sp_to_use', 'pipeline', 'y_transformed', 'X_train_transformed', 'candidate_sps', 'gpu_param', 'n_jobs_param', 'y', 'y_test', 'exp_name_log', 'seed', 'exogenous_present', 'X_test_transformed', 'model_engines', 'significant_sps_no_harmonics', 'index_type', 'X_train', 'fh', 'strictly_positive', 'approach_type', 'idx', 'X_test', 'exp_id', 'enforce_pi', 'fold_generator'}
2025-04-17 18:40:00,008:INFO:Checking environment
2025-04-17 18:40:00,008:INFO:python_version: 3.11.8
2025-04-17 18:40:00,008:INFO:python_build: ('main', 'Feb 16 2024 20:49:36')
2025-04-17 18:40:00,008:INFO:machine: arm64
2025-04-17 18:40:00,008:INFO:platform: macOS-15.3.1-arm64-arm-64bit
2025-04-17 18:40:00,008:INFO:Memory: svmem(total=17179869184, available=2925477888, percent=83.0, used=5047779328, free=78053376, active=2853945344, inactive=2768535552, wired=2193833984)
2025-04-17 18:40:00,008:INFO:Physical Core: 8
2025-04-17 18:40:00,008:INFO:Logical Core: 8
2025-04-17 18:40:00,009:INFO:Checking libraries
2025-04-17 18:40:00,009:INFO:System:
2025-04-17 18:40:00,009:INFO:    python: 3.11.8 | packaged by conda-forge | (main, Feb 16 2024, 20:49:36) [Clang 16.0.6 ]
2025-04-17 18:40:00,009:INFO:executable: /opt/anaconda3/envs/LSTM/bin/python
2025-04-17 18:40:00,009:INFO:   machine: macOS-15.3.1-arm64-arm-64bit
2025-04-17 18:40:00,009:INFO:PyCaret required dependencies:
2025-04-17 18:40:00,059:INFO:                 pip: 25.0
2025-04-17 18:40:00,059:INFO:          setuptools: 75.8.0
2025-04-17 18:40:00,060:INFO:             pycaret: 3.3.2
2025-04-17 18:40:00,060:INFO:             IPython: 8.32.0
2025-04-17 18:40:00,060:INFO:          ipywidgets: 8.1.5
2025-04-17 18:40:00,060:INFO:                tqdm: 4.67.1
2025-04-17 18:40:00,060:INFO:               numpy: 1.26.4
2025-04-17 18:40:00,060:INFO:              pandas: 2.1.4
2025-04-17 18:40:00,060:INFO:              jinja2: 3.1.5
2025-04-17 18:40:00,060:INFO:               scipy: 1.11.4
2025-04-17 18:40:00,060:INFO:              joblib: 1.3.2
2025-04-17 18:40:00,060:INFO:             sklearn: 1.4.2
2025-04-17 18:40:00,060:INFO:                pyod: 2.0.3
2025-04-17 18:40:00,060:INFO:            imblearn: 0.13.0
2025-04-17 18:40:00,060:INFO:   category_encoders: 2.7.0
2025-04-17 18:40:00,060:INFO:            lightgbm: 4.6.0
2025-04-17 18:40:00,060:INFO:               numba: 0.61.0
2025-04-17 18:40:00,060:INFO:            requests: 2.32.3
2025-04-17 18:40:00,060:INFO:          matplotlib: 3.7.5
2025-04-17 18:40:00,060:INFO:          scikitplot: 0.3.7
2025-04-17 18:40:00,060:INFO:         yellowbrick: 1.5
2025-04-17 18:40:00,060:INFO:              plotly: 5.24.1
2025-04-17 18:40:00,060:INFO:    plotly-resampler: Not installed
2025-04-17 18:40:00,060:INFO:             kaleido: 0.2.1
2025-04-17 18:40:00,061:INFO:           schemdraw: 0.15
2025-04-17 18:40:00,061:INFO:         statsmodels: 0.14.4
2025-04-17 18:40:00,061:INFO:              sktime: 0.26.0
2025-04-17 18:40:00,061:INFO:               tbats: 1.1.3
2025-04-17 18:40:00,061:INFO:            pmdarima: 2.0.4
2025-04-17 18:40:00,061:INFO:              psutil: 5.9.0
2025-04-17 18:40:00,061:INFO:          markupsafe: 3.0.2
2025-04-17 18:40:00,061:INFO:             pickle5: Not installed
2025-04-17 18:40:00,061:INFO:         cloudpickle: 3.1.1
2025-04-17 18:40:00,061:INFO:         deprecation: 2.1.0
2025-04-17 18:40:00,061:INFO:              xxhash: 3.5.0
2025-04-17 18:40:00,061:INFO:           wurlitzer: 3.1.1
2025-04-17 18:40:00,061:INFO:PyCaret optional dependencies:
2025-04-17 18:40:00,131:INFO:                shap: Not installed
2025-04-17 18:40:00,131:INFO:           interpret: Not installed
2025-04-17 18:40:00,131:INFO:                umap: Not installed
2025-04-17 18:40:00,131:INFO:     ydata_profiling: Not installed
2025-04-17 18:40:00,131:INFO:  explainerdashboard: Not installed
2025-04-17 18:40:00,131:INFO:             autoviz: Not installed
2025-04-17 18:40:00,132:INFO:           fairlearn: Not installed
2025-04-17 18:40:00,132:INFO:          deepchecks: Not installed
2025-04-17 18:40:00,132:INFO:             xgboost: Not installed
2025-04-17 18:40:00,132:INFO:            catboost: Not installed
2025-04-17 18:40:00,132:INFO:              kmodes: Not installed
2025-04-17 18:40:00,132:INFO:             mlxtend: Not installed
2025-04-17 18:40:00,132:INFO:       statsforecast: Not installed
2025-04-17 18:40:00,132:INFO:        tune_sklearn: Not installed
2025-04-17 18:40:00,132:INFO:                 ray: Not installed
2025-04-17 18:40:00,132:INFO:            hyperopt: Not installed
2025-04-17 18:40:00,132:INFO:              optuna: Not installed
2025-04-17 18:40:00,132:INFO:               skopt: Not installed
2025-04-17 18:40:00,132:INFO:              mlflow: Not installed
2025-04-17 18:40:00,132:INFO:              gradio: Not installed
2025-04-17 18:40:00,132:INFO:             fastapi: Not installed
2025-04-17 18:40:00,132:INFO:             uvicorn: Not installed
2025-04-17 18:40:00,132:INFO:              m2cgen: Not installed
2025-04-17 18:40:00,132:INFO:           evidently: Not installed
2025-04-17 18:40:00,132:INFO:               fugue: Not installed
2025-04-17 18:40:00,132:INFO:           streamlit: Not installed
2025-04-17 18:40:00,132:INFO:             prophet: Not installed
2025-04-17 18:40:00,133:INFO:None
2025-04-17 18:40:00,143:INFO:Set Forecast Horizon.
2025-04-17 18:40:00,143:INFO:Set up Train-Test Splits.
2025-04-17 18:40:00,148:INFO:Preparing preprocessing pipeline...
2025-04-17 18:40:00,149:INFO:Set up imputation for Target variable(s).
2025-04-17 18:40:00,206:INFO:Finished creating preprocessing pipeline.
2025-04-17 18:40:00,210:INFO:Pipeline: ForecastingPipeline(steps=[('forecaster',
                            TransformedTargetForecaster(steps=[('transformer_target',
                                                                TransformerPipeline(steps=[('numerical_imputer',
                                                                                            Imputer(method='ffill',
                                                                                                    random_state=123))])),
                                                               ('model',
                                                                DummyForecaster())]))])
2025-04-17 18:40:00,210:INFO:Set up Seasonal Period.
2025-04-17 18:40:00,224:INFO:Setting the seasonal component type - 'add' or 'mul'.
2025-04-17 18:40:00,224:INFO:Checking if data is strictly positive.
2025-04-17 18:40:00,334:INFO:Creating final display dataframe.
2025-04-17 18:40:00,377:INFO:Setup Display Container:                                           Description  \
0                                          session_id   
1                                              Target   
2                                            Approach   
3                                 Exogenous Variables   
4                                 Original data shape   
5                              Transformed data shape   
6                         Transformed train set shape   
7                          Transformed test set shape   
8                            Rows with missing values   
9                                      Fold Generator   
10                                        Fold Number   
11                        Enforce Prediction Interval   
12                    Splits used for hyperparameters   
13                    User Defined Seasonal Period(s)   
14                            Ignore Seasonality Test   
15                         Seasonality Detection Algo   
16                             Max Period to Consider   
17                          Seasonal Period(s) Tested   
18                     Significant Seasonal Period(s)   
19   Significant Seasonal Period(s) without Harmonics   
20                                   Remove Harmonics   
21                             Harmonics Order Method   
22                           Num Seasonalities to Use   
23                           All Seasonalities to Use   
24                                Primary Seasonality   
25                                Seasonality Present   
26                                   Seasonality Type   
27                           Target Strictly Positive   
28                                 Target White Noise   
29                                      Recommended d   
30                             Recommended Seasonal D   
31                                         Preprocess   
32                      Numerical Imputation (Target)   
33                            Transformation (Target)   
34                                   Scaling (Target)   
35  Feature Engineering (Target) - Reduced Regression   
36                                           CPU Jobs   
37                                            Use GPU   
38                                     Log Experiment   
39                                    Experiment Name   
40                                                USI   

                         Value  
0                          123  
1         ('Close', 'LTC-USD')  
2                   Univariate  
3                  Not Present  
4                    (2088, 1)  
5                    (2088, 1)  
6                    (2058, 1)  
7                      (30, 1)  
8                         0.0%  
9      ExpandingWindowSplitter  
10                           3  
11                       False  
12                         all  
13                        None  
14                       False  
15                        auto  
16                          60  
17  [6, 25, 59, 4, 58, 20, 53]  
18  [6, 25, 59, 4, 58, 20, 53]  
19     [6, 25, 59, 20, 58, 53]  
20                       False  
21                harmonic_max  
22                           1  
23                         [6]  
24                           6  
25                        True  
26                         mul  
27                        True  
28                          No  
29                           1  
30                           0  
31                        True  
32                       ffill  
33                        None  
34                        None  
35                       False  
36                          -1  
37                       False  
38                       False  
39             ts-default-name  
40                        1be7  
2025-04-17 18:40:00,377:INFO:Engine successfully changes for model 'auto_arima' to 'pmdarima'.
2025-04-17 18:40:00,390:WARNING:
'prophet' is a soft dependency and not included in the pycaret installation. Please run: `pip install prophet` to install.
2025-04-17 18:40:00,390:INFO:Engine for model 'lr_cds_dt' has not been set explicitly, hence returning None.
2025-04-17 18:40:00,391:INFO:Engine for model 'en_cds_dt' has not been set explicitly, hence returning None.
2025-04-17 18:40:00,391:INFO:Engine for model 'ridge_cds_dt' has not been set explicitly, hence returning None.
2025-04-17 18:40:00,391:INFO:Engine for model 'lasso_cds_dt' has not been set explicitly, hence returning None.
2025-04-17 18:40:00,392:INFO:Engine for model 'llar_cds_dt' has not been set explicitly, hence returning None.
2025-04-17 18:40:00,393:INFO:Engine for model 'br_cds_dt' has not been set explicitly, hence returning None.
2025-04-17 18:40:00,393:INFO:Engine for model 'huber_cds_dt' has not been set explicitly, hence returning None.
2025-04-17 18:40:00,396:INFO:Engine for model 'omp_cds_dt' has not been set explicitly, hence returning None.
2025-04-17 18:40:00,398:INFO:Engine for model 'knn_cds_dt' has not been set explicitly, hence returning None.
2025-04-17 18:40:00,398:INFO:Engine for model 'dt_cds_dt' has not been set explicitly, hence returning None.
2025-04-17 18:40:00,416:INFO:Engine for model 'rf_cds_dt' has not been set explicitly, hence returning None.
2025-04-17 18:40:00,416:INFO:Engine for model 'et_cds_dt' has not been set explicitly, hence returning None.
2025-04-17 18:40:00,416:INFO:Engine for model 'gbr_cds_dt' has not been set explicitly, hence returning None.
2025-04-17 18:40:00,417:INFO:Engine for model 'ada_cds_dt' has not been set explicitly, hence returning None.
2025-04-17 18:40:00,417:INFO:Engine for model 'xgboost_cds_dt' has not been set explicitly, hence returning None.
2025-04-17 18:40:00,417:WARNING:
'xgboost' is a soft dependency and not included in the pycaret installation. Please run: `pip install xgboost` to install.
Alternately, you can install this by running `pip install pycaret[models]`
2025-04-17 18:40:00,417:WARNING:
'xgboost' is a soft dependency and not included in the pycaret installation. Please run: `pip install xgboost` to install.
Alternately, you can install this by running `pip install pycaret[models]`
2025-04-17 18:40:00,417:INFO:Engine for model 'lightgbm_cds_dt' has not been set explicitly, hence returning None.
2025-04-17 18:40:00,417:INFO:Engine for model 'catboost_cds_dt' has not been set explicitly, hence returning None.
2025-04-17 18:40:00,417:WARNING:
'catboost' is a soft dependency and not included in the pycaret installation. Please run: `pip install catboost` to install.
Alternately, you can install this by running `pip install pycaret[models]`
2025-04-17 18:40:00,417:WARNING:
'catboost' is a soft dependency and not included in the pycaret installation. Please run: `pip install catboost` to install.
Alternately, you can install this by running `pip install pycaret[models]`
2025-04-17 18:40:00,419:WARNING:
'prophet' is a soft dependency and not included in the pycaret installation. Please run: `pip install prophet` to install.
2025-04-17 18:40:00,419:INFO:Engine for model 'lr_cds_dt' has not been set explicitly, hence returning None.
2025-04-17 18:40:00,419:INFO:Engine for model 'en_cds_dt' has not been set explicitly, hence returning None.
2025-04-17 18:40:00,419:INFO:Engine for model 'ridge_cds_dt' has not been set explicitly, hence returning None.
2025-04-17 18:40:00,419:INFO:Engine for model 'lasso_cds_dt' has not been set explicitly, hence returning None.
2025-04-17 18:40:00,419:INFO:Engine for model 'llar_cds_dt' has not been set explicitly, hence returning None.
2025-04-17 18:40:00,419:INFO:Engine for model 'br_cds_dt' has not been set explicitly, hence returning None.
2025-04-17 18:40:00,419:INFO:Engine for model 'huber_cds_dt' has not been set explicitly, hence returning None.
2025-04-17 18:40:00,435:INFO:Engine for model 'omp_cds_dt' has not been set explicitly, hence returning None.
2025-04-17 18:40:00,436:INFO:Engine for model 'knn_cds_dt' has not been set explicitly, hence returning None.
2025-04-17 18:40:00,436:INFO:Engine for model 'dt_cds_dt' has not been set explicitly, hence returning None.
2025-04-17 18:40:00,436:INFO:Engine for model 'rf_cds_dt' has not been set explicitly, hence returning None.
2025-04-17 18:40:00,436:INFO:Engine for model 'et_cds_dt' has not been set explicitly, hence returning None.
2025-04-17 18:40:00,436:INFO:Engine for model 'gbr_cds_dt' has not been set explicitly, hence returning None.
2025-04-17 18:40:00,436:INFO:Engine for model 'ada_cds_dt' has not been set explicitly, hence returning None.
2025-04-17 18:40:00,437:INFO:Engine for model 'xgboost_cds_dt' has not been set explicitly, hence returning None.
2025-04-17 18:40:00,437:WARNING:
'xgboost' is a soft dependency and not included in the pycaret installation. Please run: `pip install xgboost` to install.
Alternately, you can install this by running `pip install pycaret[models]`
2025-04-17 18:40:00,437:WARNING:
'xgboost' is a soft dependency and not included in the pycaret installation. Please run: `pip install xgboost` to install.
Alternately, you can install this by running `pip install pycaret[models]`
2025-04-17 18:40:00,437:INFO:Engine for model 'lightgbm_cds_dt' has not been set explicitly, hence returning None.
2025-04-17 18:40:00,437:INFO:Engine for model 'catboost_cds_dt' has not been set explicitly, hence returning None.
2025-04-17 18:40:00,437:WARNING:
'catboost' is a soft dependency and not included in the pycaret installation. Please run: `pip install catboost` to install.
Alternately, you can install this by running `pip install pycaret[models]`
2025-04-17 18:40:00,437:WARNING:
'catboost' is a soft dependency and not included in the pycaret installation. Please run: `pip install catboost` to install.
Alternately, you can install this by running `pip install pycaret[models]`
2025-04-17 18:40:00,437:INFO:Engine successfully changes for model 'lr_cds_dt' to 'sklearn'.
2025-04-17 18:40:00,438:WARNING:
'prophet' is a soft dependency and not included in the pycaret installation. Please run: `pip install prophet` to install.
2025-04-17 18:40:00,438:INFO:Engine for model 'en_cds_dt' has not been set explicitly, hence returning None.
2025-04-17 18:40:00,438:INFO:Engine for model 'ridge_cds_dt' has not been set explicitly, hence returning None.
2025-04-17 18:40:00,439:INFO:Engine for model 'lasso_cds_dt' has not been set explicitly, hence returning None.
2025-04-17 18:40:00,439:INFO:Engine for model 'llar_cds_dt' has not been set explicitly, hence returning None.
2025-04-17 18:40:00,439:INFO:Engine for model 'br_cds_dt' has not been set explicitly, hence returning None.
2025-04-17 18:40:00,439:INFO:Engine for model 'huber_cds_dt' has not been set explicitly, hence returning None.
2025-04-17 18:40:00,439:INFO:Engine for model 'omp_cds_dt' has not been set explicitly, hence returning None.
2025-04-17 18:40:00,440:INFO:Engine for model 'knn_cds_dt' has not been set explicitly, hence returning None.
2025-04-17 18:40:00,446:INFO:Engine for model 'dt_cds_dt' has not been set explicitly, hence returning None.
2025-04-17 18:40:00,447:INFO:Engine for model 'rf_cds_dt' has not been set explicitly, hence returning None.
2025-04-17 18:40:00,447:INFO:Engine for model 'et_cds_dt' has not been set explicitly, hence returning None.
2025-04-17 18:40:00,450:INFO:Engine for model 'gbr_cds_dt' has not been set explicitly, hence returning None.
2025-04-17 18:40:00,450:INFO:Engine for model 'ada_cds_dt' has not been set explicitly, hence returning None.
2025-04-17 18:40:00,450:INFO:Engine for model 'xgboost_cds_dt' has not been set explicitly, hence returning None.
2025-04-17 18:40:00,450:WARNING:
'xgboost' is a soft dependency and not included in the pycaret installation. Please run: `pip install xgboost` to install.
Alternately, you can install this by running `pip install pycaret[models]`
2025-04-17 18:40:00,450:WARNING:
'xgboost' is a soft dependency and not included in the pycaret installation. Please run: `pip install xgboost` to install.
Alternately, you can install this by running `pip install pycaret[models]`
2025-04-17 18:40:00,450:INFO:Engine for model 'lightgbm_cds_dt' has not been set explicitly, hence returning None.
2025-04-17 18:40:00,450:INFO:Engine for model 'catboost_cds_dt' has not been set explicitly, hence returning None.
2025-04-17 18:40:00,450:WARNING:
'catboost' is a soft dependency and not included in the pycaret installation. Please run: `pip install catboost` to install.
Alternately, you can install this by running `pip install pycaret[models]`
2025-04-17 18:40:00,450:WARNING:
'catboost' is a soft dependency and not included in the pycaret installation. Please run: `pip install catboost` to install.
Alternately, you can install this by running `pip install pycaret[models]`
2025-04-17 18:40:00,456:WARNING:
'prophet' is a soft dependency and not included in the pycaret installation. Please run: `pip install prophet` to install.
2025-04-17 18:40:00,457:INFO:Engine for model 'en_cds_dt' has not been set explicitly, hence returning None.
2025-04-17 18:40:00,457:INFO:Engine for model 'ridge_cds_dt' has not been set explicitly, hence returning None.
2025-04-17 18:40:00,457:INFO:Engine for model 'lasso_cds_dt' has not been set explicitly, hence returning None.
2025-04-17 18:40:00,458:INFO:Engine for model 'llar_cds_dt' has not been set explicitly, hence returning None.
2025-04-17 18:40:00,458:INFO:Engine for model 'br_cds_dt' has not been set explicitly, hence returning None.
2025-04-17 18:40:00,458:INFO:Engine for model 'huber_cds_dt' has not been set explicitly, hence returning None.
2025-04-17 18:40:00,460:INFO:Engine for model 'omp_cds_dt' has not been set explicitly, hence returning None.
2025-04-17 18:40:00,461:INFO:Engine for model 'knn_cds_dt' has not been set explicitly, hence returning None.
2025-04-17 18:40:00,461:INFO:Engine for model 'dt_cds_dt' has not been set explicitly, hence returning None.
2025-04-17 18:40:00,461:INFO:Engine for model 'rf_cds_dt' has not been set explicitly, hence returning None.
2025-04-17 18:40:00,461:INFO:Engine for model 'et_cds_dt' has not been set explicitly, hence returning None.
2025-04-17 18:40:00,462:INFO:Engine for model 'gbr_cds_dt' has not been set explicitly, hence returning None.
2025-04-17 18:40:00,462:INFO:Engine for model 'ada_cds_dt' has not been set explicitly, hence returning None.
2025-04-17 18:40:00,462:INFO:Engine for model 'xgboost_cds_dt' has not been set explicitly, hence returning None.
2025-04-17 18:40:00,462:WARNING:
'xgboost' is a soft dependency and not included in the pycaret installation. Please run: `pip install xgboost` to install.
Alternately, you can install this by running `pip install pycaret[models]`
2025-04-17 18:40:00,462:WARNING:
'xgboost' is a soft dependency and not included in the pycaret installation. Please run: `pip install xgboost` to install.
Alternately, you can install this by running `pip install pycaret[models]`
2025-04-17 18:40:00,462:INFO:Engine for model 'lightgbm_cds_dt' has not been set explicitly, hence returning None.
2025-04-17 18:40:00,462:INFO:Engine for model 'catboost_cds_dt' has not been set explicitly, hence returning None.
2025-04-17 18:40:00,462:WARNING:
'catboost' is a soft dependency and not included in the pycaret installation. Please run: `pip install catboost` to install.
Alternately, you can install this by running `pip install pycaret[models]`
2025-04-17 18:40:00,462:WARNING:
'catboost' is a soft dependency and not included in the pycaret installation. Please run: `pip install catboost` to install.
Alternately, you can install this by running `pip install pycaret[models]`
2025-04-17 18:40:00,462:INFO:Engine successfully changes for model 'en_cds_dt' to 'sklearn'.
2025-04-17 18:40:00,463:WARNING:
'prophet' is a soft dependency and not included in the pycaret installation. Please run: `pip install prophet` to install.
2025-04-17 18:40:00,464:INFO:Engine for model 'ridge_cds_dt' has not been set explicitly, hence returning None.
2025-04-17 18:40:00,464:INFO:Engine for model 'lasso_cds_dt' has not been set explicitly, hence returning None.
2025-04-17 18:40:00,464:INFO:Engine for model 'llar_cds_dt' has not been set explicitly, hence returning None.
2025-04-17 18:40:00,464:INFO:Engine for model 'br_cds_dt' has not been set explicitly, hence returning None.
2025-04-17 18:40:00,464:INFO:Engine for model 'huber_cds_dt' has not been set explicitly, hence returning None.
2025-04-17 18:40:00,465:INFO:Engine for model 'omp_cds_dt' has not been set explicitly, hence returning None.
2025-04-17 18:40:00,466:INFO:Engine for model 'knn_cds_dt' has not been set explicitly, hence returning None.
2025-04-17 18:40:00,467:INFO:Engine for model 'dt_cds_dt' has not been set explicitly, hence returning None.
2025-04-17 18:40:00,467:INFO:Engine for model 'rf_cds_dt' has not been set explicitly, hence returning None.
2025-04-17 18:40:00,468:INFO:Engine for model 'et_cds_dt' has not been set explicitly, hence returning None.
2025-04-17 18:40:00,468:INFO:Engine for model 'gbr_cds_dt' has not been set explicitly, hence returning None.
2025-04-17 18:40:00,468:INFO:Engine for model 'ada_cds_dt' has not been set explicitly, hence returning None.
2025-04-17 18:40:00,469:INFO:Engine for model 'xgboost_cds_dt' has not been set explicitly, hence returning None.
2025-04-17 18:40:00,469:WARNING:
'xgboost' is a soft dependency and not included in the pycaret installation. Please run: `pip install xgboost` to install.
Alternately, you can install this by running `pip install pycaret[models]`
2025-04-17 18:40:00,469:WARNING:
'xgboost' is a soft dependency and not included in the pycaret installation. Please run: `pip install xgboost` to install.
Alternately, you can install this by running `pip install pycaret[models]`
2025-04-17 18:40:00,469:INFO:Engine for model 'lightgbm_cds_dt' has not been set explicitly, hence returning None.
2025-04-17 18:40:00,469:INFO:Engine for model 'catboost_cds_dt' has not been set explicitly, hence returning None.
2025-04-17 18:40:00,469:WARNING:
'catboost' is a soft dependency and not included in the pycaret installation. Please run: `pip install catboost` to install.
Alternately, you can install this by running `pip install pycaret[models]`
2025-04-17 18:40:00,469:WARNING:
'catboost' is a soft dependency and not included in the pycaret installation. Please run: `pip install catboost` to install.
Alternately, you can install this by running `pip install pycaret[models]`
2025-04-17 18:40:00,479:WARNING:
'prophet' is a soft dependency and not included in the pycaret installation. Please run: `pip install prophet` to install.
2025-04-17 18:40:00,480:INFO:Engine for model 'ridge_cds_dt' has not been set explicitly, hence returning None.
2025-04-17 18:40:00,480:INFO:Engine for model 'lasso_cds_dt' has not been set explicitly, hence returning None.
2025-04-17 18:40:00,510:INFO:Engine for model 'llar_cds_dt' has not been set explicitly, hence returning None.
2025-04-17 18:40:00,537:INFO:Engine for model 'br_cds_dt' has not been set explicitly, hence returning None.
2025-04-17 18:40:00,537:INFO:Engine for model 'huber_cds_dt' has not been set explicitly, hence returning None.
2025-04-17 18:40:00,538:INFO:Engine for model 'omp_cds_dt' has not been set explicitly, hence returning None.
2025-04-17 18:40:00,538:INFO:Engine for model 'knn_cds_dt' has not been set explicitly, hence returning None.
2025-04-17 18:40:00,538:INFO:Engine for model 'dt_cds_dt' has not been set explicitly, hence returning None.
2025-04-17 18:40:00,539:INFO:Engine for model 'rf_cds_dt' has not been set explicitly, hence returning None.
2025-04-17 18:40:00,539:INFO:Engine for model 'et_cds_dt' has not been set explicitly, hence returning None.
2025-04-17 18:40:00,539:INFO:Engine for model 'gbr_cds_dt' has not been set explicitly, hence returning None.
2025-04-17 18:40:00,539:INFO:Engine for model 'ada_cds_dt' has not been set explicitly, hence returning None.
2025-04-17 18:40:00,539:INFO:Engine for model 'xgboost_cds_dt' has not been set explicitly, hence returning None.
2025-04-17 18:40:00,539:WARNING:
'xgboost' is a soft dependency and not included in the pycaret installation. Please run: `pip install xgboost` to install.
Alternately, you can install this by running `pip install pycaret[models]`
2025-04-17 18:40:00,540:WARNING:
'xgboost' is a soft dependency and not included in the pycaret installation. Please run: `pip install xgboost` to install.
Alternately, you can install this by running `pip install pycaret[models]`
2025-04-17 18:40:00,540:INFO:Engine for model 'lightgbm_cds_dt' has not been set explicitly, hence returning None.
2025-04-17 18:40:00,541:INFO:Engine for model 'catboost_cds_dt' has not been set explicitly, hence returning None.
2025-04-17 18:40:00,541:WARNING:
'catboost' is a soft dependency and not included in the pycaret installation. Please run: `pip install catboost` to install.
Alternately, you can install this by running `pip install pycaret[models]`
2025-04-17 18:40:00,541:WARNING:
'catboost' is a soft dependency and not included in the pycaret installation. Please run: `pip install catboost` to install.
Alternately, you can install this by running `pip install pycaret[models]`
2025-04-17 18:40:00,541:INFO:Engine successfully changes for model 'ridge_cds_dt' to 'sklearn'.
2025-04-17 18:40:00,544:WARNING:
'prophet' is a soft dependency and not included in the pycaret installation. Please run: `pip install prophet` to install.
2025-04-17 18:40:00,545:INFO:Engine for model 'lasso_cds_dt' has not been set explicitly, hence returning None.
2025-04-17 18:40:00,545:INFO:Engine for model 'llar_cds_dt' has not been set explicitly, hence returning None.
2025-04-17 18:40:00,557:INFO:Engine for model 'br_cds_dt' has not been set explicitly, hence returning None.
2025-04-17 18:40:00,558:INFO:Engine for model 'huber_cds_dt' has not been set explicitly, hence returning None.
2025-04-17 18:40:00,559:INFO:Engine for model 'omp_cds_dt' has not been set explicitly, hence returning None.
2025-04-17 18:40:00,581:INFO:Engine for model 'knn_cds_dt' has not been set explicitly, hence returning None.
2025-04-17 18:40:00,590:INFO:Engine for model 'dt_cds_dt' has not been set explicitly, hence returning None.
2025-04-17 18:40:00,590:INFO:Engine for model 'rf_cds_dt' has not been set explicitly, hence returning None.
2025-04-17 18:40:00,591:INFO:Engine for model 'et_cds_dt' has not been set explicitly, hence returning None.
2025-04-17 18:40:00,591:INFO:Engine for model 'gbr_cds_dt' has not been set explicitly, hence returning None.
2025-04-17 18:40:00,591:INFO:Engine for model 'ada_cds_dt' has not been set explicitly, hence returning None.
2025-04-17 18:40:00,591:INFO:Engine for model 'xgboost_cds_dt' has not been set explicitly, hence returning None.
2025-04-17 18:40:00,591:WARNING:
'xgboost' is a soft dependency and not included in the pycaret installation. Please run: `pip install xgboost` to install.
Alternately, you can install this by running `pip install pycaret[models]`
2025-04-17 18:40:00,591:WARNING:
'xgboost' is a soft dependency and not included in the pycaret installation. Please run: `pip install xgboost` to install.
Alternately, you can install this by running `pip install pycaret[models]`
2025-04-17 18:40:00,591:INFO:Engine for model 'lightgbm_cds_dt' has not been set explicitly, hence returning None.
2025-04-17 18:40:00,591:INFO:Engine for model 'catboost_cds_dt' has not been set explicitly, hence returning None.
2025-04-17 18:40:00,591:WARNING:
'catboost' is a soft dependency and not included in the pycaret installation. Please run: `pip install catboost` to install.
Alternately, you can install this by running `pip install pycaret[models]`
2025-04-17 18:40:00,591:WARNING:
'catboost' is a soft dependency and not included in the pycaret installation. Please run: `pip install catboost` to install.
Alternately, you can install this by running `pip install pycaret[models]`
2025-04-17 18:40:00,594:WARNING:
'prophet' is a soft dependency and not included in the pycaret installation. Please run: `pip install prophet` to install.
2025-04-17 18:40:00,594:INFO:Engine for model 'lasso_cds_dt' has not been set explicitly, hence returning None.
2025-04-17 18:40:00,594:INFO:Engine for model 'llar_cds_dt' has not been set explicitly, hence returning None.
2025-04-17 18:40:00,595:INFO:Engine for model 'br_cds_dt' has not been set explicitly, hence returning None.
2025-04-17 18:40:00,595:INFO:Engine for model 'huber_cds_dt' has not been set explicitly, hence returning None.
2025-04-17 18:40:00,596:INFO:Engine for model 'omp_cds_dt' has not been set explicitly, hence returning None.
2025-04-17 18:40:00,598:INFO:Engine for model 'knn_cds_dt' has not been set explicitly, hence returning None.
2025-04-17 18:40:00,599:INFO:Engine for model 'dt_cds_dt' has not been set explicitly, hence returning None.
2025-04-17 18:40:00,601:INFO:Engine for model 'rf_cds_dt' has not been set explicitly, hence returning None.
2025-04-17 18:40:00,604:INFO:Engine for model 'et_cds_dt' has not been set explicitly, hence returning None.
2025-04-17 18:40:00,605:INFO:Engine for model 'gbr_cds_dt' has not been set explicitly, hence returning None.
2025-04-17 18:40:00,606:INFO:Engine for model 'ada_cds_dt' has not been set explicitly, hence returning None.
2025-04-17 18:40:00,607:INFO:Engine for model 'xgboost_cds_dt' has not been set explicitly, hence returning None.
2025-04-17 18:40:00,607:WARNING:
'xgboost' is a soft dependency and not included in the pycaret installation. Please run: `pip install xgboost` to install.
Alternately, you can install this by running `pip install pycaret[models]`
2025-04-17 18:40:00,607:WARNING:
'xgboost' is a soft dependency and not included in the pycaret installation. Please run: `pip install xgboost` to install.
Alternately, you can install this by running `pip install pycaret[models]`
2025-04-17 18:40:00,608:INFO:Engine for model 'lightgbm_cds_dt' has not been set explicitly, hence returning None.
2025-04-17 18:40:00,611:INFO:Engine for model 'catboost_cds_dt' has not been set explicitly, hence returning None.
2025-04-17 18:40:00,611:WARNING:
'catboost' is a soft dependency and not included in the pycaret installation. Please run: `pip install catboost` to install.
Alternately, you can install this by running `pip install pycaret[models]`
2025-04-17 18:40:00,611:WARNING:
'catboost' is a soft dependency and not included in the pycaret installation. Please run: `pip install catboost` to install.
Alternately, you can install this by running `pip install pycaret[models]`
2025-04-17 18:40:00,611:INFO:Engine successfully changes for model 'lasso_cds_dt' to 'sklearn'.
2025-04-17 18:40:00,615:WARNING:
'prophet' is a soft dependency and not included in the pycaret installation. Please run: `pip install prophet` to install.
2025-04-17 18:40:00,619:INFO:Engine for model 'llar_cds_dt' has not been set explicitly, hence returning None.
2025-04-17 18:40:00,622:INFO:Engine for model 'br_cds_dt' has not been set explicitly, hence returning None.
2025-04-17 18:40:00,623:INFO:Engine for model 'huber_cds_dt' has not been set explicitly, hence returning None.
2025-04-17 18:40:00,623:INFO:Engine for model 'omp_cds_dt' has not been set explicitly, hence returning None.
2025-04-17 18:40:00,624:INFO:Engine for model 'knn_cds_dt' has not been set explicitly, hence returning None.
2025-04-17 18:40:00,624:INFO:Engine for model 'dt_cds_dt' has not been set explicitly, hence returning None.
2025-04-17 18:40:00,624:INFO:Engine for model 'rf_cds_dt' has not been set explicitly, hence returning None.
2025-04-17 18:40:00,624:INFO:Engine for model 'et_cds_dt' has not been set explicitly, hence returning None.
2025-04-17 18:40:00,624:INFO:Engine for model 'gbr_cds_dt' has not been set explicitly, hence returning None.
2025-04-17 18:40:00,624:INFO:Engine for model 'ada_cds_dt' has not been set explicitly, hence returning None.
2025-04-17 18:40:00,625:INFO:Engine for model 'xgboost_cds_dt' has not been set explicitly, hence returning None.
2025-04-17 18:40:00,625:WARNING:
'xgboost' is a soft dependency and not included in the pycaret installation. Please run: `pip install xgboost` to install.
Alternately, you can install this by running `pip install pycaret[models]`
2025-04-17 18:40:00,625:WARNING:
'xgboost' is a soft dependency and not included in the pycaret installation. Please run: `pip install xgboost` to install.
Alternately, you can install this by running `pip install pycaret[models]`
2025-04-17 18:40:00,625:INFO:Engine for model 'lightgbm_cds_dt' has not been set explicitly, hence returning None.
2025-04-17 18:40:00,625:INFO:Engine for model 'catboost_cds_dt' has not been set explicitly, hence returning None.
2025-04-17 18:40:00,625:WARNING:
'catboost' is a soft dependency and not included in the pycaret installation. Please run: `pip install catboost` to install.
Alternately, you can install this by running `pip install pycaret[models]`
2025-04-17 18:40:00,625:WARNING:
'catboost' is a soft dependency and not included in the pycaret installation. Please run: `pip install catboost` to install.
Alternately, you can install this by running `pip install pycaret[models]`
2025-04-17 18:40:00,627:WARNING:
'prophet' is a soft dependency and not included in the pycaret installation. Please run: `pip install prophet` to install.
2025-04-17 18:40:00,629:INFO:Engine for model 'llar_cds_dt' has not been set explicitly, hence returning None.
2025-04-17 18:40:00,630:INFO:Engine for model 'br_cds_dt' has not been set explicitly, hence returning None.
2025-04-17 18:40:00,630:INFO:Engine for model 'huber_cds_dt' has not been set explicitly, hence returning None.
2025-04-17 18:40:00,632:INFO:Engine for model 'omp_cds_dt' has not been set explicitly, hence returning None.
2025-04-17 18:40:00,634:INFO:Engine for model 'knn_cds_dt' has not been set explicitly, hence returning None.
2025-04-17 18:40:00,636:INFO:Engine for model 'dt_cds_dt' has not been set explicitly, hence returning None.
2025-04-17 18:40:00,636:INFO:Engine for model 'rf_cds_dt' has not been set explicitly, hence returning None.
2025-04-17 18:40:00,636:INFO:Engine for model 'et_cds_dt' has not been set explicitly, hence returning None.
2025-04-17 18:40:00,637:INFO:Engine for model 'gbr_cds_dt' has not been set explicitly, hence returning None.
2025-04-17 18:40:00,637:INFO:Engine for model 'ada_cds_dt' has not been set explicitly, hence returning None.
2025-04-17 18:40:00,637:INFO:Engine for model 'xgboost_cds_dt' has not been set explicitly, hence returning None.
2025-04-17 18:40:00,637:WARNING:
'xgboost' is a soft dependency and not included in the pycaret installation. Please run: `pip install xgboost` to install.
Alternately, you can install this by running `pip install pycaret[models]`
2025-04-17 18:40:00,637:WARNING:
'xgboost' is a soft dependency and not included in the pycaret installation. Please run: `pip install xgboost` to install.
Alternately, you can install this by running `pip install pycaret[models]`
2025-04-17 18:40:00,638:INFO:Engine for model 'lightgbm_cds_dt' has not been set explicitly, hence returning None.
2025-04-17 18:40:00,638:INFO:Engine for model 'catboost_cds_dt' has not been set explicitly, hence returning None.
2025-04-17 18:40:00,638:WARNING:
'catboost' is a soft dependency and not included in the pycaret installation. Please run: `pip install catboost` to install.
Alternately, you can install this by running `pip install pycaret[models]`
2025-04-17 18:40:00,638:WARNING:
'catboost' is a soft dependency and not included in the pycaret installation. Please run: `pip install catboost` to install.
Alternately, you can install this by running `pip install pycaret[models]`
2025-04-17 18:40:00,639:INFO:Engine successfully changes for model 'lar_cds_dt' to 'sklearn'.
2025-04-17 18:40:00,645:WARNING:
'prophet' is a soft dependency and not included in the pycaret installation. Please run: `pip install prophet` to install.
2025-04-17 18:40:00,646:INFO:Engine for model 'llar_cds_dt' has not been set explicitly, hence returning None.
2025-04-17 18:40:00,646:INFO:Engine for model 'br_cds_dt' has not been set explicitly, hence returning None.
2025-04-17 18:40:00,646:INFO:Engine for model 'huber_cds_dt' has not been set explicitly, hence returning None.
2025-04-17 18:40:00,649:INFO:Engine for model 'omp_cds_dt' has not been set explicitly, hence returning None.
2025-04-17 18:40:00,649:INFO:Engine for model 'knn_cds_dt' has not been set explicitly, hence returning None.
2025-04-17 18:40:00,649:INFO:Engine for model 'dt_cds_dt' has not been set explicitly, hence returning None.
2025-04-17 18:40:00,649:INFO:Engine for model 'rf_cds_dt' has not been set explicitly, hence returning None.
2025-04-17 18:40:00,650:INFO:Engine for model 'et_cds_dt' has not been set explicitly, hence returning None.
2025-04-17 18:40:00,650:INFO:Engine for model 'gbr_cds_dt' has not been set explicitly, hence returning None.
2025-04-17 18:40:00,651:INFO:Engine for model 'ada_cds_dt' has not been set explicitly, hence returning None.
2025-04-17 18:40:00,651:INFO:Engine for model 'xgboost_cds_dt' has not been set explicitly, hence returning None.
2025-04-17 18:40:00,651:WARNING:
'xgboost' is a soft dependency and not included in the pycaret installation. Please run: `pip install xgboost` to install.
Alternately, you can install this by running `pip install pycaret[models]`
2025-04-17 18:40:00,651:WARNING:
'xgboost' is a soft dependency and not included in the pycaret installation. Please run: `pip install xgboost` to install.
Alternately, you can install this by running `pip install pycaret[models]`
2025-04-17 18:40:00,651:INFO:Engine for model 'lightgbm_cds_dt' has not been set explicitly, hence returning None.
2025-04-17 18:40:00,651:INFO:Engine for model 'catboost_cds_dt' has not been set explicitly, hence returning None.
2025-04-17 18:40:00,651:WARNING:
'catboost' is a soft dependency and not included in the pycaret installation. Please run: `pip install catboost` to install.
Alternately, you can install this by running `pip install pycaret[models]`
2025-04-17 18:40:00,652:WARNING:
'catboost' is a soft dependency and not included in the pycaret installation. Please run: `pip install catboost` to install.
Alternately, you can install this by running `pip install pycaret[models]`
2025-04-17 18:40:00,664:WARNING:
'prophet' is a soft dependency and not included in the pycaret installation. Please run: `pip install prophet` to install.
2025-04-17 18:40:00,665:INFO:Engine for model 'llar_cds_dt' has not been set explicitly, hence returning None.
2025-04-17 18:40:00,665:INFO:Engine for model 'br_cds_dt' has not been set explicitly, hence returning None.
2025-04-17 18:40:00,665:INFO:Engine for model 'huber_cds_dt' has not been set explicitly, hence returning None.
2025-04-17 18:40:00,666:INFO:Engine for model 'omp_cds_dt' has not been set explicitly, hence returning None.
2025-04-17 18:40:00,666:INFO:Engine for model 'knn_cds_dt' has not been set explicitly, hence returning None.
2025-04-17 18:40:00,666:INFO:Engine for model 'dt_cds_dt' has not been set explicitly, hence returning None.
2025-04-17 18:40:00,666:INFO:Engine for model 'rf_cds_dt' has not been set explicitly, hence returning None.
2025-04-17 18:40:00,673:INFO:Engine for model 'et_cds_dt' has not been set explicitly, hence returning None.
2025-04-17 18:40:00,677:INFO:Engine for model 'gbr_cds_dt' has not been set explicitly, hence returning None.
2025-04-17 18:40:00,678:INFO:Engine for model 'ada_cds_dt' has not been set explicitly, hence returning None.
2025-04-17 18:40:00,679:INFO:Engine for model 'xgboost_cds_dt' has not been set explicitly, hence returning None.
2025-04-17 18:40:00,679:WARNING:
'xgboost' is a soft dependency and not included in the pycaret installation. Please run: `pip install xgboost` to install.
Alternately, you can install this by running `pip install pycaret[models]`
2025-04-17 18:40:00,679:WARNING:
'xgboost' is a soft dependency and not included in the pycaret installation. Please run: `pip install xgboost` to install.
Alternately, you can install this by running `pip install pycaret[models]`
2025-04-17 18:40:00,679:INFO:Engine for model 'lightgbm_cds_dt' has not been set explicitly, hence returning None.
2025-04-17 18:40:00,682:INFO:Engine for model 'catboost_cds_dt' has not been set explicitly, hence returning None.
2025-04-17 18:40:00,682:WARNING:
'catboost' is a soft dependency and not included in the pycaret installation. Please run: `pip install catboost` to install.
Alternately, you can install this by running `pip install pycaret[models]`
2025-04-17 18:40:00,682:WARNING:
'catboost' is a soft dependency and not included in the pycaret installation. Please run: `pip install catboost` to install.
Alternately, you can install this by running `pip install pycaret[models]`
2025-04-17 18:40:00,683:INFO:Engine successfully changes for model 'llar_cds_dt' to 'sklearn'.
2025-04-17 18:40:00,690:WARNING:
'prophet' is a soft dependency and not included in the pycaret installation. Please run: `pip install prophet` to install.
2025-04-17 18:40:00,692:INFO:Engine for model 'br_cds_dt' has not been set explicitly, hence returning None.
2025-04-17 18:40:00,693:INFO:Engine for model 'huber_cds_dt' has not been set explicitly, hence returning None.
2025-04-17 18:40:00,694:INFO:Engine for model 'omp_cds_dt' has not been set explicitly, hence returning None.
2025-04-17 18:40:00,696:INFO:Engine for model 'knn_cds_dt' has not been set explicitly, hence returning None.
2025-04-17 18:40:00,697:INFO:Engine for model 'dt_cds_dt' has not been set explicitly, hence returning None.
2025-04-17 18:40:00,697:INFO:Engine for model 'rf_cds_dt' has not been set explicitly, hence returning None.
2025-04-17 18:40:00,697:INFO:Engine for model 'et_cds_dt' has not been set explicitly, hence returning None.
2025-04-17 18:40:00,697:INFO:Engine for model 'gbr_cds_dt' has not been set explicitly, hence returning None.
2025-04-17 18:40:00,697:INFO:Engine for model 'ada_cds_dt' has not been set explicitly, hence returning None.
2025-04-17 18:40:00,697:INFO:Engine for model 'xgboost_cds_dt' has not been set explicitly, hence returning None.
2025-04-17 18:40:00,697:WARNING:
'xgboost' is a soft dependency and not included in the pycaret installation. Please run: `pip install xgboost` to install.
Alternately, you can install this by running `pip install pycaret[models]`
2025-04-17 18:40:00,697:WARNING:
'xgboost' is a soft dependency and not included in the pycaret installation. Please run: `pip install xgboost` to install.
Alternately, you can install this by running `pip install pycaret[models]`
2025-04-17 18:40:00,697:INFO:Engine for model 'lightgbm_cds_dt' has not been set explicitly, hence returning None.
2025-04-17 18:40:00,697:INFO:Engine for model 'catboost_cds_dt' has not been set explicitly, hence returning None.
2025-04-17 18:40:00,697:WARNING:
'catboost' is a soft dependency and not included in the pycaret installation. Please run: `pip install catboost` to install.
Alternately, you can install this by running `pip install pycaret[models]`
2025-04-17 18:40:00,697:WARNING:
'catboost' is a soft dependency and not included in the pycaret installation. Please run: `pip install catboost` to install.
Alternately, you can install this by running `pip install pycaret[models]`
2025-04-17 18:40:00,708:WARNING:
'prophet' is a soft dependency and not included in the pycaret installation. Please run: `pip install prophet` to install.
2025-04-17 18:40:00,710:INFO:Engine for model 'br_cds_dt' has not been set explicitly, hence returning None.
2025-04-17 18:40:00,711:INFO:Engine for model 'huber_cds_dt' has not been set explicitly, hence returning None.
2025-04-17 18:40:00,715:INFO:Engine for model 'omp_cds_dt' has not been set explicitly, hence returning None.
2025-04-17 18:40:00,717:INFO:Engine for model 'knn_cds_dt' has not been set explicitly, hence returning None.
2025-04-17 18:40:00,717:INFO:Engine for model 'dt_cds_dt' has not been set explicitly, hence returning None.
2025-04-17 18:40:00,718:INFO:Engine for model 'rf_cds_dt' has not been set explicitly, hence returning None.
2025-04-17 18:40:00,718:INFO:Engine for model 'et_cds_dt' has not been set explicitly, hence returning None.
2025-04-17 18:40:00,719:INFO:Engine for model 'gbr_cds_dt' has not been set explicitly, hence returning None.
2025-04-17 18:40:00,719:INFO:Engine for model 'ada_cds_dt' has not been set explicitly, hence returning None.
2025-04-17 18:40:00,719:INFO:Engine for model 'xgboost_cds_dt' has not been set explicitly, hence returning None.
2025-04-17 18:40:00,719:WARNING:
'xgboost' is a soft dependency and not included in the pycaret installation. Please run: `pip install xgboost` to install.
Alternately, you can install this by running `pip install pycaret[models]`
2025-04-17 18:40:00,719:WARNING:
'xgboost' is a soft dependency and not included in the pycaret installation. Please run: `pip install xgboost` to install.
Alternately, you can install this by running `pip install pycaret[models]`
2025-04-17 18:40:00,719:INFO:Engine for model 'lightgbm_cds_dt' has not been set explicitly, hence returning None.
2025-04-17 18:40:00,719:INFO:Engine for model 'catboost_cds_dt' has not been set explicitly, hence returning None.
2025-04-17 18:40:00,719:WARNING:
'catboost' is a soft dependency and not included in the pycaret installation. Please run: `pip install catboost` to install.
Alternately, you can install this by running `pip install pycaret[models]`
2025-04-17 18:40:00,719:WARNING:
'catboost' is a soft dependency and not included in the pycaret installation. Please run: `pip install catboost` to install.
Alternately, you can install this by running `pip install pycaret[models]`
2025-04-17 18:40:00,719:INFO:Engine successfully changes for model 'br_cds_dt' to 'sklearn'.
2025-04-17 18:40:00,720:WARNING:
'prophet' is a soft dependency and not included in the pycaret installation. Please run: `pip install prophet` to install.
2025-04-17 18:40:00,721:INFO:Engine for model 'huber_cds_dt' has not been set explicitly, hence returning None.
2025-04-17 18:40:00,722:INFO:Engine for model 'omp_cds_dt' has not been set explicitly, hence returning None.
2025-04-17 18:40:00,730:INFO:Engine for model 'knn_cds_dt' has not been set explicitly, hence returning None.
2025-04-17 18:40:00,733:INFO:Engine for model 'dt_cds_dt' has not been set explicitly, hence returning None.
2025-04-17 18:40:00,734:INFO:Engine for model 'rf_cds_dt' has not been set explicitly, hence returning None.
2025-04-17 18:40:00,736:INFO:Engine for model 'et_cds_dt' has not been set explicitly, hence returning None.
2025-04-17 18:40:00,738:INFO:Engine for model 'gbr_cds_dt' has not been set explicitly, hence returning None.
2025-04-17 18:40:00,738:INFO:Engine for model 'ada_cds_dt' has not been set explicitly, hence returning None.
2025-04-17 18:40:00,739:INFO:Engine for model 'xgboost_cds_dt' has not been set explicitly, hence returning None.
2025-04-17 18:40:00,739:WARNING:
'xgboost' is a soft dependency and not included in the pycaret installation. Please run: `pip install xgboost` to install.
Alternately, you can install this by running `pip install pycaret[models]`
2025-04-17 18:40:00,739:WARNING:
'xgboost' is a soft dependency and not included in the pycaret installation. Please run: `pip install xgboost` to install.
Alternately, you can install this by running `pip install pycaret[models]`
2025-04-17 18:40:00,739:INFO:Engine for model 'lightgbm_cds_dt' has not been set explicitly, hence returning None.
2025-04-17 18:40:00,740:INFO:Engine for model 'catboost_cds_dt' has not been set explicitly, hence returning None.
2025-04-17 18:40:00,740:WARNING:
'catboost' is a soft dependency and not included in the pycaret installation. Please run: `pip install catboost` to install.
Alternately, you can install this by running `pip install pycaret[models]`
2025-04-17 18:40:00,740:WARNING:
'catboost' is a soft dependency and not included in the pycaret installation. Please run: `pip install catboost` to install.
Alternately, you can install this by running `pip install pycaret[models]`
2025-04-17 18:40:00,743:WARNING:
'prophet' is a soft dependency and not included in the pycaret installation. Please run: `pip install prophet` to install.
2025-04-17 18:40:00,748:INFO:Engine for model 'huber_cds_dt' has not been set explicitly, hence returning None.
2025-04-17 18:40:00,749:INFO:Engine for model 'omp_cds_dt' has not been set explicitly, hence returning None.
2025-04-17 18:40:00,749:INFO:Engine for model 'knn_cds_dt' has not been set explicitly, hence returning None.
2025-04-17 18:40:00,749:INFO:Engine for model 'dt_cds_dt' has not been set explicitly, hence returning None.
2025-04-17 18:40:00,749:INFO:Engine for model 'rf_cds_dt' has not been set explicitly, hence returning None.
2025-04-17 18:40:00,750:INFO:Engine for model 'et_cds_dt' has not been set explicitly, hence returning None.
2025-04-17 18:40:00,750:INFO:Engine for model 'gbr_cds_dt' has not been set explicitly, hence returning None.
2025-04-17 18:40:00,750:INFO:Engine for model 'ada_cds_dt' has not been set explicitly, hence returning None.
2025-04-17 18:40:00,750:INFO:Engine for model 'xgboost_cds_dt' has not been set explicitly, hence returning None.
2025-04-17 18:40:00,750:WARNING:
'xgboost' is a soft dependency and not included in the pycaret installation. Please run: `pip install xgboost` to install.
Alternately, you can install this by running `pip install pycaret[models]`
2025-04-17 18:40:00,750:WARNING:
'xgboost' is a soft dependency and not included in the pycaret installation. Please run: `pip install xgboost` to install.
Alternately, you can install this by running `pip install pycaret[models]`
2025-04-17 18:40:00,750:INFO:Engine for model 'lightgbm_cds_dt' has not been set explicitly, hence returning None.
2025-04-17 18:40:00,750:INFO:Engine for model 'catboost_cds_dt' has not been set explicitly, hence returning None.
2025-04-17 18:40:00,750:WARNING:
'catboost' is a soft dependency and not included in the pycaret installation. Please run: `pip install catboost` to install.
Alternately, you can install this by running `pip install pycaret[models]`
2025-04-17 18:40:00,750:WARNING:
'catboost' is a soft dependency and not included in the pycaret installation. Please run: `pip install catboost` to install.
Alternately, you can install this by running `pip install pycaret[models]`
2025-04-17 18:40:00,750:INFO:Engine successfully changes for model 'huber_cds_dt' to 'sklearn'.
2025-04-17 18:40:00,751:WARNING:
'prophet' is a soft dependency and not included in the pycaret installation. Please run: `pip install prophet` to install.
2025-04-17 18:40:00,760:INFO:Engine for model 'omp_cds_dt' has not been set explicitly, hence returning None.
2025-04-17 18:40:00,761:INFO:Engine for model 'knn_cds_dt' has not been set explicitly, hence returning None.
2025-04-17 18:40:00,762:INFO:Engine for model 'dt_cds_dt' has not been set explicitly, hence returning None.
2025-04-17 18:40:00,762:INFO:Engine for model 'rf_cds_dt' has not been set explicitly, hence returning None.
2025-04-17 18:40:00,763:INFO:Engine for model 'et_cds_dt' has not been set explicitly, hence returning None.
2025-04-17 18:40:00,763:INFO:Engine for model 'gbr_cds_dt' has not been set explicitly, hence returning None.
2025-04-17 18:40:00,763:INFO:Engine for model 'ada_cds_dt' has not been set explicitly, hence returning None.
2025-04-17 18:40:00,763:INFO:Engine for model 'xgboost_cds_dt' has not been set explicitly, hence returning None.
2025-04-17 18:40:00,763:WARNING:
'xgboost' is a soft dependency and not included in the pycaret installation. Please run: `pip install xgboost` to install.
Alternately, you can install this by running `pip install pycaret[models]`
2025-04-17 18:40:00,763:WARNING:
'xgboost' is a soft dependency and not included in the pycaret installation. Please run: `pip install xgboost` to install.
Alternately, you can install this by running `pip install pycaret[models]`
2025-04-17 18:40:00,763:INFO:Engine for model 'lightgbm_cds_dt' has not been set explicitly, hence returning None.
2025-04-17 18:40:00,763:INFO:Engine for model 'catboost_cds_dt' has not been set explicitly, hence returning None.
2025-04-17 18:40:00,763:WARNING:
'catboost' is a soft dependency and not included in the pycaret installation. Please run: `pip install catboost` to install.
Alternately, you can install this by running `pip install pycaret[models]`
2025-04-17 18:40:00,763:WARNING:
'catboost' is a soft dependency and not included in the pycaret installation. Please run: `pip install catboost` to install.
Alternately, you can install this by running `pip install pycaret[models]`
2025-04-17 18:40:00,765:WARNING:
'prophet' is a soft dependency and not included in the pycaret installation. Please run: `pip install prophet` to install.
2025-04-17 18:40:00,766:INFO:Engine for model 'omp_cds_dt' has not been set explicitly, hence returning None.
2025-04-17 18:40:00,766:INFO:Engine for model 'knn_cds_dt' has not been set explicitly, hence returning None.
2025-04-17 18:40:00,766:INFO:Engine for model 'dt_cds_dt' has not been set explicitly, hence returning None.
2025-04-17 18:40:00,767:INFO:Engine for model 'rf_cds_dt' has not been set explicitly, hence returning None.
2025-04-17 18:40:00,767:INFO:Engine for model 'et_cds_dt' has not been set explicitly, hence returning None.
2025-04-17 18:40:00,767:INFO:Engine for model 'gbr_cds_dt' has not been set explicitly, hence returning None.
2025-04-17 18:40:00,767:INFO:Engine for model 'ada_cds_dt' has not been set explicitly, hence returning None.
2025-04-17 18:40:00,767:INFO:Engine for model 'xgboost_cds_dt' has not been set explicitly, hence returning None.
2025-04-17 18:40:00,767:WARNING:
'xgboost' is a soft dependency and not included in the pycaret installation. Please run: `pip install xgboost` to install.
Alternately, you can install this by running `pip install pycaret[models]`
2025-04-17 18:40:00,767:WARNING:
'xgboost' is a soft dependency and not included in the pycaret installation. Please run: `pip install xgboost` to install.
Alternately, you can install this by running `pip install pycaret[models]`
2025-04-17 18:40:00,767:INFO:Engine for model 'lightgbm_cds_dt' has not been set explicitly, hence returning None.
2025-04-17 18:40:00,767:INFO:Engine for model 'catboost_cds_dt' has not been set explicitly, hence returning None.
2025-04-17 18:40:00,767:WARNING:
'catboost' is a soft dependency and not included in the pycaret installation. Please run: `pip install catboost` to install.
Alternately, you can install this by running `pip install pycaret[models]`
2025-04-17 18:40:00,767:WARNING:
'catboost' is a soft dependency and not included in the pycaret installation. Please run: `pip install catboost` to install.
Alternately, you can install this by running `pip install pycaret[models]`
2025-04-17 18:40:00,767:INFO:Engine successfully changes for model 'par_cds_dt' to 'sklearn'.
2025-04-17 18:40:00,768:WARNING:
'prophet' is a soft dependency and not included in the pycaret installation. Please run: `pip install prophet` to install.
2025-04-17 18:40:00,769:INFO:Engine for model 'omp_cds_dt' has not been set explicitly, hence returning None.
2025-04-17 18:40:00,770:INFO:Engine for model 'knn_cds_dt' has not been set explicitly, hence returning None.
2025-04-17 18:40:00,770:INFO:Engine for model 'dt_cds_dt' has not been set explicitly, hence returning None.
2025-04-17 18:40:00,770:INFO:Engine for model 'rf_cds_dt' has not been set explicitly, hence returning None.
2025-04-17 18:40:00,770:INFO:Engine for model 'et_cds_dt' has not been set explicitly, hence returning None.
2025-04-17 18:40:00,770:INFO:Engine for model 'gbr_cds_dt' has not been set explicitly, hence returning None.
2025-04-17 18:40:00,770:INFO:Engine for model 'ada_cds_dt' has not been set explicitly, hence returning None.
2025-04-17 18:40:00,771:INFO:Engine for model 'xgboost_cds_dt' has not been set explicitly, hence returning None.
2025-04-17 18:40:00,771:WARNING:
'xgboost' is a soft dependency and not included in the pycaret installation. Please run: `pip install xgboost` to install.
Alternately, you can install this by running `pip install pycaret[models]`
2025-04-17 18:40:00,771:WARNING:
'xgboost' is a soft dependency and not included in the pycaret installation. Please run: `pip install xgboost` to install.
Alternately, you can install this by running `pip install pycaret[models]`
2025-04-17 18:40:00,771:INFO:Engine for model 'lightgbm_cds_dt' has not been set explicitly, hence returning None.
2025-04-17 18:40:00,771:INFO:Engine for model 'catboost_cds_dt' has not been set explicitly, hence returning None.
2025-04-17 18:40:00,771:WARNING:
'catboost' is a soft dependency and not included in the pycaret installation. Please run: `pip install catboost` to install.
Alternately, you can install this by running `pip install pycaret[models]`
2025-04-17 18:40:00,771:WARNING:
'catboost' is a soft dependency and not included in the pycaret installation. Please run: `pip install catboost` to install.
Alternately, you can install this by running `pip install pycaret[models]`
2025-04-17 18:40:00,772:WARNING:
'prophet' is a soft dependency and not included in the pycaret installation. Please run: `pip install prophet` to install.
2025-04-17 18:40:00,774:INFO:Engine for model 'omp_cds_dt' has not been set explicitly, hence returning None.
2025-04-17 18:40:00,775:INFO:Engine for model 'knn_cds_dt' has not been set explicitly, hence returning None.
2025-04-17 18:40:00,776:INFO:Engine for model 'dt_cds_dt' has not been set explicitly, hence returning None.
2025-04-17 18:40:00,776:INFO:Engine for model 'rf_cds_dt' has not been set explicitly, hence returning None.
2025-04-17 18:40:00,776:INFO:Engine for model 'et_cds_dt' has not been set explicitly, hence returning None.
2025-04-17 18:40:00,777:INFO:Engine for model 'gbr_cds_dt' has not been set explicitly, hence returning None.
2025-04-17 18:40:00,777:INFO:Engine for model 'ada_cds_dt' has not been set explicitly, hence returning None.
2025-04-17 18:40:00,777:INFO:Engine for model 'xgboost_cds_dt' has not been set explicitly, hence returning None.
2025-04-17 18:40:00,777:WARNING:
'xgboost' is a soft dependency and not included in the pycaret installation. Please run: `pip install xgboost` to install.
Alternately, you can install this by running `pip install pycaret[models]`
2025-04-17 18:40:00,777:WARNING:
'xgboost' is a soft dependency and not included in the pycaret installation. Please run: `pip install xgboost` to install.
Alternately, you can install this by running `pip install pycaret[models]`
2025-04-17 18:40:00,778:INFO:Engine for model 'lightgbm_cds_dt' has not been set explicitly, hence returning None.
2025-04-17 18:40:00,778:INFO:Engine for model 'catboost_cds_dt' has not been set explicitly, hence returning None.
2025-04-17 18:40:00,778:WARNING:
'catboost' is a soft dependency and not included in the pycaret installation. Please run: `pip install catboost` to install.
Alternately, you can install this by running `pip install pycaret[models]`
2025-04-17 18:40:00,778:WARNING:
'catboost' is a soft dependency and not included in the pycaret installation. Please run: `pip install catboost` to install.
Alternately, you can install this by running `pip install pycaret[models]`
2025-04-17 18:40:00,778:INFO:Engine successfully changes for model 'omp_cds_dt' to 'sklearn'.
2025-04-17 18:40:00,782:WARNING:
'prophet' is a soft dependency and not included in the pycaret installation. Please run: `pip install prophet` to install.
2025-04-17 18:40:00,785:INFO:Engine for model 'knn_cds_dt' has not been set explicitly, hence returning None.
2025-04-17 18:40:00,785:INFO:Engine for model 'dt_cds_dt' has not been set explicitly, hence returning None.
2025-04-17 18:40:00,785:INFO:Engine for model 'rf_cds_dt' has not been set explicitly, hence returning None.
2025-04-17 18:40:00,785:INFO:Engine for model 'et_cds_dt' has not been set explicitly, hence returning None.
2025-04-17 18:40:00,786:INFO:Engine for model 'gbr_cds_dt' has not been set explicitly, hence returning None.
2025-04-17 18:40:00,786:INFO:Engine for model 'ada_cds_dt' has not been set explicitly, hence returning None.
2025-04-17 18:40:00,786:INFO:Engine for model 'xgboost_cds_dt' has not been set explicitly, hence returning None.
2025-04-17 18:40:00,786:WARNING:
'xgboost' is a soft dependency and not included in the pycaret installation. Please run: `pip install xgboost` to install.
Alternately, you can install this by running `pip install pycaret[models]`
2025-04-17 18:40:00,786:WARNING:
'xgboost' is a soft dependency and not included in the pycaret installation. Please run: `pip install xgboost` to install.
Alternately, you can install this by running `pip install pycaret[models]`
2025-04-17 18:40:00,786:INFO:Engine for model 'lightgbm_cds_dt' has not been set explicitly, hence returning None.
2025-04-17 18:40:00,786:INFO:Engine for model 'catboost_cds_dt' has not been set explicitly, hence returning None.
2025-04-17 18:40:00,786:WARNING:
'catboost' is a soft dependency and not included in the pycaret installation. Please run: `pip install catboost` to install.
Alternately, you can install this by running `pip install pycaret[models]`
2025-04-17 18:40:00,786:WARNING:
'catboost' is a soft dependency and not included in the pycaret installation. Please run: `pip install catboost` to install.
Alternately, you can install this by running `pip install pycaret[models]`
2025-04-17 18:40:00,787:WARNING:
'prophet' is a soft dependency and not included in the pycaret installation. Please run: `pip install prophet` to install.
2025-04-17 18:40:00,789:INFO:Engine for model 'knn_cds_dt' has not been set explicitly, hence returning None.
2025-04-17 18:40:00,789:INFO:Engine for model 'dt_cds_dt' has not been set explicitly, hence returning None.
2025-04-17 18:40:00,789:INFO:Engine for model 'rf_cds_dt' has not been set explicitly, hence returning None.
2025-04-17 18:40:00,789:INFO:Engine for model 'et_cds_dt' has not been set explicitly, hence returning None.
2025-04-17 18:40:00,789:INFO:Engine for model 'gbr_cds_dt' has not been set explicitly, hence returning None.
2025-04-17 18:40:00,790:INFO:Engine for model 'ada_cds_dt' has not been set explicitly, hence returning None.
2025-04-17 18:40:00,790:INFO:Engine for model 'xgboost_cds_dt' has not been set explicitly, hence returning None.
2025-04-17 18:40:00,790:WARNING:
'xgboost' is a soft dependency and not included in the pycaret installation. Please run: `pip install xgboost` to install.
Alternately, you can install this by running `pip install pycaret[models]`
2025-04-17 18:40:00,790:WARNING:
'xgboost' is a soft dependency and not included in the pycaret installation. Please run: `pip install xgboost` to install.
Alternately, you can install this by running `pip install pycaret[models]`
2025-04-17 18:40:00,790:INFO:Engine for model 'lightgbm_cds_dt' has not been set explicitly, hence returning None.
2025-04-17 18:40:00,790:INFO:Engine for model 'catboost_cds_dt' has not been set explicitly, hence returning None.
2025-04-17 18:40:00,790:WARNING:
'catboost' is a soft dependency and not included in the pycaret installation. Please run: `pip install catboost` to install.
Alternately, you can install this by running `pip install pycaret[models]`
2025-04-17 18:40:00,790:WARNING:
'catboost' is a soft dependency and not included in the pycaret installation. Please run: `pip install catboost` to install.
Alternately, you can install this by running `pip install pycaret[models]`
2025-04-17 18:40:00,790:INFO:Engine successfully changes for model 'knn_cds_dt' to 'sklearn'.
2025-04-17 18:40:00,794:WARNING:
'prophet' is a soft dependency and not included in the pycaret installation. Please run: `pip install prophet` to install.
2025-04-17 18:40:00,797:INFO:Engine for model 'dt_cds_dt' has not been set explicitly, hence returning None.
2025-04-17 18:40:00,797:INFO:Engine for model 'rf_cds_dt' has not been set explicitly, hence returning None.
2025-04-17 18:40:00,797:INFO:Engine for model 'et_cds_dt' has not been set explicitly, hence returning None.
2025-04-17 18:40:00,797:INFO:Engine for model 'gbr_cds_dt' has not been set explicitly, hence returning None.
2025-04-17 18:40:00,797:INFO:Engine for model 'ada_cds_dt' has not been set explicitly, hence returning None.
2025-04-17 18:40:00,798:INFO:Engine for model 'xgboost_cds_dt' has not been set explicitly, hence returning None.
2025-04-17 18:40:00,798:WARNING:
'xgboost' is a soft dependency and not included in the pycaret installation. Please run: `pip install xgboost` to install.
Alternately, you can install this by running `pip install pycaret[models]`
2025-04-17 18:40:00,798:WARNING:
'xgboost' is a soft dependency and not included in the pycaret installation. Please run: `pip install xgboost` to install.
Alternately, you can install this by running `pip install pycaret[models]`
2025-04-17 18:40:00,798:INFO:Engine for model 'lightgbm_cds_dt' has not been set explicitly, hence returning None.
2025-04-17 18:40:00,798:INFO:Engine for model 'catboost_cds_dt' has not been set explicitly, hence returning None.
2025-04-17 18:40:00,798:WARNING:
'catboost' is a soft dependency and not included in the pycaret installation. Please run: `pip install catboost` to install.
Alternately, you can install this by running `pip install pycaret[models]`
2025-04-17 18:40:00,798:WARNING:
'catboost' is a soft dependency and not included in the pycaret installation. Please run: `pip install catboost` to install.
Alternately, you can install this by running `pip install pycaret[models]`
2025-04-17 18:40:00,799:WARNING:
'prophet' is a soft dependency and not included in the pycaret installation. Please run: `pip install prophet` to install.
2025-04-17 18:40:00,801:INFO:Engine for model 'dt_cds_dt' has not been set explicitly, hence returning None.
2025-04-17 18:40:00,801:INFO:Engine for model 'rf_cds_dt' has not been set explicitly, hence returning None.
2025-04-17 18:40:00,801:INFO:Engine for model 'et_cds_dt' has not been set explicitly, hence returning None.
2025-04-17 18:40:00,801:INFO:Engine for model 'gbr_cds_dt' has not been set explicitly, hence returning None.
2025-04-17 18:40:00,801:INFO:Engine for model 'ada_cds_dt' has not been set explicitly, hence returning None.
2025-04-17 18:40:00,801:INFO:Engine for model 'xgboost_cds_dt' has not been set explicitly, hence returning None.
2025-04-17 18:40:00,802:WARNING:
'xgboost' is a soft dependency and not included in the pycaret installation. Please run: `pip install xgboost` to install.
Alternately, you can install this by running `pip install pycaret[models]`
2025-04-17 18:40:00,802:WARNING:
'xgboost' is a soft dependency and not included in the pycaret installation. Please run: `pip install xgboost` to install.
Alternately, you can install this by running `pip install pycaret[models]`
2025-04-17 18:40:00,802:INFO:Engine for model 'lightgbm_cds_dt' has not been set explicitly, hence returning None.
2025-04-17 18:40:00,802:INFO:Engine for model 'catboost_cds_dt' has not been set explicitly, hence returning None.
2025-04-17 18:40:00,802:WARNING:
'catboost' is a soft dependency and not included in the pycaret installation. Please run: `pip install catboost` to install.
Alternately, you can install this by running `pip install pycaret[models]`
2025-04-17 18:40:00,802:WARNING:
'catboost' is a soft dependency and not included in the pycaret installation. Please run: `pip install catboost` to install.
Alternately, you can install this by running `pip install pycaret[models]`
2025-04-17 18:40:00,802:INFO:Engine successfully changes for model 'dt_cds_dt' to 'sklearn'.
2025-04-17 18:40:00,803:WARNING:
'prophet' is a soft dependency and not included in the pycaret installation. Please run: `pip install prophet` to install.
2025-04-17 18:40:00,804:INFO:Engine for model 'rf_cds_dt' has not been set explicitly, hence returning None.
2025-04-17 18:40:00,805:INFO:Engine for model 'et_cds_dt' has not been set explicitly, hence returning None.
2025-04-17 18:40:00,805:INFO:Engine for model 'gbr_cds_dt' has not been set explicitly, hence returning None.
2025-04-17 18:40:00,805:INFO:Engine for model 'ada_cds_dt' has not been set explicitly, hence returning None.
2025-04-17 18:40:00,805:INFO:Engine for model 'xgboost_cds_dt' has not been set explicitly, hence returning None.
2025-04-17 18:40:00,805:WARNING:
'xgboost' is a soft dependency and not included in the pycaret installation. Please run: `pip install xgboost` to install.
Alternately, you can install this by running `pip install pycaret[models]`
2025-04-17 18:40:00,805:WARNING:
'xgboost' is a soft dependency and not included in the pycaret installation. Please run: `pip install xgboost` to install.
Alternately, you can install this by running `pip install pycaret[models]`
2025-04-17 18:40:00,805:INFO:Engine for model 'lightgbm_cds_dt' has not been set explicitly, hence returning None.
2025-04-17 18:40:00,805:INFO:Engine for model 'catboost_cds_dt' has not been set explicitly, hence returning None.
2025-04-17 18:40:00,805:WARNING:
'catboost' is a soft dependency and not included in the pycaret installation. Please run: `pip install catboost` to install.
Alternately, you can install this by running `pip install pycaret[models]`
2025-04-17 18:40:00,805:WARNING:
'catboost' is a soft dependency and not included in the pycaret installation. Please run: `pip install catboost` to install.
Alternately, you can install this by running `pip install pycaret[models]`
2025-04-17 18:40:00,808:WARNING:
'prophet' is a soft dependency and not included in the pycaret installation. Please run: `pip install prophet` to install.
2025-04-17 18:40:00,812:INFO:Engine for model 'rf_cds_dt' has not been set explicitly, hence returning None.
2025-04-17 18:40:00,813:INFO:Engine for model 'et_cds_dt' has not been set explicitly, hence returning None.
2025-04-17 18:40:00,813:INFO:Engine for model 'gbr_cds_dt' has not been set explicitly, hence returning None.
2025-04-17 18:40:00,813:INFO:Engine for model 'ada_cds_dt' has not been set explicitly, hence returning None.
2025-04-17 18:40:00,813:INFO:Engine for model 'xgboost_cds_dt' has not been set explicitly, hence returning None.
2025-04-17 18:40:00,814:WARNING:
'xgboost' is a soft dependency and not included in the pycaret installation. Please run: `pip install xgboost` to install.
Alternately, you can install this by running `pip install pycaret[models]`
2025-04-17 18:40:00,814:WARNING:
'xgboost' is a soft dependency and not included in the pycaret installation. Please run: `pip install xgboost` to install.
Alternately, you can install this by running `pip install pycaret[models]`
2025-04-17 18:40:00,814:INFO:Engine for model 'lightgbm_cds_dt' has not been set explicitly, hence returning None.
2025-04-17 18:40:00,814:INFO:Engine for model 'catboost_cds_dt' has not been set explicitly, hence returning None.
2025-04-17 18:40:00,814:WARNING:
'catboost' is a soft dependency and not included in the pycaret installation. Please run: `pip install catboost` to install.
Alternately, you can install this by running `pip install pycaret[models]`
2025-04-17 18:40:00,814:WARNING:
'catboost' is a soft dependency and not included in the pycaret installation. Please run: `pip install catboost` to install.
Alternately, you can install this by running `pip install pycaret[models]`
2025-04-17 18:40:00,814:INFO:Engine successfully changes for model 'rf_cds_dt' to 'sklearn'.
2025-04-17 18:40:00,818:WARNING:
'prophet' is a soft dependency and not included in the pycaret installation. Please run: `pip install prophet` to install.
2025-04-17 18:40:00,820:INFO:Engine for model 'et_cds_dt' has not been set explicitly, hence returning None.
2025-04-17 18:40:00,820:INFO:Engine for model 'gbr_cds_dt' has not been set explicitly, hence returning None.
2025-04-17 18:40:00,820:INFO:Engine for model 'ada_cds_dt' has not been set explicitly, hence returning None.
2025-04-17 18:40:00,820:INFO:Engine for model 'xgboost_cds_dt' has not been set explicitly, hence returning None.
2025-04-17 18:40:00,820:WARNING:
'xgboost' is a soft dependency and not included in the pycaret installation. Please run: `pip install xgboost` to install.
Alternately, you can install this by running `pip install pycaret[models]`
2025-04-17 18:40:00,820:WARNING:
'xgboost' is a soft dependency and not included in the pycaret installation. Please run: `pip install xgboost` to install.
Alternately, you can install this by running `pip install pycaret[models]`
2025-04-17 18:40:00,820:INFO:Engine for model 'lightgbm_cds_dt' has not been set explicitly, hence returning None.
2025-04-17 18:40:00,820:INFO:Engine for model 'catboost_cds_dt' has not been set explicitly, hence returning None.
2025-04-17 18:40:00,820:WARNING:
'catboost' is a soft dependency and not included in the pycaret installation. Please run: `pip install catboost` to install.
Alternately, you can install this by running `pip install pycaret[models]`
2025-04-17 18:40:00,820:WARNING:
'catboost' is a soft dependency and not included in the pycaret installation. Please run: `pip install catboost` to install.
Alternately, you can install this by running `pip install pycaret[models]`
2025-04-17 18:40:00,822:WARNING:
'prophet' is a soft dependency and not included in the pycaret installation. Please run: `pip install prophet` to install.
2025-04-17 18:40:00,824:INFO:Engine for model 'et_cds_dt' has not been set explicitly, hence returning None.
2025-04-17 18:40:00,824:INFO:Engine for model 'gbr_cds_dt' has not been set explicitly, hence returning None.
2025-04-17 18:40:00,824:INFO:Engine for model 'ada_cds_dt' has not been set explicitly, hence returning None.
2025-04-17 18:40:00,825:INFO:Engine for model 'xgboost_cds_dt' has not been set explicitly, hence returning None.
2025-04-17 18:40:00,825:WARNING:
'xgboost' is a soft dependency and not included in the pycaret installation. Please run: `pip install xgboost` to install.
Alternately, you can install this by running `pip install pycaret[models]`
2025-04-17 18:40:00,825:WARNING:
'xgboost' is a soft dependency and not included in the pycaret installation. Please run: `pip install xgboost` to install.
Alternately, you can install this by running `pip install pycaret[models]`
2025-04-17 18:40:00,825:INFO:Engine for model 'lightgbm_cds_dt' has not been set explicitly, hence returning None.
2025-04-17 18:40:00,825:INFO:Engine for model 'catboost_cds_dt' has not been set explicitly, hence returning None.
2025-04-17 18:40:00,825:WARNING:
'catboost' is a soft dependency and not included in the pycaret installation. Please run: `pip install catboost` to install.
Alternately, you can install this by running `pip install pycaret[models]`
2025-04-17 18:40:00,825:WARNING:
'catboost' is a soft dependency and not included in the pycaret installation. Please run: `pip install catboost` to install.
Alternately, you can install this by running `pip install pycaret[models]`
2025-04-17 18:40:00,826:INFO:Engine successfully changes for model 'et_cds_dt' to 'sklearn'.
2025-04-17 18:40:00,831:WARNING:
'prophet' is a soft dependency and not included in the pycaret installation. Please run: `pip install prophet` to install.
2025-04-17 18:40:00,837:INFO:Engine for model 'gbr_cds_dt' has not been set explicitly, hence returning None.
2025-04-17 18:40:00,837:INFO:Engine for model 'ada_cds_dt' has not been set explicitly, hence returning None.
2025-04-17 18:40:00,838:INFO:Engine for model 'xgboost_cds_dt' has not been set explicitly, hence returning None.
2025-04-17 18:40:00,838:WARNING:
'xgboost' is a soft dependency and not included in the pycaret installation. Please run: `pip install xgboost` to install.
Alternately, you can install this by running `pip install pycaret[models]`
2025-04-17 18:40:00,838:WARNING:
'xgboost' is a soft dependency and not included in the pycaret installation. Please run: `pip install xgboost` to install.
Alternately, you can install this by running `pip install pycaret[models]`
2025-04-17 18:40:00,838:INFO:Engine for model 'lightgbm_cds_dt' has not been set explicitly, hence returning None.
2025-04-17 18:40:00,838:INFO:Engine for model 'catboost_cds_dt' has not been set explicitly, hence returning None.
2025-04-17 18:40:00,838:WARNING:
'catboost' is a soft dependency and not included in the pycaret installation. Please run: `pip install catboost` to install.
Alternately, you can install this by running `pip install pycaret[models]`
2025-04-17 18:40:00,838:WARNING:
'catboost' is a soft dependency and not included in the pycaret installation. Please run: `pip install catboost` to install.
Alternately, you can install this by running `pip install pycaret[models]`
2025-04-17 18:40:00,841:WARNING:
'prophet' is a soft dependency and not included in the pycaret installation. Please run: `pip install prophet` to install.
2025-04-17 18:40:00,844:INFO:Engine for model 'gbr_cds_dt' has not been set explicitly, hence returning None.
2025-04-17 18:40:00,845:INFO:Engine for model 'ada_cds_dt' has not been set explicitly, hence returning None.
2025-04-17 18:40:00,845:INFO:Engine for model 'xgboost_cds_dt' has not been set explicitly, hence returning None.
2025-04-17 18:40:00,845:WARNING:
'xgboost' is a soft dependency and not included in the pycaret installation. Please run: `pip install xgboost` to install.
Alternately, you can install this by running `pip install pycaret[models]`
2025-04-17 18:40:00,845:WARNING:
'xgboost' is a soft dependency and not included in the pycaret installation. Please run: `pip install xgboost` to install.
Alternately, you can install this by running `pip install pycaret[models]`
2025-04-17 18:40:00,845:INFO:Engine for model 'lightgbm_cds_dt' has not been set explicitly, hence returning None.
2025-04-17 18:40:00,845:INFO:Engine for model 'catboost_cds_dt' has not been set explicitly, hence returning None.
2025-04-17 18:40:00,845:WARNING:
'catboost' is a soft dependency and not included in the pycaret installation. Please run: `pip install catboost` to install.
Alternately, you can install this by running `pip install pycaret[models]`
2025-04-17 18:40:00,845:WARNING:
'catboost' is a soft dependency and not included in the pycaret installation. Please run: `pip install catboost` to install.
Alternately, you can install this by running `pip install pycaret[models]`
2025-04-17 18:40:00,845:INFO:Engine successfully changes for model 'gbr_cds_dt' to 'sklearn'.
2025-04-17 18:40:00,846:WARNING:
'prophet' is a soft dependency and not included in the pycaret installation. Please run: `pip install prophet` to install.
2025-04-17 18:40:00,849:INFO:Engine for model 'ada_cds_dt' has not been set explicitly, hence returning None.
2025-04-17 18:40:00,849:INFO:Engine for model 'xgboost_cds_dt' has not been set explicitly, hence returning None.
2025-04-17 18:40:00,849:WARNING:
'xgboost' is a soft dependency and not included in the pycaret installation. Please run: `pip install xgboost` to install.
Alternately, you can install this by running `pip install pycaret[models]`
2025-04-17 18:40:00,849:WARNING:
'xgboost' is a soft dependency and not included in the pycaret installation. Please run: `pip install xgboost` to install.
Alternately, you can install this by running `pip install pycaret[models]`
2025-04-17 18:40:00,849:INFO:Engine for model 'lightgbm_cds_dt' has not been set explicitly, hence returning None.
2025-04-17 18:40:00,849:INFO:Engine for model 'catboost_cds_dt' has not been set explicitly, hence returning None.
2025-04-17 18:40:00,849:WARNING:
'catboost' is a soft dependency and not included in the pycaret installation. Please run: `pip install catboost` to install.
Alternately, you can install this by running `pip install pycaret[models]`
2025-04-17 18:40:00,849:WARNING:
'catboost' is a soft dependency and not included in the pycaret installation. Please run: `pip install catboost` to install.
Alternately, you can install this by running `pip install pycaret[models]`
2025-04-17 18:40:00,852:WARNING:
'prophet' is a soft dependency and not included in the pycaret installation. Please run: `pip install prophet` to install.
2025-04-17 18:40:00,858:INFO:Engine for model 'ada_cds_dt' has not been set explicitly, hence returning None.
2025-04-17 18:40:00,858:INFO:Engine for model 'xgboost_cds_dt' has not been set explicitly, hence returning None.
2025-04-17 18:40:00,858:WARNING:
'xgboost' is a soft dependency and not included in the pycaret installation. Please run: `pip install xgboost` to install.
Alternately, you can install this by running `pip install pycaret[models]`
2025-04-17 18:40:00,858:WARNING:
'xgboost' is a soft dependency and not included in the pycaret installation. Please run: `pip install xgboost` to install.
Alternately, you can install this by running `pip install pycaret[models]`
2025-04-17 18:40:00,858:INFO:Engine for model 'lightgbm_cds_dt' has not been set explicitly, hence returning None.
2025-04-17 18:40:00,859:INFO:Engine for model 'catboost_cds_dt' has not been set explicitly, hence returning None.
2025-04-17 18:40:00,859:WARNING:
'catboost' is a soft dependency and not included in the pycaret installation. Please run: `pip install catboost` to install.
Alternately, you can install this by running `pip install pycaret[models]`
2025-04-17 18:40:00,859:WARNING:
'catboost' is a soft dependency and not included in the pycaret installation. Please run: `pip install catboost` to install.
Alternately, you can install this by running `pip install pycaret[models]`
2025-04-17 18:40:00,859:INFO:Engine successfully changes for model 'ada_cds_dt' to 'sklearn'.
2025-04-17 18:40:00,862:WARNING:
'prophet' is a soft dependency and not included in the pycaret installation. Please run: `pip install prophet` to install.
2025-04-17 18:40:00,868:INFO:Engine for model 'xgboost_cds_dt' has not been set explicitly, hence returning None.
2025-04-17 18:40:00,868:WARNING:
'xgboost' is a soft dependency and not included in the pycaret installation. Please run: `pip install xgboost` to install.
Alternately, you can install this by running `pip install pycaret[models]`
2025-04-17 18:40:00,868:WARNING:
'xgboost' is a soft dependency and not included in the pycaret installation. Please run: `pip install xgboost` to install.
Alternately, you can install this by running `pip install pycaret[models]`
2025-04-17 18:40:00,868:INFO:Engine for model 'lightgbm_cds_dt' has not been set explicitly, hence returning None.
2025-04-17 18:40:00,869:INFO:Engine for model 'catboost_cds_dt' has not been set explicitly, hence returning None.
2025-04-17 18:40:00,869:WARNING:
'catboost' is a soft dependency and not included in the pycaret installation. Please run: `pip install catboost` to install.
Alternately, you can install this by running `pip install pycaret[models]`
2025-04-17 18:40:00,869:WARNING:
'catboost' is a soft dependency and not included in the pycaret installation. Please run: `pip install catboost` to install.
Alternately, you can install this by running `pip install pycaret[models]`
2025-04-17 18:40:00,874:WARNING:
'prophet' is a soft dependency and not included in the pycaret installation. Please run: `pip install prophet` to install.
2025-04-17 18:40:00,881:INFO:Engine for model 'xgboost_cds_dt' has not been set explicitly, hence returning None.
2025-04-17 18:40:00,881:WARNING:
'xgboost' is a soft dependency and not included in the pycaret installation. Please run: `pip install xgboost` to install.
Alternately, you can install this by running `pip install pycaret[models]`
2025-04-17 18:40:00,881:WARNING:
'xgboost' is a soft dependency and not included in the pycaret installation. Please run: `pip install xgboost` to install.
Alternately, you can install this by running `pip install pycaret[models]`
2025-04-17 18:40:00,881:INFO:Engine for model 'lightgbm_cds_dt' has not been set explicitly, hence returning None.
2025-04-17 18:40:00,881:INFO:Engine for model 'catboost_cds_dt' has not been set explicitly, hence returning None.
2025-04-17 18:40:00,881:WARNING:
'catboost' is a soft dependency and not included in the pycaret installation. Please run: `pip install catboost` to install.
Alternately, you can install this by running `pip install pycaret[models]`
2025-04-17 18:40:00,881:WARNING:
'catboost' is a soft dependency and not included in the pycaret installation. Please run: `pip install catboost` to install.
Alternately, you can install this by running `pip install pycaret[models]`
2025-04-17 18:40:00,881:INFO:Engine successfully changes for model 'xgboost_cds_dt' to 'sklearn'.
2025-04-17 18:40:00,883:WARNING:
'prophet' is a soft dependency and not included in the pycaret installation. Please run: `pip install prophet` to install.
2025-04-17 18:40:00,895:WARNING:
'xgboost' is a soft dependency and not included in the pycaret installation. Please run: `pip install xgboost` to install.
Alternately, you can install this by running `pip install pycaret[models]`
2025-04-17 18:40:00,896:WARNING:
'xgboost' is a soft dependency and not included in the pycaret installation. Please run: `pip install xgboost` to install.
Alternately, you can install this by running `pip install pycaret[models]`
2025-04-17 18:40:00,897:INFO:Engine for model 'lightgbm_cds_dt' has not been set explicitly, hence returning None.
2025-04-17 18:40:00,897:INFO:Engine for model 'catboost_cds_dt' has not been set explicitly, hence returning None.
2025-04-17 18:40:00,897:WARNING:
'catboost' is a soft dependency and not included in the pycaret installation. Please run: `pip install catboost` to install.
Alternately, you can install this by running `pip install pycaret[models]`
2025-04-17 18:40:00,897:WARNING:
'catboost' is a soft dependency and not included in the pycaret installation. Please run: `pip install catboost` to install.
Alternately, you can install this by running `pip install pycaret[models]`
2025-04-17 18:40:00,898:WARNING:
'prophet' is a soft dependency and not included in the pycaret installation. Please run: `pip install prophet` to install.
2025-04-17 18:40:00,900:WARNING:
'xgboost' is a soft dependency and not included in the pycaret installation. Please run: `pip install xgboost` to install.
Alternately, you can install this by running `pip install pycaret[models]`
2025-04-17 18:40:00,900:WARNING:
'xgboost' is a soft dependency and not included in the pycaret installation. Please run: `pip install xgboost` to install.
Alternately, you can install this by running `pip install pycaret[models]`
2025-04-17 18:40:00,900:INFO:Engine for model 'lightgbm_cds_dt' has not been set explicitly, hence returning None.
2025-04-17 18:40:00,901:INFO:Engine for model 'catboost_cds_dt' has not been set explicitly, hence returning None.
2025-04-17 18:40:00,901:WARNING:
'catboost' is a soft dependency and not included in the pycaret installation. Please run: `pip install catboost` to install.
Alternately, you can install this by running `pip install pycaret[models]`
2025-04-17 18:40:00,901:WARNING:
'catboost' is a soft dependency and not included in the pycaret installation. Please run: `pip install catboost` to install.
Alternately, you can install this by running `pip install pycaret[models]`
2025-04-17 18:40:00,901:INFO:Engine successfully changes for model 'lightgbm_cds_dt' to 'sklearn'.
2025-04-17 18:40:00,902:WARNING:
'prophet' is a soft dependency and not included in the pycaret installation. Please run: `pip install prophet` to install.
2025-04-17 18:40:00,917:WARNING:
'xgboost' is a soft dependency and not included in the pycaret installation. Please run: `pip install xgboost` to install.
Alternately, you can install this by running `pip install pycaret[models]`
2025-04-17 18:40:00,917:WARNING:
'xgboost' is a soft dependency and not included in the pycaret installation. Please run: `pip install xgboost` to install.
Alternately, you can install this by running `pip install pycaret[models]`
2025-04-17 18:40:00,918:INFO:Engine for model 'catboost_cds_dt' has not been set explicitly, hence returning None.
2025-04-17 18:40:00,918:WARNING:
'catboost' is a soft dependency and not included in the pycaret installation. Please run: `pip install catboost` to install.
Alternately, you can install this by running `pip install pycaret[models]`
2025-04-17 18:40:00,918:WARNING:
'catboost' is a soft dependency and not included in the pycaret installation. Please run: `pip install catboost` to install.
Alternately, you can install this by running `pip install pycaret[models]`
2025-04-17 18:40:00,919:WARNING:
'prophet' is a soft dependency and not included in the pycaret installation. Please run: `pip install prophet` to install.
2025-04-17 18:40:00,921:WARNING:
'xgboost' is a soft dependency and not included in the pycaret installation. Please run: `pip install xgboost` to install.
Alternately, you can install this by running `pip install pycaret[models]`
2025-04-17 18:40:00,921:WARNING:
'xgboost' is a soft dependency and not included in the pycaret installation. Please run: `pip install xgboost` to install.
Alternately, you can install this by running `pip install pycaret[models]`
2025-04-17 18:40:00,922:INFO:Engine for model 'catboost_cds_dt' has not been set explicitly, hence returning None.
2025-04-17 18:40:00,922:WARNING:
'catboost' is a soft dependency and not included in the pycaret installation. Please run: `pip install catboost` to install.
Alternately, you can install this by running `pip install pycaret[models]`
2025-04-17 18:40:00,922:WARNING:
'catboost' is a soft dependency and not included in the pycaret installation. Please run: `pip install catboost` to install.
Alternately, you can install this by running `pip install pycaret[models]`
2025-04-17 18:40:00,922:INFO:Engine successfully changes for model 'catboost_cds_dt' to 'sklearn'.
2025-04-17 18:40:00,923:WARNING:
'prophet' is a soft dependency and not included in the pycaret installation. Please run: `pip install prophet` to install.
2025-04-17 18:40:00,929:WARNING:
'xgboost' is a soft dependency and not included in the pycaret installation. Please run: `pip install xgboost` to install.
Alternately, you can install this by running `pip install pycaret[models]`
2025-04-17 18:40:00,929:WARNING:
'xgboost' is a soft dependency and not included in the pycaret installation. Please run: `pip install xgboost` to install.
Alternately, you can install this by running `pip install pycaret[models]`
2025-04-17 18:40:00,930:WARNING:
'catboost' is a soft dependency and not included in the pycaret installation. Please run: `pip install catboost` to install.
Alternately, you can install this by running `pip install pycaret[models]`
2025-04-17 18:40:00,930:WARNING:
'catboost' is a soft dependency and not included in the pycaret installation. Please run: `pip install catboost` to install.
Alternately, you can install this by running `pip install pycaret[models]`
2025-04-17 18:40:00,933:WARNING:
'prophet' is a soft dependency and not included in the pycaret installation. Please run: `pip install prophet` to install.
2025-04-17 18:40:00,939:WARNING:
'xgboost' is a soft dependency and not included in the pycaret installation. Please run: `pip install xgboost` to install.
Alternately, you can install this by running `pip install pycaret[models]`
2025-04-17 18:40:00,939:WARNING:
'xgboost' is a soft dependency and not included in the pycaret installation. Please run: `pip install xgboost` to install.
Alternately, you can install this by running `pip install pycaret[models]`
2025-04-17 18:40:00,940:WARNING:
'catboost' is a soft dependency and not included in the pycaret installation. Please run: `pip install catboost` to install.
Alternately, you can install this by running `pip install pycaret[models]`
2025-04-17 18:40:00,940:WARNING:
'catboost' is a soft dependency and not included in the pycaret installation. Please run: `pip install catboost` to install.
Alternately, you can install this by running `pip install pycaret[models]`
2025-04-17 18:40:00,943:WARNING:
'prophet' is a soft dependency and not included in the pycaret installation. Please run: `pip install prophet` to install.
2025-04-17 18:40:00,948:WARNING:
'xgboost' is a soft dependency and not included in the pycaret installation. Please run: `pip install xgboost` to install.
Alternately, you can install this by running `pip install pycaret[models]`
2025-04-17 18:40:00,948:WARNING:
'xgboost' is a soft dependency and not included in the pycaret installation. Please run: `pip install xgboost` to install.
Alternately, you can install this by running `pip install pycaret[models]`
2025-04-17 18:40:00,949:WARNING:
'catboost' is a soft dependency and not included in the pycaret installation. Please run: `pip install catboost` to install.
Alternately, you can install this by running `pip install pycaret[models]`
2025-04-17 18:40:00,949:WARNING:
'catboost' is a soft dependency and not included in the pycaret installation. Please run: `pip install catboost` to install.
Alternately, you can install this by running `pip install pycaret[models]`
2025-04-17 18:40:00,951:WARNING:
'prophet' is a soft dependency and not included in the pycaret installation. Please run: `pip install prophet` to install.
2025-04-17 18:40:00,957:WARNING:
'xgboost' is a soft dependency and not included in the pycaret installation. Please run: `pip install xgboost` to install.
Alternately, you can install this by running `pip install pycaret[models]`
2025-04-17 18:40:00,957:WARNING:
'xgboost' is a soft dependency and not included in the pycaret installation. Please run: `pip install xgboost` to install.
Alternately, you can install this by running `pip install pycaret[models]`
2025-04-17 18:40:00,958:WARNING:
'catboost' is a soft dependency and not included in the pycaret installation. Please run: `pip install catboost` to install.
Alternately, you can install this by running `pip install pycaret[models]`
2025-04-17 18:40:00,958:WARNING:
'catboost' is a soft dependency and not included in the pycaret installation. Please run: `pip install catboost` to install.
Alternately, you can install this by running `pip install pycaret[models]`
2025-04-17 18:40:00,958:INFO:setup() successfully completed in 0.96s...............
2025-04-17 18:40:00,959:INFO:Initializing compare_models()
2025-04-17 18:40:00,959:INFO:compare_models(self=<pycaret.time_series.forecasting.oop.TSForecastingExperiment object at 0x312d9ac90>, include=['ets', 'exp_smooth'], exclude=None, fold=None, round=4, cross_validation=True, sort=RMSE, n_select=1, budget_time=None, turbo=True, errors=ignore, fit_kwargs=None, groups=None, experiment_custom_tags=None, probability_threshold=None, verbose=False, parallel=None, caller_params={'self': <pycaret.time_series.forecasting.oop.TSForecastingExperiment object at 0x312d9ac90>, 'include': ['ets', 'exp_smooth'], 'exclude': None, 'fold': None, 'round': 4, 'cross_validation': True, 'sort': 'RMSE', 'n_select': 1, 'budget_time': None, 'turbo': True, 'errors': 'ignore', 'fit_kwargs': None, 'experiment_custom_tags': None, 'engine': None, 'verbose': False, 'parallel': None, '__class__': <class 'pycaret.time_series.forecasting.oop.TSForecastingExperiment'>})
2025-04-17 18:40:00,959:INFO:Checking exceptions
2025-04-17 18:40:00,960:INFO:Preparing display monitor
2025-04-17 18:40:00,961:INFO:Initializing ETS
2025-04-17 18:40:00,961:INFO:Total runtime is 5.68230946858724e-07 minutes
2025-04-17 18:40:00,961:INFO:SubProcess create_model() called ==================================
2025-04-17 18:40:00,961:INFO:Initializing create_model()
2025-04-17 18:40:00,961:INFO:create_model(self=<pycaret.time_series.forecasting.oop.TSForecastingExperiment object at 0x312d9ac90>, estimator=ets, fold=None, round=4, cross_validation=True, predict=True, fit_kwargs={}, groups=None, refit=False, probability_threshold=None, experiment_custom_tags=None, verbose=False, system=False, add_to_model_list=True, metrics=None, display=<pycaret.internal.display.display.CommonDisplay object at 0x3195474d0>, model_only=True, return_train_score=False, error_score=0.0, kwargs={})
2025-04-17 18:40:00,961:INFO:Checking exceptions
2025-04-17 18:40:00,961:INFO:Importing libraries
2025-04-17 18:40:00,961:INFO:Copying training dataset
2025-04-17 18:40:00,962:INFO:Defining folds
2025-04-17 18:40:00,962:INFO:Declaring metric variables
2025-04-17 18:40:00,962:INFO:Importing untrained model
2025-04-17 18:40:00,962:INFO:ETS Imported successfully
2025-04-17 18:40:00,963:INFO:Starting cross validation
2025-04-17 18:40:00,964:INFO:Cross validating with ExpandingWindowSplitter(fh=ForecastingHorizon([ 1,  2,  3,  4,  5,  6,  7,  8,  9, 10, 11, 12, 13, 14, 15, 16, 17, 18,
       19, 20, 21, 22, 23, 24, 25, 26, 27, 28, 29, 30],
      dtype='int64', is_relative=True),
                        initial_window=1968, step_length=30), n_jobs=-1
2025-04-17 18:40:10,209:WARNING:/opt/anaconda3/envs/LSTM/lib/python3.11/site-packages/sklearn/metrics/_regression.py:483: FutureWarning: 'squared' is deprecated in version 1.4 and will be removed in 1.6. To calculate the root mean squared error, use the function'root_mean_squared_error'.
  warnings.warn(

2025-04-17 18:40:10,210:WARNING:/opt/anaconda3/envs/LSTM/lib/python3.11/site-packages/sklearn/metrics/_regression.py:483: FutureWarning: 'squared' is deprecated in version 1.4 and will be removed in 1.6. To calculate the root mean squared error, use the function'root_mean_squared_error'.
  warnings.warn(

2025-04-17 18:40:12,747:WARNING:/opt/anaconda3/envs/LSTM/lib/python3.11/site-packages/sklearn/metrics/_regression.py:483: FutureWarning: 'squared' is deprecated in version 1.4 and will be removed in 1.6. To calculate the root mean squared error, use the function'root_mean_squared_error'.
  warnings.warn(

2025-04-17 18:40:12,748:WARNING:/opt/anaconda3/envs/LSTM/lib/python3.11/site-packages/sklearn/metrics/_regression.py:483: FutureWarning: 'squared' is deprecated in version 1.4 and will be removed in 1.6. To calculate the root mean squared error, use the function'root_mean_squared_error'.
  warnings.warn(

2025-04-17 18:40:12,749:WARNING:/opt/anaconda3/envs/LSTM/lib/python3.11/site-packages/sklearn/metrics/_regression.py:483: FutureWarning: 'squared' is deprecated in version 1.4 and will be removed in 1.6. To calculate the root mean squared error, use the function'root_mean_squared_error'.
  warnings.warn(

2025-04-17 18:40:12,749:WARNING:/opt/anaconda3/envs/LSTM/lib/python3.11/site-packages/sklearn/metrics/_regression.py:483: FutureWarning: 'squared' is deprecated in version 1.4 and will be removed in 1.6. To calculate the root mean squared error, use the function'root_mean_squared_error'.
  warnings.warn(

2025-04-17 18:40:12,770:INFO:Calculating mean and std
2025-04-17 18:40:12,771:INFO:Creating metrics dataframe
2025-04-17 18:40:12,785:INFO:Uploading results into container
2025-04-17 18:40:12,785:INFO:Uploading model into container now
2025-04-17 18:40:12,787:INFO:_master_model_container: 1
2025-04-17 18:40:12,787:INFO:_display_container: 2
2025-04-17 18:40:12,788:INFO:AutoETS(seasonal='mul', sp=6, trend='add')
2025-04-17 18:40:12,788:INFO:create_model() successfully completed......................................
2025-04-17 18:40:13,475:INFO:SubProcess create_model() end ==================================
2025-04-17 18:40:13,476:INFO:Creating metrics dataframe
2025-04-17 18:40:13,478:INFO:Initializing Exponential Smoothing
2025-04-17 18:40:13,478:INFO:Total runtime is 0.2086254358291626 minutes
2025-04-17 18:40:13,478:INFO:SubProcess create_model() called ==================================
2025-04-17 18:40:13,478:INFO:Initializing create_model()
2025-04-17 18:40:13,479:INFO:create_model(self=<pycaret.time_series.forecasting.oop.TSForecastingExperiment object at 0x312d9ac90>, estimator=exp_smooth, fold=None, round=4, cross_validation=True, predict=True, fit_kwargs={}, groups=None, refit=False, probability_threshold=None, experiment_custom_tags=None, verbose=False, system=False, add_to_model_list=True, metrics=None, display=<pycaret.internal.display.display.CommonDisplay object at 0x3195474d0>, model_only=True, return_train_score=False, error_score=0.0, kwargs={})
2025-04-17 18:40:13,479:INFO:Checking exceptions
2025-04-17 18:40:13,479:INFO:Importing libraries
2025-04-17 18:40:13,479:INFO:Copying training dataset
2025-04-17 18:40:13,484:INFO:Defining folds
2025-04-17 18:40:13,485:INFO:Declaring metric variables
2025-04-17 18:40:13,485:INFO:Importing untrained model
2025-04-17 18:40:13,487:INFO:Exponential Smoothing Imported successfully
2025-04-17 18:40:13,498:INFO:Starting cross validation
2025-04-17 18:40:13,499:INFO:Cross validating with ExpandingWindowSplitter(fh=ForecastingHorizon([ 1,  2,  3,  4,  5,  6,  7,  8,  9, 10, 11, 12, 13, 14, 15, 16, 17, 18,
       19, 20, 21, 22, 23, 24, 25, 26, 27, 28, 29, 30],
      dtype='int64', is_relative=True),
                        initial_window=1968, step_length=30), n_jobs=-1
2025-04-17 18:40:15,609:WARNING:/opt/anaconda3/envs/LSTM/lib/python3.11/site-packages/sklearn/metrics/_regression.py:483: FutureWarning: 'squared' is deprecated in version 1.4 and will be removed in 1.6. To calculate the root mean squared error, use the function'root_mean_squared_error'.
  warnings.warn(

2025-04-17 18:40:15,610:WARNING:/opt/anaconda3/envs/LSTM/lib/python3.11/site-packages/sklearn/metrics/_regression.py:483: FutureWarning: 'squared' is deprecated in version 1.4 and will be removed in 1.6. To calculate the root mean squared error, use the function'root_mean_squared_error'.
  warnings.warn(

2025-04-17 18:40:15,664:WARNING:/opt/anaconda3/envs/LSTM/lib/python3.11/site-packages/sklearn/metrics/_regression.py:483: FutureWarning: 'squared' is deprecated in version 1.4 and will be removed in 1.6. To calculate the root mean squared error, use the function'root_mean_squared_error'.
  warnings.warn(

2025-04-17 18:40:15,665:WARNING:/opt/anaconda3/envs/LSTM/lib/python3.11/site-packages/sklearn/metrics/_regression.py:483: FutureWarning: 'squared' is deprecated in version 1.4 and will be removed in 1.6. To calculate the root mean squared error, use the function'root_mean_squared_error'.
  warnings.warn(

2025-04-17 18:40:18,366:WARNING:/opt/anaconda3/envs/LSTM/lib/python3.11/site-packages/sklearn/metrics/_regression.py:483: FutureWarning: 'squared' is deprecated in version 1.4 and will be removed in 1.6. To calculate the root mean squared error, use the function'root_mean_squared_error'.
  warnings.warn(

2025-04-17 18:40:18,368:WARNING:/opt/anaconda3/envs/LSTM/lib/python3.11/site-packages/sklearn/metrics/_regression.py:483: FutureWarning: 'squared' is deprecated in version 1.4 and will be removed in 1.6. To calculate the root mean squared error, use the function'root_mean_squared_error'.
  warnings.warn(

2025-04-17 18:40:18,377:INFO:Calculating mean and std
2025-04-17 18:40:18,378:INFO:Creating metrics dataframe
2025-04-17 18:40:18,384:INFO:Uploading results into container
2025-04-17 18:40:18,384:INFO:Uploading model into container now
2025-04-17 18:40:18,386:INFO:_master_model_container: 2
2025-04-17 18:40:18,386:INFO:_display_container: 2
2025-04-17 18:40:18,387:INFO:ExponentialSmoothing(seasonal='mul', sp=6, trend='add')
2025-04-17 18:40:18,387:INFO:create_model() successfully completed......................................
2025-04-17 18:40:18,935:INFO:SubProcess create_model() end ==================================
2025-04-17 18:40:18,935:INFO:Creating metrics dataframe
2025-04-17 18:40:18,938:INFO:Initializing create_model()
2025-04-17 18:40:18,938:INFO:create_model(self=<pycaret.time_series.forecasting.oop.TSForecastingExperiment object at 0x312d9ac90>, estimator=AutoETS(seasonal='mul', sp=6, trend='add'), fold=None, round=4, cross_validation=False, predict=False, fit_kwargs={}, groups=None, refit=True, probability_threshold=None, experiment_custom_tags=None, verbose=False, system=False, add_to_model_list=True, metrics=None, display=None, model_only=True, return_train_score=False, error_score=0.0, kwargs={})
2025-04-17 18:40:18,938:INFO:Checking exceptions
2025-04-17 18:40:18,939:INFO:Importing libraries
2025-04-17 18:40:18,939:INFO:Copying training dataset
2025-04-17 18:40:18,943:INFO:Defining folds
2025-04-17 18:40:18,943:INFO:Declaring metric variables
2025-04-17 18:40:18,943:INFO:Importing untrained model
2025-04-17 18:40:18,943:INFO:Declaring custom model
2025-04-17 18:40:18,943:INFO:ETS Imported successfully
2025-04-17 18:40:18,943:INFO:Cross validation set to False
2025-04-17 18:40:18,943:INFO:Fitting Model
2025-04-17 18:40:19,271:INFO:AutoETS(seasonal='mul', sp=6, trend='add')
2025-04-17 18:40:19,271:INFO:create_model() successfully completed......................................
2025-04-17 18:40:19,443:INFO:_master_model_container: 2
2025-04-17 18:40:19,443:INFO:_display_container: 2
2025-04-17 18:40:19,443:INFO:AutoETS(seasonal='mul', sp=6, trend='add')
2025-04-17 18:40:19,443:INFO:compare_models() successfully completed......................................
2025-04-17 18:40:19,445:INFO:Initializing create_model()
2025-04-17 18:40:19,445:INFO:create_model(self=<pycaret.time_series.forecasting.oop.TSForecastingExperiment object at 0x312d9ac90>, estimator=AutoETS(seasonal='mul', sp=6, trend='add'), fold=None, round=4, cross_validation=True, predict=True, fit_kwargs=None, groups=None, refit=True, probability_threshold=None, experiment_custom_tags=None, verbose=False, system=True, add_to_model_list=True, metrics=None, display=None, model_only=True, return_train_score=False, error_score=0.0, kwargs={})
2025-04-17 18:40:19,445:INFO:Checking exceptions
2025-04-17 18:40:19,446:INFO:Importing libraries
2025-04-17 18:40:19,446:INFO:Copying training dataset
2025-04-17 18:40:19,451:INFO:Defining folds
2025-04-17 18:40:19,451:INFO:Declaring metric variables
2025-04-17 18:40:19,452:INFO:Importing untrained model
2025-04-17 18:40:19,452:INFO:Declaring custom model
2025-04-17 18:40:19,453:INFO:ETS Imported successfully
2025-04-17 18:40:19,455:INFO:Starting cross validation
2025-04-17 18:40:19,456:INFO:Cross validating with ExpandingWindowSplitter(fh=ForecastingHorizon([ 1,  2,  3,  4,  5,  6,  7,  8,  9, 10, 11, 12, 13, 14, 15, 16, 17, 18,
       19, 20, 21, 22, 23, 24, 25, 26, 27, 28, 29, 30],
      dtype='int64', is_relative=True),
                        initial_window=1968, step_length=30), n_jobs=-1
2025-04-17 18:40:19,928:WARNING:/opt/anaconda3/envs/LSTM/lib/python3.11/site-packages/sklearn/metrics/_regression.py:483: FutureWarning: 'squared' is deprecated in version 1.4 and will be removed in 1.6. To calculate the root mean squared error, use the function'root_mean_squared_error'.
  warnings.warn(

2025-04-17 18:40:19,929:WARNING:/opt/anaconda3/envs/LSTM/lib/python3.11/site-packages/sklearn/metrics/_regression.py:483: FutureWarning: 'squared' is deprecated in version 1.4 and will be removed in 1.6. To calculate the root mean squared error, use the function'root_mean_squared_error'.
  warnings.warn(

2025-04-17 18:40:19,980:WARNING:/opt/anaconda3/envs/LSTM/lib/python3.11/site-packages/sklearn/metrics/_regression.py:483: FutureWarning: 'squared' is deprecated in version 1.4 and will be removed in 1.6. To calculate the root mean squared error, use the function'root_mean_squared_error'.
  warnings.warn(

2025-04-17 18:40:19,980:WARNING:/opt/anaconda3/envs/LSTM/lib/python3.11/site-packages/sklearn/metrics/_regression.py:483: FutureWarning: 'squared' is deprecated in version 1.4 and will be removed in 1.6. To calculate the root mean squared error, use the function'root_mean_squared_error'.
  warnings.warn(

2025-04-17 18:40:21,719:WARNING:/opt/anaconda3/envs/LSTM/lib/python3.11/site-packages/sklearn/metrics/_regression.py:483: FutureWarning: 'squared' is deprecated in version 1.4 and will be removed in 1.6. To calculate the root mean squared error, use the function'root_mean_squared_error'.
  warnings.warn(

2025-04-17 18:40:21,719:WARNING:/opt/anaconda3/envs/LSTM/lib/python3.11/site-packages/sklearn/metrics/_regression.py:483: FutureWarning: 'squared' is deprecated in version 1.4 and will be removed in 1.6. To calculate the root mean squared error, use the function'root_mean_squared_error'.
  warnings.warn(

2025-04-17 18:40:21,729:INFO:Calculating mean and std
2025-04-17 18:40:21,730:INFO:Creating metrics dataframe
2025-04-17 18:40:21,731:INFO:Finalizing model
2025-04-17 18:40:21,961:INFO:Uploading results into container
2025-04-17 18:40:21,961:INFO:Uploading model into container now
2025-04-17 18:40:21,962:INFO:_master_model_container: 3
2025-04-17 18:40:21,962:INFO:_display_container: 3
2025-04-17 18:40:21,962:INFO:AutoETS(seasonal='mul', sp=6, trend='add')
2025-04-17 18:40:21,962:INFO:create_model() successfully completed......................................
2025-04-17 18:40:22,118:INFO:Initializing get_config()
2025-04-17 18:40:22,118:INFO:get_config(self=<pycaret.time_series.forecasting.oop.TSForecastingExperiment object at 0x312d9ac90>, variable=y_train)
2025-04-17 18:40:22,118:INFO:Variable: 'y_train' used to return the transformed values in PyCaret 2.x. From PyCaret 3.x, this will return the raw values. If you need the transformed values, call get_config with 'y_train_transformed' instead.
2025-04-17 18:40:22,119:INFO:Variable:  returned as Date
2017-11-09    64.269699
2017-11-10    59.260101
2017-11-11    62.303299
2017-11-12    59.005402
2017-11-13    61.396500
                ...    
2023-06-24    89.744026
2023-06-25    88.275169
2023-06-26    87.275703
2023-06-27    87.998276
2023-06-28    83.061150
Freq: D, Name: ('Close', 'LTC-USD'), Length: 2058, dtype: float64
2025-04-17 18:40:22,119:INFO:get_config() successfully completed......................................
