2025-04-17 17:46:30,781:WARNING:
'prophet' is a soft dependency and not included in the pycaret installation. Please run: `pip install prophet` to install.
2025-04-17 17:46:39,686:INFO:PyCaret TSForecastingExperiment
2025-04-17 17:46:39,686:INFO:Logging name: ts-default-name
2025-04-17 17:46:39,686:INFO:ML Usecase: MLUsecase.TIME_SERIES
2025-04-17 17:46:39,686:INFO:version 3.3.2
2025-04-17 17:46:39,686:INFO:Initializing setup()
2025-04-17 17:46:39,686:INFO:self.USI: c62a
2025-04-17 17:46:39,686:INFO:self._variable_keys: {'y_test', 'X', 'fold_generator', 'fold_param', 'n_jobs_param', 'seasonality_present', 'exogenous_present', 'y', 'approach_type', 'html_param', 'y_test_transformed', 'gpu_param', 'enforce_exogenous', 'pipeline', 'model_engines', 'log_plots_param', 'index_type', 'enforce_pi', 'X_train_transformed', 'idx', 'X_transformed', 'all_sps_to_use', 'fh', 'strictly_positive', 'exp_id', 'y_train_transformed', 'y_train', 'USI', 'X_test_transformed', 'X_train', 'significant_sps_no_harmonics', 'X_test', 'candidate_sps', 'gpu_n_jobs_param', 'primary_sp_to_use', 'significant_sps', '_available_plots', 'memory', 'seed', '_ml_usecase', 'exp_name_log', 'y_transformed', 'data', 'logging_param'}
2025-04-17 17:46:39,686:INFO:Checking environment
2025-04-17 17:46:39,686:INFO:python_version: 3.11.8
2025-04-17 17:46:39,686:INFO:python_build: ('main', 'Feb 16 2024 20:49:36')
2025-04-17 17:46:39,686:INFO:machine: arm64
2025-04-17 17:46:39,686:INFO:platform: macOS-15.3.1-arm64-arm-64bit
2025-04-17 17:46:39,687:INFO:Memory: svmem(total=17179869184, available=2957033472, percent=82.8, used=4991172608, free=75710464, active=2889138176, inactive=2794029056, wired=2102034432)
2025-04-17 17:46:39,687:INFO:Physical Core: 8
2025-04-17 17:46:39,687:INFO:Logical Core: 8
2025-04-17 17:46:39,687:INFO:Checking libraries
2025-04-17 17:46:39,687:INFO:System:
2025-04-17 17:46:39,687:INFO:    python: 3.11.8 | packaged by conda-forge | (main, Feb 16 2024, 20:49:36) [Clang 16.0.6 ]
2025-04-17 17:46:39,687:INFO:executable: /opt/anaconda3/envs/LSTM/bin/python
2025-04-17 17:46:39,687:INFO:   machine: macOS-15.3.1-arm64-arm-64bit
2025-04-17 17:46:39,687:INFO:PyCaret required dependencies:
2025-04-17 17:46:39,741:INFO:                 pip: 25.0
2025-04-17 17:46:39,741:INFO:          setuptools: 75.8.0
2025-04-17 17:46:39,741:INFO:             pycaret: 3.3.2
2025-04-17 17:46:39,741:INFO:             IPython: 8.32.0
2025-04-17 17:46:39,741:INFO:          ipywidgets: 8.1.5
2025-04-17 17:46:39,741:INFO:                tqdm: 4.67.1
2025-04-17 17:46:39,741:INFO:               numpy: 1.26.4
2025-04-17 17:46:39,741:INFO:              pandas: 2.1.4
2025-04-17 17:46:39,741:INFO:              jinja2: 3.1.5
2025-04-17 17:46:39,741:INFO:               scipy: 1.11.4
2025-04-17 17:46:39,741:INFO:              joblib: 1.3.2
2025-04-17 17:46:39,741:INFO:             sklearn: 1.4.2
2025-04-17 17:46:39,741:INFO:                pyod: 2.0.3
2025-04-17 17:46:39,741:INFO:            imblearn: 0.13.0
2025-04-17 17:46:39,741:INFO:   category_encoders: 2.7.0
2025-04-17 17:46:39,741:INFO:            lightgbm: 4.6.0
2025-04-17 17:46:39,742:INFO:               numba: 0.61.0
2025-04-17 17:46:39,742:INFO:            requests: 2.32.3
2025-04-17 17:46:39,742:INFO:          matplotlib: 3.7.5
2025-04-17 17:46:39,742:INFO:          scikitplot: 0.3.7
2025-04-17 17:46:39,742:INFO:         yellowbrick: 1.5
2025-04-17 17:46:39,742:INFO:              plotly: 5.24.1
2025-04-17 17:46:39,742:INFO:    plotly-resampler: Not installed
2025-04-17 17:46:39,742:INFO:             kaleido: 0.2.1
2025-04-17 17:46:39,742:INFO:           schemdraw: 0.15
2025-04-17 17:46:39,742:INFO:         statsmodels: 0.14.4
2025-04-17 17:46:39,742:INFO:              sktime: 0.26.0
2025-04-17 17:46:39,742:INFO:               tbats: 1.1.3
2025-04-17 17:46:39,742:INFO:            pmdarima: 2.0.4
2025-04-17 17:46:39,742:INFO:              psutil: 5.9.0
2025-04-17 17:46:39,742:INFO:          markupsafe: 3.0.2
2025-04-17 17:46:39,742:INFO:             pickle5: Not installed
2025-04-17 17:46:39,742:INFO:         cloudpickle: 3.1.1
2025-04-17 17:46:39,742:INFO:         deprecation: 2.1.0
2025-04-17 17:46:39,742:INFO:              xxhash: 3.5.0
2025-04-17 17:46:39,742:INFO:           wurlitzer: 3.1.1
2025-04-17 17:46:39,742:INFO:PyCaret optional dependencies:
2025-04-17 17:46:39,978:INFO:                shap: Not installed
2025-04-17 17:46:39,978:INFO:           interpret: Not installed
2025-04-17 17:46:39,978:INFO:                umap: Not installed
2025-04-17 17:46:39,981:INFO:     ydata_profiling: Not installed
2025-04-17 17:46:39,981:INFO:  explainerdashboard: Not installed
2025-04-17 17:46:39,981:INFO:             autoviz: Not installed
2025-04-17 17:46:39,981:INFO:           fairlearn: Not installed
2025-04-17 17:46:39,981:INFO:          deepchecks: Not installed
2025-04-17 17:46:39,981:INFO:             xgboost: Not installed
2025-04-17 17:46:39,982:INFO:            catboost: Not installed
2025-04-17 17:46:39,982:INFO:              kmodes: Not installed
2025-04-17 17:46:39,982:INFO:             mlxtend: Not installed
2025-04-17 17:46:39,982:INFO:       statsforecast: Not installed
2025-04-17 17:46:39,982:INFO:        tune_sklearn: Not installed
2025-04-17 17:46:39,982:INFO:                 ray: Not installed
2025-04-17 17:46:39,982:INFO:            hyperopt: Not installed
2025-04-17 17:46:39,982:INFO:              optuna: Not installed
2025-04-17 17:46:39,982:INFO:               skopt: Not installed
2025-04-17 17:46:39,982:INFO:              mlflow: Not installed
2025-04-17 17:46:39,982:INFO:              gradio: Not installed
2025-04-17 17:46:39,982:INFO:             fastapi: Not installed
2025-04-17 17:46:39,982:INFO:             uvicorn: Not installed
2025-04-17 17:46:39,982:INFO:              m2cgen: Not installed
2025-04-17 17:46:39,982:INFO:           evidently: Not installed
2025-04-17 17:46:39,982:INFO:               fugue: Not installed
2025-04-17 17:46:39,982:INFO:           streamlit: Not installed
2025-04-17 17:46:39,982:INFO:             prophet: Not installed
2025-04-17 17:46:39,982:INFO:None
2025-04-17 17:46:39,999:INFO:Set Forecast Horizon.
2025-04-17 17:46:40,000:INFO:Set up Train-Test Splits.
2025-04-17 17:46:40,008:INFO:Preparing preprocessing pipeline...
2025-04-17 17:46:40,009:INFO:Set up imputation for Target variable(s).
2025-04-17 17:46:40,081:INFO:Finished creating preprocessing pipeline.
2025-04-17 17:46:40,085:INFO:Pipeline: ForecastingPipeline(steps=[('forecaster',
                            TransformedTargetForecaster(steps=[('transformer_target',
                                                                TransformerPipeline(steps=[('numerical_imputer',
                                                                                            Imputer(method='ffill',
                                                                                                    random_state=123))])),
                                                               ('model',
                                                                DummyForecaster())]))])
2025-04-17 17:46:40,085:INFO:Set up Seasonal Period.
2025-04-17 17:46:40,096:INFO:Setting the seasonal component type - 'add' or 'mul'.
2025-04-17 17:46:40,096:INFO:Checking if data is strictly positive.
2025-04-17 17:46:40,202:INFO:Creating final display dataframe.
2025-04-17 17:46:40,213:INFO:Setup Display Container:                                           Description                    Value
0                                          session_id                      123
1                                              Target    ('Close', 'USDT-USD')
2                                            Approach               Univariate
3                                 Exogenous Variables              Not Present
4                                 Original data shape                (2088, 1)
5                              Transformed data shape                (2088, 1)
6                         Transformed train set shape                (2058, 1)
7                          Transformed test set shape                  (30, 1)
8                            Rows with missing values                     0.0%
9                                      Fold Generator  ExpandingWindowSplitter
10                                        Fold Number                        3
11                        Enforce Prediction Interval                    False
12                    Splits used for hyperparameters                      all
13                    User Defined Seasonal Period(s)                     None
14                            Ignore Seasonality Test                    False
15                         Seasonality Detection Algo                     auto
16                             Max Period to Consider                       60
17                          Seasonal Period(s) Tested      [11, 7, 40, 31, 35]
18                     Significant Seasonal Period(s)      [11, 7, 40, 31, 35]
19   Significant Seasonal Period(s) without Harmonics         [11, 35, 40, 31]
20                                   Remove Harmonics                    False
21                             Harmonics Order Method             harmonic_max
22                           Num Seasonalities to Use                        1
23                           All Seasonalities to Use                     [11]
24                                Primary Seasonality                       11
25                                Seasonality Present                     True
26                                   Seasonality Type                      mul
27                           Target Strictly Positive                     True
28                                 Target White Noise                       No
29                                      Recommended d                        1
30                             Recommended Seasonal D                        0
31                                         Preprocess                     True
32                      Numerical Imputation (Target)                    ffill
33                            Transformation (Target)                     None
34                                   Scaling (Target)                     None
35  Feature Engineering (Target) - Reduced Regression                    False
36                                           CPU Jobs                       -1
37                                            Use GPU                    False
38                                     Log Experiment                    False
39                                    Experiment Name          ts-default-name
40                                                USI                     c62a
2025-04-17 17:46:40,213:INFO:Engine successfully changes for model 'auto_arima' to 'pmdarima'.
2025-04-17 17:46:40,233:WARNING:
'prophet' is a soft dependency and not included in the pycaret installation. Please run: `pip install prophet` to install.
2025-04-17 17:46:40,233:INFO:Engine for model 'lr_cds_dt' has not been set explicitly, hence returning None.
2025-04-17 17:46:40,234:INFO:Engine for model 'en_cds_dt' has not been set explicitly, hence returning None.
2025-04-17 17:46:40,234:INFO:Engine for model 'ridge_cds_dt' has not been set explicitly, hence returning None.
2025-04-17 17:46:40,234:INFO:Engine for model 'lasso_cds_dt' has not been set explicitly, hence returning None.
2025-04-17 17:46:40,235:INFO:Engine for model 'llar_cds_dt' has not been set explicitly, hence returning None.
2025-04-17 17:46:40,235:INFO:Engine for model 'br_cds_dt' has not been set explicitly, hence returning None.
2025-04-17 17:46:40,235:INFO:Engine for model 'huber_cds_dt' has not been set explicitly, hence returning None.
2025-04-17 17:46:40,236:INFO:Engine for model 'omp_cds_dt' has not been set explicitly, hence returning None.
2025-04-17 17:46:40,236:INFO:Engine for model 'knn_cds_dt' has not been set explicitly, hence returning None.
2025-04-17 17:46:40,237:INFO:Engine for model 'dt_cds_dt' has not been set explicitly, hence returning None.
2025-04-17 17:46:40,237:INFO:Engine for model 'rf_cds_dt' has not been set explicitly, hence returning None.
2025-04-17 17:46:40,237:INFO:Engine for model 'et_cds_dt' has not been set explicitly, hence returning None.
2025-04-17 17:46:40,237:INFO:Engine for model 'gbr_cds_dt' has not been set explicitly, hence returning None.
2025-04-17 17:46:40,237:INFO:Engine for model 'ada_cds_dt' has not been set explicitly, hence returning None.
2025-04-17 17:46:40,238:INFO:Engine for model 'xgboost_cds_dt' has not been set explicitly, hence returning None.
2025-04-17 17:46:40,238:WARNING:
'xgboost' is a soft dependency and not included in the pycaret installation. Please run: `pip install xgboost` to install.
Alternately, you can install this by running `pip install pycaret[models]`
2025-04-17 17:46:40,238:WARNING:
'xgboost' is a soft dependency and not included in the pycaret installation. Please run: `pip install xgboost` to install.
Alternately, you can install this by running `pip install pycaret[models]`
2025-04-17 17:46:40,238:INFO:Engine for model 'lightgbm_cds_dt' has not been set explicitly, hence returning None.
2025-04-17 17:46:40,239:INFO:Engine for model 'catboost_cds_dt' has not been set explicitly, hence returning None.
2025-04-17 17:46:40,239:WARNING:
'catboost' is a soft dependency and not included in the pycaret installation. Please run: `pip install catboost` to install.
Alternately, you can install this by running `pip install pycaret[models]`
2025-04-17 17:46:40,239:WARNING:
'catboost' is a soft dependency and not included in the pycaret installation. Please run: `pip install catboost` to install.
Alternately, you can install this by running `pip install pycaret[models]`
2025-04-17 17:46:40,242:WARNING:
'prophet' is a soft dependency and not included in the pycaret installation. Please run: `pip install prophet` to install.
2025-04-17 17:46:40,242:INFO:Engine for model 'lr_cds_dt' has not been set explicitly, hence returning None.
2025-04-17 17:46:40,243:INFO:Engine for model 'en_cds_dt' has not been set explicitly, hence returning None.
2025-04-17 17:46:40,243:INFO:Engine for model 'ridge_cds_dt' has not been set explicitly, hence returning None.
2025-04-17 17:46:40,243:INFO:Engine for model 'lasso_cds_dt' has not been set explicitly, hence returning None.
2025-04-17 17:46:40,290:INFO:Engine for model 'llar_cds_dt' has not been set explicitly, hence returning None.
2025-04-17 17:46:40,291:INFO:Engine for model 'br_cds_dt' has not been set explicitly, hence returning None.
2025-04-17 17:46:40,320:INFO:Engine for model 'huber_cds_dt' has not been set explicitly, hence returning None.
2025-04-17 17:46:40,353:INFO:Engine for model 'omp_cds_dt' has not been set explicitly, hence returning None.
2025-04-17 17:46:40,368:INFO:Engine for model 'knn_cds_dt' has not been set explicitly, hence returning None.
2025-04-17 17:46:40,368:INFO:Engine for model 'dt_cds_dt' has not been set explicitly, hence returning None.
2025-04-17 17:46:40,368:INFO:Engine for model 'rf_cds_dt' has not been set explicitly, hence returning None.
2025-04-17 17:46:40,369:INFO:Engine for model 'et_cds_dt' has not been set explicitly, hence returning None.
2025-04-17 17:46:40,369:INFO:Engine for model 'gbr_cds_dt' has not been set explicitly, hence returning None.
2025-04-17 17:46:40,369:INFO:Engine for model 'ada_cds_dt' has not been set explicitly, hence returning None.
2025-04-17 17:46:40,369:INFO:Engine for model 'xgboost_cds_dt' has not been set explicitly, hence returning None.
2025-04-17 17:46:40,369:WARNING:
'xgboost' is a soft dependency and not included in the pycaret installation. Please run: `pip install xgboost` to install.
Alternately, you can install this by running `pip install pycaret[models]`
2025-04-17 17:46:40,369:WARNING:
'xgboost' is a soft dependency and not included in the pycaret installation. Please run: `pip install xgboost` to install.
Alternately, you can install this by running `pip install pycaret[models]`
2025-04-17 17:46:40,369:INFO:Engine for model 'lightgbm_cds_dt' has not been set explicitly, hence returning None.
2025-04-17 17:46:40,369:INFO:Engine for model 'catboost_cds_dt' has not been set explicitly, hence returning None.
2025-04-17 17:46:40,369:WARNING:
'catboost' is a soft dependency and not included in the pycaret installation. Please run: `pip install catboost` to install.
Alternately, you can install this by running `pip install pycaret[models]`
2025-04-17 17:46:40,369:WARNING:
'catboost' is a soft dependency and not included in the pycaret installation. Please run: `pip install catboost` to install.
Alternately, you can install this by running `pip install pycaret[models]`
2025-04-17 17:46:40,369:INFO:Engine successfully changes for model 'lr_cds_dt' to 'sklearn'.
2025-04-17 17:46:40,376:WARNING:
'prophet' is a soft dependency and not included in the pycaret installation. Please run: `pip install prophet` to install.
2025-04-17 17:46:40,376:INFO:Engine for model 'en_cds_dt' has not been set explicitly, hence returning None.
2025-04-17 17:46:40,376:INFO:Engine for model 'ridge_cds_dt' has not been set explicitly, hence returning None.
2025-04-17 17:46:40,376:INFO:Engine for model 'lasso_cds_dt' has not been set explicitly, hence returning None.
2025-04-17 17:46:40,376:INFO:Engine for model 'llar_cds_dt' has not been set explicitly, hence returning None.
2025-04-17 17:46:40,377:INFO:Engine for model 'br_cds_dt' has not been set explicitly, hence returning None.
2025-04-17 17:46:40,377:INFO:Engine for model 'huber_cds_dt' has not been set explicitly, hence returning None.
2025-04-17 17:46:40,383:INFO:Engine for model 'omp_cds_dt' has not been set explicitly, hence returning None.
2025-04-17 17:46:40,383:INFO:Engine for model 'knn_cds_dt' has not been set explicitly, hence returning None.
2025-04-17 17:46:40,384:INFO:Engine for model 'dt_cds_dt' has not been set explicitly, hence returning None.
2025-04-17 17:46:40,384:INFO:Engine for model 'rf_cds_dt' has not been set explicitly, hence returning None.
2025-04-17 17:46:40,384:INFO:Engine for model 'et_cds_dt' has not been set explicitly, hence returning None.
2025-04-17 17:46:40,384:INFO:Engine for model 'gbr_cds_dt' has not been set explicitly, hence returning None.
2025-04-17 17:46:40,385:INFO:Engine for model 'ada_cds_dt' has not been set explicitly, hence returning None.
2025-04-17 17:46:40,386:INFO:Engine for model 'xgboost_cds_dt' has not been set explicitly, hence returning None.
2025-04-17 17:46:40,386:WARNING:
'xgboost' is a soft dependency and not included in the pycaret installation. Please run: `pip install xgboost` to install.
Alternately, you can install this by running `pip install pycaret[models]`
2025-04-17 17:46:40,387:WARNING:
'xgboost' is a soft dependency and not included in the pycaret installation. Please run: `pip install xgboost` to install.
Alternately, you can install this by running `pip install pycaret[models]`
2025-04-17 17:46:40,387:INFO:Engine for model 'lightgbm_cds_dt' has not been set explicitly, hence returning None.
2025-04-17 17:46:40,387:INFO:Engine for model 'catboost_cds_dt' has not been set explicitly, hence returning None.
2025-04-17 17:46:40,387:WARNING:
'catboost' is a soft dependency and not included in the pycaret installation. Please run: `pip install catboost` to install.
Alternately, you can install this by running `pip install pycaret[models]`
2025-04-17 17:46:40,387:WARNING:
'catboost' is a soft dependency and not included in the pycaret installation. Please run: `pip install catboost` to install.
Alternately, you can install this by running `pip install pycaret[models]`
2025-04-17 17:46:40,423:WARNING:
'prophet' is a soft dependency and not included in the pycaret installation. Please run: `pip install prophet` to install.
2025-04-17 17:46:40,424:INFO:Engine for model 'en_cds_dt' has not been set explicitly, hence returning None.
2025-04-17 17:46:40,432:INFO:Engine for model 'ridge_cds_dt' has not been set explicitly, hence returning None.
2025-04-17 17:46:40,432:INFO:Engine for model 'lasso_cds_dt' has not been set explicitly, hence returning None.
2025-04-17 17:46:40,432:INFO:Engine for model 'llar_cds_dt' has not been set explicitly, hence returning None.
2025-04-17 17:46:40,438:INFO:Engine for model 'br_cds_dt' has not been set explicitly, hence returning None.
2025-04-17 17:46:40,439:INFO:Engine for model 'huber_cds_dt' has not been set explicitly, hence returning None.
2025-04-17 17:46:40,440:INFO:Engine for model 'omp_cds_dt' has not been set explicitly, hence returning None.
2025-04-17 17:46:40,442:INFO:Engine for model 'knn_cds_dt' has not been set explicitly, hence returning None.
2025-04-17 17:46:40,442:INFO:Engine for model 'dt_cds_dt' has not been set explicitly, hence returning None.
2025-04-17 17:46:40,442:INFO:Engine for model 'rf_cds_dt' has not been set explicitly, hence returning None.
2025-04-17 17:46:40,442:INFO:Engine for model 'et_cds_dt' has not been set explicitly, hence returning None.
2025-04-17 17:46:40,442:INFO:Engine for model 'gbr_cds_dt' has not been set explicitly, hence returning None.
2025-04-17 17:46:40,442:INFO:Engine for model 'ada_cds_dt' has not been set explicitly, hence returning None.
2025-04-17 17:46:40,442:INFO:Engine for model 'xgboost_cds_dt' has not been set explicitly, hence returning None.
2025-04-17 17:46:40,442:WARNING:
'xgboost' is a soft dependency and not included in the pycaret installation. Please run: `pip install xgboost` to install.
Alternately, you can install this by running `pip install pycaret[models]`
2025-04-17 17:46:40,442:WARNING:
'xgboost' is a soft dependency and not included in the pycaret installation. Please run: `pip install xgboost` to install.
Alternately, you can install this by running `pip install pycaret[models]`
2025-04-17 17:46:40,442:INFO:Engine for model 'lightgbm_cds_dt' has not been set explicitly, hence returning None.
2025-04-17 17:46:40,443:INFO:Engine for model 'catboost_cds_dt' has not been set explicitly, hence returning None.
2025-04-17 17:46:40,443:WARNING:
'catboost' is a soft dependency and not included in the pycaret installation. Please run: `pip install catboost` to install.
Alternately, you can install this by running `pip install pycaret[models]`
2025-04-17 17:46:40,443:WARNING:
'catboost' is a soft dependency and not included in the pycaret installation. Please run: `pip install catboost` to install.
Alternately, you can install this by running `pip install pycaret[models]`
2025-04-17 17:46:40,443:INFO:Engine successfully changes for model 'en_cds_dt' to 'sklearn'.
2025-04-17 17:46:40,444:WARNING:
'prophet' is a soft dependency and not included in the pycaret installation. Please run: `pip install prophet` to install.
2025-04-17 17:46:40,444:INFO:Engine for model 'ridge_cds_dt' has not been set explicitly, hence returning None.
2025-04-17 17:46:40,444:INFO:Engine for model 'lasso_cds_dt' has not been set explicitly, hence returning None.
2025-04-17 17:46:40,444:INFO:Engine for model 'llar_cds_dt' has not been set explicitly, hence returning None.
2025-04-17 17:46:40,445:INFO:Engine for model 'br_cds_dt' has not been set explicitly, hence returning None.
2025-04-17 17:46:40,445:INFO:Engine for model 'huber_cds_dt' has not been set explicitly, hence returning None.
2025-04-17 17:46:40,445:INFO:Engine for model 'omp_cds_dt' has not been set explicitly, hence returning None.
2025-04-17 17:46:40,455:INFO:Engine for model 'knn_cds_dt' has not been set explicitly, hence returning None.
2025-04-17 17:46:40,455:INFO:Engine for model 'dt_cds_dt' has not been set explicitly, hence returning None.
2025-04-17 17:46:40,456:INFO:Engine for model 'rf_cds_dt' has not been set explicitly, hence returning None.
2025-04-17 17:46:40,457:INFO:Engine for model 'et_cds_dt' has not been set explicitly, hence returning None.
2025-04-17 17:46:40,458:INFO:Engine for model 'gbr_cds_dt' has not been set explicitly, hence returning None.
2025-04-17 17:46:40,458:INFO:Engine for model 'ada_cds_dt' has not been set explicitly, hence returning None.
2025-04-17 17:46:40,459:INFO:Engine for model 'xgboost_cds_dt' has not been set explicitly, hence returning None.
2025-04-17 17:46:40,459:WARNING:
'xgboost' is a soft dependency and not included in the pycaret installation. Please run: `pip install xgboost` to install.
Alternately, you can install this by running `pip install pycaret[models]`
2025-04-17 17:46:40,459:WARNING:
'xgboost' is a soft dependency and not included in the pycaret installation. Please run: `pip install xgboost` to install.
Alternately, you can install this by running `pip install pycaret[models]`
2025-04-17 17:46:40,459:INFO:Engine for model 'lightgbm_cds_dt' has not been set explicitly, hence returning None.
2025-04-17 17:46:40,459:INFO:Engine for model 'catboost_cds_dt' has not been set explicitly, hence returning None.
2025-04-17 17:46:40,459:WARNING:
'catboost' is a soft dependency and not included in the pycaret installation. Please run: `pip install catboost` to install.
Alternately, you can install this by running `pip install pycaret[models]`
2025-04-17 17:46:40,460:WARNING:
'catboost' is a soft dependency and not included in the pycaret installation. Please run: `pip install catboost` to install.
Alternately, you can install this by running `pip install pycaret[models]`
2025-04-17 17:46:40,465:WARNING:
'prophet' is a soft dependency and not included in the pycaret installation. Please run: `pip install prophet` to install.
2025-04-17 17:46:40,467:INFO:Engine for model 'ridge_cds_dt' has not been set explicitly, hence returning None.
2025-04-17 17:46:40,468:INFO:Engine for model 'lasso_cds_dt' has not been set explicitly, hence returning None.
2025-04-17 17:46:40,468:INFO:Engine for model 'llar_cds_dt' has not been set explicitly, hence returning None.
2025-04-17 17:46:40,469:INFO:Engine for model 'br_cds_dt' has not been set explicitly, hence returning None.
2025-04-17 17:46:40,470:INFO:Engine for model 'huber_cds_dt' has not been set explicitly, hence returning None.
2025-04-17 17:46:40,474:INFO:Engine for model 'omp_cds_dt' has not been set explicitly, hence returning None.
2025-04-17 17:46:40,476:INFO:Engine for model 'knn_cds_dt' has not been set explicitly, hence returning None.
2025-04-17 17:46:40,477:INFO:Engine for model 'dt_cds_dt' has not been set explicitly, hence returning None.
2025-04-17 17:46:40,477:INFO:Engine for model 'rf_cds_dt' has not been set explicitly, hence returning None.
2025-04-17 17:46:40,477:INFO:Engine for model 'et_cds_dt' has not been set explicitly, hence returning None.
2025-04-17 17:46:40,478:INFO:Engine for model 'gbr_cds_dt' has not been set explicitly, hence returning None.
2025-04-17 17:46:40,478:INFO:Engine for model 'ada_cds_dt' has not been set explicitly, hence returning None.
2025-04-17 17:46:40,478:INFO:Engine for model 'xgboost_cds_dt' has not been set explicitly, hence returning None.
2025-04-17 17:46:40,478:WARNING:
'xgboost' is a soft dependency and not included in the pycaret installation. Please run: `pip install xgboost` to install.
Alternately, you can install this by running `pip install pycaret[models]`
2025-04-17 17:46:40,478:WARNING:
'xgboost' is a soft dependency and not included in the pycaret installation. Please run: `pip install xgboost` to install.
Alternately, you can install this by running `pip install pycaret[models]`
2025-04-17 17:46:40,478:INFO:Engine for model 'lightgbm_cds_dt' has not been set explicitly, hence returning None.
2025-04-17 17:46:40,480:INFO:Engine for model 'catboost_cds_dt' has not been set explicitly, hence returning None.
2025-04-17 17:46:40,481:WARNING:
'catboost' is a soft dependency and not included in the pycaret installation. Please run: `pip install catboost` to install.
Alternately, you can install this by running `pip install pycaret[models]`
2025-04-17 17:46:40,481:WARNING:
'catboost' is a soft dependency and not included in the pycaret installation. Please run: `pip install catboost` to install.
Alternately, you can install this by running `pip install pycaret[models]`
2025-04-17 17:46:40,481:INFO:Engine successfully changes for model 'ridge_cds_dt' to 'sklearn'.
2025-04-17 17:46:40,484:WARNING:
'prophet' is a soft dependency and not included in the pycaret installation. Please run: `pip install prophet` to install.
2025-04-17 17:46:40,484:INFO:Engine for model 'lasso_cds_dt' has not been set explicitly, hence returning None.
2025-04-17 17:46:40,484:INFO:Engine for model 'llar_cds_dt' has not been set explicitly, hence returning None.
2025-04-17 17:46:40,484:INFO:Engine for model 'br_cds_dt' has not been set explicitly, hence returning None.
2025-04-17 17:46:40,484:INFO:Engine for model 'huber_cds_dt' has not been set explicitly, hence returning None.
2025-04-17 17:46:40,485:INFO:Engine for model 'omp_cds_dt' has not been set explicitly, hence returning None.
2025-04-17 17:46:40,485:INFO:Engine for model 'knn_cds_dt' has not been set explicitly, hence returning None.
2025-04-17 17:46:40,486:INFO:Engine for model 'dt_cds_dt' has not been set explicitly, hence returning None.
2025-04-17 17:46:40,486:INFO:Engine for model 'rf_cds_dt' has not been set explicitly, hence returning None.
2025-04-17 17:46:40,486:INFO:Engine for model 'et_cds_dt' has not been set explicitly, hence returning None.
2025-04-17 17:46:40,486:INFO:Engine for model 'gbr_cds_dt' has not been set explicitly, hence returning None.
2025-04-17 17:46:40,486:INFO:Engine for model 'ada_cds_dt' has not been set explicitly, hence returning None.
2025-04-17 17:46:40,486:INFO:Engine for model 'xgboost_cds_dt' has not been set explicitly, hence returning None.
2025-04-17 17:46:40,486:WARNING:
'xgboost' is a soft dependency and not included in the pycaret installation. Please run: `pip install xgboost` to install.
Alternately, you can install this by running `pip install pycaret[models]`
2025-04-17 17:46:40,486:WARNING:
'xgboost' is a soft dependency and not included in the pycaret installation. Please run: `pip install xgboost` to install.
Alternately, you can install this by running `pip install pycaret[models]`
2025-04-17 17:46:40,486:INFO:Engine for model 'lightgbm_cds_dt' has not been set explicitly, hence returning None.
2025-04-17 17:46:40,486:INFO:Engine for model 'catboost_cds_dt' has not been set explicitly, hence returning None.
2025-04-17 17:46:40,486:WARNING:
'catboost' is a soft dependency and not included in the pycaret installation. Please run: `pip install catboost` to install.
Alternately, you can install this by running `pip install pycaret[models]`
2025-04-17 17:46:40,486:WARNING:
'catboost' is a soft dependency and not included in the pycaret installation. Please run: `pip install catboost` to install.
Alternately, you can install this by running `pip install pycaret[models]`
2025-04-17 17:46:40,490:WARNING:
'prophet' is a soft dependency and not included in the pycaret installation. Please run: `pip install prophet` to install.
2025-04-17 17:46:40,492:INFO:Engine for model 'lasso_cds_dt' has not been set explicitly, hence returning None.
2025-04-17 17:46:40,492:INFO:Engine for model 'llar_cds_dt' has not been set explicitly, hence returning None.
2025-04-17 17:46:40,498:INFO:Engine for model 'br_cds_dt' has not been set explicitly, hence returning None.
2025-04-17 17:46:40,499:INFO:Engine for model 'huber_cds_dt' has not been set explicitly, hence returning None.
2025-04-17 17:46:40,506:INFO:Engine for model 'omp_cds_dt' has not been set explicitly, hence returning None.
2025-04-17 17:46:40,510:INFO:Engine for model 'knn_cds_dt' has not been set explicitly, hence returning None.
2025-04-17 17:46:40,510:INFO:Engine for model 'dt_cds_dt' has not been set explicitly, hence returning None.
2025-04-17 17:46:40,510:INFO:Engine for model 'rf_cds_dt' has not been set explicitly, hence returning None.
2025-04-17 17:46:40,511:INFO:Engine for model 'et_cds_dt' has not been set explicitly, hence returning None.
2025-04-17 17:46:40,511:INFO:Engine for model 'gbr_cds_dt' has not been set explicitly, hence returning None.
2025-04-17 17:46:40,511:INFO:Engine for model 'ada_cds_dt' has not been set explicitly, hence returning None.
2025-04-17 17:46:40,512:INFO:Engine for model 'xgboost_cds_dt' has not been set explicitly, hence returning None.
2025-04-17 17:46:40,512:WARNING:
'xgboost' is a soft dependency and not included in the pycaret installation. Please run: `pip install xgboost` to install.
Alternately, you can install this by running `pip install pycaret[models]`
2025-04-17 17:46:40,512:WARNING:
'xgboost' is a soft dependency and not included in the pycaret installation. Please run: `pip install xgboost` to install.
Alternately, you can install this by running `pip install pycaret[models]`
2025-04-17 17:46:40,512:INFO:Engine for model 'lightgbm_cds_dt' has not been set explicitly, hence returning None.
2025-04-17 17:46:40,512:INFO:Engine for model 'catboost_cds_dt' has not been set explicitly, hence returning None.
2025-04-17 17:46:40,512:WARNING:
'catboost' is a soft dependency and not included in the pycaret installation. Please run: `pip install catboost` to install.
Alternately, you can install this by running `pip install pycaret[models]`
2025-04-17 17:46:40,512:WARNING:
'catboost' is a soft dependency and not included in the pycaret installation. Please run: `pip install catboost` to install.
Alternately, you can install this by running `pip install pycaret[models]`
2025-04-17 17:46:40,513:INFO:Engine successfully changes for model 'lasso_cds_dt' to 'sklearn'.
2025-04-17 17:46:40,519:WARNING:
'prophet' is a soft dependency and not included in the pycaret installation. Please run: `pip install prophet` to install.
2025-04-17 17:46:40,521:INFO:Engine for model 'llar_cds_dt' has not been set explicitly, hence returning None.
2025-04-17 17:46:40,521:INFO:Engine for model 'br_cds_dt' has not been set explicitly, hence returning None.
2025-04-17 17:46:40,522:INFO:Engine for model 'huber_cds_dt' has not been set explicitly, hence returning None.
2025-04-17 17:46:40,526:INFO:Engine for model 'omp_cds_dt' has not been set explicitly, hence returning None.
2025-04-17 17:46:40,528:INFO:Engine for model 'knn_cds_dt' has not been set explicitly, hence returning None.
2025-04-17 17:46:40,528:INFO:Engine for model 'dt_cds_dt' has not been set explicitly, hence returning None.
2025-04-17 17:46:40,528:INFO:Engine for model 'rf_cds_dt' has not been set explicitly, hence returning None.
2025-04-17 17:46:40,531:INFO:Engine for model 'et_cds_dt' has not been set explicitly, hence returning None.
2025-04-17 17:46:40,532:INFO:Engine for model 'gbr_cds_dt' has not been set explicitly, hence returning None.
2025-04-17 17:46:40,534:INFO:Engine for model 'ada_cds_dt' has not been set explicitly, hence returning None.
2025-04-17 17:46:40,535:INFO:Engine for model 'xgboost_cds_dt' has not been set explicitly, hence returning None.
2025-04-17 17:46:40,537:WARNING:
'xgboost' is a soft dependency and not included in the pycaret installation. Please run: `pip install xgboost` to install.
Alternately, you can install this by running `pip install pycaret[models]`
2025-04-17 17:46:40,537:WARNING:
'xgboost' is a soft dependency and not included in the pycaret installation. Please run: `pip install xgboost` to install.
Alternately, you can install this by running `pip install pycaret[models]`
2025-04-17 17:46:40,537:INFO:Engine for model 'lightgbm_cds_dt' has not been set explicitly, hence returning None.
2025-04-17 17:46:40,540:INFO:Engine for model 'catboost_cds_dt' has not been set explicitly, hence returning None.
2025-04-17 17:46:40,541:WARNING:
'catboost' is a soft dependency and not included in the pycaret installation. Please run: `pip install catboost` to install.
Alternately, you can install this by running `pip install pycaret[models]`
2025-04-17 17:46:40,541:WARNING:
'catboost' is a soft dependency and not included in the pycaret installation. Please run: `pip install catboost` to install.
Alternately, you can install this by running `pip install pycaret[models]`
2025-04-17 17:46:40,552:WARNING:
'prophet' is a soft dependency and not included in the pycaret installation. Please run: `pip install prophet` to install.
2025-04-17 17:46:40,553:INFO:Engine for model 'llar_cds_dt' has not been set explicitly, hence returning None.
2025-04-17 17:46:40,554:INFO:Engine for model 'br_cds_dt' has not been set explicitly, hence returning None.
2025-04-17 17:46:40,554:INFO:Engine for model 'huber_cds_dt' has not been set explicitly, hence returning None.
2025-04-17 17:46:40,556:INFO:Engine for model 'omp_cds_dt' has not been set explicitly, hence returning None.
2025-04-17 17:46:40,557:INFO:Engine for model 'knn_cds_dt' has not been set explicitly, hence returning None.
2025-04-17 17:46:40,557:INFO:Engine for model 'dt_cds_dt' has not been set explicitly, hence returning None.
2025-04-17 17:46:40,557:INFO:Engine for model 'rf_cds_dt' has not been set explicitly, hence returning None.
2025-04-17 17:46:40,558:INFO:Engine for model 'et_cds_dt' has not been set explicitly, hence returning None.
2025-04-17 17:46:40,558:INFO:Engine for model 'gbr_cds_dt' has not been set explicitly, hence returning None.
2025-04-17 17:46:40,558:INFO:Engine for model 'ada_cds_dt' has not been set explicitly, hence returning None.
2025-04-17 17:46:40,558:INFO:Engine for model 'xgboost_cds_dt' has not been set explicitly, hence returning None.
2025-04-17 17:46:40,558:WARNING:
'xgboost' is a soft dependency and not included in the pycaret installation. Please run: `pip install xgboost` to install.
Alternately, you can install this by running `pip install pycaret[models]`
2025-04-17 17:46:40,558:WARNING:
'xgboost' is a soft dependency and not included in the pycaret installation. Please run: `pip install xgboost` to install.
Alternately, you can install this by running `pip install pycaret[models]`
2025-04-17 17:46:40,558:INFO:Engine for model 'lightgbm_cds_dt' has not been set explicitly, hence returning None.
2025-04-17 17:46:40,558:INFO:Engine for model 'catboost_cds_dt' has not been set explicitly, hence returning None.
2025-04-17 17:46:40,558:WARNING:
'catboost' is a soft dependency and not included in the pycaret installation. Please run: `pip install catboost` to install.
Alternately, you can install this by running `pip install pycaret[models]`
2025-04-17 17:46:40,558:WARNING:
'catboost' is a soft dependency and not included in the pycaret installation. Please run: `pip install catboost` to install.
Alternately, you can install this by running `pip install pycaret[models]`
2025-04-17 17:46:40,559:INFO:Engine successfully changes for model 'lar_cds_dt' to 'sklearn'.
2025-04-17 17:46:40,561:WARNING:
'prophet' is a soft dependency and not included in the pycaret installation. Please run: `pip install prophet` to install.
2025-04-17 17:46:40,562:INFO:Engine for model 'llar_cds_dt' has not been set explicitly, hence returning None.
2025-04-17 17:46:40,562:INFO:Engine for model 'br_cds_dt' has not been set explicitly, hence returning None.
2025-04-17 17:46:40,562:INFO:Engine for model 'huber_cds_dt' has not been set explicitly, hence returning None.
2025-04-17 17:46:40,565:INFO:Engine for model 'omp_cds_dt' has not been set explicitly, hence returning None.
2025-04-17 17:46:40,566:INFO:Engine for model 'knn_cds_dt' has not been set explicitly, hence returning None.
2025-04-17 17:46:40,567:INFO:Engine for model 'dt_cds_dt' has not been set explicitly, hence returning None.
2025-04-17 17:46:40,567:INFO:Engine for model 'rf_cds_dt' has not been set explicitly, hence returning None.
2025-04-17 17:46:40,568:INFO:Engine for model 'et_cds_dt' has not been set explicitly, hence returning None.
2025-04-17 17:46:40,568:INFO:Engine for model 'gbr_cds_dt' has not been set explicitly, hence returning None.
2025-04-17 17:46:40,568:INFO:Engine for model 'ada_cds_dt' has not been set explicitly, hence returning None.
2025-04-17 17:46:40,568:INFO:Engine for model 'xgboost_cds_dt' has not been set explicitly, hence returning None.
2025-04-17 17:46:40,568:WARNING:
'xgboost' is a soft dependency and not included in the pycaret installation. Please run: `pip install xgboost` to install.
Alternately, you can install this by running `pip install pycaret[models]`
2025-04-17 17:46:40,568:WARNING:
'xgboost' is a soft dependency and not included in the pycaret installation. Please run: `pip install xgboost` to install.
Alternately, you can install this by running `pip install pycaret[models]`
2025-04-17 17:46:40,568:INFO:Engine for model 'lightgbm_cds_dt' has not been set explicitly, hence returning None.
2025-04-17 17:46:40,568:INFO:Engine for model 'catboost_cds_dt' has not been set explicitly, hence returning None.
2025-04-17 17:46:40,568:WARNING:
'catboost' is a soft dependency and not included in the pycaret installation. Please run: `pip install catboost` to install.
Alternately, you can install this by running `pip install pycaret[models]`
2025-04-17 17:46:40,568:WARNING:
'catboost' is a soft dependency and not included in the pycaret installation. Please run: `pip install catboost` to install.
Alternately, you can install this by running `pip install pycaret[models]`
2025-04-17 17:46:40,569:WARNING:
'prophet' is a soft dependency and not included in the pycaret installation. Please run: `pip install prophet` to install.
2025-04-17 17:46:40,570:INFO:Engine for model 'llar_cds_dt' has not been set explicitly, hence returning None.
2025-04-17 17:46:40,570:INFO:Engine for model 'br_cds_dt' has not been set explicitly, hence returning None.
2025-04-17 17:46:40,570:INFO:Engine for model 'huber_cds_dt' has not been set explicitly, hence returning None.
2025-04-17 17:46:40,571:INFO:Engine for model 'omp_cds_dt' has not been set explicitly, hence returning None.
2025-04-17 17:46:40,572:INFO:Engine for model 'knn_cds_dt' has not been set explicitly, hence returning None.
2025-04-17 17:46:40,572:INFO:Engine for model 'dt_cds_dt' has not been set explicitly, hence returning None.
2025-04-17 17:46:40,572:INFO:Engine for model 'rf_cds_dt' has not been set explicitly, hence returning None.
2025-04-17 17:46:40,572:INFO:Engine for model 'et_cds_dt' has not been set explicitly, hence returning None.
2025-04-17 17:46:40,573:INFO:Engine for model 'gbr_cds_dt' has not been set explicitly, hence returning None.
2025-04-17 17:46:40,573:INFO:Engine for model 'ada_cds_dt' has not been set explicitly, hence returning None.
2025-04-17 17:46:40,573:INFO:Engine for model 'xgboost_cds_dt' has not been set explicitly, hence returning None.
2025-04-17 17:46:40,573:WARNING:
'xgboost' is a soft dependency and not included in the pycaret installation. Please run: `pip install xgboost` to install.
Alternately, you can install this by running `pip install pycaret[models]`
2025-04-17 17:46:40,573:WARNING:
'xgboost' is a soft dependency and not included in the pycaret installation. Please run: `pip install xgboost` to install.
Alternately, you can install this by running `pip install pycaret[models]`
2025-04-17 17:46:40,573:INFO:Engine for model 'lightgbm_cds_dt' has not been set explicitly, hence returning None.
2025-04-17 17:46:40,573:INFO:Engine for model 'catboost_cds_dt' has not been set explicitly, hence returning None.
2025-04-17 17:46:40,573:WARNING:
'catboost' is a soft dependency and not included in the pycaret installation. Please run: `pip install catboost` to install.
Alternately, you can install this by running `pip install pycaret[models]`
2025-04-17 17:46:40,573:WARNING:
'catboost' is a soft dependency and not included in the pycaret installation. Please run: `pip install catboost` to install.
Alternately, you can install this by running `pip install pycaret[models]`
2025-04-17 17:46:40,573:INFO:Engine successfully changes for model 'llar_cds_dt' to 'sklearn'.
2025-04-17 17:46:40,574:WARNING:
'prophet' is a soft dependency and not included in the pycaret installation. Please run: `pip install prophet` to install.
2025-04-17 17:46:40,575:INFO:Engine for model 'br_cds_dt' has not been set explicitly, hence returning None.
2025-04-17 17:46:40,575:INFO:Engine for model 'huber_cds_dt' has not been set explicitly, hence returning None.
2025-04-17 17:46:40,576:INFO:Engine for model 'omp_cds_dt' has not been set explicitly, hence returning None.
2025-04-17 17:46:40,576:INFO:Engine for model 'knn_cds_dt' has not been set explicitly, hence returning None.
2025-04-17 17:46:40,576:INFO:Engine for model 'dt_cds_dt' has not been set explicitly, hence returning None.
2025-04-17 17:46:40,576:INFO:Engine for model 'rf_cds_dt' has not been set explicitly, hence returning None.
2025-04-17 17:46:40,577:INFO:Engine for model 'et_cds_dt' has not been set explicitly, hence returning None.
2025-04-17 17:46:40,577:INFO:Engine for model 'gbr_cds_dt' has not been set explicitly, hence returning None.
2025-04-17 17:46:40,577:INFO:Engine for model 'ada_cds_dt' has not been set explicitly, hence returning None.
2025-04-17 17:46:40,577:INFO:Engine for model 'xgboost_cds_dt' has not been set explicitly, hence returning None.
2025-04-17 17:46:40,577:WARNING:
'xgboost' is a soft dependency and not included in the pycaret installation. Please run: `pip install xgboost` to install.
Alternately, you can install this by running `pip install pycaret[models]`
2025-04-17 17:46:40,577:WARNING:
'xgboost' is a soft dependency and not included in the pycaret installation. Please run: `pip install xgboost` to install.
Alternately, you can install this by running `pip install pycaret[models]`
2025-04-17 17:46:40,577:INFO:Engine for model 'lightgbm_cds_dt' has not been set explicitly, hence returning None.
2025-04-17 17:46:40,577:INFO:Engine for model 'catboost_cds_dt' has not been set explicitly, hence returning None.
2025-04-17 17:46:40,577:WARNING:
'catboost' is a soft dependency and not included in the pycaret installation. Please run: `pip install catboost` to install.
Alternately, you can install this by running `pip install pycaret[models]`
2025-04-17 17:46:40,577:WARNING:
'catboost' is a soft dependency and not included in the pycaret installation. Please run: `pip install catboost` to install.
Alternately, you can install this by running `pip install pycaret[models]`
2025-04-17 17:46:40,583:WARNING:
'prophet' is a soft dependency and not included in the pycaret installation. Please run: `pip install prophet` to install.
2025-04-17 17:46:40,584:INFO:Engine for model 'br_cds_dt' has not been set explicitly, hence returning None.
2025-04-17 17:46:40,585:INFO:Engine for model 'huber_cds_dt' has not been set explicitly, hence returning None.
2025-04-17 17:46:40,586:INFO:Engine for model 'omp_cds_dt' has not been set explicitly, hence returning None.
2025-04-17 17:46:40,587:INFO:Engine for model 'knn_cds_dt' has not been set explicitly, hence returning None.
2025-04-17 17:46:40,587:INFO:Engine for model 'dt_cds_dt' has not been set explicitly, hence returning None.
2025-04-17 17:46:40,587:INFO:Engine for model 'rf_cds_dt' has not been set explicitly, hence returning None.
2025-04-17 17:46:40,587:INFO:Engine for model 'et_cds_dt' has not been set explicitly, hence returning None.
2025-04-17 17:46:40,587:INFO:Engine for model 'gbr_cds_dt' has not been set explicitly, hence returning None.
2025-04-17 17:46:40,588:INFO:Engine for model 'ada_cds_dt' has not been set explicitly, hence returning None.
2025-04-17 17:46:40,590:INFO:Engine for model 'xgboost_cds_dt' has not been set explicitly, hence returning None.
2025-04-17 17:46:40,590:WARNING:
'xgboost' is a soft dependency and not included in the pycaret installation. Please run: `pip install xgboost` to install.
Alternately, you can install this by running `pip install pycaret[models]`
2025-04-17 17:46:40,590:WARNING:
'xgboost' is a soft dependency and not included in the pycaret installation. Please run: `pip install xgboost` to install.
Alternately, you can install this by running `pip install pycaret[models]`
2025-04-17 17:46:40,590:INFO:Engine for model 'lightgbm_cds_dt' has not been set explicitly, hence returning None.
2025-04-17 17:46:40,591:INFO:Engine for model 'catboost_cds_dt' has not been set explicitly, hence returning None.
2025-04-17 17:46:40,591:WARNING:
'catboost' is a soft dependency and not included in the pycaret installation. Please run: `pip install catboost` to install.
Alternately, you can install this by running `pip install pycaret[models]`
2025-04-17 17:46:40,591:WARNING:
'catboost' is a soft dependency and not included in the pycaret installation. Please run: `pip install catboost` to install.
Alternately, you can install this by running `pip install pycaret[models]`
2025-04-17 17:46:40,591:INFO:Engine successfully changes for model 'br_cds_dt' to 'sklearn'.
2025-04-17 17:46:40,594:WARNING:
'prophet' is a soft dependency and not included in the pycaret installation. Please run: `pip install prophet` to install.
2025-04-17 17:46:40,595:INFO:Engine for model 'huber_cds_dt' has not been set explicitly, hence returning None.
2025-04-17 17:46:40,596:INFO:Engine for model 'omp_cds_dt' has not been set explicitly, hence returning None.
2025-04-17 17:46:40,596:INFO:Engine for model 'knn_cds_dt' has not been set explicitly, hence returning None.
2025-04-17 17:46:40,596:INFO:Engine for model 'dt_cds_dt' has not been set explicitly, hence returning None.
2025-04-17 17:46:40,596:INFO:Engine for model 'rf_cds_dt' has not been set explicitly, hence returning None.
2025-04-17 17:46:40,597:INFO:Engine for model 'et_cds_dt' has not been set explicitly, hence returning None.
2025-04-17 17:46:40,597:INFO:Engine for model 'gbr_cds_dt' has not been set explicitly, hence returning None.
2025-04-17 17:46:40,597:INFO:Engine for model 'ada_cds_dt' has not been set explicitly, hence returning None.
2025-04-17 17:46:40,597:INFO:Engine for model 'xgboost_cds_dt' has not been set explicitly, hence returning None.
2025-04-17 17:46:40,597:WARNING:
'xgboost' is a soft dependency and not included in the pycaret installation. Please run: `pip install xgboost` to install.
Alternately, you can install this by running `pip install pycaret[models]`
2025-04-17 17:46:40,597:WARNING:
'xgboost' is a soft dependency and not included in the pycaret installation. Please run: `pip install xgboost` to install.
Alternately, you can install this by running `pip install pycaret[models]`
2025-04-17 17:46:40,597:INFO:Engine for model 'lightgbm_cds_dt' has not been set explicitly, hence returning None.
2025-04-17 17:46:40,597:INFO:Engine for model 'catboost_cds_dt' has not been set explicitly, hence returning None.
2025-04-17 17:46:40,597:WARNING:
'catboost' is a soft dependency and not included in the pycaret installation. Please run: `pip install catboost` to install.
Alternately, you can install this by running `pip install pycaret[models]`
2025-04-17 17:46:40,597:WARNING:
'catboost' is a soft dependency and not included in the pycaret installation. Please run: `pip install catboost` to install.
Alternately, you can install this by running `pip install pycaret[models]`
2025-04-17 17:46:40,601:WARNING:
'prophet' is a soft dependency and not included in the pycaret installation. Please run: `pip install prophet` to install.
2025-04-17 17:46:40,602:INFO:Engine for model 'huber_cds_dt' has not been set explicitly, hence returning None.
2025-04-17 17:46:40,602:INFO:Engine for model 'omp_cds_dt' has not been set explicitly, hence returning None.
2025-04-17 17:46:40,603:INFO:Engine for model 'knn_cds_dt' has not been set explicitly, hence returning None.
2025-04-17 17:46:40,603:INFO:Engine for model 'dt_cds_dt' has not been set explicitly, hence returning None.
2025-04-17 17:46:40,603:INFO:Engine for model 'rf_cds_dt' has not been set explicitly, hence returning None.
2025-04-17 17:46:40,603:INFO:Engine for model 'et_cds_dt' has not been set explicitly, hence returning None.
2025-04-17 17:46:40,603:INFO:Engine for model 'gbr_cds_dt' has not been set explicitly, hence returning None.
2025-04-17 17:46:40,603:INFO:Engine for model 'ada_cds_dt' has not been set explicitly, hence returning None.
2025-04-17 17:46:40,604:INFO:Engine for model 'xgboost_cds_dt' has not been set explicitly, hence returning None.
2025-04-17 17:46:40,604:WARNING:
'xgboost' is a soft dependency and not included in the pycaret installation. Please run: `pip install xgboost` to install.
Alternately, you can install this by running `pip install pycaret[models]`
2025-04-17 17:46:40,604:WARNING:
'xgboost' is a soft dependency and not included in the pycaret installation. Please run: `pip install xgboost` to install.
Alternately, you can install this by running `pip install pycaret[models]`
2025-04-17 17:46:40,604:INFO:Engine for model 'lightgbm_cds_dt' has not been set explicitly, hence returning None.
2025-04-17 17:46:40,604:INFO:Engine for model 'catboost_cds_dt' has not been set explicitly, hence returning None.
2025-04-17 17:46:40,604:WARNING:
'catboost' is a soft dependency and not included in the pycaret installation. Please run: `pip install catboost` to install.
Alternately, you can install this by running `pip install pycaret[models]`
2025-04-17 17:46:40,604:WARNING:
'catboost' is a soft dependency and not included in the pycaret installation. Please run: `pip install catboost` to install.
Alternately, you can install this by running `pip install pycaret[models]`
2025-04-17 17:46:40,604:INFO:Engine successfully changes for model 'huber_cds_dt' to 'sklearn'.
2025-04-17 17:46:40,606:WARNING:
'prophet' is a soft dependency and not included in the pycaret installation. Please run: `pip install prophet` to install.
2025-04-17 17:46:40,607:INFO:Engine for model 'omp_cds_dt' has not been set explicitly, hence returning None.
2025-04-17 17:46:40,608:INFO:Engine for model 'knn_cds_dt' has not been set explicitly, hence returning None.
2025-04-17 17:46:40,608:INFO:Engine for model 'dt_cds_dt' has not been set explicitly, hence returning None.
2025-04-17 17:46:40,608:INFO:Engine for model 'rf_cds_dt' has not been set explicitly, hence returning None.
2025-04-17 17:46:40,608:INFO:Engine for model 'et_cds_dt' has not been set explicitly, hence returning None.
2025-04-17 17:46:40,608:INFO:Engine for model 'gbr_cds_dt' has not been set explicitly, hence returning None.
2025-04-17 17:46:40,608:INFO:Engine for model 'ada_cds_dt' has not been set explicitly, hence returning None.
2025-04-17 17:46:40,608:INFO:Engine for model 'xgboost_cds_dt' has not been set explicitly, hence returning None.
2025-04-17 17:46:40,608:WARNING:
'xgboost' is a soft dependency and not included in the pycaret installation. Please run: `pip install xgboost` to install.
Alternately, you can install this by running `pip install pycaret[models]`
2025-04-17 17:46:40,608:WARNING:
'xgboost' is a soft dependency and not included in the pycaret installation. Please run: `pip install xgboost` to install.
Alternately, you can install this by running `pip install pycaret[models]`
2025-04-17 17:46:40,608:INFO:Engine for model 'lightgbm_cds_dt' has not been set explicitly, hence returning None.
2025-04-17 17:46:40,609:INFO:Engine for model 'catboost_cds_dt' has not been set explicitly, hence returning None.
2025-04-17 17:46:40,609:WARNING:
'catboost' is a soft dependency and not included in the pycaret installation. Please run: `pip install catboost` to install.
Alternately, you can install this by running `pip install pycaret[models]`
2025-04-17 17:46:40,609:WARNING:
'catboost' is a soft dependency and not included in the pycaret installation. Please run: `pip install catboost` to install.
Alternately, you can install this by running `pip install pycaret[models]`
2025-04-17 17:46:40,610:WARNING:
'prophet' is a soft dependency and not included in the pycaret installation. Please run: `pip install prophet` to install.
2025-04-17 17:46:40,613:INFO:Engine for model 'omp_cds_dt' has not been set explicitly, hence returning None.
2025-04-17 17:46:40,614:INFO:Engine for model 'knn_cds_dt' has not been set explicitly, hence returning None.
2025-04-17 17:46:40,614:INFO:Engine for model 'dt_cds_dt' has not been set explicitly, hence returning None.
2025-04-17 17:46:40,614:INFO:Engine for model 'rf_cds_dt' has not been set explicitly, hence returning None.
2025-04-17 17:46:40,614:INFO:Engine for model 'et_cds_dt' has not been set explicitly, hence returning None.
2025-04-17 17:46:40,615:INFO:Engine for model 'gbr_cds_dt' has not been set explicitly, hence returning None.
2025-04-17 17:46:40,615:INFO:Engine for model 'ada_cds_dt' has not been set explicitly, hence returning None.
2025-04-17 17:46:40,615:INFO:Engine for model 'xgboost_cds_dt' has not been set explicitly, hence returning None.
2025-04-17 17:46:40,615:WARNING:
'xgboost' is a soft dependency and not included in the pycaret installation. Please run: `pip install xgboost` to install.
Alternately, you can install this by running `pip install pycaret[models]`
2025-04-17 17:46:40,615:WARNING:
'xgboost' is a soft dependency and not included in the pycaret installation. Please run: `pip install xgboost` to install.
Alternately, you can install this by running `pip install pycaret[models]`
2025-04-17 17:46:40,615:INFO:Engine for model 'lightgbm_cds_dt' has not been set explicitly, hence returning None.
2025-04-17 17:46:40,615:INFO:Engine for model 'catboost_cds_dt' has not been set explicitly, hence returning None.
2025-04-17 17:46:40,615:WARNING:
'catboost' is a soft dependency and not included in the pycaret installation. Please run: `pip install catboost` to install.
Alternately, you can install this by running `pip install pycaret[models]`
2025-04-17 17:46:40,615:WARNING:
'catboost' is a soft dependency and not included in the pycaret installation. Please run: `pip install catboost` to install.
Alternately, you can install this by running `pip install pycaret[models]`
2025-04-17 17:46:40,615:INFO:Engine successfully changes for model 'par_cds_dt' to 'sklearn'.
2025-04-17 17:46:40,616:WARNING:
'prophet' is a soft dependency and not included in the pycaret installation. Please run: `pip install prophet` to install.
2025-04-17 17:46:40,618:INFO:Engine for model 'omp_cds_dt' has not been set explicitly, hence returning None.
2025-04-17 17:46:40,618:INFO:Engine for model 'knn_cds_dt' has not been set explicitly, hence returning None.
2025-04-17 17:46:40,618:INFO:Engine for model 'dt_cds_dt' has not been set explicitly, hence returning None.
2025-04-17 17:46:40,619:INFO:Engine for model 'rf_cds_dt' has not been set explicitly, hence returning None.
2025-04-17 17:46:40,619:INFO:Engine for model 'et_cds_dt' has not been set explicitly, hence returning None.
2025-04-17 17:46:40,619:INFO:Engine for model 'gbr_cds_dt' has not been set explicitly, hence returning None.
2025-04-17 17:46:40,619:INFO:Engine for model 'ada_cds_dt' has not been set explicitly, hence returning None.
2025-04-17 17:46:40,619:INFO:Engine for model 'xgboost_cds_dt' has not been set explicitly, hence returning None.
2025-04-17 17:46:40,619:WARNING:
'xgboost' is a soft dependency and not included in the pycaret installation. Please run: `pip install xgboost` to install.
Alternately, you can install this by running `pip install pycaret[models]`
2025-04-17 17:46:40,619:WARNING:
'xgboost' is a soft dependency and not included in the pycaret installation. Please run: `pip install xgboost` to install.
Alternately, you can install this by running `pip install pycaret[models]`
2025-04-17 17:46:40,619:INFO:Engine for model 'lightgbm_cds_dt' has not been set explicitly, hence returning None.
2025-04-17 17:46:40,619:INFO:Engine for model 'catboost_cds_dt' has not been set explicitly, hence returning None.
2025-04-17 17:46:40,619:WARNING:
'catboost' is a soft dependency and not included in the pycaret installation. Please run: `pip install catboost` to install.
Alternately, you can install this by running `pip install pycaret[models]`
2025-04-17 17:46:40,619:WARNING:
'catboost' is a soft dependency and not included in the pycaret installation. Please run: `pip install catboost` to install.
Alternately, you can install this by running `pip install pycaret[models]`
2025-04-17 17:46:40,622:WARNING:
'prophet' is a soft dependency and not included in the pycaret installation. Please run: `pip install prophet` to install.
2025-04-17 17:46:40,624:INFO:Engine for model 'omp_cds_dt' has not been set explicitly, hence returning None.
2025-04-17 17:46:40,625:INFO:Engine for model 'knn_cds_dt' has not been set explicitly, hence returning None.
2025-04-17 17:46:40,625:INFO:Engine for model 'dt_cds_dt' has not been set explicitly, hence returning None.
2025-04-17 17:46:40,625:INFO:Engine for model 'rf_cds_dt' has not been set explicitly, hence returning None.
2025-04-17 17:46:40,625:INFO:Engine for model 'et_cds_dt' has not been set explicitly, hence returning None.
2025-04-17 17:46:40,626:INFO:Engine for model 'gbr_cds_dt' has not been set explicitly, hence returning None.
2025-04-17 17:46:40,626:INFO:Engine for model 'ada_cds_dt' has not been set explicitly, hence returning None.
2025-04-17 17:46:40,626:INFO:Engine for model 'xgboost_cds_dt' has not been set explicitly, hence returning None.
2025-04-17 17:46:40,626:WARNING:
'xgboost' is a soft dependency and not included in the pycaret installation. Please run: `pip install xgboost` to install.
Alternately, you can install this by running `pip install pycaret[models]`
2025-04-17 17:46:40,626:WARNING:
'xgboost' is a soft dependency and not included in the pycaret installation. Please run: `pip install xgboost` to install.
Alternately, you can install this by running `pip install pycaret[models]`
2025-04-17 17:46:40,626:INFO:Engine for model 'lightgbm_cds_dt' has not been set explicitly, hence returning None.
2025-04-17 17:46:40,626:INFO:Engine for model 'catboost_cds_dt' has not been set explicitly, hence returning None.
2025-04-17 17:46:40,626:WARNING:
'catboost' is a soft dependency and not included in the pycaret installation. Please run: `pip install catboost` to install.
Alternately, you can install this by running `pip install pycaret[models]`
2025-04-17 17:46:40,626:WARNING:
'catboost' is a soft dependency and not included in the pycaret installation. Please run: `pip install catboost` to install.
Alternately, you can install this by running `pip install pycaret[models]`
2025-04-17 17:46:40,626:INFO:Engine successfully changes for model 'omp_cds_dt' to 'sklearn'.
2025-04-17 17:46:40,628:WARNING:
'prophet' is a soft dependency and not included in the pycaret installation. Please run: `pip install prophet` to install.
2025-04-17 17:46:40,630:INFO:Engine for model 'knn_cds_dt' has not been set explicitly, hence returning None.
2025-04-17 17:46:40,630:INFO:Engine for model 'dt_cds_dt' has not been set explicitly, hence returning None.
2025-04-17 17:46:40,630:INFO:Engine for model 'rf_cds_dt' has not been set explicitly, hence returning None.
2025-04-17 17:46:40,630:INFO:Engine for model 'et_cds_dt' has not been set explicitly, hence returning None.
2025-04-17 17:46:40,631:INFO:Engine for model 'gbr_cds_dt' has not been set explicitly, hence returning None.
2025-04-17 17:46:40,631:INFO:Engine for model 'ada_cds_dt' has not been set explicitly, hence returning None.
2025-04-17 17:46:40,631:INFO:Engine for model 'xgboost_cds_dt' has not been set explicitly, hence returning None.
2025-04-17 17:46:40,631:WARNING:
'xgboost' is a soft dependency and not included in the pycaret installation. Please run: `pip install xgboost` to install.
Alternately, you can install this by running `pip install pycaret[models]`
2025-04-17 17:46:40,631:WARNING:
'xgboost' is a soft dependency and not included in the pycaret installation. Please run: `pip install xgboost` to install.
Alternately, you can install this by running `pip install pycaret[models]`
2025-04-17 17:46:40,631:INFO:Engine for model 'lightgbm_cds_dt' has not been set explicitly, hence returning None.
2025-04-17 17:46:40,631:INFO:Engine for model 'catboost_cds_dt' has not been set explicitly, hence returning None.
2025-04-17 17:46:40,631:WARNING:
'catboost' is a soft dependency and not included in the pycaret installation. Please run: `pip install catboost` to install.
Alternately, you can install this by running `pip install pycaret[models]`
2025-04-17 17:46:40,631:WARNING:
'catboost' is a soft dependency and not included in the pycaret installation. Please run: `pip install catboost` to install.
Alternately, you can install this by running `pip install pycaret[models]`
2025-04-17 17:46:40,632:WARNING:
'prophet' is a soft dependency and not included in the pycaret installation. Please run: `pip install prophet` to install.
2025-04-17 17:46:40,635:INFO:Engine for model 'knn_cds_dt' has not been set explicitly, hence returning None.
2025-04-17 17:46:40,636:INFO:Engine for model 'dt_cds_dt' has not been set explicitly, hence returning None.
2025-04-17 17:46:40,636:INFO:Engine for model 'rf_cds_dt' has not been set explicitly, hence returning None.
2025-04-17 17:46:40,637:INFO:Engine for model 'et_cds_dt' has not been set explicitly, hence returning None.
2025-04-17 17:46:40,637:INFO:Engine for model 'gbr_cds_dt' has not been set explicitly, hence returning None.
2025-04-17 17:46:40,638:INFO:Engine for model 'ada_cds_dt' has not been set explicitly, hence returning None.
2025-04-17 17:46:40,638:INFO:Engine for model 'xgboost_cds_dt' has not been set explicitly, hence returning None.
2025-04-17 17:46:40,638:WARNING:
'xgboost' is a soft dependency and not included in the pycaret installation. Please run: `pip install xgboost` to install.
Alternately, you can install this by running `pip install pycaret[models]`
2025-04-17 17:46:40,638:WARNING:
'xgboost' is a soft dependency and not included in the pycaret installation. Please run: `pip install xgboost` to install.
Alternately, you can install this by running `pip install pycaret[models]`
2025-04-17 17:46:40,638:INFO:Engine for model 'lightgbm_cds_dt' has not been set explicitly, hence returning None.
2025-04-17 17:46:40,639:INFO:Engine for model 'catboost_cds_dt' has not been set explicitly, hence returning None.
2025-04-17 17:46:40,639:WARNING:
'catboost' is a soft dependency and not included in the pycaret installation. Please run: `pip install catboost` to install.
Alternately, you can install this by running `pip install pycaret[models]`
2025-04-17 17:46:40,639:WARNING:
'catboost' is a soft dependency and not included in the pycaret installation. Please run: `pip install catboost` to install.
Alternately, you can install this by running `pip install pycaret[models]`
2025-04-17 17:46:40,639:INFO:Engine successfully changes for model 'knn_cds_dt' to 'sklearn'.
2025-04-17 17:46:40,641:WARNING:
'prophet' is a soft dependency and not included in the pycaret installation. Please run: `pip install prophet` to install.
2025-04-17 17:46:40,643:INFO:Engine for model 'dt_cds_dt' has not been set explicitly, hence returning None.
2025-04-17 17:46:40,643:INFO:Engine for model 'rf_cds_dt' has not been set explicitly, hence returning None.
2025-04-17 17:46:40,644:INFO:Engine for model 'et_cds_dt' has not been set explicitly, hence returning None.
2025-04-17 17:46:40,644:INFO:Engine for model 'gbr_cds_dt' has not been set explicitly, hence returning None.
2025-04-17 17:46:40,644:INFO:Engine for model 'ada_cds_dt' has not been set explicitly, hence returning None.
2025-04-17 17:46:40,644:INFO:Engine for model 'xgboost_cds_dt' has not been set explicitly, hence returning None.
2025-04-17 17:46:40,644:WARNING:
'xgboost' is a soft dependency and not included in the pycaret installation. Please run: `pip install xgboost` to install.
Alternately, you can install this by running `pip install pycaret[models]`
2025-04-17 17:46:40,644:WARNING:
'xgboost' is a soft dependency and not included in the pycaret installation. Please run: `pip install xgboost` to install.
Alternately, you can install this by running `pip install pycaret[models]`
2025-04-17 17:46:40,644:INFO:Engine for model 'lightgbm_cds_dt' has not been set explicitly, hence returning None.
2025-04-17 17:46:40,645:INFO:Engine for model 'catboost_cds_dt' has not been set explicitly, hence returning None.
2025-04-17 17:46:40,645:WARNING:
'catboost' is a soft dependency and not included in the pycaret installation. Please run: `pip install catboost` to install.
Alternately, you can install this by running `pip install pycaret[models]`
2025-04-17 17:46:40,645:WARNING:
'catboost' is a soft dependency and not included in the pycaret installation. Please run: `pip install catboost` to install.
Alternately, you can install this by running `pip install pycaret[models]`
2025-04-17 17:46:40,646:WARNING:
'prophet' is a soft dependency and not included in the pycaret installation. Please run: `pip install prophet` to install.
2025-04-17 17:46:40,648:INFO:Engine for model 'dt_cds_dt' has not been set explicitly, hence returning None.
2025-04-17 17:46:40,648:INFO:Engine for model 'rf_cds_dt' has not been set explicitly, hence returning None.
2025-04-17 17:46:40,648:INFO:Engine for model 'et_cds_dt' has not been set explicitly, hence returning None.
2025-04-17 17:46:40,648:INFO:Engine for model 'gbr_cds_dt' has not been set explicitly, hence returning None.
2025-04-17 17:46:40,649:INFO:Engine for model 'ada_cds_dt' has not been set explicitly, hence returning None.
2025-04-17 17:46:40,649:INFO:Engine for model 'xgboost_cds_dt' has not been set explicitly, hence returning None.
2025-04-17 17:46:40,649:WARNING:
'xgboost' is a soft dependency and not included in the pycaret installation. Please run: `pip install xgboost` to install.
Alternately, you can install this by running `pip install pycaret[models]`
2025-04-17 17:46:40,649:WARNING:
'xgboost' is a soft dependency and not included in the pycaret installation. Please run: `pip install xgboost` to install.
Alternately, you can install this by running `pip install pycaret[models]`
2025-04-17 17:46:40,649:INFO:Engine for model 'lightgbm_cds_dt' has not been set explicitly, hence returning None.
2025-04-17 17:46:40,649:INFO:Engine for model 'catboost_cds_dt' has not been set explicitly, hence returning None.
2025-04-17 17:46:40,649:WARNING:
'catboost' is a soft dependency and not included in the pycaret installation. Please run: `pip install catboost` to install.
Alternately, you can install this by running `pip install pycaret[models]`
2025-04-17 17:46:40,649:WARNING:
'catboost' is a soft dependency and not included in the pycaret installation. Please run: `pip install catboost` to install.
Alternately, you can install this by running `pip install pycaret[models]`
2025-04-17 17:46:40,649:INFO:Engine successfully changes for model 'dt_cds_dt' to 'sklearn'.
2025-04-17 17:46:40,650:WARNING:
'prophet' is a soft dependency and not included in the pycaret installation. Please run: `pip install prophet` to install.
2025-04-17 17:46:40,652:INFO:Engine for model 'rf_cds_dt' has not been set explicitly, hence returning None.
2025-04-17 17:46:40,652:INFO:Engine for model 'et_cds_dt' has not been set explicitly, hence returning None.
2025-04-17 17:46:40,652:INFO:Engine for model 'gbr_cds_dt' has not been set explicitly, hence returning None.
2025-04-17 17:46:40,652:INFO:Engine for model 'ada_cds_dt' has not been set explicitly, hence returning None.
2025-04-17 17:46:40,652:INFO:Engine for model 'xgboost_cds_dt' has not been set explicitly, hence returning None.
2025-04-17 17:46:40,652:WARNING:
'xgboost' is a soft dependency and not included in the pycaret installation. Please run: `pip install xgboost` to install.
Alternately, you can install this by running `pip install pycaret[models]`
2025-04-17 17:46:40,652:WARNING:
'xgboost' is a soft dependency and not included in the pycaret installation. Please run: `pip install xgboost` to install.
Alternately, you can install this by running `pip install pycaret[models]`
2025-04-17 17:46:40,652:INFO:Engine for model 'lightgbm_cds_dt' has not been set explicitly, hence returning None.
2025-04-17 17:46:40,652:INFO:Engine for model 'catboost_cds_dt' has not been set explicitly, hence returning None.
2025-04-17 17:46:40,652:WARNING:
'catboost' is a soft dependency and not included in the pycaret installation. Please run: `pip install catboost` to install.
Alternately, you can install this by running `pip install pycaret[models]`
2025-04-17 17:46:40,652:WARNING:
'catboost' is a soft dependency and not included in the pycaret installation. Please run: `pip install catboost` to install.
Alternately, you can install this by running `pip install pycaret[models]`
2025-04-17 17:46:40,653:WARNING:
'prophet' is a soft dependency and not included in the pycaret installation. Please run: `pip install prophet` to install.
2025-04-17 17:46:40,658:INFO:Engine for model 'rf_cds_dt' has not been set explicitly, hence returning None.
2025-04-17 17:46:40,658:INFO:Engine for model 'et_cds_dt' has not been set explicitly, hence returning None.
2025-04-17 17:46:40,658:INFO:Engine for model 'gbr_cds_dt' has not been set explicitly, hence returning None.
2025-04-17 17:46:40,659:INFO:Engine for model 'ada_cds_dt' has not been set explicitly, hence returning None.
2025-04-17 17:46:40,659:INFO:Engine for model 'xgboost_cds_dt' has not been set explicitly, hence returning None.
2025-04-17 17:46:40,659:WARNING:
'xgboost' is a soft dependency and not included in the pycaret installation. Please run: `pip install xgboost` to install.
Alternately, you can install this by running `pip install pycaret[models]`
2025-04-17 17:46:40,660:WARNING:
'xgboost' is a soft dependency and not included in the pycaret installation. Please run: `pip install xgboost` to install.
Alternately, you can install this by running `pip install pycaret[models]`
2025-04-17 17:46:40,660:INFO:Engine for model 'lightgbm_cds_dt' has not been set explicitly, hence returning None.
2025-04-17 17:46:40,660:INFO:Engine for model 'catboost_cds_dt' has not been set explicitly, hence returning None.
2025-04-17 17:46:40,660:WARNING:
'catboost' is a soft dependency and not included in the pycaret installation. Please run: `pip install catboost` to install.
Alternately, you can install this by running `pip install pycaret[models]`
2025-04-17 17:46:40,661:WARNING:
'catboost' is a soft dependency and not included in the pycaret installation. Please run: `pip install catboost` to install.
Alternately, you can install this by running `pip install pycaret[models]`
2025-04-17 17:46:40,661:INFO:Engine successfully changes for model 'rf_cds_dt' to 'sklearn'.
2025-04-17 17:46:40,664:WARNING:
'prophet' is a soft dependency and not included in the pycaret installation. Please run: `pip install prophet` to install.
2025-04-17 17:46:40,666:INFO:Engine for model 'et_cds_dt' has not been set explicitly, hence returning None.
2025-04-17 17:46:40,666:INFO:Engine for model 'gbr_cds_dt' has not been set explicitly, hence returning None.
2025-04-17 17:46:40,667:INFO:Engine for model 'ada_cds_dt' has not been set explicitly, hence returning None.
2025-04-17 17:46:40,667:INFO:Engine for model 'xgboost_cds_dt' has not been set explicitly, hence returning None.
2025-04-17 17:46:40,667:WARNING:
'xgboost' is a soft dependency and not included in the pycaret installation. Please run: `pip install xgboost` to install.
Alternately, you can install this by running `pip install pycaret[models]`
2025-04-17 17:46:40,667:WARNING:
'xgboost' is a soft dependency and not included in the pycaret installation. Please run: `pip install xgboost` to install.
Alternately, you can install this by running `pip install pycaret[models]`
2025-04-17 17:46:40,667:INFO:Engine for model 'lightgbm_cds_dt' has not been set explicitly, hence returning None.
2025-04-17 17:46:40,667:INFO:Engine for model 'catboost_cds_dt' has not been set explicitly, hence returning None.
2025-04-17 17:46:40,667:WARNING:
'catboost' is a soft dependency and not included in the pycaret installation. Please run: `pip install catboost` to install.
Alternately, you can install this by running `pip install pycaret[models]`
2025-04-17 17:46:40,667:WARNING:
'catboost' is a soft dependency and not included in the pycaret installation. Please run: `pip install catboost` to install.
Alternately, you can install this by running `pip install pycaret[models]`
2025-04-17 17:46:40,668:WARNING:
'prophet' is a soft dependency and not included in the pycaret installation. Please run: `pip install prophet` to install.
2025-04-17 17:46:40,672:INFO:Engine for model 'et_cds_dt' has not been set explicitly, hence returning None.
2025-04-17 17:46:40,673:INFO:Engine for model 'gbr_cds_dt' has not been set explicitly, hence returning None.
2025-04-17 17:46:40,674:INFO:Engine for model 'ada_cds_dt' has not been set explicitly, hence returning None.
2025-04-17 17:46:40,685:INFO:Engine for model 'xgboost_cds_dt' has not been set explicitly, hence returning None.
2025-04-17 17:46:40,686:WARNING:
'xgboost' is a soft dependency and not included in the pycaret installation. Please run: `pip install xgboost` to install.
Alternately, you can install this by running `pip install pycaret[models]`
2025-04-17 17:46:40,686:WARNING:
'xgboost' is a soft dependency and not included in the pycaret installation. Please run: `pip install xgboost` to install.
Alternately, you can install this by running `pip install pycaret[models]`
2025-04-17 17:46:40,686:INFO:Engine for model 'lightgbm_cds_dt' has not been set explicitly, hence returning None.
2025-04-17 17:46:40,686:INFO:Engine for model 'catboost_cds_dt' has not been set explicitly, hence returning None.
2025-04-17 17:46:40,686:WARNING:
'catboost' is a soft dependency and not included in the pycaret installation. Please run: `pip install catboost` to install.
Alternately, you can install this by running `pip install pycaret[models]`
2025-04-17 17:46:40,686:WARNING:
'catboost' is a soft dependency and not included in the pycaret installation. Please run: `pip install catboost` to install.
Alternately, you can install this by running `pip install pycaret[models]`
2025-04-17 17:46:40,687:INFO:Engine successfully changes for model 'et_cds_dt' to 'sklearn'.
2025-04-17 17:46:40,693:WARNING:
'prophet' is a soft dependency and not included in the pycaret installation. Please run: `pip install prophet` to install.
2025-04-17 17:46:40,695:INFO:Engine for model 'gbr_cds_dt' has not been set explicitly, hence returning None.
2025-04-17 17:46:40,695:INFO:Engine for model 'ada_cds_dt' has not been set explicitly, hence returning None.
2025-04-17 17:46:40,695:INFO:Engine for model 'xgboost_cds_dt' has not been set explicitly, hence returning None.
2025-04-17 17:46:40,695:WARNING:
'xgboost' is a soft dependency and not included in the pycaret installation. Please run: `pip install xgboost` to install.
Alternately, you can install this by running `pip install pycaret[models]`
2025-04-17 17:46:40,695:WARNING:
'xgboost' is a soft dependency and not included in the pycaret installation. Please run: `pip install xgboost` to install.
Alternately, you can install this by running `pip install pycaret[models]`
2025-04-17 17:46:40,695:INFO:Engine for model 'lightgbm_cds_dt' has not been set explicitly, hence returning None.
2025-04-17 17:46:40,697:INFO:Engine for model 'catboost_cds_dt' has not been set explicitly, hence returning None.
2025-04-17 17:46:40,697:WARNING:
'catboost' is a soft dependency and not included in the pycaret installation. Please run: `pip install catboost` to install.
Alternately, you can install this by running `pip install pycaret[models]`
2025-04-17 17:46:40,697:WARNING:
'catboost' is a soft dependency and not included in the pycaret installation. Please run: `pip install catboost` to install.
Alternately, you can install this by running `pip install pycaret[models]`
2025-04-17 17:46:40,701:WARNING:
'prophet' is a soft dependency and not included in the pycaret installation. Please run: `pip install prophet` to install.
2025-04-17 17:46:40,707:INFO:Engine for model 'gbr_cds_dt' has not been set explicitly, hence returning None.
2025-04-17 17:46:40,707:INFO:Engine for model 'ada_cds_dt' has not been set explicitly, hence returning None.
2025-04-17 17:46:40,707:INFO:Engine for model 'xgboost_cds_dt' has not been set explicitly, hence returning None.
2025-04-17 17:46:40,707:WARNING:
'xgboost' is a soft dependency and not included in the pycaret installation. Please run: `pip install xgboost` to install.
Alternately, you can install this by running `pip install pycaret[models]`
2025-04-17 17:46:40,707:WARNING:
'xgboost' is a soft dependency and not included in the pycaret installation. Please run: `pip install xgboost` to install.
Alternately, you can install this by running `pip install pycaret[models]`
2025-04-17 17:46:40,707:INFO:Engine for model 'lightgbm_cds_dt' has not been set explicitly, hence returning None.
2025-04-17 17:46:40,707:INFO:Engine for model 'catboost_cds_dt' has not been set explicitly, hence returning None.
2025-04-17 17:46:40,707:WARNING:
'catboost' is a soft dependency and not included in the pycaret installation. Please run: `pip install catboost` to install.
Alternately, you can install this by running `pip install pycaret[models]`
2025-04-17 17:46:40,707:WARNING:
'catboost' is a soft dependency and not included in the pycaret installation. Please run: `pip install catboost` to install.
Alternately, you can install this by running `pip install pycaret[models]`
2025-04-17 17:46:40,707:INFO:Engine successfully changes for model 'gbr_cds_dt' to 'sklearn'.
2025-04-17 17:46:40,709:WARNING:
'prophet' is a soft dependency and not included in the pycaret installation. Please run: `pip install prophet` to install.
2025-04-17 17:46:40,711:INFO:Engine for model 'ada_cds_dt' has not been set explicitly, hence returning None.
2025-04-17 17:46:40,711:INFO:Engine for model 'xgboost_cds_dt' has not been set explicitly, hence returning None.
2025-04-17 17:46:40,711:WARNING:
'xgboost' is a soft dependency and not included in the pycaret installation. Please run: `pip install xgboost` to install.
Alternately, you can install this by running `pip install pycaret[models]`
2025-04-17 17:46:40,711:WARNING:
'xgboost' is a soft dependency and not included in the pycaret installation. Please run: `pip install xgboost` to install.
Alternately, you can install this by running `pip install pycaret[models]`
2025-04-17 17:46:40,711:INFO:Engine for model 'lightgbm_cds_dt' has not been set explicitly, hence returning None.
2025-04-17 17:46:40,711:INFO:Engine for model 'catboost_cds_dt' has not been set explicitly, hence returning None.
2025-04-17 17:46:40,711:WARNING:
'catboost' is a soft dependency and not included in the pycaret installation. Please run: `pip install catboost` to install.
Alternately, you can install this by running `pip install pycaret[models]`
2025-04-17 17:46:40,711:WARNING:
'catboost' is a soft dependency and not included in the pycaret installation. Please run: `pip install catboost` to install.
Alternately, you can install this by running `pip install pycaret[models]`
2025-04-17 17:46:40,712:WARNING:
'prophet' is a soft dependency and not included in the pycaret installation. Please run: `pip install prophet` to install.
2025-04-17 17:46:40,715:INFO:Engine for model 'ada_cds_dt' has not been set explicitly, hence returning None.
2025-04-17 17:46:40,716:INFO:Engine for model 'xgboost_cds_dt' has not been set explicitly, hence returning None.
2025-04-17 17:46:40,716:WARNING:
'xgboost' is a soft dependency and not included in the pycaret installation. Please run: `pip install xgboost` to install.
Alternately, you can install this by running `pip install pycaret[models]`
2025-04-17 17:46:40,716:WARNING:
'xgboost' is a soft dependency and not included in the pycaret installation. Please run: `pip install xgboost` to install.
Alternately, you can install this by running `pip install pycaret[models]`
2025-04-17 17:46:40,716:INFO:Engine for model 'lightgbm_cds_dt' has not been set explicitly, hence returning None.
2025-04-17 17:46:40,716:INFO:Engine for model 'catboost_cds_dt' has not been set explicitly, hence returning None.
2025-04-17 17:46:40,716:WARNING:
'catboost' is a soft dependency and not included in the pycaret installation. Please run: `pip install catboost` to install.
Alternately, you can install this by running `pip install pycaret[models]`
2025-04-17 17:46:40,716:WARNING:
'catboost' is a soft dependency and not included in the pycaret installation. Please run: `pip install catboost` to install.
Alternately, you can install this by running `pip install pycaret[models]`
2025-04-17 17:46:40,717:INFO:Engine successfully changes for model 'ada_cds_dt' to 'sklearn'.
2025-04-17 17:46:40,718:WARNING:
'prophet' is a soft dependency and not included in the pycaret installation. Please run: `pip install prophet` to install.
2025-04-17 17:46:40,722:INFO:Engine for model 'xgboost_cds_dt' has not been set explicitly, hence returning None.
2025-04-17 17:46:40,722:WARNING:
'xgboost' is a soft dependency and not included in the pycaret installation. Please run: `pip install xgboost` to install.
Alternately, you can install this by running `pip install pycaret[models]`
2025-04-17 17:46:40,722:WARNING:
'xgboost' is a soft dependency and not included in the pycaret installation. Please run: `pip install xgboost` to install.
Alternately, you can install this by running `pip install pycaret[models]`
2025-04-17 17:46:40,722:INFO:Engine for model 'lightgbm_cds_dt' has not been set explicitly, hence returning None.
2025-04-17 17:46:40,722:INFO:Engine for model 'catboost_cds_dt' has not been set explicitly, hence returning None.
2025-04-17 17:46:40,723:WARNING:
'catboost' is a soft dependency and not included in the pycaret installation. Please run: `pip install catboost` to install.
Alternately, you can install this by running `pip install pycaret[models]`
2025-04-17 17:46:40,723:WARNING:
'catboost' is a soft dependency and not included in the pycaret installation. Please run: `pip install catboost` to install.
Alternately, you can install this by running `pip install pycaret[models]`
2025-04-17 17:46:40,724:WARNING:
'prophet' is a soft dependency and not included in the pycaret installation. Please run: `pip install prophet` to install.
2025-04-17 17:46:40,726:INFO:Engine for model 'xgboost_cds_dt' has not been set explicitly, hence returning None.
2025-04-17 17:46:40,726:WARNING:
'xgboost' is a soft dependency and not included in the pycaret installation. Please run: `pip install xgboost` to install.
Alternately, you can install this by running `pip install pycaret[models]`
2025-04-17 17:46:40,726:WARNING:
'xgboost' is a soft dependency and not included in the pycaret installation. Please run: `pip install xgboost` to install.
Alternately, you can install this by running `pip install pycaret[models]`
2025-04-17 17:46:40,726:INFO:Engine for model 'lightgbm_cds_dt' has not been set explicitly, hence returning None.
2025-04-17 17:46:40,726:INFO:Engine for model 'catboost_cds_dt' has not been set explicitly, hence returning None.
2025-04-17 17:46:40,727:WARNING:
'catboost' is a soft dependency and not included in the pycaret installation. Please run: `pip install catboost` to install.
Alternately, you can install this by running `pip install pycaret[models]`
2025-04-17 17:46:40,727:WARNING:
'catboost' is a soft dependency and not included in the pycaret installation. Please run: `pip install catboost` to install.
Alternately, you can install this by running `pip install pycaret[models]`
2025-04-17 17:46:40,727:INFO:Engine successfully changes for model 'xgboost_cds_dt' to 'sklearn'.
2025-04-17 17:46:40,733:WARNING:
'prophet' is a soft dependency and not included in the pycaret installation. Please run: `pip install prophet` to install.
2025-04-17 17:46:40,738:WARNING:
'xgboost' is a soft dependency and not included in the pycaret installation. Please run: `pip install xgboost` to install.
Alternately, you can install this by running `pip install pycaret[models]`
2025-04-17 17:46:40,738:WARNING:
'xgboost' is a soft dependency and not included in the pycaret installation. Please run: `pip install xgboost` to install.
Alternately, you can install this by running `pip install pycaret[models]`
2025-04-17 17:46:40,739:INFO:Engine for model 'lightgbm_cds_dt' has not been set explicitly, hence returning None.
2025-04-17 17:46:40,739:INFO:Engine for model 'catboost_cds_dt' has not been set explicitly, hence returning None.
2025-04-17 17:46:40,739:WARNING:
'catboost' is a soft dependency and not included in the pycaret installation. Please run: `pip install catboost` to install.
Alternately, you can install this by running `pip install pycaret[models]`
2025-04-17 17:46:40,739:WARNING:
'catboost' is a soft dependency and not included in the pycaret installation. Please run: `pip install catboost` to install.
Alternately, you can install this by running `pip install pycaret[models]`
2025-04-17 17:46:40,743:WARNING:
'prophet' is a soft dependency and not included in the pycaret installation. Please run: `pip install prophet` to install.
2025-04-17 17:46:40,748:WARNING:
'xgboost' is a soft dependency and not included in the pycaret installation. Please run: `pip install xgboost` to install.
Alternately, you can install this by running `pip install pycaret[models]`
2025-04-17 17:46:40,748:WARNING:
'xgboost' is a soft dependency and not included in the pycaret installation. Please run: `pip install xgboost` to install.
Alternately, you can install this by running `pip install pycaret[models]`
2025-04-17 17:46:40,748:INFO:Engine for model 'lightgbm_cds_dt' has not been set explicitly, hence returning None.
2025-04-17 17:46:40,749:INFO:Engine for model 'catboost_cds_dt' has not been set explicitly, hence returning None.
2025-04-17 17:46:40,749:WARNING:
'catboost' is a soft dependency and not included in the pycaret installation. Please run: `pip install catboost` to install.
Alternately, you can install this by running `pip install pycaret[models]`
2025-04-17 17:46:40,749:WARNING:
'catboost' is a soft dependency and not included in the pycaret installation. Please run: `pip install catboost` to install.
Alternately, you can install this by running `pip install pycaret[models]`
2025-04-17 17:46:40,749:INFO:Engine successfully changes for model 'lightgbm_cds_dt' to 'sklearn'.
2025-04-17 17:46:40,750:WARNING:
'prophet' is a soft dependency and not included in the pycaret installation. Please run: `pip install prophet` to install.
2025-04-17 17:46:40,752:WARNING:
'xgboost' is a soft dependency and not included in the pycaret installation. Please run: `pip install xgboost` to install.
Alternately, you can install this by running `pip install pycaret[models]`
2025-04-17 17:46:40,752:WARNING:
'xgboost' is a soft dependency and not included in the pycaret installation. Please run: `pip install xgboost` to install.
Alternately, you can install this by running `pip install pycaret[models]`
2025-04-17 17:46:40,752:INFO:Engine for model 'catboost_cds_dt' has not been set explicitly, hence returning None.
2025-04-17 17:46:40,752:WARNING:
'catboost' is a soft dependency and not included in the pycaret installation. Please run: `pip install catboost` to install.
Alternately, you can install this by running `pip install pycaret[models]`
2025-04-17 17:46:40,753:WARNING:
'catboost' is a soft dependency and not included in the pycaret installation. Please run: `pip install catboost` to install.
Alternately, you can install this by running `pip install pycaret[models]`
2025-04-17 17:46:40,755:WARNING:
'prophet' is a soft dependency and not included in the pycaret installation. Please run: `pip install prophet` to install.
2025-04-17 17:46:40,759:WARNING:
'xgboost' is a soft dependency and not included in the pycaret installation. Please run: `pip install xgboost` to install.
Alternately, you can install this by running `pip install pycaret[models]`
2025-04-17 17:46:40,759:WARNING:
'xgboost' is a soft dependency and not included in the pycaret installation. Please run: `pip install xgboost` to install.
Alternately, you can install this by running `pip install pycaret[models]`
2025-04-17 17:46:40,759:INFO:Engine for model 'catboost_cds_dt' has not been set explicitly, hence returning None.
2025-04-17 17:46:40,759:WARNING:
'catboost' is a soft dependency and not included in the pycaret installation. Please run: `pip install catboost` to install.
Alternately, you can install this by running `pip install pycaret[models]`
2025-04-17 17:46:40,759:WARNING:
'catboost' is a soft dependency and not included in the pycaret installation. Please run: `pip install catboost` to install.
Alternately, you can install this by running `pip install pycaret[models]`
2025-04-17 17:46:40,760:INFO:Engine successfully changes for model 'catboost_cds_dt' to 'sklearn'.
2025-04-17 17:46:40,763:WARNING:
'prophet' is a soft dependency and not included in the pycaret installation. Please run: `pip install prophet` to install.
2025-04-17 17:46:40,770:WARNING:
'xgboost' is a soft dependency and not included in the pycaret installation. Please run: `pip install xgboost` to install.
Alternately, you can install this by running `pip install pycaret[models]`
2025-04-17 17:46:40,770:WARNING:
'xgboost' is a soft dependency and not included in the pycaret installation. Please run: `pip install xgboost` to install.
Alternately, you can install this by running `pip install pycaret[models]`
2025-04-17 17:46:40,770:WARNING:
'catboost' is a soft dependency and not included in the pycaret installation. Please run: `pip install catboost` to install.
Alternately, you can install this by running `pip install pycaret[models]`
2025-04-17 17:46:40,770:WARNING:
'catboost' is a soft dependency and not included in the pycaret installation. Please run: `pip install catboost` to install.
Alternately, you can install this by running `pip install pycaret[models]`
2025-04-17 17:46:40,774:WARNING:
'prophet' is a soft dependency and not included in the pycaret installation. Please run: `pip install prophet` to install.
2025-04-17 17:46:40,779:WARNING:
'xgboost' is a soft dependency and not included in the pycaret installation. Please run: `pip install xgboost` to install.
Alternately, you can install this by running `pip install pycaret[models]`
2025-04-17 17:46:40,779:WARNING:
'xgboost' is a soft dependency and not included in the pycaret installation. Please run: `pip install xgboost` to install.
Alternately, you can install this by running `pip install pycaret[models]`
2025-04-17 17:46:40,779:WARNING:
'catboost' is a soft dependency and not included in the pycaret installation. Please run: `pip install catboost` to install.
Alternately, you can install this by running `pip install pycaret[models]`
2025-04-17 17:46:40,779:WARNING:
'catboost' is a soft dependency and not included in the pycaret installation. Please run: `pip install catboost` to install.
Alternately, you can install this by running `pip install pycaret[models]`
2025-04-17 17:46:40,787:WARNING:
'prophet' is a soft dependency and not included in the pycaret installation. Please run: `pip install prophet` to install.
2025-04-17 17:46:40,792:WARNING:
'xgboost' is a soft dependency and not included in the pycaret installation. Please run: `pip install xgboost` to install.
Alternately, you can install this by running `pip install pycaret[models]`
2025-04-17 17:46:40,792:WARNING:
'xgboost' is a soft dependency and not included in the pycaret installation. Please run: `pip install xgboost` to install.
Alternately, you can install this by running `pip install pycaret[models]`
2025-04-17 17:46:40,792:WARNING:
'catboost' is a soft dependency and not included in the pycaret installation. Please run: `pip install catboost` to install.
Alternately, you can install this by running `pip install pycaret[models]`
2025-04-17 17:46:40,792:WARNING:
'catboost' is a soft dependency and not included in the pycaret installation. Please run: `pip install catboost` to install.
Alternately, you can install this by running `pip install pycaret[models]`
2025-04-17 17:46:40,796:WARNING:
'prophet' is a soft dependency and not included in the pycaret installation. Please run: `pip install prophet` to install.
2025-04-17 17:46:40,800:WARNING:
'xgboost' is a soft dependency and not included in the pycaret installation. Please run: `pip install xgboost` to install.
Alternately, you can install this by running `pip install pycaret[models]`
2025-04-17 17:46:40,800:WARNING:
'xgboost' is a soft dependency and not included in the pycaret installation. Please run: `pip install xgboost` to install.
Alternately, you can install this by running `pip install pycaret[models]`
2025-04-17 17:46:40,801:WARNING:
'catboost' is a soft dependency and not included in the pycaret installation. Please run: `pip install catboost` to install.
Alternately, you can install this by running `pip install pycaret[models]`
2025-04-17 17:46:40,801:WARNING:
'catboost' is a soft dependency and not included in the pycaret installation. Please run: `pip install catboost` to install.
Alternately, you can install this by running `pip install pycaret[models]`
2025-04-17 17:46:40,801:INFO:setup() successfully completed in 1.12s...............
2025-04-17 17:46:40,802:INFO:Initializing compare_models()
2025-04-17 17:46:40,802:INFO:compare_models(self=<pycaret.time_series.forecasting.oop.TSForecastingExperiment object at 0x3120a95d0>, include=['ets', 'exp_smooth'], exclude=None, fold=None, round=4, cross_validation=True, sort=RMSE, n_select=1, budget_time=None, turbo=True, errors=ignore, fit_kwargs=None, groups=None, experiment_custom_tags=None, probability_threshold=None, verbose=False, parallel=None, caller_params={'self': <pycaret.time_series.forecasting.oop.TSForecastingExperiment object at 0x3120a95d0>, 'include': ['ets', 'exp_smooth'], 'exclude': None, 'fold': None, 'round': 4, 'cross_validation': True, 'sort': 'RMSE', 'n_select': 1, 'budget_time': None, 'turbo': True, 'errors': 'ignore', 'fit_kwargs': None, 'experiment_custom_tags': None, 'engine': None, 'verbose': False, 'parallel': None, '__class__': <class 'pycaret.time_series.forecasting.oop.TSForecastingExperiment'>})
2025-04-17 17:46:40,802:INFO:Checking exceptions
2025-04-17 17:46:40,802:INFO:Preparing display monitor
2025-04-17 17:46:40,804:INFO:Initializing ETS
2025-04-17 17:46:40,804:INFO:Total runtime is 6.318092346191406e-07 minutes
2025-04-17 17:46:40,804:INFO:SubProcess create_model() called ==================================
2025-04-17 17:46:40,804:INFO:Initializing create_model()
2025-04-17 17:46:40,804:INFO:create_model(self=<pycaret.time_series.forecasting.oop.TSForecastingExperiment object at 0x3120a95d0>, estimator=ets, fold=None, round=4, cross_validation=True, predict=True, fit_kwargs={}, groups=None, refit=False, probability_threshold=None, experiment_custom_tags=None, verbose=False, system=False, add_to_model_list=True, metrics=None, display=<pycaret.internal.display.display.CommonDisplay object at 0x315af5f50>, model_only=True, return_train_score=False, error_score=0.0, kwargs={})
2025-04-17 17:46:40,804:INFO:Checking exceptions
2025-04-17 17:46:40,804:INFO:Importing libraries
2025-04-17 17:46:40,804:INFO:Copying training dataset
2025-04-17 17:46:40,810:INFO:Defining folds
2025-04-17 17:46:40,810:INFO:Declaring metric variables
2025-04-17 17:46:40,811:INFO:Importing untrained model
2025-04-17 17:46:40,811:INFO:ETS Imported successfully
2025-04-17 17:46:40,812:INFO:Starting cross validation
2025-04-17 17:46:40,813:INFO:Cross validating with ExpandingWindowSplitter(fh=ForecastingHorizon([ 1,  2,  3,  4,  5,  6,  7,  8,  9, 10, 11, 12, 13, 14, 15, 16, 17, 18,
       19, 20, 21, 22, 23, 24, 25, 26, 27, 28, 29, 30],
      dtype='int64', is_relative=True),
                        initial_window=1968, step_length=30), n_jobs=-1
2025-04-17 17:46:53,325:WARNING:/opt/anaconda3/envs/LSTM/lib/python3.11/site-packages/sklearn/metrics/_regression.py:483: FutureWarning: 'squared' is deprecated in version 1.4 and will be removed in 1.6. To calculate the root mean squared error, use the function'root_mean_squared_error'.
  warnings.warn(

2025-04-17 17:46:53,326:WARNING:/opt/anaconda3/envs/LSTM/lib/python3.11/site-packages/sklearn/metrics/_regression.py:483: FutureWarning: 'squared' is deprecated in version 1.4 and will be removed in 1.6. To calculate the root mean squared error, use the function'root_mean_squared_error'.
  warnings.warn(

2025-04-17 17:46:54,791:WARNING:/opt/anaconda3/envs/LSTM/lib/python3.11/site-packages/sklearn/metrics/_regression.py:483: FutureWarning: 'squared' is deprecated in version 1.4 and will be removed in 1.6. To calculate the root mean squared error, use the function'root_mean_squared_error'.
  warnings.warn(

2025-04-17 17:46:54,791:WARNING:/opt/anaconda3/envs/LSTM/lib/python3.11/site-packages/sklearn/metrics/_regression.py:483: FutureWarning: 'squared' is deprecated in version 1.4 and will be removed in 1.6. To calculate the root mean squared error, use the function'root_mean_squared_error'.
  warnings.warn(

2025-04-17 17:46:54,829:WARNING:/opt/anaconda3/envs/LSTM/lib/python3.11/site-packages/sklearn/metrics/_regression.py:483: FutureWarning: 'squared' is deprecated in version 1.4 and will be removed in 1.6. To calculate the root mean squared error, use the function'root_mean_squared_error'.
  warnings.warn(

2025-04-17 17:46:54,830:WARNING:/opt/anaconda3/envs/LSTM/lib/python3.11/site-packages/sklearn/metrics/_regression.py:483: FutureWarning: 'squared' is deprecated in version 1.4 and will be removed in 1.6. To calculate the root mean squared error, use the function'root_mean_squared_error'.
  warnings.warn(

2025-04-17 17:46:54,898:INFO:Calculating mean and std
2025-04-17 17:46:54,901:INFO:Creating metrics dataframe
2025-04-17 17:46:54,920:INFO:Uploading results into container
2025-04-17 17:46:54,920:INFO:Uploading model into container now
2025-04-17 17:46:54,921:INFO:_master_model_container: 1
2025-04-17 17:46:54,921:INFO:_display_container: 2
2025-04-17 17:46:54,924:INFO:AutoETS(seasonal='mul', sp=11, trend='add')
2025-04-17 17:46:54,924:INFO:create_model() successfully completed......................................
2025-04-17 17:46:55,448:INFO:SubProcess create_model() end ==================================
2025-04-17 17:46:55,448:INFO:Creating metrics dataframe
2025-04-17 17:46:55,452:INFO:Initializing Exponential Smoothing
2025-04-17 17:46:55,452:INFO:Total runtime is 0.24414496421813967 minutes
2025-04-17 17:46:55,453:INFO:SubProcess create_model() called ==================================
2025-04-17 17:46:55,453:INFO:Initializing create_model()
2025-04-17 17:46:55,453:INFO:create_model(self=<pycaret.time_series.forecasting.oop.TSForecastingExperiment object at 0x3120a95d0>, estimator=exp_smooth, fold=None, round=4, cross_validation=True, predict=True, fit_kwargs={}, groups=None, refit=False, probability_threshold=None, experiment_custom_tags=None, verbose=False, system=False, add_to_model_list=True, metrics=None, display=<pycaret.internal.display.display.CommonDisplay object at 0x315af5f50>, model_only=True, return_train_score=False, error_score=0.0, kwargs={})
2025-04-17 17:46:55,453:INFO:Checking exceptions
2025-04-17 17:46:55,453:INFO:Importing libraries
2025-04-17 17:46:55,453:INFO:Copying training dataset
2025-04-17 17:46:55,458:INFO:Defining folds
2025-04-17 17:46:55,458:INFO:Declaring metric variables
2025-04-17 17:46:55,459:INFO:Importing untrained model
2025-04-17 17:46:55,459:INFO:Exponential Smoothing Imported successfully
2025-04-17 17:46:55,461:INFO:Starting cross validation
2025-04-17 17:46:55,462:INFO:Cross validating with ExpandingWindowSplitter(fh=ForecastingHorizon([ 1,  2,  3,  4,  5,  6,  7,  8,  9, 10, 11, 12, 13, 14, 15, 16, 17, 18,
       19, 20, 21, 22, 23, 24, 25, 26, 27, 28, 29, 30],
      dtype='int64', is_relative=True),
                        initial_window=1968, step_length=30), n_jobs=-1
2025-04-17 17:46:56,302:WARNING:/opt/anaconda3/envs/LSTM/lib/python3.11/site-packages/sklearn/metrics/_regression.py:483: FutureWarning: 'squared' is deprecated in version 1.4 and will be removed in 1.6. To calculate the root mean squared error, use the function'root_mean_squared_error'.
  warnings.warn(

2025-04-17 17:46:56,302:WARNING:/opt/anaconda3/envs/LSTM/lib/python3.11/site-packages/sklearn/metrics/_regression.py:483: FutureWarning: 'squared' is deprecated in version 1.4 and will be removed in 1.6. To calculate the root mean squared error, use the function'root_mean_squared_error'.
  warnings.warn(

2025-04-17 17:46:59,430:WARNING:/opt/anaconda3/envs/LSTM/lib/python3.11/site-packages/sklearn/metrics/_regression.py:483: FutureWarning: 'squared' is deprecated in version 1.4 and will be removed in 1.6. To calculate the root mean squared error, use the function'root_mean_squared_error'.
  warnings.warn(

2025-04-17 17:46:59,431:WARNING:/opt/anaconda3/envs/LSTM/lib/python3.11/site-packages/sklearn/metrics/_regression.py:483: FutureWarning: 'squared' is deprecated in version 1.4 and will be removed in 1.6. To calculate the root mean squared error, use the function'root_mean_squared_error'.
  warnings.warn(

2025-04-17 17:46:59,620:WARNING:/opt/anaconda3/envs/LSTM/lib/python3.11/site-packages/sklearn/metrics/_regression.py:483: FutureWarning: 'squared' is deprecated in version 1.4 and will be removed in 1.6. To calculate the root mean squared error, use the function'root_mean_squared_error'.
  warnings.warn(

2025-04-17 17:46:59,620:WARNING:/opt/anaconda3/envs/LSTM/lib/python3.11/site-packages/sklearn/metrics/_regression.py:483: FutureWarning: 'squared' is deprecated in version 1.4 and will be removed in 1.6. To calculate the root mean squared error, use the function'root_mean_squared_error'.
  warnings.warn(

2025-04-17 17:46:59,670:INFO:Calculating mean and std
2025-04-17 17:46:59,670:INFO:Creating metrics dataframe
2025-04-17 17:46:59,675:INFO:Uploading results into container
2025-04-17 17:46:59,675:INFO:Uploading model into container now
2025-04-17 17:46:59,676:INFO:_master_model_container: 2
2025-04-17 17:46:59,676:INFO:_display_container: 2
2025-04-17 17:46:59,676:INFO:ExponentialSmoothing(seasonal='mul', sp=11, trend='add')
2025-04-17 17:46:59,676:INFO:create_model() successfully completed......................................
2025-04-17 17:46:59,920:INFO:SubProcess create_model() end ==================================
2025-04-17 17:46:59,928:INFO:Creating metrics dataframe
2025-04-17 17:46:59,948:INFO:Initializing create_model()
2025-04-17 17:46:59,948:INFO:create_model(self=<pycaret.time_series.forecasting.oop.TSForecastingExperiment object at 0x3120a95d0>, estimator=AutoETS(seasonal='mul', sp=11, trend='add'), fold=None, round=4, cross_validation=False, predict=False, fit_kwargs={}, groups=None, refit=True, probability_threshold=None, experiment_custom_tags=None, verbose=False, system=False, add_to_model_list=True, metrics=None, display=None, model_only=True, return_train_score=False, error_score=0.0, kwargs={})
2025-04-17 17:46:59,948:INFO:Checking exceptions
2025-04-17 17:46:59,950:INFO:Importing libraries
2025-04-17 17:46:59,950:INFO:Copying training dataset
2025-04-17 17:46:59,968:INFO:Defining folds
2025-04-17 17:46:59,970:INFO:Declaring metric variables
2025-04-17 17:46:59,981:INFO:Importing untrained model
2025-04-17 17:46:59,982:INFO:Declaring custom model
2025-04-17 17:46:59,982:INFO:ETS Imported successfully
2025-04-17 17:46:59,990:INFO:Cross validation set to False
2025-04-17 17:46:59,991:INFO:Fitting Model
2025-04-17 17:47:00,544:INFO:AutoETS(seasonal='mul', sp=11, trend='add')
2025-04-17 17:47:00,544:INFO:create_model() successfully completed......................................
2025-04-17 17:47:00,703:INFO:_master_model_container: 2
2025-04-17 17:47:00,703:INFO:_display_container: 2
2025-04-17 17:47:00,704:INFO:AutoETS(seasonal='mul', sp=11, trend='add')
2025-04-17 17:47:00,704:INFO:compare_models() successfully completed......................................
2025-04-17 17:47:00,705:INFO:Initializing create_model()
2025-04-17 17:47:00,706:INFO:create_model(self=<pycaret.time_series.forecasting.oop.TSForecastingExperiment object at 0x3120a95d0>, estimator=AutoETS(seasonal='mul', sp=11, trend='add'), fold=None, round=4, cross_validation=True, predict=True, fit_kwargs=None, groups=None, refit=True, probability_threshold=None, experiment_custom_tags=None, verbose=False, system=True, add_to_model_list=True, metrics=None, display=None, model_only=True, return_train_score=False, error_score=0.0, kwargs={})
2025-04-17 17:47:00,706:INFO:Checking exceptions
2025-04-17 17:47:00,707:INFO:Importing libraries
2025-04-17 17:47:00,707:INFO:Copying training dataset
2025-04-17 17:47:00,708:INFO:Defining folds
2025-04-17 17:47:00,708:INFO:Declaring metric variables
2025-04-17 17:47:00,708:INFO:Importing untrained model
2025-04-17 17:47:00,708:INFO:Declaring custom model
2025-04-17 17:47:00,709:INFO:ETS Imported successfully
2025-04-17 17:47:00,709:INFO:Starting cross validation
2025-04-17 17:47:00,710:INFO:Cross validating with ExpandingWindowSplitter(fh=ForecastingHorizon([ 1,  2,  3,  4,  5,  6,  7,  8,  9, 10, 11, 12, 13, 14, 15, 16, 17, 18,
       19, 20, 21, 22, 23, 24, 25, 26, 27, 28, 29, 30],
      dtype='int64', is_relative=True),
                        initial_window=1968, step_length=30), n_jobs=-1
2025-04-17 17:47:01,643:WARNING:/opt/anaconda3/envs/LSTM/lib/python3.11/site-packages/sklearn/metrics/_regression.py:483: FutureWarning: 'squared' is deprecated in version 1.4 and will be removed in 1.6. To calculate the root mean squared error, use the function'root_mean_squared_error'.
  warnings.warn(

2025-04-17 17:47:01,643:WARNING:/opt/anaconda3/envs/LSTM/lib/python3.11/site-packages/sklearn/metrics/_regression.py:483: FutureWarning: 'squared' is deprecated in version 1.4 and will be removed in 1.6. To calculate the root mean squared error, use the function'root_mean_squared_error'.
  warnings.warn(

2025-04-17 17:47:05,059:WARNING:/opt/anaconda3/envs/LSTM/lib/python3.11/site-packages/sklearn/metrics/_regression.py:483: FutureWarning: 'squared' is deprecated in version 1.4 and will be removed in 1.6. To calculate the root mean squared error, use the function'root_mean_squared_error'.
  warnings.warn(

2025-04-17 17:47:05,060:WARNING:/opt/anaconda3/envs/LSTM/lib/python3.11/site-packages/sklearn/metrics/_regression.py:483: FutureWarning: 'squared' is deprecated in version 1.4 and will be removed in 1.6. To calculate the root mean squared error, use the function'root_mean_squared_error'.
  warnings.warn(

2025-04-17 17:47:05,303:WARNING:/opt/anaconda3/envs/LSTM/lib/python3.11/site-packages/sklearn/metrics/_regression.py:483: FutureWarning: 'squared' is deprecated in version 1.4 and will be removed in 1.6. To calculate the root mean squared error, use the function'root_mean_squared_error'.
  warnings.warn(

2025-04-17 17:47:05,316:WARNING:/opt/anaconda3/envs/LSTM/lib/python3.11/site-packages/sklearn/metrics/_regression.py:483: FutureWarning: 'squared' is deprecated in version 1.4 and will be removed in 1.6. To calculate the root mean squared error, use the function'root_mean_squared_error'.
  warnings.warn(

2025-04-17 17:47:05,396:INFO:Calculating mean and std
2025-04-17 17:47:05,397:INFO:Creating metrics dataframe
2025-04-17 17:47:05,444:INFO:Finalizing model
2025-04-17 17:47:08,227:INFO:Uploading results into container
2025-04-17 17:47:08,228:INFO:Uploading model into container now
2025-04-17 17:47:08,229:INFO:_master_model_container: 3
2025-04-17 17:47:08,230:INFO:_display_container: 3
2025-04-17 17:47:08,231:INFO:AutoETS(seasonal='mul', sp=11, trend='add')
2025-04-17 17:47:08,231:INFO:create_model() successfully completed......................................
2025-04-17 17:47:09,792:INFO:Initializing get_config()
2025-04-17 17:47:09,793:INFO:get_config(self=<pycaret.time_series.forecasting.oop.TSForecastingExperiment object at 0x3120a95d0>, variable=y_train)
2025-04-17 17:47:09,793:INFO:Variable: 'y_train' used to return the transformed values in PyCaret 2.x. From PyCaret 3.x, this will return the raw values. If you need the transformed values, call get_config with 'y_train_transformed' instead.
2025-04-17 17:47:09,800:INFO:Variable:  returned as Date
2017-11-09    1.008180
2017-11-10    1.006010
2017-11-11    1.008990
2017-11-12    1.012470
2017-11-13    1.009350
                ...   
2023-06-24    1.000521
2023-06-25    1.000465
2023-06-26    1.000212
2023-06-27    1.000195
2023-06-28    1.000025
Freq: D, Name: ('Close', 'USDT-USD'), Length: 2058, dtype: float64
2025-04-17 17:47:09,800:INFO:get_config() successfully completed......................................
2025-04-17 18:02:08,518:WARNING:
'prophet' is a soft dependency and not included in the pycaret installation. Please run: `pip install prophet` to install.
2025-04-17 18:02:16,884:INFO:PyCaret TSForecastingExperiment
2025-04-17 18:02:16,884:INFO:Logging name: ts-default-name
2025-04-17 18:02:16,884:INFO:ML Usecase: MLUsecase.TIME_SERIES
2025-04-17 18:02:16,885:INFO:version 3.3.2
2025-04-17 18:02:16,885:INFO:Initializing setup()
2025-04-17 18:02:16,885:INFO:self.USI: 8936
2025-04-17 18:02:16,885:INFO:self._variable_keys: {'significant_sps', 'logging_param', 'html_param', 'gpu_n_jobs_param', 'enforce_exogenous', 'pipeline', 'seasonality_present', 'strictly_positive', 'y', 'y_train', 'X_test_transformed', 'candidate_sps', 'index_type', 'y_test', 'significant_sps_no_harmonics', '_ml_usecase', 'approach_type', 'X_train', 'fh', 'y_transformed', 'all_sps_to_use', 'seed', 'fold_param', 'primary_sp_to_use', 'y_test_transformed', 'log_plots_param', 'X_transformed', 'memory', 'n_jobs_param', 'X_test', 'y_train_transformed', 'exogenous_present', 'exp_id', '_available_plots', 'fold_generator', 'enforce_pi', 'idx', 'model_engines', 'USI', 'X_train_transformed', 'gpu_param', 'X', 'exp_name_log', 'data'}
2025-04-17 18:02:16,885:INFO:Checking environment
2025-04-17 18:02:16,885:INFO:python_version: 3.11.8
2025-04-17 18:02:16,885:INFO:python_build: ('main', 'Feb 16 2024 20:49:36')
2025-04-17 18:02:16,886:INFO:machine: arm64
2025-04-17 18:02:16,886:INFO:platform: macOS-15.3.1-arm64-arm-64bit
2025-04-17 18:02:16,886:INFO:Memory: svmem(total=17179869184, available=2966618112, percent=82.7, used=5066784768, free=69664768, active=2913107968, inactive=2802204672, wired=2153676800)
2025-04-17 18:02:16,886:INFO:Physical Core: 8
2025-04-17 18:02:16,886:INFO:Logical Core: 8
2025-04-17 18:02:16,886:INFO:Checking libraries
2025-04-17 18:02:16,886:INFO:System:
2025-04-17 18:02:16,886:INFO:    python: 3.11.8 | packaged by conda-forge | (main, Feb 16 2024, 20:49:36) [Clang 16.0.6 ]
2025-04-17 18:02:16,886:INFO:executable: /opt/anaconda3/envs/LSTM/bin/python
2025-04-17 18:02:16,886:INFO:   machine: macOS-15.3.1-arm64-arm-64bit
2025-04-17 18:02:16,886:INFO:PyCaret required dependencies:
2025-04-17 18:02:16,946:INFO:                 pip: 25.0
2025-04-17 18:02:16,947:INFO:          setuptools: 75.8.0
2025-04-17 18:02:16,947:INFO:             pycaret: 3.3.2
2025-04-17 18:02:16,947:INFO:             IPython: 8.32.0
2025-04-17 18:02:16,947:INFO:          ipywidgets: 8.1.5
2025-04-17 18:02:16,947:INFO:                tqdm: 4.67.1
2025-04-17 18:02:16,947:INFO:               numpy: 1.26.4
2025-04-17 18:02:16,947:INFO:              pandas: 2.1.4
2025-04-17 18:02:16,947:INFO:              jinja2: 3.1.5
2025-04-17 18:02:16,947:INFO:               scipy: 1.11.4
2025-04-17 18:02:16,947:INFO:              joblib: 1.3.2
2025-04-17 18:02:16,947:INFO:             sklearn: 1.4.2
2025-04-17 18:02:16,947:INFO:                pyod: 2.0.3
2025-04-17 18:02:16,947:INFO:            imblearn: 0.13.0
2025-04-17 18:02:16,947:INFO:   category_encoders: 2.7.0
2025-04-17 18:02:16,947:INFO:            lightgbm: 4.6.0
2025-04-17 18:02:16,947:INFO:               numba: 0.61.0
2025-04-17 18:02:16,948:INFO:            requests: 2.32.3
2025-04-17 18:02:16,948:INFO:          matplotlib: 3.7.5
2025-04-17 18:02:16,948:INFO:          scikitplot: 0.3.7
2025-04-17 18:02:16,948:INFO:         yellowbrick: 1.5
2025-04-17 18:02:16,948:INFO:              plotly: 5.24.1
2025-04-17 18:02:16,948:INFO:    plotly-resampler: Not installed
2025-04-17 18:02:16,948:INFO:             kaleido: 0.2.1
2025-04-17 18:02:16,948:INFO:           schemdraw: 0.15
2025-04-17 18:02:16,948:INFO:         statsmodels: 0.14.4
2025-04-17 18:02:16,948:INFO:              sktime: 0.26.0
2025-04-17 18:02:16,948:INFO:               tbats: 1.1.3
2025-04-17 18:02:16,948:INFO:            pmdarima: 2.0.4
2025-04-17 18:02:16,948:INFO:              psutil: 5.9.0
2025-04-17 18:02:16,948:INFO:          markupsafe: 3.0.2
2025-04-17 18:02:16,948:INFO:             pickle5: Not installed
2025-04-17 18:02:16,948:INFO:         cloudpickle: 3.1.1
2025-04-17 18:02:16,948:INFO:         deprecation: 2.1.0
2025-04-17 18:02:16,948:INFO:              xxhash: 3.5.0
2025-04-17 18:02:16,948:INFO:           wurlitzer: 3.1.1
2025-04-17 18:02:16,948:INFO:PyCaret optional dependencies:
2025-04-17 18:02:17,144:INFO:                shap: Not installed
2025-04-17 18:02:17,144:INFO:           interpret: Not installed
2025-04-17 18:02:17,144:INFO:                umap: Not installed
2025-04-17 18:02:17,144:INFO:     ydata_profiling: Not installed
2025-04-17 18:02:17,144:INFO:  explainerdashboard: Not installed
2025-04-17 18:02:17,144:INFO:             autoviz: Not installed
2025-04-17 18:02:17,144:INFO:           fairlearn: Not installed
2025-04-17 18:02:17,144:INFO:          deepchecks: Not installed
2025-04-17 18:02:17,144:INFO:             xgboost: Not installed
2025-04-17 18:02:17,144:INFO:            catboost: Not installed
2025-04-17 18:02:17,144:INFO:              kmodes: Not installed
2025-04-17 18:02:17,144:INFO:             mlxtend: Not installed
2025-04-17 18:02:17,144:INFO:       statsforecast: Not installed
2025-04-17 18:02:17,144:INFO:        tune_sklearn: Not installed
2025-04-17 18:02:17,144:INFO:                 ray: Not installed
2025-04-17 18:02:17,144:INFO:            hyperopt: Not installed
2025-04-17 18:02:17,144:INFO:              optuna: Not installed
2025-04-17 18:02:17,144:INFO:               skopt: Not installed
2025-04-17 18:02:17,144:INFO:              mlflow: Not installed
2025-04-17 18:02:17,144:INFO:              gradio: Not installed
2025-04-17 18:02:17,144:INFO:             fastapi: Not installed
2025-04-17 18:02:17,144:INFO:             uvicorn: Not installed
2025-04-17 18:02:17,144:INFO:              m2cgen: Not installed
2025-04-17 18:02:17,144:INFO:           evidently: Not installed
2025-04-17 18:02:17,144:INFO:               fugue: Not installed
2025-04-17 18:02:17,144:INFO:           streamlit: Not installed
2025-04-17 18:02:17,144:INFO:             prophet: Not installed
2025-04-17 18:02:17,144:INFO:None
2025-04-17 18:02:17,149:INFO:Set Forecast Horizon.
2025-04-17 18:02:17,149:INFO:Set up Train-Test Splits.
2025-04-17 18:02:17,160:INFO:Preparing preprocessing pipeline...
2025-04-17 18:02:17,160:INFO:Set up imputation for Target variable(s).
2025-04-17 18:02:17,226:INFO:Finished creating preprocessing pipeline.
2025-04-17 18:02:17,231:INFO:Pipeline: ForecastingPipeline(steps=[('forecaster',
                            TransformedTargetForecaster(steps=[('transformer_target',
                                                                TransformerPipeline(steps=[('numerical_imputer',
                                                                                            Imputer(method='ffill',
                                                                                                    random_state=123))])),
                                                               ('model',
                                                                DummyForecaster())]))])
2025-04-17 18:02:17,231:INFO:Set up Seasonal Period.
2025-04-17 18:02:17,243:INFO:Setting the seasonal component type - 'add' or 'mul'.
2025-04-17 18:02:17,243:INFO:Checking if data is strictly positive.
2025-04-17 18:02:17,365:INFO:Creating final display dataframe.
2025-04-17 18:02:17,419:INFO:Setup Display Container:                                           Description                    Value
0                                          session_id                      123
1                                              Target    ('Close', 'USDT-USD')
2                                            Approach               Univariate
3                                 Exogenous Variables              Not Present
4                                 Original data shape                (2088, 1)
5                              Transformed data shape                (2088, 1)
6                         Transformed train set shape                (2058, 1)
7                          Transformed test set shape                  (30, 1)
8                            Rows with missing values                     0.0%
9                                      Fold Generator  ExpandingWindowSplitter
10                                        Fold Number                        3
11                        Enforce Prediction Interval                    False
12                    Splits used for hyperparameters                      all
13                    User Defined Seasonal Period(s)                     None
14                            Ignore Seasonality Test                    False
15                         Seasonality Detection Algo                     auto
16                             Max Period to Consider                       60
17                          Seasonal Period(s) Tested      [11, 7, 40, 31, 35]
18                     Significant Seasonal Period(s)      [11, 7, 40, 31, 35]
19   Significant Seasonal Period(s) without Harmonics         [11, 35, 40, 31]
20                                   Remove Harmonics                    False
21                             Harmonics Order Method             harmonic_max
22                           Num Seasonalities to Use                        1
23                           All Seasonalities to Use                     [11]
24                                Primary Seasonality                       11
25                                Seasonality Present                     True
26                                   Seasonality Type                      mul
27                           Target Strictly Positive                     True
28                                 Target White Noise                       No
29                                      Recommended d                        1
30                             Recommended Seasonal D                        0
31                                         Preprocess                     True
32                      Numerical Imputation (Target)                    ffill
33                            Transformation (Target)                     None
34                                   Scaling (Target)                     None
35  Feature Engineering (Target) - Reduced Regression                    False
36                                           CPU Jobs                       -1
37                                            Use GPU                    False
38                                     Log Experiment                    False
39                                    Experiment Name          ts-default-name
40                                                USI                     8936
2025-04-17 18:02:17,419:INFO:Engine successfully changes for model 'auto_arima' to 'pmdarima'.
2025-04-17 18:02:17,436:WARNING:
'prophet' is a soft dependency and not included in the pycaret installation. Please run: `pip install prophet` to install.
2025-04-17 18:02:17,437:INFO:Engine for model 'lr_cds_dt' has not been set explicitly, hence returning None.
2025-04-17 18:02:17,437:INFO:Engine for model 'en_cds_dt' has not been set explicitly, hence returning None.
2025-04-17 18:02:17,437:INFO:Engine for model 'ridge_cds_dt' has not been set explicitly, hence returning None.
2025-04-17 18:02:17,437:INFO:Engine for model 'lasso_cds_dt' has not been set explicitly, hence returning None.
2025-04-17 18:02:17,437:INFO:Engine for model 'llar_cds_dt' has not been set explicitly, hence returning None.
2025-04-17 18:02:17,437:INFO:Engine for model 'br_cds_dt' has not been set explicitly, hence returning None.
2025-04-17 18:02:17,437:INFO:Engine for model 'huber_cds_dt' has not been set explicitly, hence returning None.
2025-04-17 18:02:17,439:INFO:Engine for model 'omp_cds_dt' has not been set explicitly, hence returning None.
2025-04-17 18:02:17,441:INFO:Engine for model 'knn_cds_dt' has not been set explicitly, hence returning None.
2025-04-17 18:02:17,441:INFO:Engine for model 'dt_cds_dt' has not been set explicitly, hence returning None.
2025-04-17 18:02:17,441:INFO:Engine for model 'rf_cds_dt' has not been set explicitly, hence returning None.
2025-04-17 18:02:17,442:INFO:Engine for model 'et_cds_dt' has not been set explicitly, hence returning None.
2025-04-17 18:02:17,442:INFO:Engine for model 'gbr_cds_dt' has not been set explicitly, hence returning None.
2025-04-17 18:02:17,443:INFO:Engine for model 'ada_cds_dt' has not been set explicitly, hence returning None.
2025-04-17 18:02:17,444:INFO:Engine for model 'xgboost_cds_dt' has not been set explicitly, hence returning None.
2025-04-17 18:02:17,444:WARNING:
'xgboost' is a soft dependency and not included in the pycaret installation. Please run: `pip install xgboost` to install.
Alternately, you can install this by running `pip install pycaret[models]`
2025-04-17 18:02:17,444:WARNING:
'xgboost' is a soft dependency and not included in the pycaret installation. Please run: `pip install xgboost` to install.
Alternately, you can install this by running `pip install pycaret[models]`
2025-04-17 18:02:17,444:INFO:Engine for model 'lightgbm_cds_dt' has not been set explicitly, hence returning None.
2025-04-17 18:02:17,445:INFO:Engine for model 'catboost_cds_dt' has not been set explicitly, hence returning None.
2025-04-17 18:02:17,445:WARNING:
'catboost' is a soft dependency and not included in the pycaret installation. Please run: `pip install catboost` to install.
Alternately, you can install this by running `pip install pycaret[models]`
2025-04-17 18:02:17,445:WARNING:
'catboost' is a soft dependency and not included in the pycaret installation. Please run: `pip install catboost` to install.
Alternately, you can install this by running `pip install pycaret[models]`
2025-04-17 18:02:17,446:WARNING:
'prophet' is a soft dependency and not included in the pycaret installation. Please run: `pip install prophet` to install.
2025-04-17 18:02:17,446:INFO:Engine for model 'lr_cds_dt' has not been set explicitly, hence returning None.
2025-04-17 18:02:17,446:INFO:Engine for model 'en_cds_dt' has not been set explicitly, hence returning None.
2025-04-17 18:02:17,446:INFO:Engine for model 'ridge_cds_dt' has not been set explicitly, hence returning None.
2025-04-17 18:02:17,447:INFO:Engine for model 'lasso_cds_dt' has not been set explicitly, hence returning None.
2025-04-17 18:02:17,447:INFO:Engine for model 'llar_cds_dt' has not been set explicitly, hence returning None.
2025-04-17 18:02:17,447:INFO:Engine for model 'br_cds_dt' has not been set explicitly, hence returning None.
2025-04-17 18:02:17,447:INFO:Engine for model 'huber_cds_dt' has not been set explicitly, hence returning None.
2025-04-17 18:02:17,448:INFO:Engine for model 'omp_cds_dt' has not been set explicitly, hence returning None.
2025-04-17 18:02:17,448:INFO:Engine for model 'knn_cds_dt' has not been set explicitly, hence returning None.
2025-04-17 18:02:17,460:INFO:Engine for model 'dt_cds_dt' has not been set explicitly, hence returning None.
2025-04-17 18:02:17,460:INFO:Engine for model 'rf_cds_dt' has not been set explicitly, hence returning None.
2025-04-17 18:02:17,460:INFO:Engine for model 'et_cds_dt' has not been set explicitly, hence returning None.
2025-04-17 18:02:17,461:INFO:Engine for model 'gbr_cds_dt' has not been set explicitly, hence returning None.
2025-04-17 18:02:17,473:INFO:Engine for model 'ada_cds_dt' has not been set explicitly, hence returning None.
2025-04-17 18:02:17,474:INFO:Engine for model 'xgboost_cds_dt' has not been set explicitly, hence returning None.
2025-04-17 18:02:17,474:WARNING:
'xgboost' is a soft dependency and not included in the pycaret installation. Please run: `pip install xgboost` to install.
Alternately, you can install this by running `pip install pycaret[models]`
2025-04-17 18:02:17,474:WARNING:
'xgboost' is a soft dependency and not included in the pycaret installation. Please run: `pip install xgboost` to install.
Alternately, you can install this by running `pip install pycaret[models]`
2025-04-17 18:02:17,474:INFO:Engine for model 'lightgbm_cds_dt' has not been set explicitly, hence returning None.
2025-04-17 18:02:17,474:INFO:Engine for model 'catboost_cds_dt' has not been set explicitly, hence returning None.
2025-04-17 18:02:17,474:WARNING:
'catboost' is a soft dependency and not included in the pycaret installation. Please run: `pip install catboost` to install.
Alternately, you can install this by running `pip install pycaret[models]`
2025-04-17 18:02:17,475:WARNING:
'catboost' is a soft dependency and not included in the pycaret installation. Please run: `pip install catboost` to install.
Alternately, you can install this by running `pip install pycaret[models]`
2025-04-17 18:02:17,475:INFO:Engine successfully changes for model 'lr_cds_dt' to 'sklearn'.
2025-04-17 18:02:17,551:WARNING:
'prophet' is a soft dependency and not included in the pycaret installation. Please run: `pip install prophet` to install.
2025-04-17 18:02:17,551:INFO:Engine for model 'en_cds_dt' has not been set explicitly, hence returning None.
2025-04-17 18:02:17,551:INFO:Engine for model 'ridge_cds_dt' has not been set explicitly, hence returning None.
2025-04-17 18:02:17,551:INFO:Engine for model 'lasso_cds_dt' has not been set explicitly, hence returning None.
2025-04-17 18:02:17,551:INFO:Engine for model 'llar_cds_dt' has not been set explicitly, hence returning None.
2025-04-17 18:02:17,551:INFO:Engine for model 'br_cds_dt' has not been set explicitly, hence returning None.
2025-04-17 18:02:17,552:INFO:Engine for model 'huber_cds_dt' has not been set explicitly, hence returning None.
2025-04-17 18:02:17,553:INFO:Engine for model 'omp_cds_dt' has not been set explicitly, hence returning None.
2025-04-17 18:02:17,556:INFO:Engine for model 'knn_cds_dt' has not been set explicitly, hence returning None.
2025-04-17 18:02:17,564:INFO:Engine for model 'dt_cds_dt' has not been set explicitly, hence returning None.
2025-04-17 18:02:17,564:INFO:Engine for model 'rf_cds_dt' has not been set explicitly, hence returning None.
2025-04-17 18:02:17,564:INFO:Engine for model 'et_cds_dt' has not been set explicitly, hence returning None.
2025-04-17 18:02:17,565:INFO:Engine for model 'gbr_cds_dt' has not been set explicitly, hence returning None.
2025-04-17 18:02:17,573:INFO:Engine for model 'ada_cds_dt' has not been set explicitly, hence returning None.
2025-04-17 18:02:17,574:INFO:Engine for model 'xgboost_cds_dt' has not been set explicitly, hence returning None.
2025-04-17 18:02:17,574:WARNING:
'xgboost' is a soft dependency and not included in the pycaret installation. Please run: `pip install xgboost` to install.
Alternately, you can install this by running `pip install pycaret[models]`
2025-04-17 18:02:17,574:WARNING:
'xgboost' is a soft dependency and not included in the pycaret installation. Please run: `pip install xgboost` to install.
Alternately, you can install this by running `pip install pycaret[models]`
2025-04-17 18:02:17,574:INFO:Engine for model 'lightgbm_cds_dt' has not been set explicitly, hence returning None.
2025-04-17 18:02:17,574:INFO:Engine for model 'catboost_cds_dt' has not been set explicitly, hence returning None.
2025-04-17 18:02:17,574:WARNING:
'catboost' is a soft dependency and not included in the pycaret installation. Please run: `pip install catboost` to install.
Alternately, you can install this by running `pip install pycaret[models]`
2025-04-17 18:02:17,574:WARNING:
'catboost' is a soft dependency and not included in the pycaret installation. Please run: `pip install catboost` to install.
Alternately, you can install this by running `pip install pycaret[models]`
2025-04-17 18:02:17,599:WARNING:
'prophet' is a soft dependency and not included in the pycaret installation. Please run: `pip install prophet` to install.
2025-04-17 18:02:17,600:INFO:Engine for model 'en_cds_dt' has not been set explicitly, hence returning None.
2025-04-17 18:02:17,600:INFO:Engine for model 'ridge_cds_dt' has not been set explicitly, hence returning None.
2025-04-17 18:02:17,600:INFO:Engine for model 'lasso_cds_dt' has not been set explicitly, hence returning None.
2025-04-17 18:02:17,600:INFO:Engine for model 'llar_cds_dt' has not been set explicitly, hence returning None.
2025-04-17 18:02:17,600:INFO:Engine for model 'br_cds_dt' has not been set explicitly, hence returning None.
2025-04-17 18:02:17,600:INFO:Engine for model 'huber_cds_dt' has not been set explicitly, hence returning None.
2025-04-17 18:02:17,603:INFO:Engine for model 'omp_cds_dt' has not been set explicitly, hence returning None.
2025-04-17 18:02:17,604:INFO:Engine for model 'knn_cds_dt' has not been set explicitly, hence returning None.
2025-04-17 18:02:17,605:INFO:Engine for model 'dt_cds_dt' has not been set explicitly, hence returning None.
2025-04-17 18:02:17,605:INFO:Engine for model 'rf_cds_dt' has not been set explicitly, hence returning None.
2025-04-17 18:02:17,606:INFO:Engine for model 'et_cds_dt' has not been set explicitly, hence returning None.
2025-04-17 18:02:17,606:INFO:Engine for model 'gbr_cds_dt' has not been set explicitly, hence returning None.
2025-04-17 18:02:17,606:INFO:Engine for model 'ada_cds_dt' has not been set explicitly, hence returning None.
2025-04-17 18:02:17,607:INFO:Engine for model 'xgboost_cds_dt' has not been set explicitly, hence returning None.
2025-04-17 18:02:17,607:WARNING:
'xgboost' is a soft dependency and not included in the pycaret installation. Please run: `pip install xgboost` to install.
Alternately, you can install this by running `pip install pycaret[models]`
2025-04-17 18:02:17,607:WARNING:
'xgboost' is a soft dependency and not included in the pycaret installation. Please run: `pip install xgboost` to install.
Alternately, you can install this by running `pip install pycaret[models]`
2025-04-17 18:02:17,607:INFO:Engine for model 'lightgbm_cds_dt' has not been set explicitly, hence returning None.
2025-04-17 18:02:17,608:INFO:Engine for model 'catboost_cds_dt' has not been set explicitly, hence returning None.
2025-04-17 18:02:17,608:WARNING:
'catboost' is a soft dependency and not included in the pycaret installation. Please run: `pip install catboost` to install.
Alternately, you can install this by running `pip install pycaret[models]`
2025-04-17 18:02:17,608:WARNING:
'catboost' is a soft dependency and not included in the pycaret installation. Please run: `pip install catboost` to install.
Alternately, you can install this by running `pip install pycaret[models]`
2025-04-17 18:02:17,608:INFO:Engine successfully changes for model 'en_cds_dt' to 'sklearn'.
2025-04-17 18:02:17,612:WARNING:
'prophet' is a soft dependency and not included in the pycaret installation. Please run: `pip install prophet` to install.
2025-04-17 18:02:17,613:INFO:Engine for model 'ridge_cds_dt' has not been set explicitly, hence returning None.
2025-04-17 18:02:17,613:INFO:Engine for model 'lasso_cds_dt' has not been set explicitly, hence returning None.
2025-04-17 18:02:17,613:INFO:Engine for model 'llar_cds_dt' has not been set explicitly, hence returning None.
2025-04-17 18:02:17,613:INFO:Engine for model 'br_cds_dt' has not been set explicitly, hence returning None.
2025-04-17 18:02:17,613:INFO:Engine for model 'huber_cds_dt' has not been set explicitly, hence returning None.
2025-04-17 18:02:17,614:INFO:Engine for model 'omp_cds_dt' has not been set explicitly, hence returning None.
2025-04-17 18:02:17,642:INFO:Engine for model 'knn_cds_dt' has not been set explicitly, hence returning None.
2025-04-17 18:02:17,642:INFO:Engine for model 'dt_cds_dt' has not been set explicitly, hence returning None.
2025-04-17 18:02:17,642:INFO:Engine for model 'rf_cds_dt' has not been set explicitly, hence returning None.
2025-04-17 18:02:17,642:INFO:Engine for model 'et_cds_dt' has not been set explicitly, hence returning None.
2025-04-17 18:02:17,642:INFO:Engine for model 'gbr_cds_dt' has not been set explicitly, hence returning None.
2025-04-17 18:02:17,642:INFO:Engine for model 'ada_cds_dt' has not been set explicitly, hence returning None.
2025-04-17 18:02:17,642:INFO:Engine for model 'xgboost_cds_dt' has not been set explicitly, hence returning None.
2025-04-17 18:02:17,642:WARNING:
'xgboost' is a soft dependency and not included in the pycaret installation. Please run: `pip install xgboost` to install.
Alternately, you can install this by running `pip install pycaret[models]`
2025-04-17 18:02:17,642:WARNING:
'xgboost' is a soft dependency and not included in the pycaret installation. Please run: `pip install xgboost` to install.
Alternately, you can install this by running `pip install pycaret[models]`
2025-04-17 18:02:17,642:INFO:Engine for model 'lightgbm_cds_dt' has not been set explicitly, hence returning None.
2025-04-17 18:02:17,643:INFO:Engine for model 'catboost_cds_dt' has not been set explicitly, hence returning None.
2025-04-17 18:02:17,643:WARNING:
'catboost' is a soft dependency and not included in the pycaret installation. Please run: `pip install catboost` to install.
Alternately, you can install this by running `pip install pycaret[models]`
2025-04-17 18:02:17,643:WARNING:
'catboost' is a soft dependency and not included in the pycaret installation. Please run: `pip install catboost` to install.
Alternately, you can install this by running `pip install pycaret[models]`
2025-04-17 18:02:17,664:WARNING:
'prophet' is a soft dependency and not included in the pycaret installation. Please run: `pip install prophet` to install.
2025-04-17 18:02:17,665:INFO:Engine for model 'ridge_cds_dt' has not been set explicitly, hence returning None.
2025-04-17 18:02:17,665:INFO:Engine for model 'lasso_cds_dt' has not been set explicitly, hence returning None.
2025-04-17 18:02:17,665:INFO:Engine for model 'llar_cds_dt' has not been set explicitly, hence returning None.
2025-04-17 18:02:17,665:INFO:Engine for model 'br_cds_dt' has not been set explicitly, hence returning None.
2025-04-17 18:02:17,665:INFO:Engine for model 'huber_cds_dt' has not been set explicitly, hence returning None.
2025-04-17 18:02:17,666:INFO:Engine for model 'omp_cds_dt' has not been set explicitly, hence returning None.
2025-04-17 18:02:17,667:INFO:Engine for model 'knn_cds_dt' has not been set explicitly, hence returning None.
2025-04-17 18:02:17,667:INFO:Engine for model 'dt_cds_dt' has not been set explicitly, hence returning None.
2025-04-17 18:02:17,667:INFO:Engine for model 'rf_cds_dt' has not been set explicitly, hence returning None.
2025-04-17 18:02:17,669:INFO:Engine for model 'et_cds_dt' has not been set explicitly, hence returning None.
2025-04-17 18:02:17,669:INFO:Engine for model 'gbr_cds_dt' has not been set explicitly, hence returning None.
2025-04-17 18:02:17,669:INFO:Engine for model 'ada_cds_dt' has not been set explicitly, hence returning None.
2025-04-17 18:02:17,669:INFO:Engine for model 'xgboost_cds_dt' has not been set explicitly, hence returning None.
2025-04-17 18:02:17,669:WARNING:
'xgboost' is a soft dependency and not included in the pycaret installation. Please run: `pip install xgboost` to install.
Alternately, you can install this by running `pip install pycaret[models]`
2025-04-17 18:02:17,669:WARNING:
'xgboost' is a soft dependency and not included in the pycaret installation. Please run: `pip install xgboost` to install.
Alternately, you can install this by running `pip install pycaret[models]`
2025-04-17 18:02:17,669:INFO:Engine for model 'lightgbm_cds_dt' has not been set explicitly, hence returning None.
2025-04-17 18:02:17,669:INFO:Engine for model 'catboost_cds_dt' has not been set explicitly, hence returning None.
2025-04-17 18:02:17,670:WARNING:
'catboost' is a soft dependency and not included in the pycaret installation. Please run: `pip install catboost` to install.
Alternately, you can install this by running `pip install pycaret[models]`
2025-04-17 18:02:17,670:WARNING:
'catboost' is a soft dependency and not included in the pycaret installation. Please run: `pip install catboost` to install.
Alternately, you can install this by running `pip install pycaret[models]`
2025-04-17 18:02:17,670:INFO:Engine successfully changes for model 'ridge_cds_dt' to 'sklearn'.
2025-04-17 18:02:17,674:WARNING:
'prophet' is a soft dependency and not included in the pycaret installation. Please run: `pip install prophet` to install.
2025-04-17 18:02:17,675:INFO:Engine for model 'lasso_cds_dt' has not been set explicitly, hence returning None.
2025-04-17 18:02:17,675:INFO:Engine for model 'llar_cds_dt' has not been set explicitly, hence returning None.
2025-04-17 18:02:17,676:INFO:Engine for model 'br_cds_dt' has not been set explicitly, hence returning None.
2025-04-17 18:02:17,676:INFO:Engine for model 'huber_cds_dt' has not been set explicitly, hence returning None.
2025-04-17 18:02:17,678:INFO:Engine for model 'omp_cds_dt' has not been set explicitly, hence returning None.
2025-04-17 18:02:17,680:INFO:Engine for model 'knn_cds_dt' has not been set explicitly, hence returning None.
2025-04-17 18:02:17,680:INFO:Engine for model 'dt_cds_dt' has not been set explicitly, hence returning None.
2025-04-17 18:02:17,680:INFO:Engine for model 'rf_cds_dt' has not been set explicitly, hence returning None.
2025-04-17 18:02:17,680:INFO:Engine for model 'et_cds_dt' has not been set explicitly, hence returning None.
2025-04-17 18:02:17,681:INFO:Engine for model 'gbr_cds_dt' has not been set explicitly, hence returning None.
2025-04-17 18:02:17,681:INFO:Engine for model 'ada_cds_dt' has not been set explicitly, hence returning None.
2025-04-17 18:02:17,681:INFO:Engine for model 'xgboost_cds_dt' has not been set explicitly, hence returning None.
2025-04-17 18:02:17,681:WARNING:
'xgboost' is a soft dependency and not included in the pycaret installation. Please run: `pip install xgboost` to install.
Alternately, you can install this by running `pip install pycaret[models]`
2025-04-17 18:02:17,681:WARNING:
'xgboost' is a soft dependency and not included in the pycaret installation. Please run: `pip install xgboost` to install.
Alternately, you can install this by running `pip install pycaret[models]`
2025-04-17 18:02:17,681:INFO:Engine for model 'lightgbm_cds_dt' has not been set explicitly, hence returning None.
2025-04-17 18:02:17,684:INFO:Engine for model 'catboost_cds_dt' has not been set explicitly, hence returning None.
2025-04-17 18:02:17,684:WARNING:
'catboost' is a soft dependency and not included in the pycaret installation. Please run: `pip install catboost` to install.
Alternately, you can install this by running `pip install pycaret[models]`
2025-04-17 18:02:17,684:WARNING:
'catboost' is a soft dependency and not included in the pycaret installation. Please run: `pip install catboost` to install.
Alternately, you can install this by running `pip install pycaret[models]`
2025-04-17 18:02:17,687:WARNING:
'prophet' is a soft dependency and not included in the pycaret installation. Please run: `pip install prophet` to install.
2025-04-17 18:02:17,688:INFO:Engine for model 'lasso_cds_dt' has not been set explicitly, hence returning None.
2025-04-17 18:02:17,689:INFO:Engine for model 'llar_cds_dt' has not been set explicitly, hence returning None.
2025-04-17 18:02:17,689:INFO:Engine for model 'br_cds_dt' has not been set explicitly, hence returning None.
2025-04-17 18:02:17,690:INFO:Engine for model 'huber_cds_dt' has not been set explicitly, hence returning None.
2025-04-17 18:02:17,691:INFO:Engine for model 'omp_cds_dt' has not been set explicitly, hence returning None.
2025-04-17 18:02:17,693:INFO:Engine for model 'knn_cds_dt' has not been set explicitly, hence returning None.
2025-04-17 18:02:17,693:INFO:Engine for model 'dt_cds_dt' has not been set explicitly, hence returning None.
2025-04-17 18:02:17,693:INFO:Engine for model 'rf_cds_dt' has not been set explicitly, hence returning None.
2025-04-17 18:02:17,694:INFO:Engine for model 'et_cds_dt' has not been set explicitly, hence returning None.
2025-04-17 18:02:17,694:INFO:Engine for model 'gbr_cds_dt' has not been set explicitly, hence returning None.
2025-04-17 18:02:17,701:INFO:Engine for model 'ada_cds_dt' has not been set explicitly, hence returning None.
2025-04-17 18:02:17,702:INFO:Engine for model 'xgboost_cds_dt' has not been set explicitly, hence returning None.
2025-04-17 18:02:17,702:WARNING:
'xgboost' is a soft dependency and not included in the pycaret installation. Please run: `pip install xgboost` to install.
Alternately, you can install this by running `pip install pycaret[models]`
2025-04-17 18:02:17,702:WARNING:
'xgboost' is a soft dependency and not included in the pycaret installation. Please run: `pip install xgboost` to install.
Alternately, you can install this by running `pip install pycaret[models]`
2025-04-17 18:02:17,702:INFO:Engine for model 'lightgbm_cds_dt' has not been set explicitly, hence returning None.
2025-04-17 18:02:17,702:INFO:Engine for model 'catboost_cds_dt' has not been set explicitly, hence returning None.
2025-04-17 18:02:17,702:WARNING:
'catboost' is a soft dependency and not included in the pycaret installation. Please run: `pip install catboost` to install.
Alternately, you can install this by running `pip install pycaret[models]`
2025-04-17 18:02:17,703:WARNING:
'catboost' is a soft dependency and not included in the pycaret installation. Please run: `pip install catboost` to install.
Alternately, you can install this by running `pip install pycaret[models]`
2025-04-17 18:02:17,703:INFO:Engine successfully changes for model 'lasso_cds_dt' to 'sklearn'.
2025-04-17 18:02:17,706:WARNING:
'prophet' is a soft dependency and not included in the pycaret installation. Please run: `pip install prophet` to install.
2025-04-17 18:02:17,707:INFO:Engine for model 'llar_cds_dt' has not been set explicitly, hence returning None.
2025-04-17 18:02:17,708:INFO:Engine for model 'br_cds_dt' has not been set explicitly, hence returning None.
2025-04-17 18:02:17,708:INFO:Engine for model 'huber_cds_dt' has not been set explicitly, hence returning None.
2025-04-17 18:02:17,712:INFO:Engine for model 'omp_cds_dt' has not been set explicitly, hence returning None.
2025-04-17 18:02:17,712:INFO:Engine for model 'knn_cds_dt' has not been set explicitly, hence returning None.
2025-04-17 18:02:17,712:INFO:Engine for model 'dt_cds_dt' has not been set explicitly, hence returning None.
2025-04-17 18:02:17,713:INFO:Engine for model 'rf_cds_dt' has not been set explicitly, hence returning None.
2025-04-17 18:02:17,713:INFO:Engine for model 'et_cds_dt' has not been set explicitly, hence returning None.
2025-04-17 18:02:17,713:INFO:Engine for model 'gbr_cds_dt' has not been set explicitly, hence returning None.
2025-04-17 18:02:17,715:INFO:Engine for model 'ada_cds_dt' has not been set explicitly, hence returning None.
2025-04-17 18:02:17,716:INFO:Engine for model 'xgboost_cds_dt' has not been set explicitly, hence returning None.
2025-04-17 18:02:17,716:WARNING:
'xgboost' is a soft dependency and not included in the pycaret installation. Please run: `pip install xgboost` to install.
Alternately, you can install this by running `pip install pycaret[models]`
2025-04-17 18:02:17,716:WARNING:
'xgboost' is a soft dependency and not included in the pycaret installation. Please run: `pip install xgboost` to install.
Alternately, you can install this by running `pip install pycaret[models]`
2025-04-17 18:02:17,716:INFO:Engine for model 'lightgbm_cds_dt' has not been set explicitly, hence returning None.
2025-04-17 18:02:17,716:INFO:Engine for model 'catboost_cds_dt' has not been set explicitly, hence returning None.
2025-04-17 18:02:17,716:WARNING:
'catboost' is a soft dependency and not included in the pycaret installation. Please run: `pip install catboost` to install.
Alternately, you can install this by running `pip install pycaret[models]`
2025-04-17 18:02:17,716:WARNING:
'catboost' is a soft dependency and not included in the pycaret installation. Please run: `pip install catboost` to install.
Alternately, you can install this by running `pip install pycaret[models]`
2025-04-17 18:02:17,723:WARNING:
'prophet' is a soft dependency and not included in the pycaret installation. Please run: `pip install prophet` to install.
2025-04-17 18:02:17,723:INFO:Engine for model 'llar_cds_dt' has not been set explicitly, hence returning None.
2025-04-17 18:02:17,723:INFO:Engine for model 'br_cds_dt' has not been set explicitly, hence returning None.
2025-04-17 18:02:17,723:INFO:Engine for model 'huber_cds_dt' has not been set explicitly, hence returning None.
2025-04-17 18:02:17,725:INFO:Engine for model 'omp_cds_dt' has not been set explicitly, hence returning None.
2025-04-17 18:02:17,725:INFO:Engine for model 'knn_cds_dt' has not been set explicitly, hence returning None.
2025-04-17 18:02:17,725:INFO:Engine for model 'dt_cds_dt' has not been set explicitly, hence returning None.
2025-04-17 18:02:17,725:INFO:Engine for model 'rf_cds_dt' has not been set explicitly, hence returning None.
2025-04-17 18:02:17,725:INFO:Engine for model 'et_cds_dt' has not been set explicitly, hence returning None.
2025-04-17 18:02:17,726:INFO:Engine for model 'gbr_cds_dt' has not been set explicitly, hence returning None.
2025-04-17 18:02:17,726:INFO:Engine for model 'ada_cds_dt' has not been set explicitly, hence returning None.
2025-04-17 18:02:17,727:INFO:Engine for model 'xgboost_cds_dt' has not been set explicitly, hence returning None.
2025-04-17 18:02:17,727:WARNING:
'xgboost' is a soft dependency and not included in the pycaret installation. Please run: `pip install xgboost` to install.
Alternately, you can install this by running `pip install pycaret[models]`
2025-04-17 18:02:17,727:WARNING:
'xgboost' is a soft dependency and not included in the pycaret installation. Please run: `pip install xgboost` to install.
Alternately, you can install this by running `pip install pycaret[models]`
2025-04-17 18:02:17,727:INFO:Engine for model 'lightgbm_cds_dt' has not been set explicitly, hence returning None.
2025-04-17 18:02:17,727:INFO:Engine for model 'catboost_cds_dt' has not been set explicitly, hence returning None.
2025-04-17 18:02:17,727:WARNING:
'catboost' is a soft dependency and not included in the pycaret installation. Please run: `pip install catboost` to install.
Alternately, you can install this by running `pip install pycaret[models]`
2025-04-17 18:02:17,728:WARNING:
'catboost' is a soft dependency and not included in the pycaret installation. Please run: `pip install catboost` to install.
Alternately, you can install this by running `pip install pycaret[models]`
2025-04-17 18:02:17,728:INFO:Engine successfully changes for model 'lar_cds_dt' to 'sklearn'.
2025-04-17 18:02:17,731:WARNING:
'prophet' is a soft dependency and not included in the pycaret installation. Please run: `pip install prophet` to install.
2025-04-17 18:02:17,732:INFO:Engine for model 'llar_cds_dt' has not been set explicitly, hence returning None.
2025-04-17 18:02:17,732:INFO:Engine for model 'br_cds_dt' has not been set explicitly, hence returning None.
2025-04-17 18:02:17,732:INFO:Engine for model 'huber_cds_dt' has not been set explicitly, hence returning None.
2025-04-17 18:02:17,733:INFO:Engine for model 'omp_cds_dt' has not been set explicitly, hence returning None.
2025-04-17 18:02:17,733:INFO:Engine for model 'knn_cds_dt' has not been set explicitly, hence returning None.
2025-04-17 18:02:17,733:INFO:Engine for model 'dt_cds_dt' has not been set explicitly, hence returning None.
2025-04-17 18:02:17,733:INFO:Engine for model 'rf_cds_dt' has not been set explicitly, hence returning None.
2025-04-17 18:02:17,733:INFO:Engine for model 'et_cds_dt' has not been set explicitly, hence returning None.
2025-04-17 18:02:17,734:INFO:Engine for model 'gbr_cds_dt' has not been set explicitly, hence returning None.
2025-04-17 18:02:17,734:INFO:Engine for model 'ada_cds_dt' has not been set explicitly, hence returning None.
2025-04-17 18:02:17,734:INFO:Engine for model 'xgboost_cds_dt' has not been set explicitly, hence returning None.
2025-04-17 18:02:17,734:WARNING:
'xgboost' is a soft dependency and not included in the pycaret installation. Please run: `pip install xgboost` to install.
Alternately, you can install this by running `pip install pycaret[models]`
2025-04-17 18:02:17,734:WARNING:
'xgboost' is a soft dependency and not included in the pycaret installation. Please run: `pip install xgboost` to install.
Alternately, you can install this by running `pip install pycaret[models]`
2025-04-17 18:02:17,734:INFO:Engine for model 'lightgbm_cds_dt' has not been set explicitly, hence returning None.
2025-04-17 18:02:17,734:INFO:Engine for model 'catboost_cds_dt' has not been set explicitly, hence returning None.
2025-04-17 18:02:17,734:WARNING:
'catboost' is a soft dependency and not included in the pycaret installation. Please run: `pip install catboost` to install.
Alternately, you can install this by running `pip install pycaret[models]`
2025-04-17 18:02:17,734:WARNING:
'catboost' is a soft dependency and not included in the pycaret installation. Please run: `pip install catboost` to install.
Alternately, you can install this by running `pip install pycaret[models]`
2025-04-17 18:02:17,736:WARNING:
'prophet' is a soft dependency and not included in the pycaret installation. Please run: `pip install prophet` to install.
2025-04-17 18:02:17,737:INFO:Engine for model 'llar_cds_dt' has not been set explicitly, hence returning None.
2025-04-17 18:02:17,738:INFO:Engine for model 'br_cds_dt' has not been set explicitly, hence returning None.
2025-04-17 18:02:17,738:INFO:Engine for model 'huber_cds_dt' has not been set explicitly, hence returning None.
2025-04-17 18:02:17,740:INFO:Engine for model 'omp_cds_dt' has not been set explicitly, hence returning None.
2025-04-17 18:02:17,741:INFO:Engine for model 'knn_cds_dt' has not been set explicitly, hence returning None.
2025-04-17 18:02:17,741:INFO:Engine for model 'dt_cds_dt' has not been set explicitly, hence returning None.
2025-04-17 18:02:17,742:INFO:Engine for model 'rf_cds_dt' has not been set explicitly, hence returning None.
2025-04-17 18:02:17,742:INFO:Engine for model 'et_cds_dt' has not been set explicitly, hence returning None.
2025-04-17 18:02:17,742:INFO:Engine for model 'gbr_cds_dt' has not been set explicitly, hence returning None.
2025-04-17 18:02:17,742:INFO:Engine for model 'ada_cds_dt' has not been set explicitly, hence returning None.
2025-04-17 18:02:17,742:INFO:Engine for model 'xgboost_cds_dt' has not been set explicitly, hence returning None.
2025-04-17 18:02:17,742:WARNING:
'xgboost' is a soft dependency and not included in the pycaret installation. Please run: `pip install xgboost` to install.
Alternately, you can install this by running `pip install pycaret[models]`
2025-04-17 18:02:17,742:WARNING:
'xgboost' is a soft dependency and not included in the pycaret installation. Please run: `pip install xgboost` to install.
Alternately, you can install this by running `pip install pycaret[models]`
2025-04-17 18:02:17,742:INFO:Engine for model 'lightgbm_cds_dt' has not been set explicitly, hence returning None.
2025-04-17 18:02:17,742:INFO:Engine for model 'catboost_cds_dt' has not been set explicitly, hence returning None.
2025-04-17 18:02:17,742:WARNING:
'catboost' is a soft dependency and not included in the pycaret installation. Please run: `pip install catboost` to install.
Alternately, you can install this by running `pip install pycaret[models]`
2025-04-17 18:02:17,742:WARNING:
'catboost' is a soft dependency and not included in the pycaret installation. Please run: `pip install catboost` to install.
Alternately, you can install this by running `pip install pycaret[models]`
2025-04-17 18:02:17,742:INFO:Engine successfully changes for model 'llar_cds_dt' to 'sklearn'.
2025-04-17 18:02:17,744:WARNING:
'prophet' is a soft dependency and not included in the pycaret installation. Please run: `pip install prophet` to install.
2025-04-17 18:02:17,744:INFO:Engine for model 'br_cds_dt' has not been set explicitly, hence returning None.
2025-04-17 18:02:17,744:INFO:Engine for model 'huber_cds_dt' has not been set explicitly, hence returning None.
2025-04-17 18:02:17,746:INFO:Engine for model 'omp_cds_dt' has not been set explicitly, hence returning None.
2025-04-17 18:02:17,748:INFO:Engine for model 'knn_cds_dt' has not been set explicitly, hence returning None.
2025-04-17 18:02:17,748:INFO:Engine for model 'dt_cds_dt' has not been set explicitly, hence returning None.
2025-04-17 18:02:17,749:INFO:Engine for model 'rf_cds_dt' has not been set explicitly, hence returning None.
2025-04-17 18:02:17,749:INFO:Engine for model 'et_cds_dt' has not been set explicitly, hence returning None.
2025-04-17 18:02:17,749:INFO:Engine for model 'gbr_cds_dt' has not been set explicitly, hence returning None.
2025-04-17 18:02:17,750:INFO:Engine for model 'ada_cds_dt' has not been set explicitly, hence returning None.
2025-04-17 18:02:17,750:INFO:Engine for model 'xgboost_cds_dt' has not been set explicitly, hence returning None.
2025-04-17 18:02:17,750:WARNING:
'xgboost' is a soft dependency and not included in the pycaret installation. Please run: `pip install xgboost` to install.
Alternately, you can install this by running `pip install pycaret[models]`
2025-04-17 18:02:17,750:WARNING:
'xgboost' is a soft dependency and not included in the pycaret installation. Please run: `pip install xgboost` to install.
Alternately, you can install this by running `pip install pycaret[models]`
2025-04-17 18:02:17,750:INFO:Engine for model 'lightgbm_cds_dt' has not been set explicitly, hence returning None.
2025-04-17 18:02:17,751:INFO:Engine for model 'catboost_cds_dt' has not been set explicitly, hence returning None.
2025-04-17 18:02:17,751:WARNING:
'catboost' is a soft dependency and not included in the pycaret installation. Please run: `pip install catboost` to install.
Alternately, you can install this by running `pip install pycaret[models]`
2025-04-17 18:02:17,751:WARNING:
'catboost' is a soft dependency and not included in the pycaret installation. Please run: `pip install catboost` to install.
Alternately, you can install this by running `pip install pycaret[models]`
2025-04-17 18:02:17,753:WARNING:
'prophet' is a soft dependency and not included in the pycaret installation. Please run: `pip install prophet` to install.
2025-04-17 18:02:17,754:INFO:Engine for model 'br_cds_dt' has not been set explicitly, hence returning None.
2025-04-17 18:02:17,754:INFO:Engine for model 'huber_cds_dt' has not been set explicitly, hence returning None.
2025-04-17 18:02:17,755:INFO:Engine for model 'omp_cds_dt' has not been set explicitly, hence returning None.
2025-04-17 18:02:17,755:INFO:Engine for model 'knn_cds_dt' has not been set explicitly, hence returning None.
2025-04-17 18:02:17,755:INFO:Engine for model 'dt_cds_dt' has not been set explicitly, hence returning None.
2025-04-17 18:02:17,755:INFO:Engine for model 'rf_cds_dt' has not been set explicitly, hence returning None.
2025-04-17 18:02:17,756:INFO:Engine for model 'et_cds_dt' has not been set explicitly, hence returning None.
2025-04-17 18:02:17,756:INFO:Engine for model 'gbr_cds_dt' has not been set explicitly, hence returning None.
2025-04-17 18:02:17,756:INFO:Engine for model 'ada_cds_dt' has not been set explicitly, hence returning None.
2025-04-17 18:02:17,756:INFO:Engine for model 'xgboost_cds_dt' has not been set explicitly, hence returning None.
2025-04-17 18:02:17,756:WARNING:
'xgboost' is a soft dependency and not included in the pycaret installation. Please run: `pip install xgboost` to install.
Alternately, you can install this by running `pip install pycaret[models]`
2025-04-17 18:02:17,756:WARNING:
'xgboost' is a soft dependency and not included in the pycaret installation. Please run: `pip install xgboost` to install.
Alternately, you can install this by running `pip install pycaret[models]`
2025-04-17 18:02:17,756:INFO:Engine for model 'lightgbm_cds_dt' has not been set explicitly, hence returning None.
2025-04-17 18:02:17,756:INFO:Engine for model 'catboost_cds_dt' has not been set explicitly, hence returning None.
2025-04-17 18:02:17,756:WARNING:
'catboost' is a soft dependency and not included in the pycaret installation. Please run: `pip install catboost` to install.
Alternately, you can install this by running `pip install pycaret[models]`
2025-04-17 18:02:17,756:WARNING:
'catboost' is a soft dependency and not included in the pycaret installation. Please run: `pip install catboost` to install.
Alternately, you can install this by running `pip install pycaret[models]`
2025-04-17 18:02:17,756:INFO:Engine successfully changes for model 'br_cds_dt' to 'sklearn'.
2025-04-17 18:02:17,757:WARNING:
'prophet' is a soft dependency and not included in the pycaret installation. Please run: `pip install prophet` to install.
2025-04-17 18:02:17,758:INFO:Engine for model 'huber_cds_dt' has not been set explicitly, hence returning None.
2025-04-17 18:02:17,758:INFO:Engine for model 'omp_cds_dt' has not been set explicitly, hence returning None.
2025-04-17 18:02:17,759:INFO:Engine for model 'knn_cds_dt' has not been set explicitly, hence returning None.
2025-04-17 18:02:17,759:INFO:Engine for model 'dt_cds_dt' has not been set explicitly, hence returning None.
2025-04-17 18:02:17,759:INFO:Engine for model 'rf_cds_dt' has not been set explicitly, hence returning None.
2025-04-17 18:02:17,759:INFO:Engine for model 'et_cds_dt' has not been set explicitly, hence returning None.
2025-04-17 18:02:17,759:INFO:Engine for model 'gbr_cds_dt' has not been set explicitly, hence returning None.
2025-04-17 18:02:17,759:INFO:Engine for model 'ada_cds_dt' has not been set explicitly, hence returning None.
2025-04-17 18:02:17,759:INFO:Engine for model 'xgboost_cds_dt' has not been set explicitly, hence returning None.
2025-04-17 18:02:17,759:WARNING:
'xgboost' is a soft dependency and not included in the pycaret installation. Please run: `pip install xgboost` to install.
Alternately, you can install this by running `pip install pycaret[models]`
2025-04-17 18:02:17,760:WARNING:
'xgboost' is a soft dependency and not included in the pycaret installation. Please run: `pip install xgboost` to install.
Alternately, you can install this by running `pip install pycaret[models]`
2025-04-17 18:02:17,760:INFO:Engine for model 'lightgbm_cds_dt' has not been set explicitly, hence returning None.
2025-04-17 18:02:17,760:INFO:Engine for model 'catboost_cds_dt' has not been set explicitly, hence returning None.
2025-04-17 18:02:17,760:WARNING:
'catboost' is a soft dependency and not included in the pycaret installation. Please run: `pip install catboost` to install.
Alternately, you can install this by running `pip install pycaret[models]`
2025-04-17 18:02:17,760:WARNING:
'catboost' is a soft dependency and not included in the pycaret installation. Please run: `pip install catboost` to install.
Alternately, you can install this by running `pip install pycaret[models]`
2025-04-17 18:02:17,761:WARNING:
'prophet' is a soft dependency and not included in the pycaret installation. Please run: `pip install prophet` to install.
2025-04-17 18:02:17,761:INFO:Engine for model 'huber_cds_dt' has not been set explicitly, hence returning None.
2025-04-17 18:02:17,762:INFO:Engine for model 'omp_cds_dt' has not been set explicitly, hence returning None.
2025-04-17 18:02:17,762:INFO:Engine for model 'knn_cds_dt' has not been set explicitly, hence returning None.
2025-04-17 18:02:17,763:INFO:Engine for model 'dt_cds_dt' has not been set explicitly, hence returning None.
2025-04-17 18:02:17,763:INFO:Engine for model 'rf_cds_dt' has not been set explicitly, hence returning None.
2025-04-17 18:02:17,763:INFO:Engine for model 'et_cds_dt' has not been set explicitly, hence returning None.
2025-04-17 18:02:17,764:INFO:Engine for model 'gbr_cds_dt' has not been set explicitly, hence returning None.
2025-04-17 18:02:17,764:INFO:Engine for model 'ada_cds_dt' has not been set explicitly, hence returning None.
2025-04-17 18:02:17,764:INFO:Engine for model 'xgboost_cds_dt' has not been set explicitly, hence returning None.
2025-04-17 18:02:17,764:WARNING:
'xgboost' is a soft dependency and not included in the pycaret installation. Please run: `pip install xgboost` to install.
Alternately, you can install this by running `pip install pycaret[models]`
2025-04-17 18:02:17,765:WARNING:
'xgboost' is a soft dependency and not included in the pycaret installation. Please run: `pip install xgboost` to install.
Alternately, you can install this by running `pip install pycaret[models]`
2025-04-17 18:02:17,765:INFO:Engine for model 'lightgbm_cds_dt' has not been set explicitly, hence returning None.
2025-04-17 18:02:17,765:INFO:Engine for model 'catboost_cds_dt' has not been set explicitly, hence returning None.
2025-04-17 18:02:17,765:WARNING:
'catboost' is a soft dependency and not included in the pycaret installation. Please run: `pip install catboost` to install.
Alternately, you can install this by running `pip install pycaret[models]`
2025-04-17 18:02:17,765:WARNING:
'catboost' is a soft dependency and not included in the pycaret installation. Please run: `pip install catboost` to install.
Alternately, you can install this by running `pip install pycaret[models]`
2025-04-17 18:02:17,765:INFO:Engine successfully changes for model 'huber_cds_dt' to 'sklearn'.
2025-04-17 18:02:17,769:WARNING:
'prophet' is a soft dependency and not included in the pycaret installation. Please run: `pip install prophet` to install.
2025-04-17 18:02:17,775:INFO:Engine for model 'omp_cds_dt' has not been set explicitly, hence returning None.
2025-04-17 18:02:17,777:INFO:Engine for model 'knn_cds_dt' has not been set explicitly, hence returning None.
2025-04-17 18:02:17,780:INFO:Engine for model 'dt_cds_dt' has not been set explicitly, hence returning None.
2025-04-17 18:02:17,781:INFO:Engine for model 'rf_cds_dt' has not been set explicitly, hence returning None.
2025-04-17 18:02:17,782:INFO:Engine for model 'et_cds_dt' has not been set explicitly, hence returning None.
2025-04-17 18:02:17,782:INFO:Engine for model 'gbr_cds_dt' has not been set explicitly, hence returning None.
2025-04-17 18:02:17,783:INFO:Engine for model 'ada_cds_dt' has not been set explicitly, hence returning None.
2025-04-17 18:02:17,783:INFO:Engine for model 'xgboost_cds_dt' has not been set explicitly, hence returning None.
2025-04-17 18:02:17,783:WARNING:
'xgboost' is a soft dependency and not included in the pycaret installation. Please run: `pip install xgboost` to install.
Alternately, you can install this by running `pip install pycaret[models]`
2025-04-17 18:02:17,783:WARNING:
'xgboost' is a soft dependency and not included in the pycaret installation. Please run: `pip install xgboost` to install.
Alternately, you can install this by running `pip install pycaret[models]`
2025-04-17 18:02:17,783:INFO:Engine for model 'lightgbm_cds_dt' has not been set explicitly, hence returning None.
2025-04-17 18:02:17,783:INFO:Engine for model 'catboost_cds_dt' has not been set explicitly, hence returning None.
2025-04-17 18:02:17,783:WARNING:
'catboost' is a soft dependency and not included in the pycaret installation. Please run: `pip install catboost` to install.
Alternately, you can install this by running `pip install pycaret[models]`
2025-04-17 18:02:17,783:WARNING:
'catboost' is a soft dependency and not included in the pycaret installation. Please run: `pip install catboost` to install.
Alternately, you can install this by running `pip install pycaret[models]`
2025-04-17 18:02:17,785:WARNING:
'prophet' is a soft dependency and not included in the pycaret installation. Please run: `pip install prophet` to install.
2025-04-17 18:02:17,799:INFO:Engine for model 'omp_cds_dt' has not been set explicitly, hence returning None.
2025-04-17 18:02:17,799:INFO:Engine for model 'knn_cds_dt' has not been set explicitly, hence returning None.
2025-04-17 18:02:17,800:INFO:Engine for model 'dt_cds_dt' has not been set explicitly, hence returning None.
2025-04-17 18:02:17,800:INFO:Engine for model 'rf_cds_dt' has not been set explicitly, hence returning None.
2025-04-17 18:02:17,800:INFO:Engine for model 'et_cds_dt' has not been set explicitly, hence returning None.
2025-04-17 18:02:17,800:INFO:Engine for model 'gbr_cds_dt' has not been set explicitly, hence returning None.
2025-04-17 18:02:17,800:INFO:Engine for model 'ada_cds_dt' has not been set explicitly, hence returning None.
2025-04-17 18:02:17,800:INFO:Engine for model 'xgboost_cds_dt' has not been set explicitly, hence returning None.
2025-04-17 18:02:17,800:WARNING:
'xgboost' is a soft dependency and not included in the pycaret installation. Please run: `pip install xgboost` to install.
Alternately, you can install this by running `pip install pycaret[models]`
2025-04-17 18:02:17,800:WARNING:
'xgboost' is a soft dependency and not included in the pycaret installation. Please run: `pip install xgboost` to install.
Alternately, you can install this by running `pip install pycaret[models]`
2025-04-17 18:02:17,800:INFO:Engine for model 'lightgbm_cds_dt' has not been set explicitly, hence returning None.
2025-04-17 18:02:17,800:INFO:Engine for model 'catboost_cds_dt' has not been set explicitly, hence returning None.
2025-04-17 18:02:17,800:WARNING:
'catboost' is a soft dependency and not included in the pycaret installation. Please run: `pip install catboost` to install.
Alternately, you can install this by running `pip install pycaret[models]`
2025-04-17 18:02:17,800:WARNING:
'catboost' is a soft dependency and not included in the pycaret installation. Please run: `pip install catboost` to install.
Alternately, you can install this by running `pip install pycaret[models]`
2025-04-17 18:02:17,800:INFO:Engine successfully changes for model 'par_cds_dt' to 'sklearn'.
2025-04-17 18:02:17,816:WARNING:
'prophet' is a soft dependency and not included in the pycaret installation. Please run: `pip install prophet` to install.
2025-04-17 18:02:17,824:INFO:Engine for model 'omp_cds_dt' has not been set explicitly, hence returning None.
2025-04-17 18:02:17,829:INFO:Engine for model 'knn_cds_dt' has not been set explicitly, hence returning None.
2025-04-17 18:02:17,834:INFO:Engine for model 'dt_cds_dt' has not been set explicitly, hence returning None.
2025-04-17 18:02:17,842:INFO:Engine for model 'rf_cds_dt' has not been set explicitly, hence returning None.
2025-04-17 18:02:17,846:INFO:Engine for model 'et_cds_dt' has not been set explicitly, hence returning None.
2025-04-17 18:02:17,847:INFO:Engine for model 'gbr_cds_dt' has not been set explicitly, hence returning None.
2025-04-17 18:02:17,847:INFO:Engine for model 'ada_cds_dt' has not been set explicitly, hence returning None.
2025-04-17 18:02:17,847:INFO:Engine for model 'xgboost_cds_dt' has not been set explicitly, hence returning None.
2025-04-17 18:02:17,847:WARNING:
'xgboost' is a soft dependency and not included in the pycaret installation. Please run: `pip install xgboost` to install.
Alternately, you can install this by running `pip install pycaret[models]`
2025-04-17 18:02:17,847:WARNING:
'xgboost' is a soft dependency and not included in the pycaret installation. Please run: `pip install xgboost` to install.
Alternately, you can install this by running `pip install pycaret[models]`
2025-04-17 18:02:17,847:INFO:Engine for model 'lightgbm_cds_dt' has not been set explicitly, hence returning None.
2025-04-17 18:02:17,847:INFO:Engine for model 'catboost_cds_dt' has not been set explicitly, hence returning None.
2025-04-17 18:02:17,847:WARNING:
'catboost' is a soft dependency and not included in the pycaret installation. Please run: `pip install catboost` to install.
Alternately, you can install this by running `pip install pycaret[models]`
2025-04-17 18:02:17,847:WARNING:
'catboost' is a soft dependency and not included in the pycaret installation. Please run: `pip install catboost` to install.
Alternately, you can install this by running `pip install pycaret[models]`
2025-04-17 18:02:17,848:WARNING:
'prophet' is a soft dependency and not included in the pycaret installation. Please run: `pip install prophet` to install.
2025-04-17 18:02:17,850:INFO:Engine for model 'omp_cds_dt' has not been set explicitly, hence returning None.
2025-04-17 18:02:17,850:INFO:Engine for model 'knn_cds_dt' has not been set explicitly, hence returning None.
2025-04-17 18:02:17,850:INFO:Engine for model 'dt_cds_dt' has not been set explicitly, hence returning None.
2025-04-17 18:02:17,850:INFO:Engine for model 'rf_cds_dt' has not been set explicitly, hence returning None.
2025-04-17 18:02:17,850:INFO:Engine for model 'et_cds_dt' has not been set explicitly, hence returning None.
2025-04-17 18:02:17,850:INFO:Engine for model 'gbr_cds_dt' has not been set explicitly, hence returning None.
2025-04-17 18:02:17,851:INFO:Engine for model 'ada_cds_dt' has not been set explicitly, hence returning None.
2025-04-17 18:02:17,851:INFO:Engine for model 'xgboost_cds_dt' has not been set explicitly, hence returning None.
2025-04-17 18:02:17,851:WARNING:
'xgboost' is a soft dependency and not included in the pycaret installation. Please run: `pip install xgboost` to install.
Alternately, you can install this by running `pip install pycaret[models]`
2025-04-17 18:02:17,851:WARNING:
'xgboost' is a soft dependency and not included in the pycaret installation. Please run: `pip install xgboost` to install.
Alternately, you can install this by running `pip install pycaret[models]`
2025-04-17 18:02:17,851:INFO:Engine for model 'lightgbm_cds_dt' has not been set explicitly, hence returning None.
2025-04-17 18:02:17,851:INFO:Engine for model 'catboost_cds_dt' has not been set explicitly, hence returning None.
2025-04-17 18:02:17,851:WARNING:
'catboost' is a soft dependency and not included in the pycaret installation. Please run: `pip install catboost` to install.
Alternately, you can install this by running `pip install pycaret[models]`
2025-04-17 18:02:17,851:WARNING:
'catboost' is a soft dependency and not included in the pycaret installation. Please run: `pip install catboost` to install.
Alternately, you can install this by running `pip install pycaret[models]`
2025-04-17 18:02:17,851:INFO:Engine successfully changes for model 'omp_cds_dt' to 'sklearn'.
2025-04-17 18:02:17,868:WARNING:
'prophet' is a soft dependency and not included in the pycaret installation. Please run: `pip install prophet` to install.
2025-04-17 18:02:17,906:INFO:Engine for model 'knn_cds_dt' has not been set explicitly, hence returning None.
2025-04-17 18:02:17,906:INFO:Engine for model 'dt_cds_dt' has not been set explicitly, hence returning None.
2025-04-17 18:02:17,907:INFO:Engine for model 'rf_cds_dt' has not been set explicitly, hence returning None.
2025-04-17 18:02:17,907:INFO:Engine for model 'et_cds_dt' has not been set explicitly, hence returning None.
2025-04-17 18:02:17,908:INFO:Engine for model 'gbr_cds_dt' has not been set explicitly, hence returning None.
2025-04-17 18:02:17,908:INFO:Engine for model 'ada_cds_dt' has not been set explicitly, hence returning None.
2025-04-17 18:02:17,908:INFO:Engine for model 'xgboost_cds_dt' has not been set explicitly, hence returning None.
2025-04-17 18:02:17,908:WARNING:
'xgboost' is a soft dependency and not included in the pycaret installation. Please run: `pip install xgboost` to install.
Alternately, you can install this by running `pip install pycaret[models]`
2025-04-17 18:02:17,908:WARNING:
'xgboost' is a soft dependency and not included in the pycaret installation. Please run: `pip install xgboost` to install.
Alternately, you can install this by running `pip install pycaret[models]`
2025-04-17 18:02:17,908:INFO:Engine for model 'lightgbm_cds_dt' has not been set explicitly, hence returning None.
2025-04-17 18:02:17,910:INFO:Engine for model 'catboost_cds_dt' has not been set explicitly, hence returning None.
2025-04-17 18:02:17,910:WARNING:
'catboost' is a soft dependency and not included in the pycaret installation. Please run: `pip install catboost` to install.
Alternately, you can install this by running `pip install pycaret[models]`
2025-04-17 18:02:17,910:WARNING:
'catboost' is a soft dependency and not included in the pycaret installation. Please run: `pip install catboost` to install.
Alternately, you can install this by running `pip install pycaret[models]`
2025-04-17 18:02:17,912:WARNING:
'prophet' is a soft dependency and not included in the pycaret installation. Please run: `pip install prophet` to install.
2025-04-17 18:02:17,921:INFO:Engine for model 'knn_cds_dt' has not been set explicitly, hence returning None.
2025-04-17 18:02:17,922:INFO:Engine for model 'dt_cds_dt' has not been set explicitly, hence returning None.
2025-04-17 18:02:17,922:INFO:Engine for model 'rf_cds_dt' has not been set explicitly, hence returning None.
2025-04-17 18:02:17,922:INFO:Engine for model 'et_cds_dt' has not been set explicitly, hence returning None.
2025-04-17 18:02:17,923:INFO:Engine for model 'gbr_cds_dt' has not been set explicitly, hence returning None.
2025-04-17 18:02:17,923:INFO:Engine for model 'ada_cds_dt' has not been set explicitly, hence returning None.
2025-04-17 18:02:17,923:INFO:Engine for model 'xgboost_cds_dt' has not been set explicitly, hence returning None.
2025-04-17 18:02:17,923:WARNING:
'xgboost' is a soft dependency and not included in the pycaret installation. Please run: `pip install xgboost` to install.
Alternately, you can install this by running `pip install pycaret[models]`
2025-04-17 18:02:17,923:WARNING:
'xgboost' is a soft dependency and not included in the pycaret installation. Please run: `pip install xgboost` to install.
Alternately, you can install this by running `pip install pycaret[models]`
2025-04-17 18:02:17,924:INFO:Engine for model 'lightgbm_cds_dt' has not been set explicitly, hence returning None.
2025-04-17 18:02:17,924:INFO:Engine for model 'catboost_cds_dt' has not been set explicitly, hence returning None.
2025-04-17 18:02:17,924:WARNING:
'catboost' is a soft dependency and not included in the pycaret installation. Please run: `pip install catboost` to install.
Alternately, you can install this by running `pip install pycaret[models]`
2025-04-17 18:02:17,924:WARNING:
'catboost' is a soft dependency and not included in the pycaret installation. Please run: `pip install catboost` to install.
Alternately, you can install this by running `pip install pycaret[models]`
2025-04-17 18:02:17,924:INFO:Engine successfully changes for model 'knn_cds_dt' to 'sklearn'.
2025-04-17 18:02:17,929:WARNING:
'prophet' is a soft dependency and not included in the pycaret installation. Please run: `pip install prophet` to install.
2025-04-17 18:02:17,932:INFO:Engine for model 'dt_cds_dt' has not been set explicitly, hence returning None.
2025-04-17 18:02:17,932:INFO:Engine for model 'rf_cds_dt' has not been set explicitly, hence returning None.
2025-04-17 18:02:17,932:INFO:Engine for model 'et_cds_dt' has not been set explicitly, hence returning None.
2025-04-17 18:02:17,932:INFO:Engine for model 'gbr_cds_dt' has not been set explicitly, hence returning None.
2025-04-17 18:02:17,933:INFO:Engine for model 'ada_cds_dt' has not been set explicitly, hence returning None.
2025-04-17 18:02:17,933:INFO:Engine for model 'xgboost_cds_dt' has not been set explicitly, hence returning None.
2025-04-17 18:02:17,933:WARNING:
'xgboost' is a soft dependency and not included in the pycaret installation. Please run: `pip install xgboost` to install.
Alternately, you can install this by running `pip install pycaret[models]`
2025-04-17 18:02:17,933:WARNING:
'xgboost' is a soft dependency and not included in the pycaret installation. Please run: `pip install xgboost` to install.
Alternately, you can install this by running `pip install pycaret[models]`
2025-04-17 18:02:17,933:INFO:Engine for model 'lightgbm_cds_dt' has not been set explicitly, hence returning None.
2025-04-17 18:02:17,933:INFO:Engine for model 'catboost_cds_dt' has not been set explicitly, hence returning None.
2025-04-17 18:02:17,933:WARNING:
'catboost' is a soft dependency and not included in the pycaret installation. Please run: `pip install catboost` to install.
Alternately, you can install this by running `pip install pycaret[models]`
2025-04-17 18:02:17,933:WARNING:
'catboost' is a soft dependency and not included in the pycaret installation. Please run: `pip install catboost` to install.
Alternately, you can install this by running `pip install pycaret[models]`
2025-04-17 18:02:17,934:WARNING:
'prophet' is a soft dependency and not included in the pycaret installation. Please run: `pip install prophet` to install.
2025-04-17 18:02:17,938:INFO:Engine for model 'dt_cds_dt' has not been set explicitly, hence returning None.
2025-04-17 18:02:17,938:INFO:Engine for model 'rf_cds_dt' has not been set explicitly, hence returning None.
2025-04-17 18:02:17,938:INFO:Engine for model 'et_cds_dt' has not been set explicitly, hence returning None.
2025-04-17 18:02:17,939:INFO:Engine for model 'gbr_cds_dt' has not been set explicitly, hence returning None.
2025-04-17 18:02:17,939:INFO:Engine for model 'ada_cds_dt' has not been set explicitly, hence returning None.
2025-04-17 18:02:17,939:INFO:Engine for model 'xgboost_cds_dt' has not been set explicitly, hence returning None.
2025-04-17 18:02:17,939:WARNING:
'xgboost' is a soft dependency and not included in the pycaret installation. Please run: `pip install xgboost` to install.
Alternately, you can install this by running `pip install pycaret[models]`
2025-04-17 18:02:17,939:WARNING:
'xgboost' is a soft dependency and not included in the pycaret installation. Please run: `pip install xgboost` to install.
Alternately, you can install this by running `pip install pycaret[models]`
2025-04-17 18:02:17,939:INFO:Engine for model 'lightgbm_cds_dt' has not been set explicitly, hence returning None.
2025-04-17 18:02:17,939:INFO:Engine for model 'catboost_cds_dt' has not been set explicitly, hence returning None.
2025-04-17 18:02:17,939:WARNING:
'catboost' is a soft dependency and not included in the pycaret installation. Please run: `pip install catboost` to install.
Alternately, you can install this by running `pip install pycaret[models]`
2025-04-17 18:02:17,939:WARNING:
'catboost' is a soft dependency and not included in the pycaret installation. Please run: `pip install catboost` to install.
Alternately, you can install this by running `pip install pycaret[models]`
2025-04-17 18:02:17,939:INFO:Engine successfully changes for model 'dt_cds_dt' to 'sklearn'.
2025-04-17 18:02:17,943:WARNING:
'prophet' is a soft dependency and not included in the pycaret installation. Please run: `pip install prophet` to install.
2025-04-17 18:02:17,946:INFO:Engine for model 'rf_cds_dt' has not been set explicitly, hence returning None.
2025-04-17 18:02:17,947:INFO:Engine for model 'et_cds_dt' has not been set explicitly, hence returning None.
2025-04-17 18:02:17,947:INFO:Engine for model 'gbr_cds_dt' has not been set explicitly, hence returning None.
2025-04-17 18:02:17,948:INFO:Engine for model 'ada_cds_dt' has not been set explicitly, hence returning None.
2025-04-17 18:02:17,948:INFO:Engine for model 'xgboost_cds_dt' has not been set explicitly, hence returning None.
2025-04-17 18:02:17,948:WARNING:
'xgboost' is a soft dependency and not included in the pycaret installation. Please run: `pip install xgboost` to install.
Alternately, you can install this by running `pip install pycaret[models]`
2025-04-17 18:02:17,948:WARNING:
'xgboost' is a soft dependency and not included in the pycaret installation. Please run: `pip install xgboost` to install.
Alternately, you can install this by running `pip install pycaret[models]`
2025-04-17 18:02:17,948:INFO:Engine for model 'lightgbm_cds_dt' has not been set explicitly, hence returning None.
2025-04-17 18:02:17,949:INFO:Engine for model 'catboost_cds_dt' has not been set explicitly, hence returning None.
2025-04-17 18:02:17,949:WARNING:
'catboost' is a soft dependency and not included in the pycaret installation. Please run: `pip install catboost` to install.
Alternately, you can install this by running `pip install pycaret[models]`
2025-04-17 18:02:17,949:WARNING:
'catboost' is a soft dependency and not included in the pycaret installation. Please run: `pip install catboost` to install.
Alternately, you can install this by running `pip install pycaret[models]`
2025-04-17 18:02:17,956:WARNING:
'prophet' is a soft dependency and not included in the pycaret installation. Please run: `pip install prophet` to install.
2025-04-17 18:02:17,964:INFO:Engine for model 'rf_cds_dt' has not been set explicitly, hence returning None.
2025-04-17 18:02:17,964:INFO:Engine for model 'et_cds_dt' has not been set explicitly, hence returning None.
2025-04-17 18:02:17,964:INFO:Engine for model 'gbr_cds_dt' has not been set explicitly, hence returning None.
2025-04-17 18:02:17,964:INFO:Engine for model 'ada_cds_dt' has not been set explicitly, hence returning None.
2025-04-17 18:02:17,964:INFO:Engine for model 'xgboost_cds_dt' has not been set explicitly, hence returning None.
2025-04-17 18:02:17,964:WARNING:
'xgboost' is a soft dependency and not included in the pycaret installation. Please run: `pip install xgboost` to install.
Alternately, you can install this by running `pip install pycaret[models]`
2025-04-17 18:02:17,964:WARNING:
'xgboost' is a soft dependency and not included in the pycaret installation. Please run: `pip install xgboost` to install.
Alternately, you can install this by running `pip install pycaret[models]`
2025-04-17 18:02:17,964:INFO:Engine for model 'lightgbm_cds_dt' has not been set explicitly, hence returning None.
2025-04-17 18:02:17,965:INFO:Engine for model 'catboost_cds_dt' has not been set explicitly, hence returning None.
2025-04-17 18:02:17,965:WARNING:
'catboost' is a soft dependency and not included in the pycaret installation. Please run: `pip install catboost` to install.
Alternately, you can install this by running `pip install pycaret[models]`
2025-04-17 18:02:17,965:WARNING:
'catboost' is a soft dependency and not included in the pycaret installation. Please run: `pip install catboost` to install.
Alternately, you can install this by running `pip install pycaret[models]`
2025-04-17 18:02:17,965:INFO:Engine successfully changes for model 'rf_cds_dt' to 'sklearn'.
2025-04-17 18:02:17,966:WARNING:
'prophet' is a soft dependency and not included in the pycaret installation. Please run: `pip install prophet` to install.
2025-04-17 18:02:17,971:INFO:Engine for model 'et_cds_dt' has not been set explicitly, hence returning None.
2025-04-17 18:02:17,971:INFO:Engine for model 'gbr_cds_dt' has not been set explicitly, hence returning None.
2025-04-17 18:02:17,972:INFO:Engine for model 'ada_cds_dt' has not been set explicitly, hence returning None.
2025-04-17 18:02:17,972:INFO:Engine for model 'xgboost_cds_dt' has not been set explicitly, hence returning None.
2025-04-17 18:02:17,972:WARNING:
'xgboost' is a soft dependency and not included in the pycaret installation. Please run: `pip install xgboost` to install.
Alternately, you can install this by running `pip install pycaret[models]`
2025-04-17 18:02:17,972:WARNING:
'xgboost' is a soft dependency and not included in the pycaret installation. Please run: `pip install xgboost` to install.
Alternately, you can install this by running `pip install pycaret[models]`
2025-04-17 18:02:17,972:INFO:Engine for model 'lightgbm_cds_dt' has not been set explicitly, hence returning None.
2025-04-17 18:02:17,972:INFO:Engine for model 'catboost_cds_dt' has not been set explicitly, hence returning None.
2025-04-17 18:02:17,972:WARNING:
'catboost' is a soft dependency and not included in the pycaret installation. Please run: `pip install catboost` to install.
Alternately, you can install this by running `pip install pycaret[models]`
2025-04-17 18:02:17,972:WARNING:
'catboost' is a soft dependency and not included in the pycaret installation. Please run: `pip install catboost` to install.
Alternately, you can install this by running `pip install pycaret[models]`
2025-04-17 18:02:17,973:WARNING:
'prophet' is a soft dependency and not included in the pycaret installation. Please run: `pip install prophet` to install.
2025-04-17 18:02:17,977:INFO:Engine for model 'et_cds_dt' has not been set explicitly, hence returning None.
2025-04-17 18:02:17,977:INFO:Engine for model 'gbr_cds_dt' has not been set explicitly, hence returning None.
2025-04-17 18:02:17,978:INFO:Engine for model 'ada_cds_dt' has not been set explicitly, hence returning None.
2025-04-17 18:02:17,979:INFO:Engine for model 'xgboost_cds_dt' has not been set explicitly, hence returning None.
2025-04-17 18:02:17,980:WARNING:
'xgboost' is a soft dependency and not included in the pycaret installation. Please run: `pip install xgboost` to install.
Alternately, you can install this by running `pip install pycaret[models]`
2025-04-17 18:02:17,980:WARNING:
'xgboost' is a soft dependency and not included in the pycaret installation. Please run: `pip install xgboost` to install.
Alternately, you can install this by running `pip install pycaret[models]`
2025-04-17 18:02:17,980:INFO:Engine for model 'lightgbm_cds_dt' has not been set explicitly, hence returning None.
2025-04-17 18:02:17,981:INFO:Engine for model 'catboost_cds_dt' has not been set explicitly, hence returning None.
2025-04-17 18:02:17,981:WARNING:
'catboost' is a soft dependency and not included in the pycaret installation. Please run: `pip install catboost` to install.
Alternately, you can install this by running `pip install pycaret[models]`
2025-04-17 18:02:17,981:WARNING:
'catboost' is a soft dependency and not included in the pycaret installation. Please run: `pip install catboost` to install.
Alternately, you can install this by running `pip install pycaret[models]`
2025-04-17 18:02:17,981:INFO:Engine successfully changes for model 'et_cds_dt' to 'sklearn'.
2025-04-17 18:02:17,982:WARNING:
'prophet' is a soft dependency and not included in the pycaret installation. Please run: `pip install prophet` to install.
2025-04-17 18:02:17,988:INFO:Engine for model 'gbr_cds_dt' has not been set explicitly, hence returning None.
2025-04-17 18:02:17,988:INFO:Engine for model 'ada_cds_dt' has not been set explicitly, hence returning None.
2025-04-17 18:02:17,989:INFO:Engine for model 'xgboost_cds_dt' has not been set explicitly, hence returning None.
2025-04-17 18:02:17,989:WARNING:
'xgboost' is a soft dependency and not included in the pycaret installation. Please run: `pip install xgboost` to install.
Alternately, you can install this by running `pip install pycaret[models]`
2025-04-17 18:02:17,989:WARNING:
'xgboost' is a soft dependency and not included in the pycaret installation. Please run: `pip install xgboost` to install.
Alternately, you can install this by running `pip install pycaret[models]`
2025-04-17 18:02:17,989:INFO:Engine for model 'lightgbm_cds_dt' has not been set explicitly, hence returning None.
2025-04-17 18:02:17,989:INFO:Engine for model 'catboost_cds_dt' has not been set explicitly, hence returning None.
2025-04-17 18:02:17,989:WARNING:
'catboost' is a soft dependency and not included in the pycaret installation. Please run: `pip install catboost` to install.
Alternately, you can install this by running `pip install pycaret[models]`
2025-04-17 18:02:17,989:WARNING:
'catboost' is a soft dependency and not included in the pycaret installation. Please run: `pip install catboost` to install.
Alternately, you can install this by running `pip install pycaret[models]`
2025-04-17 18:02:17,991:WARNING:
'prophet' is a soft dependency and not included in the pycaret installation. Please run: `pip install prophet` to install.
2025-04-17 18:02:17,997:INFO:Engine for model 'gbr_cds_dt' has not been set explicitly, hence returning None.
2025-04-17 18:02:17,997:INFO:Engine for model 'ada_cds_dt' has not been set explicitly, hence returning None.
2025-04-17 18:02:17,997:INFO:Engine for model 'xgboost_cds_dt' has not been set explicitly, hence returning None.
2025-04-17 18:02:17,997:WARNING:
'xgboost' is a soft dependency and not included in the pycaret installation. Please run: `pip install xgboost` to install.
Alternately, you can install this by running `pip install pycaret[models]`
2025-04-17 18:02:17,997:WARNING:
'xgboost' is a soft dependency and not included in the pycaret installation. Please run: `pip install xgboost` to install.
Alternately, you can install this by running `pip install pycaret[models]`
2025-04-17 18:02:17,997:INFO:Engine for model 'lightgbm_cds_dt' has not been set explicitly, hence returning None.
2025-04-17 18:02:17,998:INFO:Engine for model 'catboost_cds_dt' has not been set explicitly, hence returning None.
2025-04-17 18:02:17,998:WARNING:
'catboost' is a soft dependency and not included in the pycaret installation. Please run: `pip install catboost` to install.
Alternately, you can install this by running `pip install pycaret[models]`
2025-04-17 18:02:17,998:WARNING:
'catboost' is a soft dependency and not included in the pycaret installation. Please run: `pip install catboost` to install.
Alternately, you can install this by running `pip install pycaret[models]`
2025-04-17 18:02:17,998:INFO:Engine successfully changes for model 'gbr_cds_dt' to 'sklearn'.
2025-04-17 18:02:17,999:WARNING:
'prophet' is a soft dependency and not included in the pycaret installation. Please run: `pip install prophet` to install.
2025-04-17 18:02:18,007:INFO:Engine for model 'ada_cds_dt' has not been set explicitly, hence returning None.
2025-04-17 18:02:18,007:INFO:Engine for model 'xgboost_cds_dt' has not been set explicitly, hence returning None.
2025-04-17 18:02:18,007:WARNING:
'xgboost' is a soft dependency and not included in the pycaret installation. Please run: `pip install xgboost` to install.
Alternately, you can install this by running `pip install pycaret[models]`
2025-04-17 18:02:18,008:WARNING:
'xgboost' is a soft dependency and not included in the pycaret installation. Please run: `pip install xgboost` to install.
Alternately, you can install this by running `pip install pycaret[models]`
2025-04-17 18:02:18,008:INFO:Engine for model 'lightgbm_cds_dt' has not been set explicitly, hence returning None.
2025-04-17 18:02:18,009:INFO:Engine for model 'catboost_cds_dt' has not been set explicitly, hence returning None.
2025-04-17 18:02:18,009:WARNING:
'catboost' is a soft dependency and not included in the pycaret installation. Please run: `pip install catboost` to install.
Alternately, you can install this by running `pip install pycaret[models]`
2025-04-17 18:02:18,009:WARNING:
'catboost' is a soft dependency and not included in the pycaret installation. Please run: `pip install catboost` to install.
Alternately, you can install this by running `pip install pycaret[models]`
2025-04-17 18:02:18,011:WARNING:
'prophet' is a soft dependency and not included in the pycaret installation. Please run: `pip install prophet` to install.
2025-04-17 18:02:18,014:INFO:Engine for model 'ada_cds_dt' has not been set explicitly, hence returning None.
2025-04-17 18:02:18,014:INFO:Engine for model 'xgboost_cds_dt' has not been set explicitly, hence returning None.
2025-04-17 18:02:18,014:WARNING:
'xgboost' is a soft dependency and not included in the pycaret installation. Please run: `pip install xgboost` to install.
Alternately, you can install this by running `pip install pycaret[models]`
2025-04-17 18:02:18,014:WARNING:
'xgboost' is a soft dependency and not included in the pycaret installation. Please run: `pip install xgboost` to install.
Alternately, you can install this by running `pip install pycaret[models]`
2025-04-17 18:02:18,014:INFO:Engine for model 'lightgbm_cds_dt' has not been set explicitly, hence returning None.
2025-04-17 18:02:18,014:INFO:Engine for model 'catboost_cds_dt' has not been set explicitly, hence returning None.
2025-04-17 18:02:18,014:WARNING:
'catboost' is a soft dependency and not included in the pycaret installation. Please run: `pip install catboost` to install.
Alternately, you can install this by running `pip install pycaret[models]`
2025-04-17 18:02:18,014:WARNING:
'catboost' is a soft dependency and not included in the pycaret installation. Please run: `pip install catboost` to install.
Alternately, you can install this by running `pip install pycaret[models]`
2025-04-17 18:02:18,014:INFO:Engine successfully changes for model 'ada_cds_dt' to 'sklearn'.
2025-04-17 18:02:18,015:WARNING:
'prophet' is a soft dependency and not included in the pycaret installation. Please run: `pip install prophet` to install.
2025-04-17 18:02:18,017:INFO:Engine for model 'xgboost_cds_dt' has not been set explicitly, hence returning None.
2025-04-17 18:02:18,017:WARNING:
'xgboost' is a soft dependency and not included in the pycaret installation. Please run: `pip install xgboost` to install.
Alternately, you can install this by running `pip install pycaret[models]`
2025-04-17 18:02:18,017:WARNING:
'xgboost' is a soft dependency and not included in the pycaret installation. Please run: `pip install xgboost` to install.
Alternately, you can install this by running `pip install pycaret[models]`
2025-04-17 18:02:18,017:INFO:Engine for model 'lightgbm_cds_dt' has not been set explicitly, hence returning None.
2025-04-17 18:02:18,017:INFO:Engine for model 'catboost_cds_dt' has not been set explicitly, hence returning None.
2025-04-17 18:02:18,017:WARNING:
'catboost' is a soft dependency and not included in the pycaret installation. Please run: `pip install catboost` to install.
Alternately, you can install this by running `pip install pycaret[models]`
2025-04-17 18:02:18,017:WARNING:
'catboost' is a soft dependency and not included in the pycaret installation. Please run: `pip install catboost` to install.
Alternately, you can install this by running `pip install pycaret[models]`
2025-04-17 18:02:18,020:WARNING:
'prophet' is a soft dependency and not included in the pycaret installation. Please run: `pip install prophet` to install.
2025-04-17 18:02:18,023:INFO:Engine for model 'xgboost_cds_dt' has not been set explicitly, hence returning None.
2025-04-17 18:02:18,023:WARNING:
'xgboost' is a soft dependency and not included in the pycaret installation. Please run: `pip install xgboost` to install.
Alternately, you can install this by running `pip install pycaret[models]`
2025-04-17 18:02:18,023:WARNING:
'xgboost' is a soft dependency and not included in the pycaret installation. Please run: `pip install xgboost` to install.
Alternately, you can install this by running `pip install pycaret[models]`
2025-04-17 18:02:18,023:INFO:Engine for model 'lightgbm_cds_dt' has not been set explicitly, hence returning None.
2025-04-17 18:02:18,023:INFO:Engine for model 'catboost_cds_dt' has not been set explicitly, hence returning None.
2025-04-17 18:02:18,023:WARNING:
'catboost' is a soft dependency and not included in the pycaret installation. Please run: `pip install catboost` to install.
Alternately, you can install this by running `pip install pycaret[models]`
2025-04-17 18:02:18,023:WARNING:
'catboost' is a soft dependency and not included in the pycaret installation. Please run: `pip install catboost` to install.
Alternately, you can install this by running `pip install pycaret[models]`
2025-04-17 18:02:18,023:INFO:Engine successfully changes for model 'xgboost_cds_dt' to 'sklearn'.
2025-04-17 18:02:18,024:WARNING:
'prophet' is a soft dependency and not included in the pycaret installation. Please run: `pip install prophet` to install.
2025-04-17 18:02:18,027:WARNING:
'xgboost' is a soft dependency and not included in the pycaret installation. Please run: `pip install xgboost` to install.
Alternately, you can install this by running `pip install pycaret[models]`
2025-04-17 18:02:18,027:WARNING:
'xgboost' is a soft dependency and not included in the pycaret installation. Please run: `pip install xgboost` to install.
Alternately, you can install this by running `pip install pycaret[models]`
2025-04-17 18:02:18,027:INFO:Engine for model 'lightgbm_cds_dt' has not been set explicitly, hence returning None.
2025-04-17 18:02:18,027:INFO:Engine for model 'catboost_cds_dt' has not been set explicitly, hence returning None.
2025-04-17 18:02:18,027:WARNING:
'catboost' is a soft dependency and not included in the pycaret installation. Please run: `pip install catboost` to install.
Alternately, you can install this by running `pip install pycaret[models]`
2025-04-17 18:02:18,027:WARNING:
'catboost' is a soft dependency and not included in the pycaret installation. Please run: `pip install catboost` to install.
Alternately, you can install this by running `pip install pycaret[models]`
2025-04-17 18:02:18,029:WARNING:
'prophet' is a soft dependency and not included in the pycaret installation. Please run: `pip install prophet` to install.
2025-04-17 18:02:18,039:WARNING:
'xgboost' is a soft dependency and not included in the pycaret installation. Please run: `pip install xgboost` to install.
Alternately, you can install this by running `pip install pycaret[models]`
2025-04-17 18:02:18,039:WARNING:
'xgboost' is a soft dependency and not included in the pycaret installation. Please run: `pip install xgboost` to install.
Alternately, you can install this by running `pip install pycaret[models]`
2025-04-17 18:02:18,039:INFO:Engine for model 'lightgbm_cds_dt' has not been set explicitly, hence returning None.
2025-04-17 18:02:18,040:INFO:Engine for model 'catboost_cds_dt' has not been set explicitly, hence returning None.
2025-04-17 18:02:18,040:WARNING:
'catboost' is a soft dependency and not included in the pycaret installation. Please run: `pip install catboost` to install.
Alternately, you can install this by running `pip install pycaret[models]`
2025-04-17 18:02:18,040:WARNING:
'catboost' is a soft dependency and not included in the pycaret installation. Please run: `pip install catboost` to install.
Alternately, you can install this by running `pip install pycaret[models]`
2025-04-17 18:02:18,040:INFO:Engine successfully changes for model 'lightgbm_cds_dt' to 'sklearn'.
2025-04-17 18:02:18,043:WARNING:
'prophet' is a soft dependency and not included in the pycaret installation. Please run: `pip install prophet` to install.
2025-04-17 18:02:18,047:WARNING:
'xgboost' is a soft dependency and not included in the pycaret installation. Please run: `pip install xgboost` to install.
Alternately, you can install this by running `pip install pycaret[models]`
2025-04-17 18:02:18,047:WARNING:
'xgboost' is a soft dependency and not included in the pycaret installation. Please run: `pip install xgboost` to install.
Alternately, you can install this by running `pip install pycaret[models]`
2025-04-17 18:02:18,047:INFO:Engine for model 'catboost_cds_dt' has not been set explicitly, hence returning None.
2025-04-17 18:02:18,047:WARNING:
'catboost' is a soft dependency and not included in the pycaret installation. Please run: `pip install catboost` to install.
Alternately, you can install this by running `pip install pycaret[models]`
2025-04-17 18:02:18,047:WARNING:
'catboost' is a soft dependency and not included in the pycaret installation. Please run: `pip install catboost` to install.
Alternately, you can install this by running `pip install pycaret[models]`
2025-04-17 18:02:18,048:WARNING:
'prophet' is a soft dependency and not included in the pycaret installation. Please run: `pip install prophet` to install.
2025-04-17 18:02:18,057:WARNING:
'xgboost' is a soft dependency and not included in the pycaret installation. Please run: `pip install xgboost` to install.
Alternately, you can install this by running `pip install pycaret[models]`
2025-04-17 18:02:18,057:WARNING:
'xgboost' is a soft dependency and not included in the pycaret installation. Please run: `pip install xgboost` to install.
Alternately, you can install this by running `pip install pycaret[models]`
2025-04-17 18:02:18,057:INFO:Engine for model 'catboost_cds_dt' has not been set explicitly, hence returning None.
2025-04-17 18:02:18,057:WARNING:
'catboost' is a soft dependency and not included in the pycaret installation. Please run: `pip install catboost` to install.
Alternately, you can install this by running `pip install pycaret[models]`
2025-04-17 18:02:18,057:WARNING:
'catboost' is a soft dependency and not included in the pycaret installation. Please run: `pip install catboost` to install.
Alternately, you can install this by running `pip install pycaret[models]`
2025-04-17 18:02:18,057:INFO:Engine successfully changes for model 'catboost_cds_dt' to 'sklearn'.
2025-04-17 18:02:18,059:WARNING:
'prophet' is a soft dependency and not included in the pycaret installation. Please run: `pip install prophet` to install.
2025-04-17 18:02:18,062:WARNING:
'xgboost' is a soft dependency and not included in the pycaret installation. Please run: `pip install xgboost` to install.
Alternately, you can install this by running `pip install pycaret[models]`
2025-04-17 18:02:18,062:WARNING:
'xgboost' is a soft dependency and not included in the pycaret installation. Please run: `pip install xgboost` to install.
Alternately, you can install this by running `pip install pycaret[models]`
2025-04-17 18:02:18,062:WARNING:
'catboost' is a soft dependency and not included in the pycaret installation. Please run: `pip install catboost` to install.
Alternately, you can install this by running `pip install pycaret[models]`
2025-04-17 18:02:18,062:WARNING:
'catboost' is a soft dependency and not included in the pycaret installation. Please run: `pip install catboost` to install.
Alternately, you can install this by running `pip install pycaret[models]`
2025-04-17 18:02:18,063:WARNING:
'prophet' is a soft dependency and not included in the pycaret installation. Please run: `pip install prophet` to install.
2025-04-17 18:02:18,068:WARNING:
'xgboost' is a soft dependency and not included in the pycaret installation. Please run: `pip install xgboost` to install.
Alternately, you can install this by running `pip install pycaret[models]`
2025-04-17 18:02:18,068:WARNING:
'xgboost' is a soft dependency and not included in the pycaret installation. Please run: `pip install xgboost` to install.
Alternately, you can install this by running `pip install pycaret[models]`
2025-04-17 18:02:18,068:WARNING:
'catboost' is a soft dependency and not included in the pycaret installation. Please run: `pip install catboost` to install.
Alternately, you can install this by running `pip install pycaret[models]`
2025-04-17 18:02:18,068:WARNING:
'catboost' is a soft dependency and not included in the pycaret installation. Please run: `pip install catboost` to install.
Alternately, you can install this by running `pip install pycaret[models]`
2025-04-17 18:02:18,071:WARNING:
'prophet' is a soft dependency and not included in the pycaret installation. Please run: `pip install prophet` to install.
2025-04-17 18:02:18,079:WARNING:
'xgboost' is a soft dependency and not included in the pycaret installation. Please run: `pip install xgboost` to install.
Alternately, you can install this by running `pip install pycaret[models]`
2025-04-17 18:02:18,080:WARNING:
'xgboost' is a soft dependency and not included in the pycaret installation. Please run: `pip install xgboost` to install.
Alternately, you can install this by running `pip install pycaret[models]`
2025-04-17 18:02:18,080:WARNING:
'catboost' is a soft dependency and not included in the pycaret installation. Please run: `pip install catboost` to install.
Alternately, you can install this by running `pip install pycaret[models]`
2025-04-17 18:02:18,080:WARNING:
'catboost' is a soft dependency and not included in the pycaret installation. Please run: `pip install catboost` to install.
Alternately, you can install this by running `pip install pycaret[models]`
2025-04-17 18:02:18,084:WARNING:
'prophet' is a soft dependency and not included in the pycaret installation. Please run: `pip install prophet` to install.
2025-04-17 18:02:18,091:WARNING:
'xgboost' is a soft dependency and not included in the pycaret installation. Please run: `pip install xgboost` to install.
Alternately, you can install this by running `pip install pycaret[models]`
2025-04-17 18:02:18,091:WARNING:
'xgboost' is a soft dependency and not included in the pycaret installation. Please run: `pip install xgboost` to install.
Alternately, you can install this by running `pip install pycaret[models]`
2025-04-17 18:02:18,091:WARNING:
'catboost' is a soft dependency and not included in the pycaret installation. Please run: `pip install catboost` to install.
Alternately, you can install this by running `pip install pycaret[models]`
2025-04-17 18:02:18,092:WARNING:
'catboost' is a soft dependency and not included in the pycaret installation. Please run: `pip install catboost` to install.
Alternately, you can install this by running `pip install pycaret[models]`
2025-04-17 18:02:18,092:INFO:setup() successfully completed in 1.21s...............
2025-04-17 18:02:18,094:INFO:Initializing compare_models()
2025-04-17 18:02:18,094:INFO:compare_models(self=<pycaret.time_series.forecasting.oop.TSForecastingExperiment object at 0x3143e7f90>, include=['ets', 'exp_smooth'], exclude=None, fold=None, round=4, cross_validation=True, sort=RMSE, n_select=1, budget_time=None, turbo=True, errors=ignore, fit_kwargs=None, groups=None, experiment_custom_tags=None, probability_threshold=None, verbose=False, parallel=None, caller_params={'self': <pycaret.time_series.forecasting.oop.TSForecastingExperiment object at 0x3143e7f90>, 'include': ['ets', 'exp_smooth'], 'exclude': None, 'fold': None, 'round': 4, 'cross_validation': True, 'sort': 'RMSE', 'n_select': 1, 'budget_time': None, 'turbo': True, 'errors': 'ignore', 'fit_kwargs': None, 'experiment_custom_tags': None, 'engine': None, 'verbose': False, 'parallel': None, '__class__': <class 'pycaret.time_series.forecasting.oop.TSForecastingExperiment'>})
2025-04-17 18:02:18,094:INFO:Checking exceptions
2025-04-17 18:02:18,094:INFO:Preparing display monitor
2025-04-17 18:02:18,096:INFO:Initializing ETS
2025-04-17 18:02:18,096:INFO:Total runtime is 6.67572021484375e-07 minutes
2025-04-17 18:02:18,096:INFO:SubProcess create_model() called ==================================
2025-04-17 18:02:18,096:INFO:Initializing create_model()
2025-04-17 18:02:18,096:INFO:create_model(self=<pycaret.time_series.forecasting.oop.TSForecastingExperiment object at 0x3143e7f90>, estimator=ets, fold=None, round=4, cross_validation=True, predict=True, fit_kwargs={}, groups=None, refit=False, probability_threshold=None, experiment_custom_tags=None, verbose=False, system=False, add_to_model_list=True, metrics=None, display=<pycaret.internal.display.display.CommonDisplay object at 0x31710f490>, model_only=True, return_train_score=False, error_score=0.0, kwargs={})
2025-04-17 18:02:18,096:INFO:Checking exceptions
2025-04-17 18:02:18,096:INFO:Importing libraries
2025-04-17 18:02:18,096:INFO:Copying training dataset
2025-04-17 18:02:18,097:INFO:Defining folds
2025-04-17 18:02:18,097:INFO:Declaring metric variables
2025-04-17 18:02:18,097:INFO:Importing untrained model
2025-04-17 18:02:18,097:INFO:ETS Imported successfully
2025-04-17 18:02:18,100:INFO:Starting cross validation
2025-04-17 18:02:18,101:INFO:Cross validating with ExpandingWindowSplitter(fh=ForecastingHorizon([ 1,  2,  3,  4,  5,  6,  7,  8,  9, 10, 11, 12, 13, 14, 15, 16, 17, 18,
       19, 20, 21, 22, 23, 24, 25, 26, 27, 28, 29, 30],
      dtype='int64', is_relative=True),
                        initial_window=1968, step_length=30), n_jobs=-1
2025-04-17 18:02:31,652:WARNING:/opt/anaconda3/envs/LSTM/lib/python3.11/site-packages/sklearn/metrics/_regression.py:483: FutureWarning: 'squared' is deprecated in version 1.4 and will be removed in 1.6. To calculate the root mean squared error, use the function'root_mean_squared_error'.
  warnings.warn(

2025-04-17 18:02:31,652:WARNING:/opt/anaconda3/envs/LSTM/lib/python3.11/site-packages/sklearn/metrics/_regression.py:483: FutureWarning: 'squared' is deprecated in version 1.4 and will be removed in 1.6. To calculate the root mean squared error, use the function'root_mean_squared_error'.
  warnings.warn(

2025-04-17 18:02:31,768:WARNING:/opt/anaconda3/envs/LSTM/lib/python3.11/site-packages/sklearn/metrics/_regression.py:483: FutureWarning: 'squared' is deprecated in version 1.4 and will be removed in 1.6. To calculate the root mean squared error, use the function'root_mean_squared_error'.
  warnings.warn(

2025-04-17 18:02:31,768:WARNING:/opt/anaconda3/envs/LSTM/lib/python3.11/site-packages/sklearn/metrics/_regression.py:483: FutureWarning: 'squared' is deprecated in version 1.4 and will be removed in 1.6. To calculate the root mean squared error, use the function'root_mean_squared_error'.
  warnings.warn(

2025-04-17 18:02:31,938:WARNING:/opt/anaconda3/envs/LSTM/lib/python3.11/site-packages/sklearn/metrics/_regression.py:483: FutureWarning: 'squared' is deprecated in version 1.4 and will be removed in 1.6. To calculate the root mean squared error, use the function'root_mean_squared_error'.
  warnings.warn(

2025-04-17 18:02:31,939:WARNING:/opt/anaconda3/envs/LSTM/lib/python3.11/site-packages/sklearn/metrics/_regression.py:483: FutureWarning: 'squared' is deprecated in version 1.4 and will be removed in 1.6. To calculate the root mean squared error, use the function'root_mean_squared_error'.
  warnings.warn(

2025-04-17 18:02:31,962:INFO:Calculating mean and std
2025-04-17 18:02:31,965:INFO:Creating metrics dataframe
2025-04-17 18:02:31,985:INFO:Uploading results into container
2025-04-17 18:02:31,986:INFO:Uploading model into container now
2025-04-17 18:02:31,989:INFO:_master_model_container: 1
2025-04-17 18:02:31,990:INFO:_display_container: 2
2025-04-17 18:02:31,991:INFO:AutoETS(seasonal='mul', sp=11, trend='add')
2025-04-17 18:02:31,991:INFO:create_model() successfully completed......................................
2025-04-17 18:02:32,476:INFO:SubProcess create_model() end ==================================
2025-04-17 18:02:32,476:INFO:Creating metrics dataframe
2025-04-17 18:02:32,480:INFO:Initializing Exponential Smoothing
2025-04-17 18:02:32,480:INFO:Total runtime is 0.2397346377372742 minutes
2025-04-17 18:02:32,480:INFO:SubProcess create_model() called ==================================
2025-04-17 18:02:32,480:INFO:Initializing create_model()
2025-04-17 18:02:32,480:INFO:create_model(self=<pycaret.time_series.forecasting.oop.TSForecastingExperiment object at 0x3143e7f90>, estimator=exp_smooth, fold=None, round=4, cross_validation=True, predict=True, fit_kwargs={}, groups=None, refit=False, probability_threshold=None, experiment_custom_tags=None, verbose=False, system=False, add_to_model_list=True, metrics=None, display=<pycaret.internal.display.display.CommonDisplay object at 0x31710f490>, model_only=True, return_train_score=False, error_score=0.0, kwargs={})
2025-04-17 18:02:32,480:INFO:Checking exceptions
2025-04-17 18:02:32,480:INFO:Importing libraries
2025-04-17 18:02:32,480:INFO:Copying training dataset
2025-04-17 18:02:32,484:INFO:Defining folds
2025-04-17 18:02:32,484:INFO:Declaring metric variables
2025-04-17 18:02:32,484:INFO:Importing untrained model
2025-04-17 18:02:32,485:INFO:Exponential Smoothing Imported successfully
2025-04-17 18:02:32,487:INFO:Starting cross validation
2025-04-17 18:02:32,513:INFO:Cross validating with ExpandingWindowSplitter(fh=ForecastingHorizon([ 1,  2,  3,  4,  5,  6,  7,  8,  9, 10, 11, 12, 13, 14, 15, 16, 17, 18,
       19, 20, 21, 22, 23, 24, 25, 26, 27, 28, 29, 30],
      dtype='int64', is_relative=True),
                        initial_window=1968, step_length=30), n_jobs=-1
2025-04-17 18:02:33,354:WARNING:/opt/anaconda3/envs/LSTM/lib/python3.11/site-packages/sklearn/metrics/_regression.py:483: FutureWarning: 'squared' is deprecated in version 1.4 and will be removed in 1.6. To calculate the root mean squared error, use the function'root_mean_squared_error'.
  warnings.warn(

2025-04-17 18:02:33,354:WARNING:/opt/anaconda3/envs/LSTM/lib/python3.11/site-packages/sklearn/metrics/_regression.py:483: FutureWarning: 'squared' is deprecated in version 1.4 and will be removed in 1.6. To calculate the root mean squared error, use the function'root_mean_squared_error'.
  warnings.warn(

2025-04-17 18:02:33,363:WARNING:/opt/anaconda3/envs/LSTM/lib/python3.11/site-packages/sklearn/metrics/_regression.py:483: FutureWarning: 'squared' is deprecated in version 1.4 and will be removed in 1.6. To calculate the root mean squared error, use the function'root_mean_squared_error'.
  warnings.warn(

2025-04-17 18:02:33,364:WARNING:/opt/anaconda3/envs/LSTM/lib/python3.11/site-packages/sklearn/metrics/_regression.py:483: FutureWarning: 'squared' is deprecated in version 1.4 and will be removed in 1.6. To calculate the root mean squared error, use the function'root_mean_squared_error'.
  warnings.warn(

2025-04-17 18:02:36,038:WARNING:/opt/anaconda3/envs/LSTM/lib/python3.11/site-packages/sklearn/metrics/_regression.py:483: FutureWarning: 'squared' is deprecated in version 1.4 and will be removed in 1.6. To calculate the root mean squared error, use the function'root_mean_squared_error'.
  warnings.warn(

2025-04-17 18:02:36,040:WARNING:/opt/anaconda3/envs/LSTM/lib/python3.11/site-packages/sklearn/metrics/_regression.py:483: FutureWarning: 'squared' is deprecated in version 1.4 and will be removed in 1.6. To calculate the root mean squared error, use the function'root_mean_squared_error'.
  warnings.warn(

2025-04-17 18:02:36,058:INFO:Calculating mean and std
2025-04-17 18:02:36,059:INFO:Creating metrics dataframe
2025-04-17 18:02:36,070:INFO:Uploading results into container
2025-04-17 18:02:36,070:INFO:Uploading model into container now
2025-04-17 18:02:36,076:INFO:_master_model_container: 2
2025-04-17 18:02:36,076:INFO:_display_container: 2
2025-04-17 18:02:36,076:INFO:ExponentialSmoothing(seasonal='mul', sp=11, trend='add')
2025-04-17 18:02:36,076:INFO:create_model() successfully completed......................................
2025-04-17 18:02:37,079:INFO:SubProcess create_model() end ==================================
2025-04-17 18:02:37,079:INFO:Creating metrics dataframe
2025-04-17 18:02:37,089:INFO:Initializing create_model()
2025-04-17 18:02:37,089:INFO:create_model(self=<pycaret.time_series.forecasting.oop.TSForecastingExperiment object at 0x3143e7f90>, estimator=AutoETS(seasonal='mul', sp=11, trend='add'), fold=None, round=4, cross_validation=False, predict=False, fit_kwargs={}, groups=None, refit=True, probability_threshold=None, experiment_custom_tags=None, verbose=False, system=False, add_to_model_list=True, metrics=None, display=None, model_only=True, return_train_score=False, error_score=0.0, kwargs={})
2025-04-17 18:02:37,089:INFO:Checking exceptions
2025-04-17 18:02:37,090:INFO:Importing libraries
2025-04-17 18:02:37,090:INFO:Copying training dataset
2025-04-17 18:02:37,091:INFO:Defining folds
2025-04-17 18:02:37,091:INFO:Declaring metric variables
2025-04-17 18:02:37,091:INFO:Importing untrained model
2025-04-17 18:02:37,091:INFO:Declaring custom model
2025-04-17 18:02:37,091:INFO:ETS Imported successfully
2025-04-17 18:02:37,091:INFO:Cross validation set to False
2025-04-17 18:02:37,091:INFO:Fitting Model
2025-04-17 18:02:37,818:INFO:AutoETS(seasonal='mul', sp=11, trend='add')
2025-04-17 18:02:37,819:INFO:create_model() successfully completed......................................
2025-04-17 18:02:38,095:INFO:_master_model_container: 2
2025-04-17 18:02:38,096:INFO:_display_container: 2
2025-04-17 18:02:38,096:INFO:AutoETS(seasonal='mul', sp=11, trend='add')
2025-04-17 18:02:38,096:INFO:compare_models() successfully completed......................................
2025-04-17 18:02:38,097:INFO:Initializing create_model()
2025-04-17 18:02:38,097:INFO:create_model(self=<pycaret.time_series.forecasting.oop.TSForecastingExperiment object at 0x3143e7f90>, estimator=AutoETS(seasonal='mul', sp=11, trend='add'), fold=None, round=4, cross_validation=True, predict=True, fit_kwargs=None, groups=None, refit=True, probability_threshold=None, experiment_custom_tags=None, verbose=False, system=True, add_to_model_list=True, metrics=None, display=None, model_only=True, return_train_score=False, error_score=0.0, kwargs={})
2025-04-17 18:02:38,097:INFO:Checking exceptions
2025-04-17 18:02:38,099:INFO:Importing libraries
2025-04-17 18:02:38,099:INFO:Copying training dataset
2025-04-17 18:02:38,102:INFO:Defining folds
2025-04-17 18:02:38,102:INFO:Declaring metric variables
2025-04-17 18:02:38,102:INFO:Importing untrained model
2025-04-17 18:02:38,102:INFO:Declaring custom model
2025-04-17 18:02:38,102:INFO:ETS Imported successfully
2025-04-17 18:02:38,103:INFO:Starting cross validation
2025-04-17 18:02:38,104:INFO:Cross validating with ExpandingWindowSplitter(fh=ForecastingHorizon([ 1,  2,  3,  4,  5,  6,  7,  8,  9, 10, 11, 12, 13, 14, 15, 16, 17, 18,
       19, 20, 21, 22, 23, 24, 25, 26, 27, 28, 29, 30],
      dtype='int64', is_relative=True),
                        initial_window=1968, step_length=30), n_jobs=-1
2025-04-17 18:02:38,867:WARNING:/opt/anaconda3/envs/LSTM/lib/python3.11/site-packages/sklearn/metrics/_regression.py:483: FutureWarning: 'squared' is deprecated in version 1.4 and will be removed in 1.6. To calculate the root mean squared error, use the function'root_mean_squared_error'.
  warnings.warn(

2025-04-17 18:02:38,868:WARNING:/opt/anaconda3/envs/LSTM/lib/python3.11/site-packages/sklearn/metrics/_regression.py:483: FutureWarning: 'squared' is deprecated in version 1.4 and will be removed in 1.6. To calculate the root mean squared error, use the function'root_mean_squared_error'.
  warnings.warn(

2025-04-17 18:02:39,003:WARNING:/opt/anaconda3/envs/LSTM/lib/python3.11/site-packages/sklearn/metrics/_regression.py:483: FutureWarning: 'squared' is deprecated in version 1.4 and will be removed in 1.6. To calculate the root mean squared error, use the function'root_mean_squared_error'.
  warnings.warn(

2025-04-17 18:02:39,004:WARNING:/opt/anaconda3/envs/LSTM/lib/python3.11/site-packages/sklearn/metrics/_regression.py:483: FutureWarning: 'squared' is deprecated in version 1.4 and will be removed in 1.6. To calculate the root mean squared error, use the function'root_mean_squared_error'.
  warnings.warn(

2025-04-17 18:02:44,128:WARNING:/opt/anaconda3/envs/LSTM/lib/python3.11/site-packages/sklearn/metrics/_regression.py:483: FutureWarning: 'squared' is deprecated in version 1.4 and will be removed in 1.6. To calculate the root mean squared error, use the function'root_mean_squared_error'.
  warnings.warn(

2025-04-17 18:02:44,129:WARNING:/opt/anaconda3/envs/LSTM/lib/python3.11/site-packages/sklearn/metrics/_regression.py:483: FutureWarning: 'squared' is deprecated in version 1.4 and will be removed in 1.6. To calculate the root mean squared error, use the function'root_mean_squared_error'.
  warnings.warn(

2025-04-17 18:02:44,199:INFO:Calculating mean and std
2025-04-17 18:02:44,200:INFO:Creating metrics dataframe
2025-04-17 18:02:44,217:INFO:Finalizing model
2025-04-17 18:02:46,220:INFO:Uploading results into container
2025-04-17 18:02:46,220:INFO:Uploading model into container now
2025-04-17 18:02:46,221:INFO:_master_model_container: 3
2025-04-17 18:02:46,221:INFO:_display_container: 3
2025-04-17 18:02:46,222:INFO:AutoETS(seasonal='mul', sp=11, trend='add')
2025-04-17 18:02:46,222:INFO:create_model() successfully completed......................................
2025-04-17 18:02:46,778:INFO:Initializing get_config()
2025-04-17 18:02:46,778:INFO:get_config(self=<pycaret.time_series.forecasting.oop.TSForecastingExperiment object at 0x3143e7f90>, variable=y_train)
2025-04-17 18:02:46,779:INFO:Variable: 'y_train' used to return the transformed values in PyCaret 2.x. From PyCaret 3.x, this will return the raw values. If you need the transformed values, call get_config with 'y_train_transformed' instead.
2025-04-17 18:02:46,780:INFO:Variable:  returned as Date
2017-11-09    1.008180
2017-11-10    1.006010
2017-11-11    1.008990
2017-11-12    1.012470
2017-11-13    1.009350
                ...   
2023-06-24    1.000521
2023-06-25    1.000465
2023-06-26    1.000212
2023-06-27    1.000195
2023-06-28    1.000025
Freq: D, Name: ('Close', 'USDT-USD'), Length: 2058, dtype: float64
2025-04-17 18:02:46,780:INFO:get_config() successfully completed......................................
2025-04-17 18:40:13,599:WARNING:
'prophet' is a soft dependency and not included in the pycaret installation. Please run: `pip install prophet` to install.
2025-04-17 18:40:22,278:INFO:PyCaret TSForecastingExperiment
2025-04-17 18:40:22,278:INFO:Logging name: ts-default-name
2025-04-17 18:40:22,278:INFO:ML Usecase: MLUsecase.TIME_SERIES
2025-04-17 18:40:22,278:INFO:version 3.3.2
2025-04-17 18:40:22,278:INFO:Initializing setup()
2025-04-17 18:40:22,278:INFO:self.USI: b6f1
2025-04-17 18:40:22,279:INFO:self._variable_keys: {'X_transformed', 'all_sps_to_use', 'exp_name_log', '_available_plots', 'significant_sps_no_harmonics', 'enforce_pi', 'logging_param', 'approach_type', 'y_train_transformed', 'exp_id', 'model_engines', '_ml_usecase', 'y_transformed', 'exogenous_present', 'gpu_n_jobs_param', 'seed', 'y', 'USI', 'y_train', 'data', 'X', 'candidate_sps', 'gpu_param', 'fold_generator', 'fh', 'X_train', 'enforce_exogenous', 'idx', 'X_test', 'seasonality_present', 'n_jobs_param', 'fold_param', 'html_param', 'log_plots_param', 'X_test_transformed', 'primary_sp_to_use', 'y_test_transformed', 'X_train_transformed', 'significant_sps', 'memory', 'index_type', 'strictly_positive', 'pipeline', 'y_test'}
2025-04-17 18:40:22,279:INFO:Checking environment
2025-04-17 18:40:22,279:INFO:python_version: 3.11.8
2025-04-17 18:40:22,279:INFO:python_build: ('main', 'Feb 16 2024 20:49:36')
2025-04-17 18:40:22,279:INFO:machine: arm64
2025-04-17 18:40:22,279:INFO:platform: macOS-15.3.1-arm64-arm-64bit
2025-04-17 18:40:22,279:INFO:Memory: svmem(total=17179869184, available=2911174656, percent=83.1, used=5054808064, free=64684032, active=2855600128, inactive=2775138304, wired=2199207936)
2025-04-17 18:40:22,279:INFO:Physical Core: 8
2025-04-17 18:40:22,279:INFO:Logical Core: 8
2025-04-17 18:40:22,279:INFO:Checking libraries
2025-04-17 18:40:22,279:INFO:System:
2025-04-17 18:40:22,279:INFO:    python: 3.11.8 | packaged by conda-forge | (main, Feb 16 2024, 20:49:36) [Clang 16.0.6 ]
2025-04-17 18:40:22,279:INFO:executable: /opt/anaconda3/envs/LSTM/bin/python
2025-04-17 18:40:22,279:INFO:   machine: macOS-15.3.1-arm64-arm-64bit
2025-04-17 18:40:22,279:INFO:PyCaret required dependencies:
2025-04-17 18:40:22,333:INFO:                 pip: 25.0
2025-04-17 18:40:22,333:INFO:          setuptools: 75.8.0
2025-04-17 18:40:22,333:INFO:             pycaret: 3.3.2
2025-04-17 18:40:22,333:INFO:             IPython: 8.32.0
2025-04-17 18:40:22,333:INFO:          ipywidgets: 8.1.5
2025-04-17 18:40:22,333:INFO:                tqdm: 4.67.1
2025-04-17 18:40:22,333:INFO:               numpy: 1.26.4
2025-04-17 18:40:22,333:INFO:              pandas: 2.1.4
2025-04-17 18:40:22,333:INFO:              jinja2: 3.1.5
2025-04-17 18:40:22,333:INFO:               scipy: 1.11.4
2025-04-17 18:40:22,334:INFO:              joblib: 1.3.2
2025-04-17 18:40:22,334:INFO:             sklearn: 1.4.2
2025-04-17 18:40:22,334:INFO:                pyod: 2.0.3
2025-04-17 18:40:22,334:INFO:            imblearn: 0.13.0
2025-04-17 18:40:22,334:INFO:   category_encoders: 2.7.0
2025-04-17 18:40:22,334:INFO:            lightgbm: 4.6.0
2025-04-17 18:40:22,334:INFO:               numba: 0.61.0
2025-04-17 18:40:22,334:INFO:            requests: 2.32.3
2025-04-17 18:40:22,334:INFO:          matplotlib: 3.7.5
2025-04-17 18:40:22,334:INFO:          scikitplot: 0.3.7
2025-04-17 18:40:22,334:INFO:         yellowbrick: 1.5
2025-04-17 18:40:22,334:INFO:              plotly: 5.24.1
2025-04-17 18:40:22,334:INFO:    plotly-resampler: Not installed
2025-04-17 18:40:22,334:INFO:             kaleido: 0.2.1
2025-04-17 18:40:22,334:INFO:           schemdraw: 0.15
2025-04-17 18:40:22,334:INFO:         statsmodels: 0.14.4
2025-04-17 18:40:22,334:INFO:              sktime: 0.26.0
2025-04-17 18:40:22,334:INFO:               tbats: 1.1.3
2025-04-17 18:40:22,334:INFO:            pmdarima: 2.0.4
2025-04-17 18:40:22,334:INFO:              psutil: 5.9.0
2025-04-17 18:40:22,334:INFO:          markupsafe: 3.0.2
2025-04-17 18:40:22,334:INFO:             pickle5: Not installed
2025-04-17 18:40:22,334:INFO:         cloudpickle: 3.1.1
2025-04-17 18:40:22,335:INFO:         deprecation: 2.1.0
2025-04-17 18:40:22,335:INFO:              xxhash: 3.5.0
2025-04-17 18:40:22,335:INFO:           wurlitzer: 3.1.1
2025-04-17 18:40:22,335:INFO:PyCaret optional dependencies:
2025-04-17 18:40:22,411:INFO:                shap: Not installed
2025-04-17 18:40:22,411:INFO:           interpret: Not installed
2025-04-17 18:40:22,411:INFO:                umap: Not installed
2025-04-17 18:40:22,411:INFO:     ydata_profiling: Not installed
2025-04-17 18:40:22,411:INFO:  explainerdashboard: Not installed
2025-04-17 18:40:22,411:INFO:             autoviz: Not installed
2025-04-17 18:40:22,411:INFO:           fairlearn: Not installed
2025-04-17 18:40:22,411:INFO:          deepchecks: Not installed
2025-04-17 18:40:22,411:INFO:             xgboost: Not installed
2025-04-17 18:40:22,411:INFO:            catboost: Not installed
2025-04-17 18:40:22,411:INFO:              kmodes: Not installed
2025-04-17 18:40:22,411:INFO:             mlxtend: Not installed
2025-04-17 18:40:22,411:INFO:       statsforecast: Not installed
2025-04-17 18:40:22,411:INFO:        tune_sklearn: Not installed
2025-04-17 18:40:22,411:INFO:                 ray: Not installed
2025-04-17 18:40:22,411:INFO:            hyperopt: Not installed
2025-04-17 18:40:22,411:INFO:              optuna: Not installed
2025-04-17 18:40:22,412:INFO:               skopt: Not installed
2025-04-17 18:40:22,412:INFO:              mlflow: Not installed
2025-04-17 18:40:22,412:INFO:              gradio: Not installed
2025-04-17 18:40:22,412:INFO:             fastapi: Not installed
2025-04-17 18:40:22,412:INFO:             uvicorn: Not installed
2025-04-17 18:40:22,412:INFO:              m2cgen: Not installed
2025-04-17 18:40:22,412:INFO:           evidently: Not installed
2025-04-17 18:40:22,412:INFO:               fugue: Not installed
2025-04-17 18:40:22,412:INFO:           streamlit: Not installed
2025-04-17 18:40:22,412:INFO:             prophet: Not installed
2025-04-17 18:40:22,412:INFO:None
2025-04-17 18:40:22,420:INFO:Set Forecast Horizon.
2025-04-17 18:40:22,420:INFO:Set up Train-Test Splits.
2025-04-17 18:40:22,432:INFO:Preparing preprocessing pipeline...
2025-04-17 18:40:22,433:INFO:Set up imputation for Target variable(s).
2025-04-17 18:40:22,482:INFO:Finished creating preprocessing pipeline.
2025-04-17 18:40:22,495:INFO:Pipeline: ForecastingPipeline(steps=[('forecaster',
                            TransformedTargetForecaster(steps=[('transformer_target',
                                                                TransformerPipeline(steps=[('numerical_imputer',
                                                                                            Imputer(method='ffill',
                                                                                                    random_state=123))])),
                                                               ('model',
                                                                DummyForecaster())]))])
2025-04-17 18:40:22,495:INFO:Set up Seasonal Period.
2025-04-17 18:40:22,517:INFO:Setting the seasonal component type - 'add' or 'mul'.
2025-04-17 18:40:22,518:INFO:Checking if data is strictly positive.
2025-04-17 18:40:22,696:INFO:Creating final display dataframe.
2025-04-17 18:40:22,704:INFO:Setup Display Container:                                           Description                    Value
0                                          session_id                      123
1                                              Target    ('Close', 'USDT-USD')
2                                            Approach               Univariate
3                                 Exogenous Variables              Not Present
4                                 Original data shape                (2088, 1)
5                              Transformed data shape                (2088, 1)
6                         Transformed train set shape                (2058, 1)
7                          Transformed test set shape                  (30, 1)
8                            Rows with missing values                     0.0%
9                                      Fold Generator  ExpandingWindowSplitter
10                                        Fold Number                        3
11                        Enforce Prediction Interval                    False
12                    Splits used for hyperparameters                      all
13                    User Defined Seasonal Period(s)                     None
14                            Ignore Seasonality Test                    False
15                         Seasonality Detection Algo                     auto
16                             Max Period to Consider                       60
17                          Seasonal Period(s) Tested      [11, 7, 40, 31, 35]
18                     Significant Seasonal Period(s)      [11, 7, 40, 31, 35]
19   Significant Seasonal Period(s) without Harmonics         [11, 35, 40, 31]
20                                   Remove Harmonics                    False
21                             Harmonics Order Method             harmonic_max
22                           Num Seasonalities to Use                        1
23                           All Seasonalities to Use                     [11]
24                                Primary Seasonality                       11
25                                Seasonality Present                     True
26                                   Seasonality Type                      mul
27                           Target Strictly Positive                     True
28                                 Target White Noise                       No
29                                      Recommended d                        1
30                             Recommended Seasonal D                        0
31                                         Preprocess                     True
32                      Numerical Imputation (Target)                    ffill
33                            Transformation (Target)                     None
34                                   Scaling (Target)                     None
35  Feature Engineering (Target) - Reduced Regression                    False
36                                           CPU Jobs                       -1
37                                            Use GPU                    False
38                                     Log Experiment                    False
39                                    Experiment Name          ts-default-name
40                                                USI                     b6f1
2025-04-17 18:40:22,704:INFO:Engine successfully changes for model 'auto_arima' to 'pmdarima'.
2025-04-17 18:40:22,718:WARNING:
'prophet' is a soft dependency and not included in the pycaret installation. Please run: `pip install prophet` to install.
2025-04-17 18:40:22,718:INFO:Engine for model 'lr_cds_dt' has not been set explicitly, hence returning None.
2025-04-17 18:40:22,718:INFO:Engine for model 'en_cds_dt' has not been set explicitly, hence returning None.
2025-04-17 18:40:22,718:INFO:Engine for model 'ridge_cds_dt' has not been set explicitly, hence returning None.
2025-04-17 18:40:22,719:INFO:Engine for model 'lasso_cds_dt' has not been set explicitly, hence returning None.
2025-04-17 18:40:22,719:INFO:Engine for model 'llar_cds_dt' has not been set explicitly, hence returning None.
2025-04-17 18:40:22,719:INFO:Engine for model 'br_cds_dt' has not been set explicitly, hence returning None.
2025-04-17 18:40:22,719:INFO:Engine for model 'huber_cds_dt' has not been set explicitly, hence returning None.
2025-04-17 18:40:22,720:INFO:Engine for model 'omp_cds_dt' has not been set explicitly, hence returning None.
2025-04-17 18:40:22,720:INFO:Engine for model 'knn_cds_dt' has not been set explicitly, hence returning None.
2025-04-17 18:40:22,720:INFO:Engine for model 'dt_cds_dt' has not been set explicitly, hence returning None.
2025-04-17 18:40:22,720:INFO:Engine for model 'rf_cds_dt' has not been set explicitly, hence returning None.
2025-04-17 18:40:22,720:INFO:Engine for model 'et_cds_dt' has not been set explicitly, hence returning None.
2025-04-17 18:40:22,720:INFO:Engine for model 'gbr_cds_dt' has not been set explicitly, hence returning None.
2025-04-17 18:40:22,721:INFO:Engine for model 'ada_cds_dt' has not been set explicitly, hence returning None.
2025-04-17 18:40:22,721:INFO:Engine for model 'xgboost_cds_dt' has not been set explicitly, hence returning None.
2025-04-17 18:40:22,721:WARNING:
'xgboost' is a soft dependency and not included in the pycaret installation. Please run: `pip install xgboost` to install.
Alternately, you can install this by running `pip install pycaret[models]`
2025-04-17 18:40:22,721:WARNING:
'xgboost' is a soft dependency and not included in the pycaret installation. Please run: `pip install xgboost` to install.
Alternately, you can install this by running `pip install pycaret[models]`
2025-04-17 18:40:22,721:INFO:Engine for model 'lightgbm_cds_dt' has not been set explicitly, hence returning None.
2025-04-17 18:40:22,721:INFO:Engine for model 'catboost_cds_dt' has not been set explicitly, hence returning None.
2025-04-17 18:40:22,721:WARNING:
'catboost' is a soft dependency and not included in the pycaret installation. Please run: `pip install catboost` to install.
Alternately, you can install this by running `pip install pycaret[models]`
2025-04-17 18:40:22,721:WARNING:
'catboost' is a soft dependency and not included in the pycaret installation. Please run: `pip install catboost` to install.
Alternately, you can install this by running `pip install pycaret[models]`
2025-04-17 18:40:22,722:WARNING:
'prophet' is a soft dependency and not included in the pycaret installation. Please run: `pip install prophet` to install.
2025-04-17 18:40:22,722:INFO:Engine for model 'lr_cds_dt' has not been set explicitly, hence returning None.
2025-04-17 18:40:22,722:INFO:Engine for model 'en_cds_dt' has not been set explicitly, hence returning None.
2025-04-17 18:40:22,723:INFO:Engine for model 'ridge_cds_dt' has not been set explicitly, hence returning None.
2025-04-17 18:40:22,724:INFO:Engine for model 'lasso_cds_dt' has not been set explicitly, hence returning None.
2025-04-17 18:40:22,724:INFO:Engine for model 'llar_cds_dt' has not been set explicitly, hence returning None.
2025-04-17 18:40:22,724:INFO:Engine for model 'br_cds_dt' has not been set explicitly, hence returning None.
2025-04-17 18:40:22,725:INFO:Engine for model 'huber_cds_dt' has not been set explicitly, hence returning None.
2025-04-17 18:40:22,726:INFO:Engine for model 'omp_cds_dt' has not been set explicitly, hence returning None.
2025-04-17 18:40:22,727:INFO:Engine for model 'knn_cds_dt' has not been set explicitly, hence returning None.
2025-04-17 18:40:22,728:INFO:Engine for model 'dt_cds_dt' has not been set explicitly, hence returning None.
2025-04-17 18:40:22,728:INFO:Engine for model 'rf_cds_dt' has not been set explicitly, hence returning None.
2025-04-17 18:40:22,728:INFO:Engine for model 'et_cds_dt' has not been set explicitly, hence returning None.
2025-04-17 18:40:22,729:INFO:Engine for model 'gbr_cds_dt' has not been set explicitly, hence returning None.
2025-04-17 18:40:22,729:INFO:Engine for model 'ada_cds_dt' has not been set explicitly, hence returning None.
2025-04-17 18:40:22,729:INFO:Engine for model 'xgboost_cds_dt' has not been set explicitly, hence returning None.
2025-04-17 18:40:22,729:WARNING:
'xgboost' is a soft dependency and not included in the pycaret installation. Please run: `pip install xgboost` to install.
Alternately, you can install this by running `pip install pycaret[models]`
2025-04-17 18:40:22,729:WARNING:
'xgboost' is a soft dependency and not included in the pycaret installation. Please run: `pip install xgboost` to install.
Alternately, you can install this by running `pip install pycaret[models]`
2025-04-17 18:40:22,729:INFO:Engine for model 'lightgbm_cds_dt' has not been set explicitly, hence returning None.
2025-04-17 18:40:22,730:INFO:Engine for model 'catboost_cds_dt' has not been set explicitly, hence returning None.
2025-04-17 18:40:22,730:WARNING:
'catboost' is a soft dependency and not included in the pycaret installation. Please run: `pip install catboost` to install.
Alternately, you can install this by running `pip install pycaret[models]`
2025-04-17 18:40:22,730:WARNING:
'catboost' is a soft dependency and not included in the pycaret installation. Please run: `pip install catboost` to install.
Alternately, you can install this by running `pip install pycaret[models]`
2025-04-17 18:40:22,730:INFO:Engine successfully changes for model 'lr_cds_dt' to 'sklearn'.
2025-04-17 18:40:22,732:WARNING:
'prophet' is a soft dependency and not included in the pycaret installation. Please run: `pip install prophet` to install.
2025-04-17 18:40:22,732:INFO:Engine for model 'en_cds_dt' has not been set explicitly, hence returning None.
2025-04-17 18:40:22,732:INFO:Engine for model 'ridge_cds_dt' has not been set explicitly, hence returning None.
2025-04-17 18:40:22,732:INFO:Engine for model 'lasso_cds_dt' has not been set explicitly, hence returning None.
2025-04-17 18:40:22,732:INFO:Engine for model 'llar_cds_dt' has not been set explicitly, hence returning None.
2025-04-17 18:40:22,732:INFO:Engine for model 'br_cds_dt' has not been set explicitly, hence returning None.
2025-04-17 18:40:22,732:INFO:Engine for model 'huber_cds_dt' has not been set explicitly, hence returning None.
2025-04-17 18:40:22,733:INFO:Engine for model 'omp_cds_dt' has not been set explicitly, hence returning None.
2025-04-17 18:40:22,733:INFO:Engine for model 'knn_cds_dt' has not been set explicitly, hence returning None.
2025-04-17 18:40:22,734:INFO:Engine for model 'dt_cds_dt' has not been set explicitly, hence returning None.
2025-04-17 18:40:22,734:INFO:Engine for model 'rf_cds_dt' has not been set explicitly, hence returning None.
2025-04-17 18:40:22,734:INFO:Engine for model 'et_cds_dt' has not been set explicitly, hence returning None.
2025-04-17 18:40:22,783:INFO:Engine for model 'gbr_cds_dt' has not been set explicitly, hence returning None.
2025-04-17 18:40:22,783:INFO:Engine for model 'ada_cds_dt' has not been set explicitly, hence returning None.
2025-04-17 18:40:22,784:INFO:Engine for model 'xgboost_cds_dt' has not been set explicitly, hence returning None.
2025-04-17 18:40:22,784:WARNING:
'xgboost' is a soft dependency and not included in the pycaret installation. Please run: `pip install xgboost` to install.
Alternately, you can install this by running `pip install pycaret[models]`
2025-04-17 18:40:22,784:WARNING:
'xgboost' is a soft dependency and not included in the pycaret installation. Please run: `pip install xgboost` to install.
Alternately, you can install this by running `pip install pycaret[models]`
2025-04-17 18:40:22,784:INFO:Engine for model 'lightgbm_cds_dt' has not been set explicitly, hence returning None.
2025-04-17 18:40:22,784:INFO:Engine for model 'catboost_cds_dt' has not been set explicitly, hence returning None.
2025-04-17 18:40:22,784:WARNING:
'catboost' is a soft dependency and not included in the pycaret installation. Please run: `pip install catboost` to install.
Alternately, you can install this by running `pip install pycaret[models]`
2025-04-17 18:40:22,784:WARNING:
'catboost' is a soft dependency and not included in the pycaret installation. Please run: `pip install catboost` to install.
Alternately, you can install this by running `pip install pycaret[models]`
2025-04-17 18:40:22,788:WARNING:
'prophet' is a soft dependency and not included in the pycaret installation. Please run: `pip install prophet` to install.
2025-04-17 18:40:22,788:INFO:Engine for model 'en_cds_dt' has not been set explicitly, hence returning None.
2025-04-17 18:40:22,789:INFO:Engine for model 'ridge_cds_dt' has not been set explicitly, hence returning None.
2025-04-17 18:40:22,789:INFO:Engine for model 'lasso_cds_dt' has not been set explicitly, hence returning None.
2025-04-17 18:40:22,789:INFO:Engine for model 'llar_cds_dt' has not been set explicitly, hence returning None.
2025-04-17 18:40:22,790:INFO:Engine for model 'br_cds_dt' has not been set explicitly, hence returning None.
2025-04-17 18:40:22,794:INFO:Engine for model 'huber_cds_dt' has not been set explicitly, hence returning None.
2025-04-17 18:40:22,796:INFO:Engine for model 'omp_cds_dt' has not been set explicitly, hence returning None.
2025-04-17 18:40:22,807:INFO:Engine for model 'knn_cds_dt' has not been set explicitly, hence returning None.
2025-04-17 18:40:22,807:INFO:Engine for model 'dt_cds_dt' has not been set explicitly, hence returning None.
2025-04-17 18:40:22,807:INFO:Engine for model 'rf_cds_dt' has not been set explicitly, hence returning None.
2025-04-17 18:40:22,807:INFO:Engine for model 'et_cds_dt' has not been set explicitly, hence returning None.
2025-04-17 18:40:22,807:INFO:Engine for model 'gbr_cds_dt' has not been set explicitly, hence returning None.
2025-04-17 18:40:22,808:INFO:Engine for model 'ada_cds_dt' has not been set explicitly, hence returning None.
2025-04-17 18:40:22,808:INFO:Engine for model 'xgboost_cds_dt' has not been set explicitly, hence returning None.
2025-04-17 18:40:22,808:WARNING:
'xgboost' is a soft dependency and not included in the pycaret installation. Please run: `pip install xgboost` to install.
Alternately, you can install this by running `pip install pycaret[models]`
2025-04-17 18:40:22,808:WARNING:
'xgboost' is a soft dependency and not included in the pycaret installation. Please run: `pip install xgboost` to install.
Alternately, you can install this by running `pip install pycaret[models]`
2025-04-17 18:40:22,808:INFO:Engine for model 'lightgbm_cds_dt' has not been set explicitly, hence returning None.
2025-04-17 18:40:22,808:INFO:Engine for model 'catboost_cds_dt' has not been set explicitly, hence returning None.
2025-04-17 18:40:22,808:WARNING:
'catboost' is a soft dependency and not included in the pycaret installation. Please run: `pip install catboost` to install.
Alternately, you can install this by running `pip install pycaret[models]`
2025-04-17 18:40:22,808:WARNING:
'catboost' is a soft dependency and not included in the pycaret installation. Please run: `pip install catboost` to install.
Alternately, you can install this by running `pip install pycaret[models]`
2025-04-17 18:40:22,808:INFO:Engine successfully changes for model 'en_cds_dt' to 'sklearn'.
2025-04-17 18:40:22,809:WARNING:
'prophet' is a soft dependency and not included in the pycaret installation. Please run: `pip install prophet` to install.
2025-04-17 18:40:22,809:INFO:Engine for model 'ridge_cds_dt' has not been set explicitly, hence returning None.
2025-04-17 18:40:22,810:INFO:Engine for model 'lasso_cds_dt' has not been set explicitly, hence returning None.
2025-04-17 18:40:22,810:INFO:Engine for model 'llar_cds_dt' has not been set explicitly, hence returning None.
2025-04-17 18:40:22,810:INFO:Engine for model 'br_cds_dt' has not been set explicitly, hence returning None.
2025-04-17 18:40:22,810:INFO:Engine for model 'huber_cds_dt' has not been set explicitly, hence returning None.
2025-04-17 18:40:22,810:INFO:Engine for model 'omp_cds_dt' has not been set explicitly, hence returning None.
2025-04-17 18:40:22,811:INFO:Engine for model 'knn_cds_dt' has not been set explicitly, hence returning None.
2025-04-17 18:40:22,811:INFO:Engine for model 'dt_cds_dt' has not been set explicitly, hence returning None.
2025-04-17 18:40:22,811:INFO:Engine for model 'rf_cds_dt' has not been set explicitly, hence returning None.
2025-04-17 18:40:22,811:INFO:Engine for model 'et_cds_dt' has not been set explicitly, hence returning None.
2025-04-17 18:40:22,811:INFO:Engine for model 'gbr_cds_dt' has not been set explicitly, hence returning None.
2025-04-17 18:40:22,811:INFO:Engine for model 'ada_cds_dt' has not been set explicitly, hence returning None.
2025-04-17 18:40:22,812:INFO:Engine for model 'xgboost_cds_dt' has not been set explicitly, hence returning None.
2025-04-17 18:40:22,812:WARNING:
'xgboost' is a soft dependency and not included in the pycaret installation. Please run: `pip install xgboost` to install.
Alternately, you can install this by running `pip install pycaret[models]`
2025-04-17 18:40:22,812:WARNING:
'xgboost' is a soft dependency and not included in the pycaret installation. Please run: `pip install xgboost` to install.
Alternately, you can install this by running `pip install pycaret[models]`
2025-04-17 18:40:22,812:INFO:Engine for model 'lightgbm_cds_dt' has not been set explicitly, hence returning None.
2025-04-17 18:40:22,812:INFO:Engine for model 'catboost_cds_dt' has not been set explicitly, hence returning None.
2025-04-17 18:40:22,812:WARNING:
'catboost' is a soft dependency and not included in the pycaret installation. Please run: `pip install catboost` to install.
Alternately, you can install this by running `pip install pycaret[models]`
2025-04-17 18:40:22,812:WARNING:
'catboost' is a soft dependency and not included in the pycaret installation. Please run: `pip install catboost` to install.
Alternately, you can install this by running `pip install pycaret[models]`
2025-04-17 18:40:22,813:WARNING:
'prophet' is a soft dependency and not included in the pycaret installation. Please run: `pip install prophet` to install.
2025-04-17 18:40:22,813:INFO:Engine for model 'ridge_cds_dt' has not been set explicitly, hence returning None.
2025-04-17 18:40:22,813:INFO:Engine for model 'lasso_cds_dt' has not been set explicitly, hence returning None.
2025-04-17 18:40:22,813:INFO:Engine for model 'llar_cds_dt' has not been set explicitly, hence returning None.
2025-04-17 18:40:22,813:INFO:Engine for model 'br_cds_dt' has not been set explicitly, hence returning None.
2025-04-17 18:40:22,814:INFO:Engine for model 'huber_cds_dt' has not been set explicitly, hence returning None.
2025-04-17 18:40:22,814:INFO:Engine for model 'omp_cds_dt' has not been set explicitly, hence returning None.
2025-04-17 18:40:22,814:INFO:Engine for model 'knn_cds_dt' has not been set explicitly, hence returning None.
2025-04-17 18:40:22,814:INFO:Engine for model 'dt_cds_dt' has not been set explicitly, hence returning None.
2025-04-17 18:40:22,815:INFO:Engine for model 'rf_cds_dt' has not been set explicitly, hence returning None.
2025-04-17 18:40:22,815:INFO:Engine for model 'et_cds_dt' has not been set explicitly, hence returning None.
2025-04-17 18:40:22,815:INFO:Engine for model 'gbr_cds_dt' has not been set explicitly, hence returning None.
2025-04-17 18:40:22,815:INFO:Engine for model 'ada_cds_dt' has not been set explicitly, hence returning None.
2025-04-17 18:40:22,815:INFO:Engine for model 'xgboost_cds_dt' has not been set explicitly, hence returning None.
2025-04-17 18:40:22,815:WARNING:
'xgboost' is a soft dependency and not included in the pycaret installation. Please run: `pip install xgboost` to install.
Alternately, you can install this by running `pip install pycaret[models]`
2025-04-17 18:40:22,815:WARNING:
'xgboost' is a soft dependency and not included in the pycaret installation. Please run: `pip install xgboost` to install.
Alternately, you can install this by running `pip install pycaret[models]`
2025-04-17 18:40:22,815:INFO:Engine for model 'lightgbm_cds_dt' has not been set explicitly, hence returning None.
2025-04-17 18:40:22,815:INFO:Engine for model 'catboost_cds_dt' has not been set explicitly, hence returning None.
2025-04-17 18:40:22,815:WARNING:
'catboost' is a soft dependency and not included in the pycaret installation. Please run: `pip install catboost` to install.
Alternately, you can install this by running `pip install pycaret[models]`
2025-04-17 18:40:22,815:WARNING:
'catboost' is a soft dependency and not included in the pycaret installation. Please run: `pip install catboost` to install.
Alternately, you can install this by running `pip install pycaret[models]`
2025-04-17 18:40:22,815:INFO:Engine successfully changes for model 'ridge_cds_dt' to 'sklearn'.
2025-04-17 18:40:22,816:WARNING:
'prophet' is a soft dependency and not included in the pycaret installation. Please run: `pip install prophet` to install.
2025-04-17 18:40:22,817:INFO:Engine for model 'lasso_cds_dt' has not been set explicitly, hence returning None.
2025-04-17 18:40:22,817:INFO:Engine for model 'llar_cds_dt' has not been set explicitly, hence returning None.
2025-04-17 18:40:22,817:INFO:Engine for model 'br_cds_dt' has not been set explicitly, hence returning None.
2025-04-17 18:40:22,817:INFO:Engine for model 'huber_cds_dt' has not been set explicitly, hence returning None.
2025-04-17 18:40:22,817:INFO:Engine for model 'omp_cds_dt' has not been set explicitly, hence returning None.
2025-04-17 18:40:22,842:INFO:Engine for model 'knn_cds_dt' has not been set explicitly, hence returning None.
2025-04-17 18:40:22,842:INFO:Engine for model 'dt_cds_dt' has not been set explicitly, hence returning None.
2025-04-17 18:40:22,842:INFO:Engine for model 'rf_cds_dt' has not been set explicitly, hence returning None.
2025-04-17 18:40:22,843:INFO:Engine for model 'et_cds_dt' has not been set explicitly, hence returning None.
2025-04-17 18:40:22,843:INFO:Engine for model 'gbr_cds_dt' has not been set explicitly, hence returning None.
2025-04-17 18:40:22,844:INFO:Engine for model 'ada_cds_dt' has not been set explicitly, hence returning None.
2025-04-17 18:40:22,844:INFO:Engine for model 'xgboost_cds_dt' has not been set explicitly, hence returning None.
2025-04-17 18:40:22,844:WARNING:
'xgboost' is a soft dependency and not included in the pycaret installation. Please run: `pip install xgboost` to install.
Alternately, you can install this by running `pip install pycaret[models]`
2025-04-17 18:40:22,844:WARNING:
'xgboost' is a soft dependency and not included in the pycaret installation. Please run: `pip install xgboost` to install.
Alternately, you can install this by running `pip install pycaret[models]`
2025-04-17 18:40:22,844:INFO:Engine for model 'lightgbm_cds_dt' has not been set explicitly, hence returning None.
2025-04-17 18:40:22,845:INFO:Engine for model 'catboost_cds_dt' has not been set explicitly, hence returning None.
2025-04-17 18:40:22,845:WARNING:
'catboost' is a soft dependency and not included in the pycaret installation. Please run: `pip install catboost` to install.
Alternately, you can install this by running `pip install pycaret[models]`
2025-04-17 18:40:22,845:WARNING:
'catboost' is a soft dependency and not included in the pycaret installation. Please run: `pip install catboost` to install.
Alternately, you can install this by running `pip install pycaret[models]`
2025-04-17 18:40:22,848:WARNING:
'prophet' is a soft dependency and not included in the pycaret installation. Please run: `pip install prophet` to install.
2025-04-17 18:40:22,849:INFO:Engine for model 'lasso_cds_dt' has not been set explicitly, hence returning None.
2025-04-17 18:40:22,849:INFO:Engine for model 'llar_cds_dt' has not been set explicitly, hence returning None.
2025-04-17 18:40:22,850:INFO:Engine for model 'br_cds_dt' has not been set explicitly, hence returning None.
2025-04-17 18:40:22,850:INFO:Engine for model 'huber_cds_dt' has not been set explicitly, hence returning None.
2025-04-17 18:40:22,877:INFO:Engine for model 'omp_cds_dt' has not been set explicitly, hence returning None.
2025-04-17 18:40:22,877:INFO:Engine for model 'knn_cds_dt' has not been set explicitly, hence returning None.
2025-04-17 18:40:22,878:INFO:Engine for model 'dt_cds_dt' has not been set explicitly, hence returning None.
2025-04-17 18:40:22,878:INFO:Engine for model 'rf_cds_dt' has not been set explicitly, hence returning None.
2025-04-17 18:40:22,878:INFO:Engine for model 'et_cds_dt' has not been set explicitly, hence returning None.
2025-04-17 18:40:22,879:INFO:Engine for model 'gbr_cds_dt' has not been set explicitly, hence returning None.
2025-04-17 18:40:22,879:INFO:Engine for model 'ada_cds_dt' has not been set explicitly, hence returning None.
2025-04-17 18:40:22,879:INFO:Engine for model 'xgboost_cds_dt' has not been set explicitly, hence returning None.
2025-04-17 18:40:22,879:WARNING:
'xgboost' is a soft dependency and not included in the pycaret installation. Please run: `pip install xgboost` to install.
Alternately, you can install this by running `pip install pycaret[models]`
2025-04-17 18:40:22,879:WARNING:
'xgboost' is a soft dependency and not included in the pycaret installation. Please run: `pip install xgboost` to install.
Alternately, you can install this by running `pip install pycaret[models]`
2025-04-17 18:40:22,879:INFO:Engine for model 'lightgbm_cds_dt' has not been set explicitly, hence returning None.
2025-04-17 18:40:22,880:INFO:Engine for model 'catboost_cds_dt' has not been set explicitly, hence returning None.
2025-04-17 18:40:22,880:WARNING:
'catboost' is a soft dependency and not included in the pycaret installation. Please run: `pip install catboost` to install.
Alternately, you can install this by running `pip install pycaret[models]`
2025-04-17 18:40:22,880:WARNING:
'catboost' is a soft dependency and not included in the pycaret installation. Please run: `pip install catboost` to install.
Alternately, you can install this by running `pip install pycaret[models]`
2025-04-17 18:40:22,880:INFO:Engine successfully changes for model 'lasso_cds_dt' to 'sklearn'.
2025-04-17 18:40:22,924:WARNING:
'prophet' is a soft dependency and not included in the pycaret installation. Please run: `pip install prophet` to install.
2025-04-17 18:40:22,939:INFO:Engine for model 'llar_cds_dt' has not been set explicitly, hence returning None.
2025-04-17 18:40:22,939:INFO:Engine for model 'br_cds_dt' has not been set explicitly, hence returning None.
2025-04-17 18:40:22,940:INFO:Engine for model 'huber_cds_dt' has not been set explicitly, hence returning None.
2025-04-17 18:40:22,940:INFO:Engine for model 'omp_cds_dt' has not been set explicitly, hence returning None.
2025-04-17 18:40:22,941:INFO:Engine for model 'knn_cds_dt' has not been set explicitly, hence returning None.
2025-04-17 18:40:22,941:INFO:Engine for model 'dt_cds_dt' has not been set explicitly, hence returning None.
2025-04-17 18:40:22,941:INFO:Engine for model 'rf_cds_dt' has not been set explicitly, hence returning None.
2025-04-17 18:40:22,942:INFO:Engine for model 'et_cds_dt' has not been set explicitly, hence returning None.
2025-04-17 18:40:22,942:INFO:Engine for model 'gbr_cds_dt' has not been set explicitly, hence returning None.
2025-04-17 18:40:22,942:INFO:Engine for model 'ada_cds_dt' has not been set explicitly, hence returning None.
2025-04-17 18:40:22,942:INFO:Engine for model 'xgboost_cds_dt' has not been set explicitly, hence returning None.
2025-04-17 18:40:22,942:WARNING:
'xgboost' is a soft dependency and not included in the pycaret installation. Please run: `pip install xgboost` to install.
Alternately, you can install this by running `pip install pycaret[models]`
2025-04-17 18:40:22,942:WARNING:
'xgboost' is a soft dependency and not included in the pycaret installation. Please run: `pip install xgboost` to install.
Alternately, you can install this by running `pip install pycaret[models]`
2025-04-17 18:40:22,942:INFO:Engine for model 'lightgbm_cds_dt' has not been set explicitly, hence returning None.
2025-04-17 18:40:22,942:INFO:Engine for model 'catboost_cds_dt' has not been set explicitly, hence returning None.
2025-04-17 18:40:22,942:WARNING:
'catboost' is a soft dependency and not included in the pycaret installation. Please run: `pip install catboost` to install.
Alternately, you can install this by running `pip install pycaret[models]`
2025-04-17 18:40:22,942:WARNING:
'catboost' is a soft dependency and not included in the pycaret installation. Please run: `pip install catboost` to install.
Alternately, you can install this by running `pip install pycaret[models]`
2025-04-17 18:40:22,983:WARNING:
'prophet' is a soft dependency and not included in the pycaret installation. Please run: `pip install prophet` to install.
2025-04-17 18:40:22,984:INFO:Engine for model 'llar_cds_dt' has not been set explicitly, hence returning None.
2025-04-17 18:40:23,001:INFO:Engine for model 'br_cds_dt' has not been set explicitly, hence returning None.
2025-04-17 18:40:23,002:INFO:Engine for model 'huber_cds_dt' has not been set explicitly, hence returning None.
2025-04-17 18:40:23,015:INFO:Engine for model 'omp_cds_dt' has not been set explicitly, hence returning None.
2025-04-17 18:40:23,017:INFO:Engine for model 'knn_cds_dt' has not been set explicitly, hence returning None.
2025-04-17 18:40:23,017:INFO:Engine for model 'dt_cds_dt' has not been set explicitly, hence returning None.
2025-04-17 18:40:23,018:INFO:Engine for model 'rf_cds_dt' has not been set explicitly, hence returning None.
2025-04-17 18:40:23,018:INFO:Engine for model 'et_cds_dt' has not been set explicitly, hence returning None.
2025-04-17 18:40:23,019:INFO:Engine for model 'gbr_cds_dt' has not been set explicitly, hence returning None.
2025-04-17 18:40:23,019:INFO:Engine for model 'ada_cds_dt' has not been set explicitly, hence returning None.
2025-04-17 18:40:23,019:INFO:Engine for model 'xgboost_cds_dt' has not been set explicitly, hence returning None.
2025-04-17 18:40:23,019:WARNING:
'xgboost' is a soft dependency and not included in the pycaret installation. Please run: `pip install xgboost` to install.
Alternately, you can install this by running `pip install pycaret[models]`
2025-04-17 18:40:23,019:WARNING:
'xgboost' is a soft dependency and not included in the pycaret installation. Please run: `pip install xgboost` to install.
Alternately, you can install this by running `pip install pycaret[models]`
2025-04-17 18:40:23,019:INFO:Engine for model 'lightgbm_cds_dt' has not been set explicitly, hence returning None.
2025-04-17 18:40:23,024:INFO:Engine for model 'catboost_cds_dt' has not been set explicitly, hence returning None.
2025-04-17 18:40:23,024:WARNING:
'catboost' is a soft dependency and not included in the pycaret installation. Please run: `pip install catboost` to install.
Alternately, you can install this by running `pip install pycaret[models]`
2025-04-17 18:40:23,024:WARNING:
'catboost' is a soft dependency and not included in the pycaret installation. Please run: `pip install catboost` to install.
Alternately, you can install this by running `pip install pycaret[models]`
2025-04-17 18:40:23,025:INFO:Engine successfully changes for model 'lar_cds_dt' to 'sklearn'.
2025-04-17 18:40:23,029:WARNING:
'prophet' is a soft dependency and not included in the pycaret installation. Please run: `pip install prophet` to install.
2025-04-17 18:40:23,030:INFO:Engine for model 'llar_cds_dt' has not been set explicitly, hence returning None.
2025-04-17 18:40:23,030:INFO:Engine for model 'br_cds_dt' has not been set explicitly, hence returning None.
2025-04-17 18:40:23,031:INFO:Engine for model 'huber_cds_dt' has not been set explicitly, hence returning None.
2025-04-17 18:40:23,031:INFO:Engine for model 'omp_cds_dt' has not been set explicitly, hence returning None.
2025-04-17 18:40:23,032:INFO:Engine for model 'knn_cds_dt' has not been set explicitly, hence returning None.
2025-04-17 18:40:23,032:INFO:Engine for model 'dt_cds_dt' has not been set explicitly, hence returning None.
2025-04-17 18:40:23,032:INFO:Engine for model 'rf_cds_dt' has not been set explicitly, hence returning None.
2025-04-17 18:40:23,032:INFO:Engine for model 'et_cds_dt' has not been set explicitly, hence returning None.
2025-04-17 18:40:23,032:INFO:Engine for model 'gbr_cds_dt' has not been set explicitly, hence returning None.
2025-04-17 18:40:23,032:INFO:Engine for model 'ada_cds_dt' has not been set explicitly, hence returning None.
2025-04-17 18:40:23,033:INFO:Engine for model 'xgboost_cds_dt' has not been set explicitly, hence returning None.
2025-04-17 18:40:23,033:WARNING:
'xgboost' is a soft dependency and not included in the pycaret installation. Please run: `pip install xgboost` to install.
Alternately, you can install this by running `pip install pycaret[models]`
2025-04-17 18:40:23,033:WARNING:
'xgboost' is a soft dependency and not included in the pycaret installation. Please run: `pip install xgboost` to install.
Alternately, you can install this by running `pip install pycaret[models]`
2025-04-17 18:40:23,033:INFO:Engine for model 'lightgbm_cds_dt' has not been set explicitly, hence returning None.
2025-04-17 18:40:23,033:INFO:Engine for model 'catboost_cds_dt' has not been set explicitly, hence returning None.
2025-04-17 18:40:23,033:WARNING:
'catboost' is a soft dependency and not included in the pycaret installation. Please run: `pip install catboost` to install.
Alternately, you can install this by running `pip install pycaret[models]`
2025-04-17 18:40:23,033:WARNING:
'catboost' is a soft dependency and not included in the pycaret installation. Please run: `pip install catboost` to install.
Alternately, you can install this by running `pip install pycaret[models]`
2025-04-17 18:40:23,035:WARNING:
'prophet' is a soft dependency and not included in the pycaret installation. Please run: `pip install prophet` to install.
2025-04-17 18:40:23,037:INFO:Engine for model 'llar_cds_dt' has not been set explicitly, hence returning None.
2025-04-17 18:40:23,037:INFO:Engine for model 'br_cds_dt' has not been set explicitly, hence returning None.
2025-04-17 18:40:23,037:INFO:Engine for model 'huber_cds_dt' has not been set explicitly, hence returning None.
2025-04-17 18:40:23,039:INFO:Engine for model 'omp_cds_dt' has not been set explicitly, hence returning None.
2025-04-17 18:40:23,040:INFO:Engine for model 'knn_cds_dt' has not been set explicitly, hence returning None.
2025-04-17 18:40:23,041:INFO:Engine for model 'dt_cds_dt' has not been set explicitly, hence returning None.
2025-04-17 18:40:23,041:INFO:Engine for model 'rf_cds_dt' has not been set explicitly, hence returning None.
2025-04-17 18:40:23,041:INFO:Engine for model 'et_cds_dt' has not been set explicitly, hence returning None.
2025-04-17 18:40:23,042:INFO:Engine for model 'gbr_cds_dt' has not been set explicitly, hence returning None.
2025-04-17 18:40:23,042:INFO:Engine for model 'ada_cds_dt' has not been set explicitly, hence returning None.
2025-04-17 18:40:23,042:INFO:Engine for model 'xgboost_cds_dt' has not been set explicitly, hence returning None.
2025-04-17 18:40:23,043:WARNING:
'xgboost' is a soft dependency and not included in the pycaret installation. Please run: `pip install xgboost` to install.
Alternately, you can install this by running `pip install pycaret[models]`
2025-04-17 18:40:23,043:WARNING:
'xgboost' is a soft dependency and not included in the pycaret installation. Please run: `pip install xgboost` to install.
Alternately, you can install this by running `pip install pycaret[models]`
2025-04-17 18:40:23,043:INFO:Engine for model 'lightgbm_cds_dt' has not been set explicitly, hence returning None.
2025-04-17 18:40:23,044:INFO:Engine for model 'catboost_cds_dt' has not been set explicitly, hence returning None.
2025-04-17 18:40:23,044:WARNING:
'catboost' is a soft dependency and not included in the pycaret installation. Please run: `pip install catboost` to install.
Alternately, you can install this by running `pip install pycaret[models]`
2025-04-17 18:40:23,044:WARNING:
'catboost' is a soft dependency and not included in the pycaret installation. Please run: `pip install catboost` to install.
Alternately, you can install this by running `pip install pycaret[models]`
2025-04-17 18:40:23,044:INFO:Engine successfully changes for model 'llar_cds_dt' to 'sklearn'.
2025-04-17 18:40:23,049:WARNING:
'prophet' is a soft dependency and not included in the pycaret installation. Please run: `pip install prophet` to install.
2025-04-17 18:40:23,052:INFO:Engine for model 'br_cds_dt' has not been set explicitly, hence returning None.
2025-04-17 18:40:23,052:INFO:Engine for model 'huber_cds_dt' has not been set explicitly, hence returning None.
2025-04-17 18:40:23,053:INFO:Engine for model 'omp_cds_dt' has not been set explicitly, hence returning None.
2025-04-17 18:40:23,053:INFO:Engine for model 'knn_cds_dt' has not been set explicitly, hence returning None.
2025-04-17 18:40:23,054:INFO:Engine for model 'dt_cds_dt' has not been set explicitly, hence returning None.
2025-04-17 18:40:23,054:INFO:Engine for model 'rf_cds_dt' has not been set explicitly, hence returning None.
2025-04-17 18:40:23,054:INFO:Engine for model 'et_cds_dt' has not been set explicitly, hence returning None.
2025-04-17 18:40:23,054:INFO:Engine for model 'gbr_cds_dt' has not been set explicitly, hence returning None.
2025-04-17 18:40:23,054:INFO:Engine for model 'ada_cds_dt' has not been set explicitly, hence returning None.
2025-04-17 18:40:23,054:INFO:Engine for model 'xgboost_cds_dt' has not been set explicitly, hence returning None.
2025-04-17 18:40:23,054:WARNING:
'xgboost' is a soft dependency and not included in the pycaret installation. Please run: `pip install xgboost` to install.
Alternately, you can install this by running `pip install pycaret[models]`
2025-04-17 18:40:23,054:WARNING:
'xgboost' is a soft dependency and not included in the pycaret installation. Please run: `pip install xgboost` to install.
Alternately, you can install this by running `pip install pycaret[models]`
2025-04-17 18:40:23,054:INFO:Engine for model 'lightgbm_cds_dt' has not been set explicitly, hence returning None.
2025-04-17 18:40:23,054:INFO:Engine for model 'catboost_cds_dt' has not been set explicitly, hence returning None.
2025-04-17 18:40:23,054:WARNING:
'catboost' is a soft dependency and not included in the pycaret installation. Please run: `pip install catboost` to install.
Alternately, you can install this by running `pip install pycaret[models]`
2025-04-17 18:40:23,054:WARNING:
'catboost' is a soft dependency and not included in the pycaret installation. Please run: `pip install catboost` to install.
Alternately, you can install this by running `pip install pycaret[models]`
2025-04-17 18:40:23,056:WARNING:
'prophet' is a soft dependency and not included in the pycaret installation. Please run: `pip install prophet` to install.
2025-04-17 18:40:23,057:INFO:Engine for model 'br_cds_dt' has not been set explicitly, hence returning None.
2025-04-17 18:40:23,057:INFO:Engine for model 'huber_cds_dt' has not been set explicitly, hence returning None.
2025-04-17 18:40:23,059:INFO:Engine for model 'omp_cds_dt' has not been set explicitly, hence returning None.
2025-04-17 18:40:23,060:INFO:Engine for model 'knn_cds_dt' has not been set explicitly, hence returning None.
2025-04-17 18:40:23,060:INFO:Engine for model 'dt_cds_dt' has not been set explicitly, hence returning None.
2025-04-17 18:40:23,061:INFO:Engine for model 'rf_cds_dt' has not been set explicitly, hence returning None.
2025-04-17 18:40:23,061:INFO:Engine for model 'et_cds_dt' has not been set explicitly, hence returning None.
2025-04-17 18:40:23,061:INFO:Engine for model 'gbr_cds_dt' has not been set explicitly, hence returning None.
2025-04-17 18:40:23,062:INFO:Engine for model 'ada_cds_dt' has not been set explicitly, hence returning None.
2025-04-17 18:40:23,063:INFO:Engine for model 'xgboost_cds_dt' has not been set explicitly, hence returning None.
2025-04-17 18:40:23,063:WARNING:
'xgboost' is a soft dependency and not included in the pycaret installation. Please run: `pip install xgboost` to install.
Alternately, you can install this by running `pip install pycaret[models]`
2025-04-17 18:40:23,063:WARNING:
'xgboost' is a soft dependency and not included in the pycaret installation. Please run: `pip install xgboost` to install.
Alternately, you can install this by running `pip install pycaret[models]`
2025-04-17 18:40:23,064:INFO:Engine for model 'lightgbm_cds_dt' has not been set explicitly, hence returning None.
2025-04-17 18:40:23,064:INFO:Engine for model 'catboost_cds_dt' has not been set explicitly, hence returning None.
2025-04-17 18:40:23,064:WARNING:
'catboost' is a soft dependency and not included in the pycaret installation. Please run: `pip install catboost` to install.
Alternately, you can install this by running `pip install pycaret[models]`
2025-04-17 18:40:23,064:WARNING:
'catboost' is a soft dependency and not included in the pycaret installation. Please run: `pip install catboost` to install.
Alternately, you can install this by running `pip install pycaret[models]`
2025-04-17 18:40:23,064:INFO:Engine successfully changes for model 'br_cds_dt' to 'sklearn'.
2025-04-17 18:40:23,065:WARNING:
'prophet' is a soft dependency and not included in the pycaret installation. Please run: `pip install prophet` to install.
2025-04-17 18:40:23,066:INFO:Engine for model 'huber_cds_dt' has not been set explicitly, hence returning None.
2025-04-17 18:40:23,067:INFO:Engine for model 'omp_cds_dt' has not been set explicitly, hence returning None.
2025-04-17 18:40:23,067:INFO:Engine for model 'knn_cds_dt' has not been set explicitly, hence returning None.
2025-04-17 18:40:23,067:INFO:Engine for model 'dt_cds_dt' has not been set explicitly, hence returning None.
2025-04-17 18:40:23,067:INFO:Engine for model 'rf_cds_dt' has not been set explicitly, hence returning None.
2025-04-17 18:40:23,067:INFO:Engine for model 'et_cds_dt' has not been set explicitly, hence returning None.
2025-04-17 18:40:23,067:INFO:Engine for model 'gbr_cds_dt' has not been set explicitly, hence returning None.
2025-04-17 18:40:23,068:INFO:Engine for model 'ada_cds_dt' has not been set explicitly, hence returning None.
2025-04-17 18:40:23,068:INFO:Engine for model 'xgboost_cds_dt' has not been set explicitly, hence returning None.
2025-04-17 18:40:23,068:WARNING:
'xgboost' is a soft dependency and not included in the pycaret installation. Please run: `pip install xgboost` to install.
Alternately, you can install this by running `pip install pycaret[models]`
2025-04-17 18:40:23,068:WARNING:
'xgboost' is a soft dependency and not included in the pycaret installation. Please run: `pip install xgboost` to install.
Alternately, you can install this by running `pip install pycaret[models]`
2025-04-17 18:40:23,068:INFO:Engine for model 'lightgbm_cds_dt' has not been set explicitly, hence returning None.
2025-04-17 18:40:23,069:INFO:Engine for model 'catboost_cds_dt' has not been set explicitly, hence returning None.
2025-04-17 18:40:23,069:WARNING:
'catboost' is a soft dependency and not included in the pycaret installation. Please run: `pip install catboost` to install.
Alternately, you can install this by running `pip install pycaret[models]`
2025-04-17 18:40:23,069:WARNING:
'catboost' is a soft dependency and not included in the pycaret installation. Please run: `pip install catboost` to install.
Alternately, you can install this by running `pip install pycaret[models]`
2025-04-17 18:40:23,073:WARNING:
'prophet' is a soft dependency and not included in the pycaret installation. Please run: `pip install prophet` to install.
2025-04-17 18:40:23,075:INFO:Engine for model 'huber_cds_dt' has not been set explicitly, hence returning None.
2025-04-17 18:40:23,077:INFO:Engine for model 'omp_cds_dt' has not been set explicitly, hence returning None.
2025-04-17 18:40:23,083:INFO:Engine for model 'knn_cds_dt' has not been set explicitly, hence returning None.
2025-04-17 18:40:23,084:INFO:Engine for model 'dt_cds_dt' has not been set explicitly, hence returning None.
2025-04-17 18:40:23,084:INFO:Engine for model 'rf_cds_dt' has not been set explicitly, hence returning None.
2025-04-17 18:40:23,085:INFO:Engine for model 'et_cds_dt' has not been set explicitly, hence returning None.
2025-04-17 18:40:23,086:INFO:Engine for model 'gbr_cds_dt' has not been set explicitly, hence returning None.
2025-04-17 18:40:23,086:INFO:Engine for model 'ada_cds_dt' has not been set explicitly, hence returning None.
2025-04-17 18:40:23,086:INFO:Engine for model 'xgboost_cds_dt' has not been set explicitly, hence returning None.
2025-04-17 18:40:23,086:WARNING:
'xgboost' is a soft dependency and not included in the pycaret installation. Please run: `pip install xgboost` to install.
Alternately, you can install this by running `pip install pycaret[models]`
2025-04-17 18:40:23,086:WARNING:
'xgboost' is a soft dependency and not included in the pycaret installation. Please run: `pip install xgboost` to install.
Alternately, you can install this by running `pip install pycaret[models]`
2025-04-17 18:40:23,087:INFO:Engine for model 'lightgbm_cds_dt' has not been set explicitly, hence returning None.
2025-04-17 18:40:23,087:INFO:Engine for model 'catboost_cds_dt' has not been set explicitly, hence returning None.
2025-04-17 18:40:23,087:WARNING:
'catboost' is a soft dependency and not included in the pycaret installation. Please run: `pip install catboost` to install.
Alternately, you can install this by running `pip install pycaret[models]`
2025-04-17 18:40:23,087:WARNING:
'catboost' is a soft dependency and not included in the pycaret installation. Please run: `pip install catboost` to install.
Alternately, you can install this by running `pip install pycaret[models]`
2025-04-17 18:40:23,088:INFO:Engine successfully changes for model 'huber_cds_dt' to 'sklearn'.
2025-04-17 18:40:23,089:WARNING:
'prophet' is a soft dependency and not included in the pycaret installation. Please run: `pip install prophet` to install.
2025-04-17 18:40:23,095:INFO:Engine for model 'omp_cds_dt' has not been set explicitly, hence returning None.
2025-04-17 18:40:23,096:INFO:Engine for model 'knn_cds_dt' has not been set explicitly, hence returning None.
2025-04-17 18:40:23,096:INFO:Engine for model 'dt_cds_dt' has not been set explicitly, hence returning None.
2025-04-17 18:40:23,096:INFO:Engine for model 'rf_cds_dt' has not been set explicitly, hence returning None.
2025-04-17 18:40:23,096:INFO:Engine for model 'et_cds_dt' has not been set explicitly, hence returning None.
2025-04-17 18:40:23,096:INFO:Engine for model 'gbr_cds_dt' has not been set explicitly, hence returning None.
2025-04-17 18:40:23,096:INFO:Engine for model 'ada_cds_dt' has not been set explicitly, hence returning None.
2025-04-17 18:40:23,097:INFO:Engine for model 'xgboost_cds_dt' has not been set explicitly, hence returning None.
2025-04-17 18:40:23,097:WARNING:
'xgboost' is a soft dependency and not included in the pycaret installation. Please run: `pip install xgboost` to install.
Alternately, you can install this by running `pip install pycaret[models]`
2025-04-17 18:40:23,097:WARNING:
'xgboost' is a soft dependency and not included in the pycaret installation. Please run: `pip install xgboost` to install.
Alternately, you can install this by running `pip install pycaret[models]`
2025-04-17 18:40:23,097:INFO:Engine for model 'lightgbm_cds_dt' has not been set explicitly, hence returning None.
2025-04-17 18:40:23,097:INFO:Engine for model 'catboost_cds_dt' has not been set explicitly, hence returning None.
2025-04-17 18:40:23,097:WARNING:
'catboost' is a soft dependency and not included in the pycaret installation. Please run: `pip install catboost` to install.
Alternately, you can install this by running `pip install pycaret[models]`
2025-04-17 18:40:23,097:WARNING:
'catboost' is a soft dependency and not included in the pycaret installation. Please run: `pip install catboost` to install.
Alternately, you can install this by running `pip install pycaret[models]`
2025-04-17 18:40:23,098:WARNING:
'prophet' is a soft dependency and not included in the pycaret installation. Please run: `pip install prophet` to install.
2025-04-17 18:40:23,099:INFO:Engine for model 'omp_cds_dt' has not been set explicitly, hence returning None.
2025-04-17 18:40:23,100:INFO:Engine for model 'knn_cds_dt' has not been set explicitly, hence returning None.
2025-04-17 18:40:23,100:INFO:Engine for model 'dt_cds_dt' has not been set explicitly, hence returning None.
2025-04-17 18:40:23,100:INFO:Engine for model 'rf_cds_dt' has not been set explicitly, hence returning None.
2025-04-17 18:40:23,100:INFO:Engine for model 'et_cds_dt' has not been set explicitly, hence returning None.
2025-04-17 18:40:23,100:INFO:Engine for model 'gbr_cds_dt' has not been set explicitly, hence returning None.
2025-04-17 18:40:23,100:INFO:Engine for model 'ada_cds_dt' has not been set explicitly, hence returning None.
2025-04-17 18:40:23,100:INFO:Engine for model 'xgboost_cds_dt' has not been set explicitly, hence returning None.
2025-04-17 18:40:23,100:WARNING:
'xgboost' is a soft dependency and not included in the pycaret installation. Please run: `pip install xgboost` to install.
Alternately, you can install this by running `pip install pycaret[models]`
2025-04-17 18:40:23,100:WARNING:
'xgboost' is a soft dependency and not included in the pycaret installation. Please run: `pip install xgboost` to install.
Alternately, you can install this by running `pip install pycaret[models]`
2025-04-17 18:40:23,100:INFO:Engine for model 'lightgbm_cds_dt' has not been set explicitly, hence returning None.
2025-04-17 18:40:23,100:INFO:Engine for model 'catboost_cds_dt' has not been set explicitly, hence returning None.
2025-04-17 18:40:23,100:WARNING:
'catboost' is a soft dependency and not included in the pycaret installation. Please run: `pip install catboost` to install.
Alternately, you can install this by running `pip install pycaret[models]`
2025-04-17 18:40:23,100:WARNING:
'catboost' is a soft dependency and not included in the pycaret installation. Please run: `pip install catboost` to install.
Alternately, you can install this by running `pip install pycaret[models]`
2025-04-17 18:40:23,101:INFO:Engine successfully changes for model 'par_cds_dt' to 'sklearn'.
2025-04-17 18:40:23,102:WARNING:
'prophet' is a soft dependency and not included in the pycaret installation. Please run: `pip install prophet` to install.
2025-04-17 18:40:23,103:INFO:Engine for model 'omp_cds_dt' has not been set explicitly, hence returning None.
2025-04-17 18:40:23,103:INFO:Engine for model 'knn_cds_dt' has not been set explicitly, hence returning None.
2025-04-17 18:40:23,103:INFO:Engine for model 'dt_cds_dt' has not been set explicitly, hence returning None.
2025-04-17 18:40:23,103:INFO:Engine for model 'rf_cds_dt' has not been set explicitly, hence returning None.
2025-04-17 18:40:23,103:INFO:Engine for model 'et_cds_dt' has not been set explicitly, hence returning None.
2025-04-17 18:40:23,104:INFO:Engine for model 'gbr_cds_dt' has not been set explicitly, hence returning None.
2025-04-17 18:40:23,104:INFO:Engine for model 'ada_cds_dt' has not been set explicitly, hence returning None.
2025-04-17 18:40:23,104:INFO:Engine for model 'xgboost_cds_dt' has not been set explicitly, hence returning None.
2025-04-17 18:40:23,104:WARNING:
'xgboost' is a soft dependency and not included in the pycaret installation. Please run: `pip install xgboost` to install.
Alternately, you can install this by running `pip install pycaret[models]`
2025-04-17 18:40:23,104:WARNING:
'xgboost' is a soft dependency and not included in the pycaret installation. Please run: `pip install xgboost` to install.
Alternately, you can install this by running `pip install pycaret[models]`
2025-04-17 18:40:23,104:INFO:Engine for model 'lightgbm_cds_dt' has not been set explicitly, hence returning None.
2025-04-17 18:40:23,105:INFO:Engine for model 'catboost_cds_dt' has not been set explicitly, hence returning None.
2025-04-17 18:40:23,105:WARNING:
'catboost' is a soft dependency and not included in the pycaret installation. Please run: `pip install catboost` to install.
Alternately, you can install this by running `pip install pycaret[models]`
2025-04-17 18:40:23,105:WARNING:
'catboost' is a soft dependency and not included in the pycaret installation. Please run: `pip install catboost` to install.
Alternately, you can install this by running `pip install pycaret[models]`
2025-04-17 18:40:23,107:WARNING:
'prophet' is a soft dependency and not included in the pycaret installation. Please run: `pip install prophet` to install.
2025-04-17 18:40:23,108:INFO:Engine for model 'omp_cds_dt' has not been set explicitly, hence returning None.
2025-04-17 18:40:23,109:INFO:Engine for model 'knn_cds_dt' has not been set explicitly, hence returning None.
2025-04-17 18:40:23,109:INFO:Engine for model 'dt_cds_dt' has not been set explicitly, hence returning None.
2025-04-17 18:40:23,109:INFO:Engine for model 'rf_cds_dt' has not been set explicitly, hence returning None.
2025-04-17 18:40:23,109:INFO:Engine for model 'et_cds_dt' has not been set explicitly, hence returning None.
2025-04-17 18:40:23,109:INFO:Engine for model 'gbr_cds_dt' has not been set explicitly, hence returning None.
2025-04-17 18:40:23,109:INFO:Engine for model 'ada_cds_dt' has not been set explicitly, hence returning None.
2025-04-17 18:40:23,109:INFO:Engine for model 'xgboost_cds_dt' has not been set explicitly, hence returning None.
2025-04-17 18:40:23,109:WARNING:
'xgboost' is a soft dependency and not included in the pycaret installation. Please run: `pip install xgboost` to install.
Alternately, you can install this by running `pip install pycaret[models]`
2025-04-17 18:40:23,109:WARNING:
'xgboost' is a soft dependency and not included in the pycaret installation. Please run: `pip install xgboost` to install.
Alternately, you can install this by running `pip install pycaret[models]`
2025-04-17 18:40:23,109:INFO:Engine for model 'lightgbm_cds_dt' has not been set explicitly, hence returning None.
2025-04-17 18:40:23,110:INFO:Engine for model 'catboost_cds_dt' has not been set explicitly, hence returning None.
2025-04-17 18:40:23,110:WARNING:
'catboost' is a soft dependency and not included in the pycaret installation. Please run: `pip install catboost` to install.
Alternately, you can install this by running `pip install pycaret[models]`
2025-04-17 18:40:23,110:WARNING:
'catboost' is a soft dependency and not included in the pycaret installation. Please run: `pip install catboost` to install.
Alternately, you can install this by running `pip install pycaret[models]`
2025-04-17 18:40:23,110:INFO:Engine successfully changes for model 'omp_cds_dt' to 'sklearn'.
2025-04-17 18:40:23,111:WARNING:
'prophet' is a soft dependency and not included in the pycaret installation. Please run: `pip install prophet` to install.
2025-04-17 18:40:23,113:INFO:Engine for model 'knn_cds_dt' has not been set explicitly, hence returning None.
2025-04-17 18:40:23,113:INFO:Engine for model 'dt_cds_dt' has not been set explicitly, hence returning None.
2025-04-17 18:40:23,113:INFO:Engine for model 'rf_cds_dt' has not been set explicitly, hence returning None.
2025-04-17 18:40:23,113:INFO:Engine for model 'et_cds_dt' has not been set explicitly, hence returning None.
2025-04-17 18:40:23,113:INFO:Engine for model 'gbr_cds_dt' has not been set explicitly, hence returning None.
2025-04-17 18:40:23,113:INFO:Engine for model 'ada_cds_dt' has not been set explicitly, hence returning None.
2025-04-17 18:40:23,113:INFO:Engine for model 'xgboost_cds_dt' has not been set explicitly, hence returning None.
2025-04-17 18:40:23,114:WARNING:
'xgboost' is a soft dependency and not included in the pycaret installation. Please run: `pip install xgboost` to install.
Alternately, you can install this by running `pip install pycaret[models]`
2025-04-17 18:40:23,114:WARNING:
'xgboost' is a soft dependency and not included in the pycaret installation. Please run: `pip install xgboost` to install.
Alternately, you can install this by running `pip install pycaret[models]`
2025-04-17 18:40:23,114:INFO:Engine for model 'lightgbm_cds_dt' has not been set explicitly, hence returning None.
2025-04-17 18:40:23,114:INFO:Engine for model 'catboost_cds_dt' has not been set explicitly, hence returning None.
2025-04-17 18:40:23,114:WARNING:
'catboost' is a soft dependency and not included in the pycaret installation. Please run: `pip install catboost` to install.
Alternately, you can install this by running `pip install pycaret[models]`
2025-04-17 18:40:23,114:WARNING:
'catboost' is a soft dependency and not included in the pycaret installation. Please run: `pip install catboost` to install.
Alternately, you can install this by running `pip install pycaret[models]`
2025-04-17 18:40:23,116:WARNING:
'prophet' is a soft dependency and not included in the pycaret installation. Please run: `pip install prophet` to install.
2025-04-17 18:40:23,117:INFO:Engine for model 'knn_cds_dt' has not been set explicitly, hence returning None.
2025-04-17 18:40:23,117:INFO:Engine for model 'dt_cds_dt' has not been set explicitly, hence returning None.
2025-04-17 18:40:23,118:INFO:Engine for model 'rf_cds_dt' has not been set explicitly, hence returning None.
2025-04-17 18:40:23,118:INFO:Engine for model 'et_cds_dt' has not been set explicitly, hence returning None.
2025-04-17 18:40:23,118:INFO:Engine for model 'gbr_cds_dt' has not been set explicitly, hence returning None.
2025-04-17 18:40:23,118:INFO:Engine for model 'ada_cds_dt' has not been set explicitly, hence returning None.
2025-04-17 18:40:23,118:INFO:Engine for model 'xgboost_cds_dt' has not been set explicitly, hence returning None.
2025-04-17 18:40:23,118:WARNING:
'xgboost' is a soft dependency and not included in the pycaret installation. Please run: `pip install xgboost` to install.
Alternately, you can install this by running `pip install pycaret[models]`
2025-04-17 18:40:23,118:WARNING:
'xgboost' is a soft dependency and not included in the pycaret installation. Please run: `pip install xgboost` to install.
Alternately, you can install this by running `pip install pycaret[models]`
2025-04-17 18:40:23,118:INFO:Engine for model 'lightgbm_cds_dt' has not been set explicitly, hence returning None.
2025-04-17 18:40:23,118:INFO:Engine for model 'catboost_cds_dt' has not been set explicitly, hence returning None.
2025-04-17 18:40:23,118:WARNING:
'catboost' is a soft dependency and not included in the pycaret installation. Please run: `pip install catboost` to install.
Alternately, you can install this by running `pip install pycaret[models]`
2025-04-17 18:40:23,118:WARNING:
'catboost' is a soft dependency and not included in the pycaret installation. Please run: `pip install catboost` to install.
Alternately, you can install this by running `pip install pycaret[models]`
2025-04-17 18:40:23,118:INFO:Engine successfully changes for model 'knn_cds_dt' to 'sklearn'.
2025-04-17 18:40:23,120:WARNING:
'prophet' is a soft dependency and not included in the pycaret installation. Please run: `pip install prophet` to install.
2025-04-17 18:40:23,127:INFO:Engine for model 'dt_cds_dt' has not been set explicitly, hence returning None.
2025-04-17 18:40:23,129:INFO:Engine for model 'rf_cds_dt' has not been set explicitly, hence returning None.
2025-04-17 18:40:23,129:INFO:Engine for model 'et_cds_dt' has not been set explicitly, hence returning None.
2025-04-17 18:40:23,134:INFO:Engine for model 'gbr_cds_dt' has not been set explicitly, hence returning None.
2025-04-17 18:40:23,136:INFO:Engine for model 'ada_cds_dt' has not been set explicitly, hence returning None.
2025-04-17 18:40:23,136:INFO:Engine for model 'xgboost_cds_dt' has not been set explicitly, hence returning None.
2025-04-17 18:40:23,136:WARNING:
'xgboost' is a soft dependency and not included in the pycaret installation. Please run: `pip install xgboost` to install.
Alternately, you can install this by running `pip install pycaret[models]`
2025-04-17 18:40:23,137:WARNING:
'xgboost' is a soft dependency and not included in the pycaret installation. Please run: `pip install xgboost` to install.
Alternately, you can install this by running `pip install pycaret[models]`
2025-04-17 18:40:23,137:INFO:Engine for model 'lightgbm_cds_dt' has not been set explicitly, hence returning None.
2025-04-17 18:40:23,137:INFO:Engine for model 'catboost_cds_dt' has not been set explicitly, hence returning None.
2025-04-17 18:40:23,137:WARNING:
'catboost' is a soft dependency and not included in the pycaret installation. Please run: `pip install catboost` to install.
Alternately, you can install this by running `pip install pycaret[models]`
2025-04-17 18:40:23,137:WARNING:
'catboost' is a soft dependency and not included in the pycaret installation. Please run: `pip install catboost` to install.
Alternately, you can install this by running `pip install pycaret[models]`
2025-04-17 18:40:23,138:WARNING:
'prophet' is a soft dependency and not included in the pycaret installation. Please run: `pip install prophet` to install.
2025-04-17 18:40:23,145:INFO:Engine for model 'dt_cds_dt' has not been set explicitly, hence returning None.
2025-04-17 18:40:23,145:INFO:Engine for model 'rf_cds_dt' has not been set explicitly, hence returning None.
2025-04-17 18:40:23,145:INFO:Engine for model 'et_cds_dt' has not been set explicitly, hence returning None.
2025-04-17 18:40:23,146:INFO:Engine for model 'gbr_cds_dt' has not been set explicitly, hence returning None.
2025-04-17 18:40:23,146:INFO:Engine for model 'ada_cds_dt' has not been set explicitly, hence returning None.
2025-04-17 18:40:23,146:INFO:Engine for model 'xgboost_cds_dt' has not been set explicitly, hence returning None.
2025-04-17 18:40:23,146:WARNING:
'xgboost' is a soft dependency and not included in the pycaret installation. Please run: `pip install xgboost` to install.
Alternately, you can install this by running `pip install pycaret[models]`
2025-04-17 18:40:23,146:WARNING:
'xgboost' is a soft dependency and not included in the pycaret installation. Please run: `pip install xgboost` to install.
Alternately, you can install this by running `pip install pycaret[models]`
2025-04-17 18:40:23,146:INFO:Engine for model 'lightgbm_cds_dt' has not been set explicitly, hence returning None.
2025-04-17 18:40:23,146:INFO:Engine for model 'catboost_cds_dt' has not been set explicitly, hence returning None.
2025-04-17 18:40:23,146:WARNING:
'catboost' is a soft dependency and not included in the pycaret installation. Please run: `pip install catboost` to install.
Alternately, you can install this by running `pip install pycaret[models]`
2025-04-17 18:40:23,146:WARNING:
'catboost' is a soft dependency and not included in the pycaret installation. Please run: `pip install catboost` to install.
Alternately, you can install this by running `pip install pycaret[models]`
2025-04-17 18:40:23,146:INFO:Engine successfully changes for model 'dt_cds_dt' to 'sklearn'.
2025-04-17 18:40:23,147:WARNING:
'prophet' is a soft dependency and not included in the pycaret installation. Please run: `pip install prophet` to install.
2025-04-17 18:40:23,151:INFO:Engine for model 'rf_cds_dt' has not been set explicitly, hence returning None.
2025-04-17 18:40:23,152:INFO:Engine for model 'et_cds_dt' has not been set explicitly, hence returning None.
2025-04-17 18:40:23,152:INFO:Engine for model 'gbr_cds_dt' has not been set explicitly, hence returning None.
2025-04-17 18:40:23,152:INFO:Engine for model 'ada_cds_dt' has not been set explicitly, hence returning None.
2025-04-17 18:40:23,153:INFO:Engine for model 'xgboost_cds_dt' has not been set explicitly, hence returning None.
2025-04-17 18:40:23,153:WARNING:
'xgboost' is a soft dependency and not included in the pycaret installation. Please run: `pip install xgboost` to install.
Alternately, you can install this by running `pip install pycaret[models]`
2025-04-17 18:40:23,153:WARNING:
'xgboost' is a soft dependency and not included in the pycaret installation. Please run: `pip install xgboost` to install.
Alternately, you can install this by running `pip install pycaret[models]`
2025-04-17 18:40:23,153:INFO:Engine for model 'lightgbm_cds_dt' has not been set explicitly, hence returning None.
2025-04-17 18:40:23,153:INFO:Engine for model 'catboost_cds_dt' has not been set explicitly, hence returning None.
2025-04-17 18:40:23,153:WARNING:
'catboost' is a soft dependency and not included in the pycaret installation. Please run: `pip install catboost` to install.
Alternately, you can install this by running `pip install pycaret[models]`
2025-04-17 18:40:23,153:WARNING:
'catboost' is a soft dependency and not included in the pycaret installation. Please run: `pip install catboost` to install.
Alternately, you can install this by running `pip install pycaret[models]`
2025-04-17 18:40:23,156:WARNING:
'prophet' is a soft dependency and not included in the pycaret installation. Please run: `pip install prophet` to install.
2025-04-17 18:40:23,158:INFO:Engine for model 'rf_cds_dt' has not been set explicitly, hence returning None.
2025-04-17 18:40:23,158:INFO:Engine for model 'et_cds_dt' has not been set explicitly, hence returning None.
2025-04-17 18:40:23,158:INFO:Engine for model 'gbr_cds_dt' has not been set explicitly, hence returning None.
2025-04-17 18:40:23,159:INFO:Engine for model 'ada_cds_dt' has not been set explicitly, hence returning None.
2025-04-17 18:40:23,159:INFO:Engine for model 'xgboost_cds_dt' has not been set explicitly, hence returning None.
2025-04-17 18:40:23,159:WARNING:
'xgboost' is a soft dependency and not included in the pycaret installation. Please run: `pip install xgboost` to install.
Alternately, you can install this by running `pip install pycaret[models]`
2025-04-17 18:40:23,159:WARNING:
'xgboost' is a soft dependency and not included in the pycaret installation. Please run: `pip install xgboost` to install.
Alternately, you can install this by running `pip install pycaret[models]`
2025-04-17 18:40:23,159:INFO:Engine for model 'lightgbm_cds_dt' has not been set explicitly, hence returning None.
2025-04-17 18:40:23,159:INFO:Engine for model 'catboost_cds_dt' has not been set explicitly, hence returning None.
2025-04-17 18:40:23,159:WARNING:
'catboost' is a soft dependency and not included in the pycaret installation. Please run: `pip install catboost` to install.
Alternately, you can install this by running `pip install pycaret[models]`
2025-04-17 18:40:23,159:WARNING:
'catboost' is a soft dependency and not included in the pycaret installation. Please run: `pip install catboost` to install.
Alternately, you can install this by running `pip install pycaret[models]`
2025-04-17 18:40:23,159:INFO:Engine successfully changes for model 'rf_cds_dt' to 'sklearn'.
2025-04-17 18:40:23,162:WARNING:
'prophet' is a soft dependency and not included in the pycaret installation. Please run: `pip install prophet` to install.
2025-04-17 18:40:23,166:INFO:Engine for model 'et_cds_dt' has not been set explicitly, hence returning None.
2025-04-17 18:40:23,166:INFO:Engine for model 'gbr_cds_dt' has not been set explicitly, hence returning None.
2025-04-17 18:40:23,166:INFO:Engine for model 'ada_cds_dt' has not been set explicitly, hence returning None.
2025-04-17 18:40:23,168:INFO:Engine for model 'xgboost_cds_dt' has not been set explicitly, hence returning None.
2025-04-17 18:40:23,168:WARNING:
'xgboost' is a soft dependency and not included in the pycaret installation. Please run: `pip install xgboost` to install.
Alternately, you can install this by running `pip install pycaret[models]`
2025-04-17 18:40:23,168:WARNING:
'xgboost' is a soft dependency and not included in the pycaret installation. Please run: `pip install xgboost` to install.
Alternately, you can install this by running `pip install pycaret[models]`
2025-04-17 18:40:23,168:INFO:Engine for model 'lightgbm_cds_dt' has not been set explicitly, hence returning None.
2025-04-17 18:40:23,168:INFO:Engine for model 'catboost_cds_dt' has not been set explicitly, hence returning None.
2025-04-17 18:40:23,168:WARNING:
'catboost' is a soft dependency and not included in the pycaret installation. Please run: `pip install catboost` to install.
Alternately, you can install this by running `pip install pycaret[models]`
2025-04-17 18:40:23,168:WARNING:
'catboost' is a soft dependency and not included in the pycaret installation. Please run: `pip install catboost` to install.
Alternately, you can install this by running `pip install pycaret[models]`
2025-04-17 18:40:23,169:WARNING:
'prophet' is a soft dependency and not included in the pycaret installation. Please run: `pip install prophet` to install.
2025-04-17 18:40:23,171:INFO:Engine for model 'et_cds_dt' has not been set explicitly, hence returning None.
2025-04-17 18:40:23,171:INFO:Engine for model 'gbr_cds_dt' has not been set explicitly, hence returning None.
2025-04-17 18:40:23,171:INFO:Engine for model 'ada_cds_dt' has not been set explicitly, hence returning None.
2025-04-17 18:40:23,171:INFO:Engine for model 'xgboost_cds_dt' has not been set explicitly, hence returning None.
2025-04-17 18:40:23,171:WARNING:
'xgboost' is a soft dependency and not included in the pycaret installation. Please run: `pip install xgboost` to install.
Alternately, you can install this by running `pip install pycaret[models]`
2025-04-17 18:40:23,171:WARNING:
'xgboost' is a soft dependency and not included in the pycaret installation. Please run: `pip install xgboost` to install.
Alternately, you can install this by running `pip install pycaret[models]`
2025-04-17 18:40:23,171:INFO:Engine for model 'lightgbm_cds_dt' has not been set explicitly, hence returning None.
2025-04-17 18:40:23,172:INFO:Engine for model 'catboost_cds_dt' has not been set explicitly, hence returning None.
2025-04-17 18:40:23,172:WARNING:
'catboost' is a soft dependency and not included in the pycaret installation. Please run: `pip install catboost` to install.
Alternately, you can install this by running `pip install pycaret[models]`
2025-04-17 18:40:23,172:WARNING:
'catboost' is a soft dependency and not included in the pycaret installation. Please run: `pip install catboost` to install.
Alternately, you can install this by running `pip install pycaret[models]`
2025-04-17 18:40:23,172:INFO:Engine successfully changes for model 'et_cds_dt' to 'sklearn'.
2025-04-17 18:40:23,175:WARNING:
'prophet' is a soft dependency and not included in the pycaret installation. Please run: `pip install prophet` to install.
2025-04-17 18:40:23,180:INFO:Engine for model 'gbr_cds_dt' has not been set explicitly, hence returning None.
2025-04-17 18:40:23,180:INFO:Engine for model 'ada_cds_dt' has not been set explicitly, hence returning None.
2025-04-17 18:40:23,180:INFO:Engine for model 'xgboost_cds_dt' has not been set explicitly, hence returning None.
2025-04-17 18:40:23,180:WARNING:
'xgboost' is a soft dependency and not included in the pycaret installation. Please run: `pip install xgboost` to install.
Alternately, you can install this by running `pip install pycaret[models]`
2025-04-17 18:40:23,180:WARNING:
'xgboost' is a soft dependency and not included in the pycaret installation. Please run: `pip install xgboost` to install.
Alternately, you can install this by running `pip install pycaret[models]`
2025-04-17 18:40:23,180:INFO:Engine for model 'lightgbm_cds_dt' has not been set explicitly, hence returning None.
2025-04-17 18:40:23,180:INFO:Engine for model 'catboost_cds_dt' has not been set explicitly, hence returning None.
2025-04-17 18:40:23,180:WARNING:
'catboost' is a soft dependency and not included in the pycaret installation. Please run: `pip install catboost` to install.
Alternately, you can install this by running `pip install pycaret[models]`
2025-04-17 18:40:23,180:WARNING:
'catboost' is a soft dependency and not included in the pycaret installation. Please run: `pip install catboost` to install.
Alternately, you can install this by running `pip install pycaret[models]`
2025-04-17 18:40:23,182:WARNING:
'prophet' is a soft dependency and not included in the pycaret installation. Please run: `pip install prophet` to install.
2025-04-17 18:40:23,183:INFO:Engine for model 'gbr_cds_dt' has not been set explicitly, hence returning None.
2025-04-17 18:40:23,184:INFO:Engine for model 'ada_cds_dt' has not been set explicitly, hence returning None.
2025-04-17 18:40:23,184:INFO:Engine for model 'xgboost_cds_dt' has not been set explicitly, hence returning None.
2025-04-17 18:40:23,184:WARNING:
'xgboost' is a soft dependency and not included in the pycaret installation. Please run: `pip install xgboost` to install.
Alternately, you can install this by running `pip install pycaret[models]`
2025-04-17 18:40:23,184:WARNING:
'xgboost' is a soft dependency and not included in the pycaret installation. Please run: `pip install xgboost` to install.
Alternately, you can install this by running `pip install pycaret[models]`
2025-04-17 18:40:23,184:INFO:Engine for model 'lightgbm_cds_dt' has not been set explicitly, hence returning None.
2025-04-17 18:40:23,184:INFO:Engine for model 'catboost_cds_dt' has not been set explicitly, hence returning None.
2025-04-17 18:40:23,184:WARNING:
'catboost' is a soft dependency and not included in the pycaret installation. Please run: `pip install catboost` to install.
Alternately, you can install this by running `pip install pycaret[models]`
2025-04-17 18:40:23,184:WARNING:
'catboost' is a soft dependency and not included in the pycaret installation. Please run: `pip install catboost` to install.
Alternately, you can install this by running `pip install pycaret[models]`
2025-04-17 18:40:23,184:INFO:Engine successfully changes for model 'gbr_cds_dt' to 'sklearn'.
2025-04-17 18:40:23,185:WARNING:
'prophet' is a soft dependency and not included in the pycaret installation. Please run: `pip install prophet` to install.
2025-04-17 18:40:23,187:INFO:Engine for model 'ada_cds_dt' has not been set explicitly, hence returning None.
2025-04-17 18:40:23,188:INFO:Engine for model 'xgboost_cds_dt' has not been set explicitly, hence returning None.
2025-04-17 18:40:23,188:WARNING:
'xgboost' is a soft dependency and not included in the pycaret installation. Please run: `pip install xgboost` to install.
Alternately, you can install this by running `pip install pycaret[models]`
2025-04-17 18:40:23,188:WARNING:
'xgboost' is a soft dependency and not included in the pycaret installation. Please run: `pip install xgboost` to install.
Alternately, you can install this by running `pip install pycaret[models]`
2025-04-17 18:40:23,188:INFO:Engine for model 'lightgbm_cds_dt' has not been set explicitly, hence returning None.
2025-04-17 18:40:23,188:INFO:Engine for model 'catboost_cds_dt' has not been set explicitly, hence returning None.
2025-04-17 18:40:23,188:WARNING:
'catboost' is a soft dependency and not included in the pycaret installation. Please run: `pip install catboost` to install.
Alternately, you can install this by running `pip install pycaret[models]`
2025-04-17 18:40:23,188:WARNING:
'catboost' is a soft dependency and not included in the pycaret installation. Please run: `pip install catboost` to install.
Alternately, you can install this by running `pip install pycaret[models]`
2025-04-17 18:40:23,190:WARNING:
'prophet' is a soft dependency and not included in the pycaret installation. Please run: `pip install prophet` to install.
2025-04-17 18:40:23,196:INFO:Engine for model 'ada_cds_dt' has not been set explicitly, hence returning None.
2025-04-17 18:40:23,196:INFO:Engine for model 'xgboost_cds_dt' has not been set explicitly, hence returning None.
2025-04-17 18:40:23,196:WARNING:
'xgboost' is a soft dependency and not included in the pycaret installation. Please run: `pip install xgboost` to install.
Alternately, you can install this by running `pip install pycaret[models]`
2025-04-17 18:40:23,196:WARNING:
'xgboost' is a soft dependency and not included in the pycaret installation. Please run: `pip install xgboost` to install.
Alternately, you can install this by running `pip install pycaret[models]`
2025-04-17 18:40:23,196:INFO:Engine for model 'lightgbm_cds_dt' has not been set explicitly, hence returning None.
2025-04-17 18:40:23,197:INFO:Engine for model 'catboost_cds_dt' has not been set explicitly, hence returning None.
2025-04-17 18:40:23,197:WARNING:
'catboost' is a soft dependency and not included in the pycaret installation. Please run: `pip install catboost` to install.
Alternately, you can install this by running `pip install pycaret[models]`
2025-04-17 18:40:23,197:WARNING:
'catboost' is a soft dependency and not included in the pycaret installation. Please run: `pip install catboost` to install.
Alternately, you can install this by running `pip install pycaret[models]`
2025-04-17 18:40:23,197:INFO:Engine successfully changes for model 'ada_cds_dt' to 'sklearn'.
2025-04-17 18:40:23,203:WARNING:
'prophet' is a soft dependency and not included in the pycaret installation. Please run: `pip install prophet` to install.
2025-04-17 18:40:23,205:INFO:Engine for model 'xgboost_cds_dt' has not been set explicitly, hence returning None.
2025-04-17 18:40:23,205:WARNING:
'xgboost' is a soft dependency and not included in the pycaret installation. Please run: `pip install xgboost` to install.
Alternately, you can install this by running `pip install pycaret[models]`
2025-04-17 18:40:23,205:WARNING:
'xgboost' is a soft dependency and not included in the pycaret installation. Please run: `pip install xgboost` to install.
Alternately, you can install this by running `pip install pycaret[models]`
2025-04-17 18:40:23,205:INFO:Engine for model 'lightgbm_cds_dt' has not been set explicitly, hence returning None.
2025-04-17 18:40:23,205:INFO:Engine for model 'catboost_cds_dt' has not been set explicitly, hence returning None.
2025-04-17 18:40:23,205:WARNING:
'catboost' is a soft dependency and not included in the pycaret installation. Please run: `pip install catboost` to install.
Alternately, you can install this by running `pip install pycaret[models]`
2025-04-17 18:40:23,205:WARNING:
'catboost' is a soft dependency and not included in the pycaret installation. Please run: `pip install catboost` to install.
Alternately, you can install this by running `pip install pycaret[models]`
2025-04-17 18:40:23,207:WARNING:
'prophet' is a soft dependency and not included in the pycaret installation. Please run: `pip install prophet` to install.
2025-04-17 18:40:23,213:INFO:Engine for model 'xgboost_cds_dt' has not been set explicitly, hence returning None.
2025-04-17 18:40:23,213:WARNING:
'xgboost' is a soft dependency and not included in the pycaret installation. Please run: `pip install xgboost` to install.
Alternately, you can install this by running `pip install pycaret[models]`
2025-04-17 18:40:23,213:WARNING:
'xgboost' is a soft dependency and not included in the pycaret installation. Please run: `pip install xgboost` to install.
Alternately, you can install this by running `pip install pycaret[models]`
2025-04-17 18:40:23,213:INFO:Engine for model 'lightgbm_cds_dt' has not been set explicitly, hence returning None.
2025-04-17 18:40:23,213:INFO:Engine for model 'catboost_cds_dt' has not been set explicitly, hence returning None.
2025-04-17 18:40:23,213:WARNING:
'catboost' is a soft dependency and not included in the pycaret installation. Please run: `pip install catboost` to install.
Alternately, you can install this by running `pip install pycaret[models]`
2025-04-17 18:40:23,213:WARNING:
'catboost' is a soft dependency and not included in the pycaret installation. Please run: `pip install catboost` to install.
Alternately, you can install this by running `pip install pycaret[models]`
2025-04-17 18:40:23,214:INFO:Engine successfully changes for model 'xgboost_cds_dt' to 'sklearn'.
2025-04-17 18:40:23,218:WARNING:
'prophet' is a soft dependency and not included in the pycaret installation. Please run: `pip install prophet` to install.
2025-04-17 18:40:23,222:WARNING:
'xgboost' is a soft dependency and not included in the pycaret installation. Please run: `pip install xgboost` to install.
Alternately, you can install this by running `pip install pycaret[models]`
2025-04-17 18:40:23,222:WARNING:
'xgboost' is a soft dependency and not included in the pycaret installation. Please run: `pip install xgboost` to install.
Alternately, you can install this by running `pip install pycaret[models]`
2025-04-17 18:40:23,222:INFO:Engine for model 'lightgbm_cds_dt' has not been set explicitly, hence returning None.
2025-04-17 18:40:23,223:INFO:Engine for model 'catboost_cds_dt' has not been set explicitly, hence returning None.
2025-04-17 18:40:23,223:WARNING:
'catboost' is a soft dependency and not included in the pycaret installation. Please run: `pip install catboost` to install.
Alternately, you can install this by running `pip install pycaret[models]`
2025-04-17 18:40:23,223:WARNING:
'catboost' is a soft dependency and not included in the pycaret installation. Please run: `pip install catboost` to install.
Alternately, you can install this by running `pip install pycaret[models]`
2025-04-17 18:40:23,226:WARNING:
'prophet' is a soft dependency and not included in the pycaret installation. Please run: `pip install prophet` to install.
2025-04-17 18:40:23,229:WARNING:
'xgboost' is a soft dependency and not included in the pycaret installation. Please run: `pip install xgboost` to install.
Alternately, you can install this by running `pip install pycaret[models]`
2025-04-17 18:40:23,229:WARNING:
'xgboost' is a soft dependency and not included in the pycaret installation. Please run: `pip install xgboost` to install.
Alternately, you can install this by running `pip install pycaret[models]`
2025-04-17 18:40:23,229:INFO:Engine for model 'lightgbm_cds_dt' has not been set explicitly, hence returning None.
2025-04-17 18:40:23,229:INFO:Engine for model 'catboost_cds_dt' has not been set explicitly, hence returning None.
2025-04-17 18:40:23,229:WARNING:
'catboost' is a soft dependency and not included in the pycaret installation. Please run: `pip install catboost` to install.
Alternately, you can install this by running `pip install pycaret[models]`
2025-04-17 18:40:23,229:WARNING:
'catboost' is a soft dependency and not included in the pycaret installation. Please run: `pip install catboost` to install.
Alternately, you can install this by running `pip install pycaret[models]`
2025-04-17 18:40:23,229:INFO:Engine successfully changes for model 'lightgbm_cds_dt' to 'sklearn'.
2025-04-17 18:40:23,230:WARNING:
'prophet' is a soft dependency and not included in the pycaret installation. Please run: `pip install prophet` to install.
2025-04-17 18:40:23,232:WARNING:
'xgboost' is a soft dependency and not included in the pycaret installation. Please run: `pip install xgboost` to install.
Alternately, you can install this by running `pip install pycaret[models]`
2025-04-17 18:40:23,232:WARNING:
'xgboost' is a soft dependency and not included in the pycaret installation. Please run: `pip install xgboost` to install.
Alternately, you can install this by running `pip install pycaret[models]`
2025-04-17 18:40:23,232:INFO:Engine for model 'catboost_cds_dt' has not been set explicitly, hence returning None.
2025-04-17 18:40:23,232:WARNING:
'catboost' is a soft dependency and not included in the pycaret installation. Please run: `pip install catboost` to install.
Alternately, you can install this by running `pip install pycaret[models]`
2025-04-17 18:40:23,232:WARNING:
'catboost' is a soft dependency and not included in the pycaret installation. Please run: `pip install catboost` to install.
Alternately, you can install this by running `pip install pycaret[models]`
2025-04-17 18:40:23,233:WARNING:
'prophet' is a soft dependency and not included in the pycaret installation. Please run: `pip install prophet` to install.
2025-04-17 18:40:23,235:WARNING:
'xgboost' is a soft dependency and not included in the pycaret installation. Please run: `pip install xgboost` to install.
Alternately, you can install this by running `pip install pycaret[models]`
2025-04-17 18:40:23,235:WARNING:
'xgboost' is a soft dependency and not included in the pycaret installation. Please run: `pip install xgboost` to install.
Alternately, you can install this by running `pip install pycaret[models]`
2025-04-17 18:40:23,236:INFO:Engine for model 'catboost_cds_dt' has not been set explicitly, hence returning None.
2025-04-17 18:40:23,236:WARNING:
'catboost' is a soft dependency and not included in the pycaret installation. Please run: `pip install catboost` to install.
Alternately, you can install this by running `pip install pycaret[models]`
2025-04-17 18:40:23,236:WARNING:
'catboost' is a soft dependency and not included in the pycaret installation. Please run: `pip install catboost` to install.
Alternately, you can install this by running `pip install pycaret[models]`
2025-04-17 18:40:23,236:INFO:Engine successfully changes for model 'catboost_cds_dt' to 'sklearn'.
2025-04-17 18:40:23,239:WARNING:
'prophet' is a soft dependency and not included in the pycaret installation. Please run: `pip install prophet` to install.
2025-04-17 18:40:23,246:WARNING:
'xgboost' is a soft dependency and not included in the pycaret installation. Please run: `pip install xgboost` to install.
Alternately, you can install this by running `pip install pycaret[models]`
2025-04-17 18:40:23,246:WARNING:
'xgboost' is a soft dependency and not included in the pycaret installation. Please run: `pip install xgboost` to install.
Alternately, you can install this by running `pip install pycaret[models]`
2025-04-17 18:40:23,247:WARNING:
'catboost' is a soft dependency and not included in the pycaret installation. Please run: `pip install catboost` to install.
Alternately, you can install this by running `pip install pycaret[models]`
2025-04-17 18:40:23,249:WARNING:
'catboost' is a soft dependency and not included in the pycaret installation. Please run: `pip install catboost` to install.
Alternately, you can install this by running `pip install pycaret[models]`
2025-04-17 18:40:23,250:WARNING:
'prophet' is a soft dependency and not included in the pycaret installation. Please run: `pip install prophet` to install.
2025-04-17 18:40:23,255:WARNING:
'xgboost' is a soft dependency and not included in the pycaret installation. Please run: `pip install xgboost` to install.
Alternately, you can install this by running `pip install pycaret[models]`
2025-04-17 18:40:23,255:WARNING:
'xgboost' is a soft dependency and not included in the pycaret installation. Please run: `pip install xgboost` to install.
Alternately, you can install this by running `pip install pycaret[models]`
2025-04-17 18:40:23,255:WARNING:
'catboost' is a soft dependency and not included in the pycaret installation. Please run: `pip install catboost` to install.
Alternately, you can install this by running `pip install pycaret[models]`
2025-04-17 18:40:23,256:WARNING:
'catboost' is a soft dependency and not included in the pycaret installation. Please run: `pip install catboost` to install.
Alternately, you can install this by running `pip install pycaret[models]`
2025-04-17 18:40:23,260:WARNING:
'prophet' is a soft dependency and not included in the pycaret installation. Please run: `pip install prophet` to install.
2025-04-17 18:40:23,269:WARNING:
'xgboost' is a soft dependency and not included in the pycaret installation. Please run: `pip install xgboost` to install.
Alternately, you can install this by running `pip install pycaret[models]`
2025-04-17 18:40:23,269:WARNING:
'xgboost' is a soft dependency and not included in the pycaret installation. Please run: `pip install xgboost` to install.
Alternately, you can install this by running `pip install pycaret[models]`
2025-04-17 18:40:23,269:WARNING:
'catboost' is a soft dependency and not included in the pycaret installation. Please run: `pip install catboost` to install.
Alternately, you can install this by running `pip install pycaret[models]`
2025-04-17 18:40:23,270:WARNING:
'catboost' is a soft dependency and not included in the pycaret installation. Please run: `pip install catboost` to install.
Alternately, you can install this by running `pip install pycaret[models]`
2025-04-17 18:40:23,275:WARNING:
'prophet' is a soft dependency and not included in the pycaret installation. Please run: `pip install prophet` to install.
2025-04-17 18:40:23,279:WARNING:
'xgboost' is a soft dependency and not included in the pycaret installation. Please run: `pip install xgboost` to install.
Alternately, you can install this by running `pip install pycaret[models]`
2025-04-17 18:40:23,279:WARNING:
'xgboost' is a soft dependency and not included in the pycaret installation. Please run: `pip install xgboost` to install.
Alternately, you can install this by running `pip install pycaret[models]`
2025-04-17 18:40:23,279:WARNING:
'catboost' is a soft dependency and not included in the pycaret installation. Please run: `pip install catboost` to install.
Alternately, you can install this by running `pip install pycaret[models]`
2025-04-17 18:40:23,279:WARNING:
'catboost' is a soft dependency and not included in the pycaret installation. Please run: `pip install catboost` to install.
Alternately, you can install this by running `pip install pycaret[models]`
2025-04-17 18:40:23,283:INFO:setup() successfully completed in 1.01s...............
2025-04-17 18:40:23,285:INFO:Initializing compare_models()
2025-04-17 18:40:23,285:INFO:compare_models(self=<pycaret.time_series.forecasting.oop.TSForecastingExperiment object at 0x310b65850>, include=['ets', 'exp_smooth'], exclude=None, fold=None, round=4, cross_validation=True, sort=RMSE, n_select=1, budget_time=None, turbo=True, errors=ignore, fit_kwargs=None, groups=None, experiment_custom_tags=None, probability_threshold=None, verbose=False, parallel=None, caller_params={'self': <pycaret.time_series.forecasting.oop.TSForecastingExperiment object at 0x310b65850>, 'include': ['ets', 'exp_smooth'], 'exclude': None, 'fold': None, 'round': 4, 'cross_validation': True, 'sort': 'RMSE', 'n_select': 1, 'budget_time': None, 'turbo': True, 'errors': 'ignore', 'fit_kwargs': None, 'experiment_custom_tags': None, 'engine': None, 'verbose': False, 'parallel': None, '__class__': <class 'pycaret.time_series.forecasting.oop.TSForecastingExperiment'>})
2025-04-17 18:40:23,285:INFO:Checking exceptions
2025-04-17 18:40:23,285:INFO:Preparing display monitor
2025-04-17 18:40:23,286:INFO:Initializing ETS
2025-04-17 18:40:23,286:INFO:Total runtime is 5.324681599934896e-07 minutes
2025-04-17 18:40:23,287:INFO:SubProcess create_model() called ==================================
2025-04-17 18:40:23,287:INFO:Initializing create_model()
2025-04-17 18:40:23,287:INFO:create_model(self=<pycaret.time_series.forecasting.oop.TSForecastingExperiment object at 0x310b65850>, estimator=ets, fold=None, round=4, cross_validation=True, predict=True, fit_kwargs={}, groups=None, refit=False, probability_threshold=None, experiment_custom_tags=None, verbose=False, system=False, add_to_model_list=True, metrics=None, display=<pycaret.internal.display.display.CommonDisplay object at 0x318b60390>, model_only=True, return_train_score=False, error_score=0.0, kwargs={})
2025-04-17 18:40:23,287:INFO:Checking exceptions
2025-04-17 18:40:23,287:INFO:Importing libraries
2025-04-17 18:40:23,287:INFO:Copying training dataset
2025-04-17 18:40:23,288:INFO:Defining folds
2025-04-17 18:40:23,288:INFO:Declaring metric variables
2025-04-17 18:40:23,288:INFO:Importing untrained model
2025-04-17 18:40:23,288:INFO:ETS Imported successfully
2025-04-17 18:40:23,289:INFO:Starting cross validation
2025-04-17 18:40:23,289:INFO:Cross validating with ExpandingWindowSplitter(fh=ForecastingHorizon([ 1,  2,  3,  4,  5,  6,  7,  8,  9, 10, 11, 12, 13, 14, 15, 16, 17, 18,
       19, 20, 21, 22, 23, 24, 25, 26, 27, 28, 29, 30],
      dtype='int64', is_relative=True),
                        initial_window=1968, step_length=30), n_jobs=-1
2025-04-17 18:40:37,909:WARNING:/opt/anaconda3/envs/LSTM/lib/python3.11/site-packages/sklearn/metrics/_regression.py:483: FutureWarning: 'squared' is deprecated in version 1.4 and will be removed in 1.6. To calculate the root mean squared error, use the function'root_mean_squared_error'.
  warnings.warn(

2025-04-17 18:40:37,910:WARNING:/opt/anaconda3/envs/LSTM/lib/python3.11/site-packages/sklearn/metrics/_regression.py:483: FutureWarning: 'squared' is deprecated in version 1.4 and will be removed in 1.6. To calculate the root mean squared error, use the function'root_mean_squared_error'.
  warnings.warn(

2025-04-17 18:40:38,901:WARNING:/opt/anaconda3/envs/LSTM/lib/python3.11/site-packages/sklearn/metrics/_regression.py:483: FutureWarning: 'squared' is deprecated in version 1.4 and will be removed in 1.6. To calculate the root mean squared error, use the function'root_mean_squared_error'.
  warnings.warn(

2025-04-17 18:40:38,901:WARNING:/opt/anaconda3/envs/LSTM/lib/python3.11/site-packages/sklearn/metrics/_regression.py:483: FutureWarning: 'squared' is deprecated in version 1.4 and will be removed in 1.6. To calculate the root mean squared error, use the function'root_mean_squared_error'.
  warnings.warn(

2025-04-17 18:40:39,151:WARNING:/opt/anaconda3/envs/LSTM/lib/python3.11/site-packages/sklearn/metrics/_regression.py:483: FutureWarning: 'squared' is deprecated in version 1.4 and will be removed in 1.6. To calculate the root mean squared error, use the function'root_mean_squared_error'.
  warnings.warn(

2025-04-17 18:40:39,151:WARNING:/opt/anaconda3/envs/LSTM/lib/python3.11/site-packages/sklearn/metrics/_regression.py:483: FutureWarning: 'squared' is deprecated in version 1.4 and will be removed in 1.6. To calculate the root mean squared error, use the function'root_mean_squared_error'.
  warnings.warn(

2025-04-17 18:40:39,186:INFO:Calculating mean and std
2025-04-17 18:40:39,188:INFO:Creating metrics dataframe
2025-04-17 18:40:39,207:INFO:Uploading results into container
2025-04-17 18:40:39,207:INFO:Uploading model into container now
2025-04-17 18:40:39,208:INFO:_master_model_container: 1
2025-04-17 18:40:39,208:INFO:_display_container: 2
2025-04-17 18:40:39,209:INFO:AutoETS(seasonal='mul', sp=11, trend='add')
2025-04-17 18:40:39,209:INFO:create_model() successfully completed......................................
2025-04-17 18:40:39,651:INFO:SubProcess create_model() end ==================================
2025-04-17 18:40:39,651:INFO:Creating metrics dataframe
2025-04-17 18:40:39,652:INFO:Initializing Exponential Smoothing
2025-04-17 18:40:39,652:INFO:Total runtime is 0.2727567036946615 minutes
2025-04-17 18:40:39,652:INFO:SubProcess create_model() called ==================================
2025-04-17 18:40:39,652:INFO:Initializing create_model()
2025-04-17 18:40:39,652:INFO:create_model(self=<pycaret.time_series.forecasting.oop.TSForecastingExperiment object at 0x310b65850>, estimator=exp_smooth, fold=None, round=4, cross_validation=True, predict=True, fit_kwargs={}, groups=None, refit=False, probability_threshold=None, experiment_custom_tags=None, verbose=False, system=False, add_to_model_list=True, metrics=None, display=<pycaret.internal.display.display.CommonDisplay object at 0x318b60390>, model_only=True, return_train_score=False, error_score=0.0, kwargs={})
2025-04-17 18:40:39,652:INFO:Checking exceptions
2025-04-17 18:40:39,652:INFO:Importing libraries
2025-04-17 18:40:39,652:INFO:Copying training dataset
2025-04-17 18:40:39,653:INFO:Defining folds
2025-04-17 18:40:39,653:INFO:Declaring metric variables
2025-04-17 18:40:39,653:INFO:Importing untrained model
2025-04-17 18:40:39,653:INFO:Exponential Smoothing Imported successfully
2025-04-17 18:40:39,654:INFO:Starting cross validation
2025-04-17 18:40:39,656:INFO:Cross validating with ExpandingWindowSplitter(fh=ForecastingHorizon([ 1,  2,  3,  4,  5,  6,  7,  8,  9, 10, 11, 12, 13, 14, 15, 16, 17, 18,
       19, 20, 21, 22, 23, 24, 25, 26, 27, 28, 29, 30],
      dtype='int64', is_relative=True),
                        initial_window=1968, step_length=30), n_jobs=-1
2025-04-17 18:40:40,624:WARNING:/opt/anaconda3/envs/LSTM/lib/python3.11/site-packages/sklearn/metrics/_regression.py:483: FutureWarning: 'squared' is deprecated in version 1.4 and will be removed in 1.6. To calculate the root mean squared error, use the function'root_mean_squared_error'.
  warnings.warn(

2025-04-17 18:40:40,624:WARNING:/opt/anaconda3/envs/LSTM/lib/python3.11/site-packages/sklearn/metrics/_regression.py:483: FutureWarning: 'squared' is deprecated in version 1.4 and will be removed in 1.6. To calculate the root mean squared error, use the function'root_mean_squared_error'.
  warnings.warn(

2025-04-17 18:40:45,103:WARNING:/opt/anaconda3/envs/LSTM/lib/python3.11/site-packages/sklearn/metrics/_regression.py:483: FutureWarning: 'squared' is deprecated in version 1.4 and will be removed in 1.6. To calculate the root mean squared error, use the function'root_mean_squared_error'.
  warnings.warn(

2025-04-17 18:40:45,104:WARNING:/opt/anaconda3/envs/LSTM/lib/python3.11/site-packages/sklearn/metrics/_regression.py:483: FutureWarning: 'squared' is deprecated in version 1.4 and will be removed in 1.6. To calculate the root mean squared error, use the function'root_mean_squared_error'.
  warnings.warn(

2025-04-17 18:40:45,263:WARNING:/opt/anaconda3/envs/LSTM/lib/python3.11/site-packages/sklearn/metrics/_regression.py:483: FutureWarning: 'squared' is deprecated in version 1.4 and will be removed in 1.6. To calculate the root mean squared error, use the function'root_mean_squared_error'.
  warnings.warn(

2025-04-17 18:40:45,263:WARNING:/opt/anaconda3/envs/LSTM/lib/python3.11/site-packages/sklearn/metrics/_regression.py:483: FutureWarning: 'squared' is deprecated in version 1.4 and will be removed in 1.6. To calculate the root mean squared error, use the function'root_mean_squared_error'.
  warnings.warn(

2025-04-17 18:40:45,292:INFO:Calculating mean and std
2025-04-17 18:40:45,296:INFO:Creating metrics dataframe
2025-04-17 18:40:45,325:INFO:Uploading results into container
2025-04-17 18:40:45,325:INFO:Uploading model into container now
2025-04-17 18:40:45,327:INFO:_master_model_container: 2
2025-04-17 18:40:45,327:INFO:_display_container: 2
2025-04-17 18:40:45,327:INFO:ExponentialSmoothing(seasonal='mul', sp=11, trend='add')
2025-04-17 18:40:45,328:INFO:create_model() successfully completed......................................
2025-04-17 18:40:45,784:INFO:SubProcess create_model() end ==================================
2025-04-17 18:40:45,784:INFO:Creating metrics dataframe
2025-04-17 18:40:45,791:INFO:Initializing create_model()
2025-04-17 18:40:45,792:INFO:create_model(self=<pycaret.time_series.forecasting.oop.TSForecastingExperiment object at 0x310b65850>, estimator=AutoETS(seasonal='mul', sp=11, trend='add'), fold=None, round=4, cross_validation=False, predict=False, fit_kwargs={}, groups=None, refit=True, probability_threshold=None, experiment_custom_tags=None, verbose=False, system=False, add_to_model_list=True, metrics=None, display=None, model_only=True, return_train_score=False, error_score=0.0, kwargs={})
2025-04-17 18:40:45,792:INFO:Checking exceptions
2025-04-17 18:40:45,797:INFO:Importing libraries
2025-04-17 18:40:45,798:INFO:Copying training dataset
2025-04-17 18:40:45,803:INFO:Defining folds
2025-04-17 18:40:45,804:INFO:Declaring metric variables
2025-04-17 18:40:45,804:INFO:Importing untrained model
2025-04-17 18:40:45,804:INFO:Declaring custom model
2025-04-17 18:40:45,805:INFO:ETS Imported successfully
2025-04-17 18:40:45,805:INFO:Cross validation set to False
2025-04-17 18:40:45,805:INFO:Fitting Model
2025-04-17 18:40:46,466:INFO:AutoETS(seasonal='mul', sp=11, trend='add')
2025-04-17 18:40:46,466:INFO:create_model() successfully completed......................................
2025-04-17 18:40:46,714:INFO:_master_model_container: 2
2025-04-17 18:40:46,714:INFO:_display_container: 2
2025-04-17 18:40:46,714:INFO:AutoETS(seasonal='mul', sp=11, trend='add')
2025-04-17 18:40:46,714:INFO:compare_models() successfully completed......................................
2025-04-17 18:40:46,715:INFO:Initializing create_model()
2025-04-17 18:40:46,715:INFO:create_model(self=<pycaret.time_series.forecasting.oop.TSForecastingExperiment object at 0x310b65850>, estimator=AutoETS(seasonal='mul', sp=11, trend='add'), fold=None, round=4, cross_validation=True, predict=True, fit_kwargs=None, groups=None, refit=True, probability_threshold=None, experiment_custom_tags=None, verbose=False, system=True, add_to_model_list=True, metrics=None, display=None, model_only=True, return_train_score=False, error_score=0.0, kwargs={})
2025-04-17 18:40:46,715:INFO:Checking exceptions
2025-04-17 18:40:46,718:INFO:Importing libraries
2025-04-17 18:40:46,718:INFO:Copying training dataset
2025-04-17 18:40:46,720:INFO:Defining folds
2025-04-17 18:40:46,720:INFO:Declaring metric variables
2025-04-17 18:40:46,720:INFO:Importing untrained model
2025-04-17 18:40:46,720:INFO:Declaring custom model
2025-04-17 18:40:46,720:INFO:ETS Imported successfully
2025-04-17 18:40:46,721:INFO:Starting cross validation
2025-04-17 18:40:46,722:INFO:Cross validating with ExpandingWindowSplitter(fh=ForecastingHorizon([ 1,  2,  3,  4,  5,  6,  7,  8,  9, 10, 11, 12, 13, 14, 15, 16, 17, 18,
       19, 20, 21, 22, 23, 24, 25, 26, 27, 28, 29, 30],
      dtype='int64', is_relative=True),
                        initial_window=1968, step_length=30), n_jobs=-1
2025-04-17 18:40:47,701:WARNING:/opt/anaconda3/envs/LSTM/lib/python3.11/site-packages/sklearn/metrics/_regression.py:483: FutureWarning: 'squared' is deprecated in version 1.4 and will be removed in 1.6. To calculate the root mean squared error, use the function'root_mean_squared_error'.
  warnings.warn(

2025-04-17 18:40:47,702:WARNING:/opt/anaconda3/envs/LSTM/lib/python3.11/site-packages/sklearn/metrics/_regression.py:483: FutureWarning: 'squared' is deprecated in version 1.4 and will be removed in 1.6. To calculate the root mean squared error, use the function'root_mean_squared_error'.
  warnings.warn(

2025-04-17 18:40:47,931:WARNING:/opt/anaconda3/envs/LSTM/lib/python3.11/site-packages/sklearn/metrics/_regression.py:483: FutureWarning: 'squared' is deprecated in version 1.4 and will be removed in 1.6. To calculate the root mean squared error, use the function'root_mean_squared_error'.
  warnings.warn(

2025-04-17 18:40:47,932:WARNING:/opt/anaconda3/envs/LSTM/lib/python3.11/site-packages/sklearn/metrics/_regression.py:483: FutureWarning: 'squared' is deprecated in version 1.4 and will be removed in 1.6. To calculate the root mean squared error, use the function'root_mean_squared_error'.
  warnings.warn(

2025-04-17 18:40:54,047:WARNING:/opt/anaconda3/envs/LSTM/lib/python3.11/site-packages/sklearn/metrics/_regression.py:483: FutureWarning: 'squared' is deprecated in version 1.4 and will be removed in 1.6. To calculate the root mean squared error, use the function'root_mean_squared_error'.
  warnings.warn(

2025-04-17 18:40:54,048:WARNING:/opt/anaconda3/envs/LSTM/lib/python3.11/site-packages/sklearn/metrics/_regression.py:483: FutureWarning: 'squared' is deprecated in version 1.4 and will be removed in 1.6. To calculate the root mean squared error, use the function'root_mean_squared_error'.
  warnings.warn(

2025-04-17 18:40:54,069:INFO:Calculating mean and std
2025-04-17 18:40:54,072:INFO:Creating metrics dataframe
2025-04-17 18:40:54,089:INFO:Finalizing model
2025-04-17 18:40:56,379:INFO:Uploading results into container
2025-04-17 18:40:56,379:INFO:Uploading model into container now
2025-04-17 18:40:56,380:INFO:_master_model_container: 3
2025-04-17 18:40:56,380:INFO:_display_container: 3
2025-04-17 18:40:56,380:INFO:AutoETS(seasonal='mul', sp=11, trend='add')
2025-04-17 18:40:56,380:INFO:create_model() successfully completed......................................
2025-04-17 18:40:56,961:INFO:Initializing get_config()
2025-04-17 18:40:56,962:INFO:get_config(self=<pycaret.time_series.forecasting.oop.TSForecastingExperiment object at 0x310b65850>, variable=y_train)
2025-04-17 18:40:56,968:INFO:Variable: 'y_train' used to return the transformed values in PyCaret 2.x. From PyCaret 3.x, this will return the raw values. If you need the transformed values, call get_config with 'y_train_transformed' instead.
2025-04-17 18:40:56,971:INFO:Variable:  returned as Date
2017-11-09    1.008180
2017-11-10    1.006010
2017-11-11    1.008990
2017-11-12    1.012470
2017-11-13    1.009350
                ...   
2023-06-24    1.000521
2023-06-25    1.000465
2023-06-26    1.000212
2023-06-27    1.000195
2023-06-28    1.000025
Freq: D, Name: ('Close', 'USDT-USD'), Length: 2058, dtype: float64
2025-04-17 18:40:56,971:INFO:get_config() successfully completed......................................
